{"type": "FeatureCollection", "features": [{"type": "Feature", "id": "08072", "properties": {"ZCTA5CE20": "08072", "GEOID20": "08072", "zip": "08072", "STUSPS": "DE"}, "geometry": {"type": "Polygon", "coordinates": [[[-75.423917, 39.541477], [-75.423541, 39.541867], [-75.423136, 39.543201], [-75.420972, 39.545184], [-75.420865, 39.546145], [-75.420738, 39.546447], [-75.420518, 39.546705], [-75.419879, 39.54709], [-75.418829, 39.547562], [-75.418602, 39.547568], [-75.41697, 39.547683], [-75.41427, 39.548381], [-75.414032, 39.548035], [-75.412417, 39.548868], [-75.407205, 39.548536], [-75.407515, 39.548001], [-75.405405, 39.54712], [-75.401159, 39.543636], [-75.403731, 39.541055], [-75.410867, 39.543974], [-75.411214, 39.544227], [-75.412619, 39.543452], [-75.4139, 39.545056], [-75.418839, 39.541438], [-75.419114, 39.541531], [-75.41981, 39.541372], [-75.420505, 39.540954], [-75.421065, 39.541092], [-75.421214, 39.540773], [-75.422633, 39.540493], [-75.423804, 39.54118], [-75.423917, 39.541477]]]}}, {"type": "Feature", "id": "08056", "properties": {"ZCTA5CE20": "08056", "GEOID20": "08056", "zip": "08056", "STUSPS": "DE"}, "geometry": {"type": "Polygon", "coordinates": [[[-75.287346, 39.788645], [-75.285803, 39.78913], [-75.285339, 39.791216], [-75.286282, 39.792834], [-75.285877, 39.793434], [-75.273251, 39.803508], [-75.271096, 39.805221], [-75.267107, 39.807929], [-75.260178, 39.812587], [-75.257235, 39.814681], [-75.251547, 39.818508], [-75.251067, 39.818835], [-75.242234, 39.819283], [-75.249884, 39.817061], [-75.245344, 39.812016], [-75.248895, 39.80999], [-75.248705, 39.808625], [-75.24594, 39.807221], [-75.245379, 39.806177], [-75.24497, 39.804682], [-75.241099, 39.802064], [-75.244651, 39.799673], [-75.242862, 39.800542], [-75.241522, 39.799932], [-75.241422, 39.799077], [-75.235964, 39.797935], [-75.23175, 39.797276], [-75.228497, 39.796176], [-75.229536, 39.795285], [-75.231802, 39.793901], [-75.225563, 39.783273], [-75.230689, 39.780389], [-75.22995, 39.7793], [-75.227699, 39.777485], [-75.221405, 39.77246], [-75.217094, 39.773504], [-75.216237, 39.770571], [-75.215659, 39.768696], [-75.213091, 39.764321], [-75.212616, 39.762232], [-75.212653, 39.756745], [-75.222662, 39.757541], [-75.229017, 39.758058], [-75.226008, 39.760995], [-75.233145, 39.763828], [-75.235619, 39.764188], [-75.229403, 39.758089], [-75.243589, 39.759573], [-75.243606, 39.760707], [-75.245232, 39.763365], [-75.249002, 39.760131], [-75.251463, 39.760451], [-75.253841, 39.764514], [-75.25495, 39.76589], [-75.261277, 39.76252], [-75.261073, 39.761704], [-75.265003, 39.762216], [-75.27304, 39.767866], [-75.274993, 39.768702], [-75.275257, 39.769216], [-75.274218, 39.772086], [-75.274587, 39.77484], [-75.27647, 39.77551], [-75.276871, 39.7764], [-75.280731, 39.777476], [-75.282825, 39.779323], [-75.282884, 39.781268], [-75.281884, 39.782358], [-75.282435, 39.784868], [-75.284876, 39.785873], [-75.286265, 39.785857], [-75.287463, 39.787121], [-75.287346, 39.788645]]]}}, {"type": "Feature", "id": "21869", "properties": {"ZCTA5CE20": "21869", "GEOID20": "21869", "zip": "21869", "STUSPS": "DE"}, "geometry": {"type": "Polygon", "coordinates": [[[-76.017364, 38.309106], [-76.0093769480595, 38.3119968051936], [-76.008647, 38.312261], [-75.9968320835717, 38.3135099139555], [-75.9911505048638, 38.3141104939918], [-75.981345, 38.315147], [-75.976005, 38.316527], [-75.96929, 38.320164], [-75.965309, 38.322495], [-75.963527, 38.324453], [-75.962733, 38.327971], [-75.961506, 38.330978], [-75.961940148716, 38.3360378059449], [-75.961946, 38.336106], [-75.961948, 38.341431], [-75.9619715317258, 38.3427771531385], [-75.961975055924, 38.3429787580066], [-75.961982, 38.343376], [-75.960556, 38.344215], [-75.958179, 38.346172], [-75.9581536491974, 38.3462145966611], [-75.9576175212412, 38.3471154462797], [-75.9574029849772, 38.3474759290888], [-75.957122, 38.347534], [-75.956207, 38.347526], [-75.953376, 38.34613], [-75.951171, 38.345909], [-75.947822, 38.348484], [-75.946052, 38.349685], [-75.945983, 38.351623], [-75.945533, 38.351993], [-75.94065, 38.35284], [-75.939025, 38.352512], [-75.938339, 38.354419], [-75.938491, 38.356132], [-75.941925, 38.356369], [-75.943031, 38.358745], [-75.94223, 38.359725], [-75.938888, 38.360137], [-75.937149, 38.359199], [-75.935699, 38.362056], [-75.935432, 38.364318], [-75.936355, 38.366783], [-75.936035, 38.3684], [-75.939125, 38.369583], [-75.941383, 38.367492], [-75.945632, 38.368038], [-75.946861, 38.368831], [-75.946708, 38.370967], [-75.945335, 38.37191], [-75.942192, 38.371738], [-75.941154, 38.373031], [-75.940635, 38.375331], [-75.940917, 38.375907], [-75.944526, 38.376655], [-75.945487, 38.374584], [-75.949012, 38.372737], [-75.952102, 38.375297], [-75.952514, 38.376449], [-75.954551, 38.377151], [-75.954505, 38.37957], [-75.953666, 38.380683], [-75.951599, 38.381515], [-75.951477, 38.382869], [-75.953231, 38.385646], [-75.951393, 38.387664], [-75.949783, 38.387607], [-75.94857, 38.386589], [-75.946586, 38.386989], [-75.946235, 38.388023], [-75.94844, 38.390144], [-75.94757, 38.391613], [-75.945281, 38.392353], [-75.942832, 38.391124], [-75.941436, 38.391681], [-75.94207, 38.39442], [-75.940917, 38.395038], [-75.936134, 38.393344], [-75.933235, 38.39402], [-75.931518, 38.394844], [-75.931579, 38.396221], [-75.928504, 38.396545], [-75.927566, 38.394119], [-75.924301, 38.395294], [-75.925567, 38.393817], [-75.923561, 38.392715], [-75.923866, 38.391201], [-75.922454, 38.389907], [-75.920211, 38.389137], [-75.918319, 38.390239], [-75.921142, 38.39088], [-75.919448, 38.392765], [-75.922142, 38.392887], [-75.922668, 38.39381], [-75.921798, 38.395488], [-75.91912, 38.396591], [-75.916069, 38.396865], [-75.904968, 38.401027], [-75.89347, 38.403663], [-75.877349, 38.405384], [-75.875839, 38.40776], [-75.875778, 38.409755], [-75.878173, 38.410869], [-75.88124, 38.411369], [-75.883041, 38.410278], [-75.886238, 38.412353], [-75.87989, 38.418689], [-75.8824, 38.419532], [-75.883895, 38.422439], [-75.883949, 38.425815], [-75.882232, 38.428836], [-75.881202, 38.427974], [-75.877967, 38.432186], [-75.871826, 38.437365], [-75.871012, 38.437823], [-75.868957, 38.441665], [-75.872344, 38.440044], [-75.874687, 38.4407], [-75.876708, 38.440395], [-75.878135, 38.441631], [-75.884002, 38.443946], [-75.887336, 38.444431], [-75.893287, 38.44741], [-75.898323, 38.442714], [-75.902061, 38.441547], [-75.904647, 38.442207], [-75.906951, 38.444259], [-75.921112, 38.45404], [-75.923645, 38.457527], [-75.926734, 38.458858], [-75.923179, 38.466072], [-75.922386, 38.471843], [-75.921333, 38.476856], [-75.918785, 38.481849], [-75.927001, 38.483615], [-75.927658, 38.482604], [-75.931953, 38.483749], [-75.935958, 38.480133], [-75.933303, 38.478469], [-75.934555, 38.476085], [-75.936019, 38.476921], [-75.93885, 38.47694], [-75.944992, 38.473754], [-75.94828, 38.472679], [-75.952667, 38.472984], [-75.953895, 38.471984], [-75.955886, 38.468883], [-75.955741, 38.465061], [-75.956275, 38.462547], [-75.965881, 38.460487], [-75.965995, 38.455276], [-75.965492, 38.452449], [-75.966552, 38.453594], [-75.968238, 38.45092], [-75.969543, 38.445247], [-75.980209, 38.449951], [-75.978546, 38.454193], [-75.980827, 38.45626], [-75.981269, 38.457683], [-75.980339, 38.462177], [-75.984748, 38.462974], [-75.988983, 38.463016], [-75.99208, 38.463554], [-75.997978, 38.465263], [-76.000541, 38.4654], [-76.000549, 38.465442], [-76.000434, 38.466197], [-76.001533, 38.467319], [-76.005226, 38.469226], [-76.008529, 38.471378], [-76.009422, 38.472721], [-76.003295, 38.475402], [-76.001792, 38.476413], [-75.999061, 38.476406], [-75.997642, 38.475028], [-75.998123, 38.473526], [-75.996269, 38.472614], [-75.995002, 38.474952], [-75.99398, 38.475234], [-75.992149, 38.476943], [-75.9925, 38.480102], [-75.990531, 38.479381], [-75.989151, 38.481544], [-75.989303, 38.483352], [-75.986694, 38.483745], [-75.983001, 38.486129], [-75.980117, 38.488353], [-75.976043, 38.489456], [-75.973526, 38.491699], [-75.97097, 38.495075], [-75.966712, 38.498596], [-75.963973, 38.499572], [-75.960609, 38.49942], [-75.958892, 38.500804], [-75.95729, 38.501338], [-75.956115, 38.503276], [-75.955009, 38.503849], [-75.952407, 38.503536], [-75.950702, 38.504068], [-75.950868, 38.504521], [-75.946983, 38.504455], [-75.944923, 38.503799], [-75.942718, 38.504432], [-75.941291, 38.503955], [-75.93917, 38.505153], [-75.934875, 38.505805], [-75.932556, 38.508968], [-75.930305, 38.509632], [-75.929031, 38.510742], [-75.925872, 38.514827], [-75.92704, 38.516624], [-75.925865, 38.519081], [-75.922889, 38.519187], [-75.922241, 38.519813], [-75.903213, 38.517089], [-75.903198, 38.517257], [-75.902008, 38.51715], [-75.896415, 38.517822], [-75.888374, 38.518585], [-75.887573, 38.518497], [-75.884773, 38.5172], [-75.883987, 38.516342], [-75.882217, 38.513336], [-75.880294, 38.512336], [-75.879791, 38.513793], [-75.876274, 38.51913], [-75.875816, 38.523513], [-75.876052, 38.523937], [-75.876464, 38.525135], [-75.87667, 38.532096], [-75.870216, 38.530948], [-75.867996, 38.531333], [-75.866477, 38.527153], [-75.860954, 38.527053], [-75.859405, 38.533004], [-75.853309, 38.53215], [-75.845794, 38.529525], [-75.838493, 38.531494], [-75.83649, 38.530773], [-75.833358, 38.53136], [-75.828094, 38.531059], [-75.827323, 38.533737], [-75.82714, 38.539535], [-75.831237, 38.54111], [-75.834564, 38.541957], [-75.837791, 38.543708], [-75.843208, 38.548171], [-75.846603, 38.551784], [-75.851356, 38.553394], [-75.856216, 38.555767], [-75.859001, 38.556037], [-75.854304, 38.56113], [-75.848603, 38.563698], [-75.835756, 38.5591], [-75.831664, 38.559679], [-75.83113, 38.557758], [-75.829124, 38.558151], [-75.828575, 38.558238], [-75.822204, 38.56182], [-75.819007, 38.565406], [-75.816848, 38.565593], [-75.814521, 38.567062], [-75.804443, 38.557418], [-75.803085, 38.553405], [-75.801033, 38.550613], [-75.800621, 38.548656], [-75.799423, 38.547325], [-75.796401, 38.547679], [-75.793991, 38.549259], [-75.791496, 38.548328], [-75.779685, 38.5447], [-75.779495, 38.545249], [-75.777221, 38.542037], [-75.776367, 38.538867], [-75.771751, 38.535106], [-75.771049, 38.534137], [-75.770675, 38.531234], [-75.765243, 38.530879], [-75.762512, 38.527877], [-75.761116, 38.527221], [-75.754121, 38.525675], [-75.754766, 38.520739], [-75.756022, 38.515316], [-75.757059, 38.513363], [-75.759754, 38.510122], [-75.764994, 38.506479], [-75.777913, 38.502855], [-75.782064, 38.501596], [-75.784972, 38.500115], [-75.792229, 38.494184], [-75.79466, 38.492373], [-75.800496, 38.49102], [-75.807773, 38.489962], [-75.813518, 38.489079], [-75.815193, 38.488794], [-75.818022, 38.48675], [-75.820869, 38.48388], [-75.821086, 38.483662], [-75.823706, 38.481022], [-75.824765, 38.479095], [-75.822902, 38.47601], [-75.818709, 38.472332], [-75.815772, 38.469373], [-75.814901, 38.466459], [-75.81669, 38.463307], [-75.821994, 38.460959], [-75.828492, 38.459614], [-75.83316, 38.45762], [-75.835728, 38.45329], [-75.836743, 38.448088], [-75.836104, 38.445631], [-75.833127, 38.443443], [-75.826639, 38.442231], [-75.821342, 38.439261], [-75.819829, 38.435886], [-75.821287, 38.430135], [-75.82496, 38.425372], [-75.828869, 38.423417], [-75.843343, 38.422745], [-75.845573, 38.421868], [-75.847281, 38.417287], [-75.850952, 38.404536], [-75.851258, 38.400348], [-75.846741, 38.397058], [-75.842399, 38.393082], [-75.8393, 38.388771], [-75.838369, 38.387476], [-75.838282, 38.385878], [-75.840348, 38.384784], [-75.844055, 38.384543], [-75.846202, 38.384405], [-75.85529, 38.385345], [-75.860851, 38.383577], [-75.8647334939071, 38.3797226764125], [-75.865365, 38.381208], [-75.8656915903853, 38.3810841545146], [-75.869049, 38.379811], [-75.871188, 38.377389], [-75.871069, 38.375339], [-75.869405, 38.374594], [-75.8692924923768, 38.3727280896729], [-75.869287, 38.372637], [-75.868692, 38.37068], [-75.866553, 38.369376], [-75.864414, 38.36537], [-75.863226, 38.362574], [-75.863531432499, 38.3599357838918], [-75.863582, 38.359499], [-75.872614, 38.355678], [-75.8761272946518, 38.3545629812205], [-75.877605, 38.354094], [-75.8817499081281, 38.3531277660152], [-75.882002, 38.353069], [-75.884379, 38.352044], [-75.889846, 38.351671], [-75.89353, 38.3499], [-75.900066, 38.349527], [-75.901136, 38.34785], [-75.903156, 38.346452], [-75.906959, 38.345706], [-75.90791, 38.344215], [-75.912188, 38.34319], [-75.913257, 38.341325], [-75.914565, 38.339275], [-75.9143173963308, 38.337829642507], [-75.913495, 38.333029], [-75.9136080642443, 38.3296636760229], [-75.913614, 38.329487], [-75.913559, 38.327057], [-75.916704, 38.326131], [-75.919675, 38.325944], [-75.9203789424217, 38.325267], [-75.923359, 38.322401], [-75.92728, 38.321376], [-75.929895, 38.315409], [-75.932153, 38.312238], [-75.935718, 38.311399], [-75.937025, 38.309161], [-75.9374852776011, 38.3083407346421], [-75.938333, 38.30683], [-75.936848, 38.303632], [-75.9373616142003, 38.3029614624661], [-75.940828, 38.298436], [-75.940947, 38.293959], [-75.935992, 38.287758], [-75.936906, 38.286031], [-75.938808, 38.284445], [-75.939046, 38.279781], [-75.93793, 38.276194], [-75.9382106474717, 38.2745174892147], [-75.938577, 38.272329], [-75.940234, 38.270918], [-75.945381, 38.2688971946835], [-75.945463, 38.268865], [-75.947113, 38.267314], [-75.9473120016451, 38.2673676276734], [-75.949243, 38.267888], [-75.9513601113361, 38.2670060268213], [-75.951497, 38.266949], [-75.953514, 38.265861], [-75.954908, 38.263998], [-75.9541943875403, 38.2626582053069], [-75.952239, 38.258987], [-75.951622, 38.256137], [-75.952593, 38.255055], [-75.954597, 38.254577], [-75.954542, 38.252894], [-75.948796, 38.248802], [-75.9445, 38.249145], [-75.940697, 38.246902], [-75.94242, 38.244026], [-75.9452289060971, 38.2418937491532], [-75.945276, 38.241858], [-75.946792, 38.239948], [-75.949226, 38.237506], [-75.952026, 38.237899], [-75.955657, 38.236724], [-75.97026, 38.233806], [-75.969926, 38.235162], [-75.967102, 38.237461], [-75.964119, 38.241085], [-75.96286, 38.24501], [-75.9623018262726, 38.2475731834332], [-75.9621115105422, 38.248447130205], [-75.962051, 38.248725], [-75.96128, 38.249279], [-75.961948, 38.251388], [-75.965545, 38.25394], [-75.966354, 38.254989], [-75.977859, 38.261871], [-75.982528, 38.264457], [-75.983772, 38.265823], [-75.98394, 38.268981], [-75.9835153560126, 38.2689214746835], [-75.981115, 38.268585], [-75.981353, 38.270452], [-75.9818240897993, 38.2713510955736], [-75.982184, 38.272038], [-75.9822961435827, 38.2735326195145], [-75.982303, 38.273624], [-75.980996, 38.275116], [-75.982897, 38.276982], [-75.9853954395151, 38.276540192327], [-75.985815, 38.276466], [-75.9878144164712, 38.2792874960224], [-75.988731262423, 38.2805813121151], [-75.990385, 38.282915], [-75.9986699847164, 38.2917855670056], [-76.00193, 38.295276], [-76.000381, 38.297813], [-76.002922, 38.299495], [-76.006004, 38.300716], [-76.007125, 38.302364], [-76.007375, 38.304318], [-76.016291, 38.307206], [-76.017364, 38.309106]]]}}, {"type": "Feature", "id": "19943", "properties": {"ZCTA5CE20": "19943", "GEOID20": "19943", "zip": "19943", "STUSPS": "DE"}, "geometry": {"type": "Polygon", "coordinates": [[[-75.7397385692564, 39.0436320527116], [-75.736321, 39.043759], [-75.734054, 39.04438], [-75.733547, 39.045732], [-75.734838, 39.047819], [-75.733114, 39.050473], [-75.730526, 39.047408], [-75.730222, 39.045206], [-75.729165, 39.044904], [-75.727222, 39.046756], [-75.724467, 39.045092], [-75.722122, 39.045906], [-75.720367, 39.044978], [-75.718227, 39.046281], [-75.715105, 39.043854], [-75.712382, 39.043603], [-75.709309, 39.03205], [-75.702433, 39.033666], [-75.70299, 39.035122], [-75.698436, 39.036578], [-75.698135, 39.039199], [-75.697259, 39.039456], [-75.696032, 39.037929], [-75.692603, 39.037419], [-75.690756, 39.036538], [-75.687485, 39.036315], [-75.685957, 39.034415], [-75.685084, 39.03197], [-75.683464, 39.031476], [-75.679831, 39.033037], [-75.675879, 39.035686], [-75.67222, 39.035626], [-75.670895, 39.043722], [-75.670913, 39.04394], [-75.669163, 39.044259], [-75.665651, 39.044909], [-75.661141, 39.046234], [-75.659455, 39.04469], [-75.656852, 39.040359], [-75.652558, 39.041205], [-75.650429, 39.039237], [-75.648197, 39.038462], [-75.64748, 39.036451], [-75.645528, 39.035346], [-75.645039, 39.031144], [-75.642392, 39.029122], [-75.639216, 39.028835], [-75.636223, 39.027993], [-75.632556, 39.026311], [-75.629098, 39.025688], [-75.623841, 39.023893], [-75.624031, 39.025538], [-75.620576, 39.023909], [-75.617715, 39.025655], [-75.618535, 39.030625], [-75.620916, 39.033057], [-75.621832, 39.035792], [-75.622048, 39.038142], [-75.619781, 39.042179], [-75.619227, 39.041936], [-75.618228, 39.037796], [-75.607219, 39.038956], [-75.603877, 39.040013], [-75.603032, 39.041308], [-75.605385, 39.045598], [-75.605875, 39.046502], [-75.608461, 39.051692], [-75.592778, 39.052506], [-75.593051, 39.049415], [-75.594807, 39.040624], [-75.591452, 39.036186], [-75.590403, 39.035923], [-75.590159, 39.036619], [-75.586645, 39.037043], [-75.586307, 39.03829], [-75.581841, 39.038961], [-75.579805, 39.036896], [-75.577199, 39.037885], [-75.575192, 39.035622], [-75.573213, 39.034736], [-75.573358, 39.033507], [-75.573104, 39.033544], [-75.573088, 39.033549], [-75.572975, 39.034755], [-75.571149, 39.034815], [-75.568543, 39.037397], [-75.563084, 39.036634], [-75.560172, 39.037014], [-75.558722, 39.041945], [-75.557676, 39.045473], [-75.557312, 39.047657], [-75.560287, 39.057051], [-75.560785, 39.058753], [-75.561072, 39.059819], [-75.562236, 39.059594], [-75.564755, 39.069674], [-75.566602, 39.069332], [-75.564339, 39.0703], [-75.563102, 39.072724], [-75.563208, 39.073727], [-75.56185, 39.073739], [-75.563226, 39.073903], [-75.563222, 39.075251], [-75.562796, 39.076293], [-75.557106, 39.07628], [-75.555832, 39.078598], [-75.554505, 39.076355], [-75.555948, 39.072753], [-75.554782, 39.071456], [-75.559785, 39.072541], [-75.561748, 39.072718], [-75.561323, 39.070336], [-75.554275, 39.066426], [-75.553857, 39.068921], [-75.554729, 39.069052], [-75.554533, 39.071408], [-75.553454, 39.071255], [-75.553211, 39.071238], [-75.553374, 39.070225], [-75.552125, 39.070175], [-75.552268, 39.068367], [-75.551173, 39.068795], [-75.550051, 39.06822], [-75.550323, 39.069875], [-75.549135, 39.070246], [-75.549295, 39.070843], [-75.548439, 39.070761], [-75.548397, 39.06556], [-75.548866, 39.06073], [-75.547807, 39.060594], [-75.547825, 39.060344], [-75.54404, 39.056841], [-75.543489, 39.050187], [-75.541808, 39.050895], [-75.540536, 39.04864], [-75.537777, 39.049628], [-75.537043, 39.048296], [-75.536874, 39.050514], [-75.533834, 39.050845], [-75.533312, 39.052987], [-75.531084, 39.04834], [-75.529433, 39.048993], [-75.527833, 39.049615], [-75.526098, 39.046803], [-75.52586, 39.045281], [-75.519745, 39.043479], [-75.513496, 39.043862], [-75.512364, 39.045529], [-75.507944, 39.045644], [-75.507617, 39.043525], [-75.507442, 39.041064], [-75.507552, 39.040618], [-75.509085, 39.038666], [-75.509996, 39.037037], [-75.510483, 39.036314], [-75.510467, 39.035064], [-75.514406, 39.027118], [-75.508862, 39.025743], [-75.508547, 39.02477], [-75.513373, 39.023808], [-75.515061, 39.022038], [-75.517178, 39.020899], [-75.518257, 39.018377], [-75.519413, 39.017509], [-75.52111, 39.017329], [-75.524266, 39.014622], [-75.525365, 39.012787], [-75.52892, 39.010188], [-75.528793, 39.010072], [-75.525191, 39.006952], [-75.513487, 39.011517], [-75.512404, 39.012711], [-75.508778, 39.01331], [-75.506208, 39.017622], [-75.497028, 39.013624], [-75.492123, 39.012372], [-75.49202, 39.011488], [-75.494259, 39.010722], [-75.491649, 39.007481], [-75.488776, 39.007396], [-75.486144, 39.004538], [-75.48494, 39.004122], [-75.484267, 39.004321], [-75.485266, 39.003503], [-75.489307, 39.001482], [-75.487666, 39.001004], [-75.480936, 39.001408], [-75.473338, 38.997564], [-75.470594, 38.995208], [-75.474083, 38.993968], [-75.474731, 38.992077], [-75.474084, 38.988831], [-75.476114, 38.986859], [-75.47427, 38.985475], [-75.47393, 38.983439], [-75.476896, 38.981809], [-75.479904, 38.982019], [-75.480554, 38.98173], [-75.47839, 38.977874], [-75.481344, 38.977998], [-75.482607, 38.975201], [-75.485678, 38.974515], [-75.486196, 38.97478], [-75.495131, 38.982859], [-75.49924, 38.97909], [-75.500489, 38.978444], [-75.500244, 38.978229], [-75.516902, 38.96584], [-75.520438, 38.962471], [-75.525787, 38.964283], [-75.525837, 38.964496], [-75.525907, 38.964764], [-75.52332, 38.967226], [-75.522066, 38.974412], [-75.522023, 38.976219], [-75.51609, 38.977247], [-75.524725, 38.986604], [-75.527323, 38.984853], [-75.527289, 38.983276], [-75.529471, 38.98136], [-75.53176, 38.979773], [-75.534321, 38.981482], [-75.536067, 38.979922], [-75.538516, 38.980109], [-75.539318, 38.979577], [-75.53829, 38.977297], [-75.538644, 38.976557], [-75.537195, 38.974212], [-75.540857, 38.973823], [-75.537638, 38.968701], [-75.53668, 38.959011], [-75.538352, 38.956225], [-75.539381, 38.955215], [-75.544906, 38.951769], [-75.54651, 38.953273], [-75.54869, 38.954084], [-75.564566, 38.953253], [-75.565795, 38.964767], [-75.568853, 38.964594], [-75.568765, 38.963367], [-75.578683, 38.962598], [-75.578377, 38.954739], [-75.581988, 38.954682], [-75.589887, 38.957417], [-75.593107, 38.957763], [-75.593224, 38.956888], [-75.600567, 38.958537], [-75.608589, 38.957467], [-75.609531, 38.958619], [-75.610902, 38.963036], [-75.612055, 38.970892], [-75.616291, 38.968858], [-75.619278, 38.96846], [-75.625911, 38.968703], [-75.630405, 38.97048], [-75.630335, 38.971785], [-75.635173, 38.973154], [-75.638768, 38.975185], [-75.640841, 38.979256], [-75.642571, 38.981641], [-75.643852, 38.981625], [-75.644392, 38.98441], [-75.649115, 38.989129], [-75.661569, 38.983248], [-75.666121, 38.98554], [-75.672443, 38.986458], [-75.675497, 38.98737], [-75.681241, 38.990025], [-75.681226, 38.989012], [-75.685284, 38.987763], [-75.686586, 38.986356], [-75.687353, 38.986691], [-75.688901, 38.98473], [-75.691758, 38.98271], [-75.691869, 38.979756], [-75.692566, 38.977585], [-75.694965, 38.975499], [-75.696815, 38.970977], [-75.701576, 38.969938], [-75.703699, 38.968878], [-75.707795, 38.97296], [-75.709101, 38.975597], [-75.715908, 38.976626], [-75.72253, 38.976257], [-75.725491, 38.97663], [-75.726162, 38.977721], [-75.725583, 38.979075], [-75.727185, 38.979093], [-75.72991, 38.980295], [-75.73238, 38.980409], [-75.7346077439486, 38.9793246816626], [-75.7358875572016, 38.995365263985], [-75.7384525897987, 39.0275141860553], [-75.7386276475601, 39.0297082783783], [-75.7395454824236, 39.0412119924174], [-75.7397379959587, 39.043624867266], [-75.7397385692564, 39.0436320527116]]]}}, {"type": "Feature", "id": "19901", "properties": {"ZCTA5CE20": "19901", "GEOID20": "19901", "zip": "19901", "STUSPS": "DE"}, "geometry": {"type": "MultiPolygon", "coordinates": [[[[-75.560153, 39.082358], [-75.559254, 39.08438], [-75.559001, 39.08525], [-75.556269, 39.084552], [-75.554663, 39.085786], [-75.551695, 39.085659], [-75.55011, 39.086305], [-75.547169, 39.092608], [-75.551186, 39.092655], [-75.551111, 39.094899], [-75.547637, 39.094792], [-75.547611, 39.095266], [-75.545947, 39.095216], [-75.542504, 39.102612], [-75.541056, 39.105645], [-75.540403, 39.10655], [-75.532328, 39.10015], [-75.528023, 39.099426], [-75.526737, 39.100541], [-75.526374, 39.10082], [-75.520077, 39.100176], [-75.516646, 39.100181], [-75.52685, 39.098728], [-75.528232, 39.098371], [-75.528593, 39.096954], [-75.528431, 39.095806], [-75.529067, 39.093713], [-75.531231, 39.092725], [-75.532388, 39.089776], [-75.528189, 39.086319], [-75.527492, 39.085006], [-75.523716, 39.082895], [-75.524328, 39.081453], [-75.525206, 39.080435], [-75.530034, 39.078678], [-75.535704, 39.075025], [-75.537574, 39.073808], [-75.537071, 39.072265], [-75.538171, 39.071557], [-75.537943, 39.070956], [-75.539123, 39.070683], [-75.539892, 39.070228], [-75.541138, 39.071454], [-75.542819, 39.070521], [-75.548439, 39.070761], [-75.549295, 39.070843], [-75.549135, 39.070246], [-75.550323, 39.069875], [-75.550051, 39.06822], [-75.551173, 39.068795], [-75.552268, 39.068367], [-75.552125, 39.070175], [-75.553374, 39.070225], [-75.553211, 39.071238], [-75.553454, 39.071255], [-75.554533, 39.071408], [-75.554782, 39.071456], [-75.555948, 39.072753], [-75.554505, 39.076355], [-75.555832, 39.078598], [-75.557106, 39.07628], [-75.562796, 39.076293], [-75.560153, 39.082358]]], [[[-75.587836, 39.24408], [-75.584735, 39.242025], [-75.581599, 39.242084], [-75.577049, 39.242685], [-75.575818, 39.243657], [-75.572156, 39.243464], [-75.569814, 39.243997], [-75.568378, 39.245056], [-75.567196, 39.244251], [-75.561232, 39.244102], [-75.558226, 39.244707], [-75.555191, 39.244294], [-75.553556, 39.247014], [-75.551144, 39.247685], [-75.550618, 39.250258], [-75.54942, 39.251228], [-75.545805, 39.251436], [-75.543949, 39.250919], [-75.542081, 39.251609], [-75.539508, 39.251494], [-75.538739, 39.249172], [-75.535752, 39.248892], [-75.533638, 39.251228], [-75.531834, 39.252014], [-75.530119, 39.251819], [-75.527975, 39.250474], [-75.524584, 39.249632], [-75.524961, 39.247389], [-75.523729, 39.245886], [-75.518882, 39.245997], [-75.517631, 39.245626], [-75.515676, 39.244322], [-75.514423, 39.241845], [-75.511315, 39.244274], [-75.507394, 39.245727], [-75.504165, 39.246272], [-75.503239, 39.248357], [-75.502268, 39.248839], [-75.501326, 39.248426], [-75.500835, 39.246454], [-75.49618, 39.246806], [-75.495438, 39.245471], [-75.490816, 39.247021], [-75.490972, 39.249038], [-75.488562, 39.249462], [-75.486266, 39.248418], [-75.480677, 39.248432], [-75.477649, 39.248728], [-75.475543, 39.250647], [-75.473642, 39.249975], [-75.471733, 39.2506], [-75.470442, 39.250352], [-75.468877, 39.249088], [-75.460847, 39.244749], [-75.459331, 39.244187], [-75.455943, 39.244247], [-75.453414, 39.245069], [-75.450559, 39.244257], [-75.449388, 39.242633], [-75.448072, 39.242294], [-75.442586, 39.242633], [-75.438297, 39.24334], [-75.43474, 39.243634], [-75.433913, 39.245473], [-75.432855, 39.246039], [-75.429926, 39.24581], [-75.428245, 39.245096], [-75.425411, 39.241636], [-75.423663, 39.237962], [-75.421893, 39.235457], [-75.420761, 39.234627], [-75.419027, 39.234452], [-75.416318, 39.236346], [-75.415505, 39.239415], [-75.41652, 39.243173], [-75.415819, 39.244712], [-75.412574, 39.246165], [-75.408992545228, 39.2462703036055], [-75.408745, 39.243041], [-75.405037, 39.240316], [-75.407026, 39.225737], [-75.4063666964153, 39.2235653544919], [-75.405937, 39.22215], [-75.399264, 39.21582], [-75.399264, 39.208962], [-75.397085, 39.20453], [-75.397766, 39.193977], [-75.3994, 39.191022], [-75.400144, 39.186456], [-75.408266, 39.174625], [-75.410267, 39.169145], [-75.409563, 39.164521], [-75.4102250368965, 39.1593624733347], [-75.410625, 39.156246], [-75.413357, 39.153296], [-75.412406, 39.147582], [-75.4107722922463, 39.1430653573663], [-75.407528, 39.134096], [-75.408128, 39.12251], [-75.4009696139184, 39.1023556883275], [-75.4004698721552, 39.1009486740737], [-75.399809, 39.099088], [-75.4021245121595, 39.084836499402], [-75.403136, 39.078611], [-75.4026916175859, 39.0738781860242], [-75.4020486337225, 39.0670302034792], [-75.402035, 39.066885], [-75.4009969889253, 39.066145692859], [-75.404592, 39.066558], [-75.404526, 39.069356], [-75.406304, 39.071191], [-75.408625, 39.072542], [-75.409824, 39.072371], [-75.411546, 39.070583], [-75.412897, 39.070098], [-75.416827, 39.070348], [-75.418828, 39.070021], [-75.426116, 39.070013], [-75.428593, 39.070994], [-75.439613, 39.077469], [-75.441802, 39.080403], [-75.444015, 39.080835], [-75.449815, 39.082895], [-75.452133, 39.085172], [-75.454811, 39.086008], [-75.457292, 39.085619], [-75.461072, 39.084985], [-75.461894, 39.084982], [-75.465346, 39.086187], [-75.465685, 39.087467], [-75.464351, 39.089496], [-75.461966, 39.091005], [-75.464778, 39.096485], [-75.467577, 39.098546], [-75.468304, 39.100119], [-75.470707, 39.101278], [-75.475371, 39.105945], [-75.477999, 39.106564], [-75.480645, 39.108094], [-75.482833, 39.108508], [-75.483269, 39.108503], [-75.484889, 39.109112], [-75.486616, 39.111401], [-75.489263, 39.11139], [-75.490812, 39.109717], [-75.492913, 39.111744], [-75.496425, 39.111432], [-75.498661, 39.112098], [-75.498578, 39.114997], [-75.500625, 39.116096], [-75.501382, 39.116034], [-75.499534, 39.113284], [-75.500524, 39.111746], [-75.497791, 39.110687], [-75.50151, 39.109184], [-75.498498, 39.104877], [-75.498191, 39.10255], [-75.499512, 39.099143], [-75.500859, 39.09902], [-75.504576, 39.096654], [-75.506006, 39.094404], [-75.510473, 39.096951], [-75.512295, 39.09865], [-75.513027, 39.0996], [-75.513533, 39.100816], [-75.515316, 39.100683], [-75.513718, 39.101779], [-75.51433, 39.107247], [-75.515396, 39.105946], [-75.516511, 39.106799], [-75.521968, 39.106345], [-75.523346, 39.104811], [-75.525022, 39.105748], [-75.53204, 39.111572], [-75.534932, 39.112932], [-75.535563, 39.10976], [-75.538922, 39.109788], [-75.537305, 39.113077], [-75.536509, 39.113172], [-75.536236, 39.115347], [-75.532923, 39.122426], [-75.532636, 39.123039], [-75.532288, 39.123786], [-75.53252, 39.123896], [-75.532097, 39.124813], [-75.528559, 39.13235], [-75.528368, 39.132753], [-75.527939, 39.133606], [-75.525675, 39.138141], [-75.525042, 39.138782], [-75.524666, 39.139078], [-75.525274, 39.139852], [-75.524522, 39.139982], [-75.524949, 39.141265], [-75.524405, 39.141372], [-75.524126, 39.143705], [-75.522822, 39.143154], [-75.522983, 39.150036], [-75.524907, 39.150104], [-75.524941, 39.152256], [-75.523074, 39.152706], [-75.523903, 39.154591], [-75.524908, 39.154354], [-75.525629, 39.156291], [-75.524105, 39.157242], [-75.524378, 39.158047], [-75.52571, 39.159711], [-75.526389, 39.161538], [-75.527623, 39.161258], [-75.528383, 39.161429], [-75.529385, 39.164077], [-75.527793, 39.164487], [-75.527587, 39.163877], [-75.527753, 39.165112], [-75.530247, 39.171726], [-75.529603, 39.171877], [-75.529962, 39.172948], [-75.529919, 39.174027], [-75.529871, 39.174467], [-75.529561, 39.181], [-75.534314, 39.184547], [-75.539078, 39.182192], [-75.543267, 39.183796], [-75.544075, 39.183654], [-75.545152, 39.182867], [-75.548193, 39.183402], [-75.55045, 39.18542], [-75.553222, 39.186342], [-75.55573, 39.18935], [-75.558866, 39.191663], [-75.557607, 39.198183], [-75.555891, 39.200037], [-75.559177, 39.202321], [-75.559913, 39.202868], [-75.562613, 39.201734], [-75.565653, 39.204686], [-75.566323, 39.206514], [-75.568516, 39.206322], [-75.569863, 39.20548], [-75.570034, 39.204167], [-75.574437, 39.209052], [-75.571674, 39.211046], [-75.573044, 39.211712], [-75.575259, 39.210995], [-75.579445, 39.211536], [-75.582099, 39.214271], [-75.583197, 39.215498], [-75.583067, 39.215564], [-75.583673, 39.21621], [-75.580576, 39.217546], [-75.57763, 39.2194], [-75.575376, 39.220891], [-75.575638, 39.221465], [-75.578228, 39.222809], [-75.577324, 39.223213], [-75.577798, 39.226216], [-75.578089, 39.226827], [-75.582833, 39.225825], [-75.582451, 39.227879], [-75.581132, 39.228548], [-75.580474, 39.229491], [-75.579959, 39.230019], [-75.57981, 39.2302], [-75.581318, 39.23264], [-75.581808, 39.232276], [-75.582923, 39.233396], [-75.582131, 39.233743], [-75.582483, 39.234325], [-75.583361, 39.234129], [-75.583305, 39.234568], [-75.58374, 39.235175], [-75.583045, 39.2355], [-75.588101, 39.244031], [-75.587836, 39.24408]], [[-75.493075, 39.133196], [-75.491856, 39.13122], [-75.489215, 39.127295], [-75.487761, 39.125932], [-75.479757, 39.121398], [-75.471421, 39.116585], [-75.455884, 39.107116], [-75.455043, 39.106369], [-75.453293, 39.107519], [-75.452234, 39.1084], [-75.450307, 39.111841], [-75.444368, 39.118218], [-75.444087, 39.119097], [-75.448996, 39.121854], [-75.446368, 39.124229], [-75.445581, 39.126643], [-75.446077, 39.12838], [-75.446865, 39.129291], [-75.445236, 39.130797], [-75.44615, 39.131949], [-75.44713, 39.131461], [-75.450756, 39.133132], [-75.449355, 39.134821], [-75.454437, 39.134615], [-75.456403, 39.135119], [-75.457217, 39.135592], [-75.45848, 39.136925], [-75.459212, 39.138849], [-75.458885, 39.144197], [-75.459839, 39.146123], [-75.459004, 39.148543], [-75.46211, 39.148664], [-75.462475, 39.148677], [-75.465926, 39.148814], [-75.466173, 39.145482], [-75.466469, 39.143659], [-75.466853, 39.138775], [-75.469425, 39.139337], [-75.470085, 39.135749], [-75.473385, 39.135971], [-75.478802, 39.139176], [-75.487282, 39.143838], [-75.494606, 39.136084], [-75.493075, 39.133196]]]]}}, {"type": "Feature", "id": "08032", "properties": {"ZCTA5CE20": "08032", "GEOID20": "08032", "zip": "08032", "STUSPS": "DE"}, "geometry": {"type": "Polygon", "coordinates": [[[-75.066629, 39.782811], [-75.063449, 39.785974], [-75.064264, 39.784682], [-75.058438, 39.782977], [-75.058335, 39.782963], [-75.057026, 39.781956], [-75.055558, 39.782058], [-75.054534, 39.779209], [-75.054365, 39.776427], [-75.05506, 39.77537], [-75.057931, 39.777138], [-75.059872, 39.775495], [-75.060442, 39.776668], [-75.059074, 39.777857], [-75.059652, 39.77822], [-75.065893, 39.782321], [-75.066629, 39.782811]]]}}, {"type": "Feature", "id": "08023", "properties": {"ZCTA5CE20": "08023", "GEOID20": "08023", "zip": "08023", "STUSPS": "DE"}, "geometry": {"type": "Polygon", "coordinates": [[[-75.509742, 39.686113], [-75.509042, 39.694513], [-75.507162, 39.696961], [-75.504042, 39.698313], [-75.5034094250563, 39.6985643757628], [-75.501291, 39.696631], [-75.488541, 39.686498], [-75.487978, 39.687353], [-75.480704, 39.683174], [-75.48305, 39.680526], [-75.484163, 39.678901], [-75.484467, 39.678456], [-75.488247, 39.680459], [-75.489019, 39.68077], [-75.498607, 39.684431], [-75.506198, 39.685626], [-75.508616, 39.685836], [-75.509538, 39.685705], [-75.509742, 39.686113]]]}}, {"type": "Feature", "id": "08329", "properties": {"ZCTA5CE20": "08329", "GEOID20": "08329", "zip": "08329", "STUSPS": "DE"}, "geometry": {"type": "Polygon", "coordinates": [[[-75.019028, 39.281378], [-75.018181, 39.282777], [-75.017841, 39.285293], [-75.017035, 39.286313], [-75.014874, 39.287131], [-75.009725, 39.287635], [-75.005837, 39.289784], [-75.003642, 39.289954], [-74.997252, 39.288988], [-74.995091, 39.289263], [-74.992894, 39.289509], [-74.989971, 39.288234], [-74.989501, 39.287587], [-74.990968, 39.286623], [-74.991343, 39.28584], [-74.991746, 39.282486], [-74.991538, 39.281922], [-74.99459, 39.280913], [-74.99644, 39.280985], [-74.997148, 39.282299], [-74.999931, 39.285029], [-75.004007, 39.284347], [-75.018245, 39.281114], [-75.019028, 39.281378]]]}}, {"type": "Feature", "id": "08353", "properties": {"ZCTA5CE20": "08353", "GEOID20": "08353", "zip": "08353", "STUSPS": "DE"}, "geometry": {"type": "Polygon", "coordinates": [[[-75.311152, 39.464458], [-75.310325, 39.465389], [-75.300398, 39.466056], [-75.283775, 39.464255], [-75.282655, 39.460052], [-75.28, 39.454636], [-75.290855, 39.454101], [-75.309531, 39.453178], [-75.31049, 39.458345], [-75.311152, 39.464458]]]}}, {"type": "Feature", "id": "21804", "properties": {"ZCTA5CE20": "21804", "GEOID20": "21804", "zip": "21804", "STUSPS": "DE"}, "geometry": {"type": "Polygon", "coordinates": [[[-75.627577, 38.284434], [-75.622397, 38.285858], [-75.620477, 38.288173], [-75.621249, 38.291971], [-75.620616, 38.293049], [-75.616846, 38.295624], [-75.622, 38.296498], [-75.623712, 38.299334], [-75.622889, 38.300881], [-75.624231, 38.302966], [-75.613209, 38.304523], [-75.609389, 38.305665], [-75.604896, 38.307884], [-75.605028, 38.30814], [-75.599249, 38.311164], [-75.596042, 38.313065], [-75.598322, 38.315415], [-75.598971, 38.317876], [-75.602514, 38.318194], [-75.603492, 38.319348], [-75.60399, 38.320586], [-75.602736, 38.323287], [-75.602465, 38.325861], [-75.60245, 38.326052], [-75.603921, 38.32472], [-75.605259, 38.323803], [-75.605388, 38.323717], [-75.605519, 38.323629], [-75.605687, 38.323516], [-75.606932, 38.322674], [-75.607368, 38.323436], [-75.608193, 38.323894], [-75.60805, 38.327726], [-75.607243, 38.330828], [-75.608527, 38.331388], [-75.609218, 38.332077], [-75.6093, 38.332293], [-75.60988, 38.332927], [-75.610102, 38.333055], [-75.609297, 38.334391], [-75.607955, 38.336154], [-75.603284, 38.342512], [-75.600981, 38.348491], [-75.599286, 38.353292], [-75.598576, 38.355324], [-75.599328, 38.355566], [-75.598999, 38.357184], [-75.598639, 38.358193], [-75.598976, 38.359055], [-75.597255, 38.360065], [-75.595841, 38.363163], [-75.595112, 38.365207], [-75.594315, 38.367507], [-75.595511, 38.367607], [-75.593167, 38.37049], [-75.59389, 38.371677], [-75.592241, 38.372046], [-75.589585, 38.377544], [-75.588385, 38.380548], [-75.583344, 38.384017], [-75.583208, 38.384139], [-75.582831, 38.384028], [-75.582076, 38.384052], [-75.581054, 38.383872], [-75.580008, 38.383066], [-75.579823, 38.382897], [-75.575342, 38.383628], [-75.573789, 38.383515], [-75.578503, 38.386193], [-75.579743, 38.387507], [-75.579689, 38.387564], [-75.579009, 38.38826], [-75.577827, 38.387536], [-75.575441, 38.389993], [-75.573678, 38.389835], [-75.57397, 38.392523], [-75.574529, 38.392987], [-75.573301, 38.394715], [-75.57163, 38.398072], [-75.571623, 38.398088], [-75.568138, 38.405858], [-75.567387, 38.405674], [-75.56664, 38.406975], [-75.563696, 38.406053], [-75.563949, 38.401808], [-75.568065, 38.402192], [-75.56781, 38.402823], [-75.56888, 38.403063], [-75.56766, 38.403568], [-75.568761, 38.403641], [-75.569474, 38.40215], [-75.568404, 38.401091], [-75.569431, 38.39937], [-75.569213, 38.397541], [-75.567073, 38.396109], [-75.565771, 38.395541], [-75.562953, 38.395743], [-75.562495, 38.404564], [-75.562674, 38.405948], [-75.56466, 38.409038], [-75.567722, 38.410014], [-75.56757, 38.411772], [-75.566983, 38.413972], [-75.566332, 38.416032], [-75.565952, 38.415951], [-75.564691, 38.415704], [-75.563308, 38.420791], [-75.564587, 38.420745], [-75.564932, 38.420821], [-75.564706, 38.422175], [-75.564652, 38.423415], [-75.564071, 38.423376], [-75.563764, 38.422234], [-75.562416, 38.422058], [-75.560454, 38.423409], [-75.557109, 38.423272], [-75.555628, 38.422464], [-75.550817, 38.422332], [-75.549182, 38.423233], [-75.547429, 38.422135], [-75.544596, 38.421901], [-75.542695, 38.422161], [-75.541773, 38.422924], [-75.540014, 38.422358], [-75.534915, 38.423076], [-75.532409, 38.422109], [-75.532484, 38.417632], [-75.542798, 38.419429], [-75.544525, 38.409942], [-75.545034, 38.407001], [-75.544307, 38.400577], [-75.542938, 38.400642], [-75.539551, 38.403459], [-75.537176, 38.403534], [-75.529801, 38.405214], [-75.526258, 38.403333], [-75.527949, 38.401725], [-75.528233, 38.401583], [-75.532298, 38.400577], [-75.544088, 38.398843], [-75.551262, 38.397274], [-75.550723, 38.392919], [-75.550625, 38.392441], [-75.547376, 38.391849], [-75.544681, 38.390548], [-75.542412, 38.391754], [-75.535824, 38.391519], [-75.531823, 38.395183], [-75.530561, 38.391576], [-75.52687, 38.393412], [-75.518329, 38.387027], [-75.510282, 38.387251], [-75.505163, 38.385759], [-75.503163, 38.385789], [-75.502932, 38.383255], [-75.503446, 38.382978], [-75.503723, 38.38168], [-75.503713, 38.381094], [-75.501045, 38.38018], [-75.495185, 38.381007], [-75.492782, 38.377177], [-75.503796, 38.375548], [-75.503754, 38.375173], [-75.503742, 38.375068], [-75.503555, 38.373568], [-75.501562, 38.373254], [-75.501325, 38.369235], [-75.498222, 38.370039], [-75.495724, 38.369253], [-75.491595, 38.369339], [-75.491127, 38.370174], [-75.491927, 38.366825], [-75.49248, 38.361559], [-75.491351, 38.360366], [-75.490128, 38.359074], [-75.49077, 38.350547], [-75.490877, 38.348146], [-75.490885, 38.345306], [-75.489543, 38.342345], [-75.486387, 38.33744], [-75.485157, 38.334309], [-75.482064, 38.328987], [-75.480096, 38.328147], [-75.478981, 38.328862], [-75.477439, 38.328489], [-75.475358, 38.327171], [-75.477393, 38.323687], [-75.470338, 38.320302], [-75.468917, 38.319004], [-75.465553, 38.317672], [-75.459974, 38.318045], [-75.458554, 38.318534], [-75.455916, 38.320749], [-75.450946, 38.321737], [-75.44823, 38.321019], [-75.448884, 38.319194], [-75.449372, 38.3132], [-75.452892, 38.310645], [-75.455953, 38.309513], [-75.456148, 38.308485], [-75.455122, 38.305227], [-75.456263, 38.304084], [-75.45546, 38.303767], [-75.450816, 38.300273], [-75.448429, 38.296887], [-75.447576, 38.294743], [-75.448108, 38.289875], [-75.449078, 38.28648], [-75.450292, 38.286439], [-75.452689, 38.284992], [-75.45375, 38.28282], [-75.453628, 38.279566], [-75.455383, 38.27743], [-75.455756, 38.276156], [-75.454818, 38.274023], [-75.457122, 38.272074], [-75.457854, 38.26747], [-75.459564, 38.265471], [-75.460661, 38.261797], [-75.464057, 38.262259], [-75.471847, 38.268404], [-75.477606, 38.271029], [-75.479475, 38.272356], [-75.481987, 38.273258], [-75.48217, 38.270159], [-75.483329, 38.269228], [-75.488929, 38.271586], [-75.490698, 38.269354], [-75.491592, 38.266928], [-75.494743, 38.2643], [-75.498626, 38.257887], [-75.499427, 38.255614], [-75.500534, 38.255328], [-75.491401, 38.24708], [-75.49156, 38.246622], [-75.492271, 38.246096], [-75.496108, 38.245821], [-75.500441, 38.247126], [-75.50238, 38.247275], [-75.503776, 38.246348], [-75.504234, 38.244914], [-75.506698, 38.242377], [-75.509468, 38.241606], [-75.511123, 38.240492], [-75.513656, 38.241133], [-75.513938, 38.241839], [-75.516845, 38.242777], [-75.520789, 38.242968], [-75.519583, 38.211371], [-75.523444, 38.214217], [-75.528243, 38.215956], [-75.532119, 38.218016], [-75.535216, 38.218275], [-75.537582, 38.217749], [-75.538673, 38.219183], [-75.540289, 38.221392], [-75.542448, 38.223341], [-75.544035, 38.223303], [-75.544883, 38.226748], [-75.546584, 38.229098], [-75.546836, 38.231287], [-75.549262, 38.235835], [-75.550902, 38.24103], [-75.545829, 38.244654], [-75.545677, 38.246565], [-75.546302, 38.248328], [-75.546492, 38.25149], [-75.547302, 38.252493], [-75.549446, 38.253325], [-75.551895, 38.252974], [-75.556097, 38.255595], [-75.560501, 38.255438], [-75.559897, 38.258939], [-75.565199, 38.25907], [-75.56488, 38.263834], [-75.561576, 38.264525], [-75.560988, 38.26533], [-75.561813, 38.266283], [-75.561911, 38.269312], [-75.581229, 38.264994], [-75.582618, 38.26623], [-75.585105, 38.267161], [-75.584753, 38.268465], [-75.585197, 38.270823], [-75.58464, 38.274362], [-75.585445, 38.279837], [-75.599694, 38.27927], [-75.600953, 38.283071], [-75.60325, 38.285887], [-75.605694, 38.287632], [-75.609335, 38.288753], [-75.610189, 38.291722], [-75.610174, 38.289829], [-75.611137, 38.283654], [-75.612764, 38.278626], [-75.625881, 38.282289], [-75.62649, 38.282553], [-75.627577, 38.284434]]]}}, {"type": "Feature", "id": "19966", "properties": {"ZCTA5CE20": "19966", "GEOID20": "19966", "zip": "19966", "STUSPS": "DE"}, "geometry": {"type": "Polygon", "coordinates": [[[-75.434815, 38.517293], [-75.431262, 38.518721], [-75.429822, 38.519919], [-75.428982, 38.52166], [-75.425744, 38.525649], [-75.426182, 38.526273], [-75.428364, 38.526496], [-75.429931, 38.526801], [-75.428323, 38.529759], [-75.412993, 38.548625], [-75.412175, 38.551198], [-75.409281, 38.558338], [-75.414901, 38.568415], [-75.398286, 38.570655], [-75.39867, 38.575393], [-75.392882, 38.575449], [-75.393312, 38.57704], [-75.391373, 38.578198], [-75.390581, 38.579829], [-75.389328, 38.580395], [-75.387282, 38.58234], [-75.385686, 38.584019], [-75.376774, 38.586855], [-75.375004, 38.586051], [-75.368494, 38.586318], [-75.364924, 38.585232], [-75.36377, 38.584296], [-75.362904, 38.585434], [-75.364291, 38.590616], [-75.364241, 38.591165], [-75.360321, 38.600988], [-75.35943, 38.603014], [-75.358477, 38.605126], [-75.357575, 38.605882], [-75.357157, 38.606198], [-75.357491, 38.609672], [-75.353824, 38.610238], [-75.353145, 38.610914], [-75.350744, 38.611113], [-75.347594, 38.612971], [-75.346229, 38.613345], [-75.341971, 38.612346], [-75.339584, 38.61428], [-75.337477, 38.615325], [-75.335635, 38.614759], [-75.332596, 38.615209], [-75.335261, 38.618314], [-75.324569, 38.621491], [-75.320537, 38.622673], [-75.31545, 38.611516], [-75.314741, 38.610492], [-75.313287, 38.608346], [-75.309708, 38.604016], [-75.307389, 38.603438], [-75.306331, 38.604235], [-75.305381, 38.603484], [-75.303266, 38.604505], [-75.300963, 38.601829], [-75.2977, 38.602461], [-75.296174, 38.60307], [-75.300094, 38.604625], [-75.29767, 38.60572], [-75.29695, 38.60672], [-75.298128, 38.607536], [-75.298084, 38.610006], [-75.300055, 38.612597], [-75.305318, 38.616134], [-75.305032, 38.618119], [-75.309048, 38.6207], [-75.3104, 38.62209], [-75.310448, 38.625], [-75.311968, 38.627779], [-75.311792, 38.628939], [-75.31369, 38.630301], [-75.313844, 38.632476], [-75.316443, 38.634548], [-75.315603, 38.63541], [-75.316184, 38.636728], [-75.315962, 38.638587], [-75.315164, 38.638534], [-75.314284, 38.637679], [-75.305957, 38.636853], [-75.30278, 38.645459], [-75.297951, 38.646249], [-75.297444, 38.647058], [-75.287291, 38.646897], [-75.277852, 38.648636], [-75.272562, 38.641728], [-75.269052, 38.639502], [-75.268232, 38.636352], [-75.264758, 38.639272], [-75.259821, 38.645335], [-75.258591, 38.647896], [-75.25475, 38.653508], [-75.253519, 38.656463], [-75.253231, 38.657115], [-75.247293, 38.656534], [-75.247055, 38.65944], [-75.248454, 38.65952], [-75.242632, 38.667024], [-75.239227, 38.666498], [-75.236922, 38.667142], [-75.23519, 38.666357], [-75.231806, 38.666605], [-75.229472, 38.66543], [-75.227433, 38.66558], [-75.224987, 38.66374], [-75.222241, 38.662773], [-75.220222, 38.663038], [-75.218421, 38.663956], [-75.215731, 38.663682], [-75.211415, 38.664853], [-75.206174, 38.664959], [-75.202067, 38.664377], [-75.196027, 38.661966], [-75.194317, 38.661559], [-75.193056, 38.660966], [-75.189343, 38.659033], [-75.189438, 38.66576], [-75.189056, 38.667261], [-75.185166, 38.665626], [-75.186322, 38.663883], [-75.18244, 38.662196], [-75.183723, 38.659428], [-75.18708, 38.659439], [-75.188901, 38.658923], [-75.184509, 38.65876], [-75.176823, 38.65491], [-75.174814, 38.654545], [-75.173175, 38.654752], [-75.166798, 38.657136], [-75.164882, 38.657078], [-75.156605, 38.655693], [-75.154965, 38.654562], [-75.149955, 38.652977], [-75.148875, 38.651064], [-75.147073, 38.650237], [-75.14572, 38.647386], [-75.144067, 38.645649], [-75.141067, 38.643644], [-75.133268, 38.642425], [-75.129392, 38.640972], [-75.126252, 38.640489], [-75.124627, 38.640472], [-75.110027, 38.644082], [-75.102708, 38.644499], [-75.095294, 38.644753], [-75.09351, 38.644281], [-75.090541, 38.641539], [-75.088535, 38.637516], [-75.085208, 38.628429], [-75.085294, 38.625112], [-75.088555, 38.621765], [-75.094043, 38.618396], [-75.099405, 38.614499], [-75.101028, 38.612695], [-75.102665, 38.609861], [-75.103195, 38.606862], [-75.110563, 38.606165], [-75.113484, 38.605581], [-75.115862, 38.604787], [-75.124627, 38.600797], [-75.141318, 38.597135], [-75.160882, 38.592846], [-75.167421, 38.589988], [-75.169529, 38.589123], [-75.170308, 38.588909], [-75.174137, 38.587862], [-75.179354, 38.588308], [-75.182699, 38.589129], [-75.187834, 38.589428], [-75.195037, 38.589559], [-75.198094, 38.590123], [-75.208835, 38.591671], [-75.212901, 38.59011], [-75.217248, 38.590665], [-75.218937, 38.590561], [-75.222809, 38.588775], [-75.225624, 38.5883], [-75.231754, 38.58776], [-75.23466, 38.587704], [-75.236531, 38.588106], [-75.237878, 38.589869], [-75.240504, 38.591414], [-75.244702, 38.591578], [-75.245909, 38.591327], [-75.248636, 38.58953], [-75.250201, 38.588233], [-75.25404, 38.586833], [-75.255428, 38.583714], [-75.2583, 38.583157], [-75.258574, 38.58138], [-75.260533, 38.582168], [-75.265429, 38.577247], [-75.265443, 38.576478], [-75.27011, 38.5823], [-75.270133, 38.582094], [-75.270017, 38.581677], [-75.270042, 38.581322], [-75.270294, 38.580905], [-75.270689, 38.580605], [-75.271282, 38.580266], [-75.271528, 38.580011], [-75.271613, 38.579715], [-75.271494, 38.578195], [-75.275018, 38.575386], [-75.276184, 38.573962], [-75.275432, 38.572702], [-75.27558, 38.569345], [-75.274049, 38.567779], [-75.274089, 38.564241], [-75.27476, 38.564531], [-75.275907, 38.563528], [-75.275989, 38.56335], [-75.277877, 38.560724], [-75.277667, 38.558957], [-75.278308, 38.556952], [-75.280891, 38.556054], [-75.282819, 38.553642], [-75.286254, 38.55154], [-75.288994, 38.55225], [-75.292197, 38.550263], [-75.30067, 38.546176], [-75.301463, 38.545455], [-75.306705, 38.538853], [-75.306382, 38.535403], [-75.305634, 38.53148], [-75.313892, 38.530577], [-75.323907, 38.529485], [-75.326743, 38.52905], [-75.334393, 38.527027], [-75.356966, 38.524818], [-75.35625, 38.520106], [-75.353274, 38.519211], [-75.351078, 38.510403], [-75.349085, 38.507646], [-75.347129, 38.506047], [-75.341997, 38.487935], [-75.341214, 38.485859], [-75.339675, 38.484249], [-75.338661, 38.480907], [-75.338764, 38.478657], [-75.341845, 38.473728], [-75.341417, 38.471372], [-75.342164, 38.469509], [-75.346439, 38.466173], [-75.347123, 38.464926], [-75.346753, 38.463717], [-75.344228, 38.459625], [-75.3403903727049, 38.4519649208671], [-75.34125, 38.45197], [-75.355433, 38.452131], [-75.370891, 38.452238], [-75.3778526046703, 38.4521778915431], [-75.378339, 38.45352], [-75.381713, 38.454436], [-75.383536, 38.454277], [-75.390143, 38.456064], [-75.393093, 38.453701], [-75.393754719045, 38.4521970816214], [-75.3937694551717, 38.4521971959963], [-75.40199, 38.452261], [-75.4108201107905, 38.4523990015066], [-75.407406, 38.457998], [-75.417147, 38.456473], [-75.419059, 38.465138], [-75.422667, 38.469506], [-75.428958, 38.469031], [-75.428466, 38.471156], [-75.428323, 38.474351], [-75.428256, 38.474708], [-75.427052, 38.477341], [-75.414683, 38.485523], [-75.409883, 38.491047], [-75.414206, 38.492096], [-75.41761, 38.493621], [-75.419876, 38.495647], [-75.408333, 38.502472], [-75.420317, 38.514572], [-75.419052, 38.515594], [-75.418288, 38.516732], [-75.419816, 38.517012], [-75.422263, 38.515139], [-75.426375, 38.513843], [-75.428095, 38.514766], [-75.432346, 38.515601], [-75.434815, 38.517293]], [[-75.409883, 38.491047], [-75.409667, 38.490954], [-75.406782, 38.489439], [-75.40588, 38.486281], [-75.409306, 38.481339], [-75.411294, 38.472081], [-75.411115, 38.470387], [-75.403666, 38.470886], [-75.402819, 38.47202], [-75.399953, 38.471496], [-75.397423, 38.472368], [-75.390639, 38.469443], [-75.388139, 38.467113], [-75.383932, 38.467616], [-75.376777, 38.467432], [-75.371984, 38.471931], [-75.374424, 38.472716], [-75.376596, 38.47515], [-75.378452, 38.475854], [-75.371013, 38.481345], [-75.372079, 38.484158], [-75.372157, 38.491181], [-75.371439, 38.495485], [-75.365245, 38.492292], [-75.363006, 38.491763], [-75.360111, 38.504084], [-75.360995, 38.502389], [-75.365541, 38.501987], [-75.367117, 38.498539], [-75.368602, 38.499391], [-75.373252, 38.499756], [-75.378596, 38.498676], [-75.380966, 38.49916], [-75.381923, 38.496636], [-75.392159, 38.498798], [-75.398517, 38.50418], [-75.409488, 38.491522], [-75.409883, 38.491047]]]}}, {"type": "Feature", "id": "08039", "properties": {"ZCTA5CE20": "08039", "GEOID20": "08039", "zip": "08039", "STUSPS": "DE"}, "geometry": {"type": "Polygon", "coordinates": [[[-75.285436, 39.685377], [-75.285444, 39.688503], [-75.280972, 39.68973], [-75.27847, 39.689051], [-75.277574, 39.689774], [-75.276816, 39.693851], [-75.272594, 39.691763], [-75.266104, 39.688553], [-75.266223, 39.685264], [-75.266452, 39.685011], [-75.286473, 39.680411], [-75.285436, 39.685377]]]}}, {"type": "Feature", "id": "19945", "properties": {"ZCTA5CE20": "19945", "GEOID20": "19945", "zip": "19945", "STUSPS": "DE"}, "geometry": {"type": "MultiPolygon", "coordinates": [[[[-75.356966, 38.524818], [-75.334393, 38.527027], [-75.326743, 38.52905], [-75.323907, 38.529485], [-75.313892, 38.530577], [-75.305634, 38.53148], [-75.28497, 38.533754], [-75.280108, 38.534707], [-75.278746, 38.533626], [-75.273752, 38.532542], [-75.271943, 38.529685], [-75.270062, 38.527855], [-75.266027, 38.527436], [-75.26492, 38.530083], [-75.263172, 38.529907], [-75.260949, 38.528653], [-75.259265, 38.526274], [-75.257095, 38.524446], [-75.254836, 38.526543], [-75.251998, 38.524684], [-75.249476, 38.52528], [-75.246719, 38.526773], [-75.249406, 38.530544], [-75.24927, 38.530675], [-75.246549, 38.526859], [-75.245879, 38.531364], [-75.241768, 38.533701], [-75.241063, 38.535964], [-75.239045, 38.536027], [-75.23746, 38.53543], [-75.236039, 38.53548], [-75.234812, 38.535478], [-75.233783, 38.528467], [-75.228058, 38.531404], [-75.227954, 38.532542], [-75.224546, 38.535885], [-75.223309, 38.536594], [-75.220211, 38.535667], [-75.218726, 38.538428], [-75.221582, 38.540954], [-75.216236, 38.542082], [-75.215854, 38.536781], [-75.215591, 38.536241], [-75.213259, 38.534795], [-75.196804, 38.541477], [-75.196621, 38.54309], [-75.197537, 38.543971], [-75.19707, 38.548079], [-75.198063, 38.548557], [-75.19926, 38.54854], [-75.198749, 38.55004], [-75.191818, 38.550413], [-75.192043, 38.553716], [-75.18359, 38.553789], [-75.181959, 38.554097], [-75.181197, 38.548823], [-75.179987, 38.547733], [-75.177364, 38.549511], [-75.177203, 38.547341], [-75.175115, 38.546569], [-75.174147, 38.544122], [-75.165687, 38.544967], [-75.163348, 38.545577], [-75.167038, 38.548209], [-75.167611, 38.549341], [-75.165771, 38.550418], [-75.162154, 38.550955], [-75.159907, 38.552433], [-75.156843, 38.552685], [-75.154354, 38.554812], [-75.153715, 38.554442], [-75.153489, 38.550336], [-75.149332, 38.549989], [-75.148986, 38.548329], [-75.147815, 38.54923], [-75.135467, 38.543052], [-75.135266, 38.54031], [-75.131425, 38.541089], [-75.131632, 38.539412], [-75.128166, 38.53979], [-75.127732, 38.539835], [-75.13194, 38.537458], [-75.132537, 38.532212], [-75.128871, 38.533014], [-75.128239, 38.533801], [-75.125846, 38.530211], [-75.125761, 38.52742], [-75.135591, 38.527518], [-75.137301, 38.525533], [-75.135403, 38.524749], [-75.134035, 38.525065], [-75.132037, 38.522877], [-75.128144, 38.523094], [-75.127543, 38.522124], [-75.123758, 38.522733], [-75.122901, 38.523059], [-75.117058, 38.525271], [-75.111937, 38.524138], [-75.113354, 38.521007], [-75.111409, 38.520541], [-75.11256, 38.518566], [-75.107648, 38.514944], [-75.104348, 38.519684], [-75.101311, 38.520646], [-75.103765, 38.521052], [-75.103503, 38.522144], [-75.101845, 38.521943], [-75.100074, 38.522729], [-75.097931, 38.524171], [-75.100789, 38.525966], [-75.098859, 38.527224], [-75.095901, 38.526253], [-75.095697, 38.525286], [-75.094217, 38.525449], [-75.093678, 38.526253], [-75.091756, 38.526266], [-75.085232, 38.526374], [-75.082334, 38.527423], [-75.081669, 38.526821], [-75.075623, 38.525576], [-75.075027, 38.526383], [-75.072748, 38.528367], [-75.074694, 38.531727], [-75.074447, 38.531758], [-75.06913, 38.522588], [-75.068695, 38.521814], [-75.066636, 38.518504], [-75.066196, 38.517618], [-75.064337, 38.514503], [-75.063653, 38.512858], [-75.064231, 38.510201], [-75.06415, 38.510012], [-75.064068, 38.508499], [-75.064516, 38.507974], [-75.064356, 38.506358], [-75.062429, 38.502089], [-75.061173, 38.495757], [-75.059783, 38.49637], [-75.05952, 38.49625], [-75.058707, 38.495912], [-75.061114, 38.495117], [-75.060829, 38.493108], [-75.06096, 38.492992], [-75.062096, 38.479908], [-75.062223, 38.474919], [-75.066825, 38.476241], [-75.079836, 38.48305], [-75.080893, 38.483362], [-75.082059, 38.483767], [-75.088119, 38.483808], [-75.091434, 38.484475], [-75.093715, 38.485103], [-75.095553, 38.48414], [-75.097516, 38.484181], [-75.098795, 38.487296], [-75.103556, 38.486503], [-75.104534, 38.483428], [-75.106829, 38.482005], [-75.111529, 38.480525], [-75.114205, 38.481124], [-75.11724, 38.483083], [-75.118712, 38.482799], [-75.118872, 38.48349], [-75.119204, 38.482613], [-75.120896, 38.482986], [-75.123612, 38.481817], [-75.128519, 38.481129], [-75.130269, 38.481624], [-75.13339, 38.480318], [-75.13559, 38.480413], [-75.136221, 38.480484], [-75.138618, 38.480441], [-75.138664, 38.480338], [-75.140342, 38.478203], [-75.140467, 38.477468], [-75.139635, 38.47544], [-75.144588, 38.476342], [-75.145261, 38.476565], [-75.1552, 38.479852], [-75.155314, 38.48236], [-75.160235, 38.480498], [-75.164712, 38.479298], [-75.168656, 38.485812], [-75.171186, 38.487823], [-75.173666, 38.488211], [-75.173816, 38.490517], [-75.173971, 38.491286], [-75.175673, 38.490801], [-75.180095, 38.49084], [-75.184555, 38.490912], [-75.195532, 38.492178], [-75.197672, 38.495211], [-75.212668, 38.505438], [-75.215468, 38.501977], [-75.217656, 38.497244], [-75.222892, 38.495524], [-75.224754, 38.496083], [-75.227064, 38.491192], [-75.227188, 38.490357], [-75.227885, 38.487677], [-75.22779, 38.486886], [-75.227575, 38.484659], [-75.228245, 38.481477], [-75.228257, 38.479602], [-75.230251, 38.479588], [-75.233641, 38.479479], [-75.235506, 38.480046], [-75.236528, 38.490242], [-75.238022, 38.487576], [-75.237651, 38.486121], [-75.242744, 38.482167], [-75.242799, 38.481234], [-75.245113, 38.473498], [-75.247784, 38.479495], [-75.255125, 38.477838], [-75.255064, 38.475328], [-75.25275, 38.474143], [-75.246165, 38.471672], [-75.245652, 38.471363], [-75.243745, 38.468847], [-75.245716, 38.471281], [-75.254056, 38.474632], [-75.255186, 38.47529], [-75.257661, 38.476748], [-75.258232, 38.476961], [-75.259742, 38.476934], [-75.267255, 38.475483], [-75.274981, 38.471804], [-75.276769, 38.471511], [-75.284847, 38.472543], [-75.292894, 38.472614], [-75.297376, 38.474341], [-75.299648, 38.475959], [-75.301216, 38.478678], [-75.303038, 38.47913], [-75.308314, 38.479534], [-75.2730649580281, 38.4515671266989], [-75.331475317607, 38.4519122460051], [-75.3314875816092, 38.4519123184673], [-75.3403903727049, 38.4519649208671], [-75.344228, 38.459625], [-75.346753, 38.463717], [-75.347123, 38.464926], [-75.346439, 38.466173], [-75.342164, 38.469509], [-75.341417, 38.471372], [-75.341845, 38.473728], [-75.338764, 38.478657], [-75.338661, 38.480907], [-75.339675, 38.484249], [-75.341214, 38.485859], [-75.341997, 38.487935], [-75.347129, 38.506047], [-75.349085, 38.507646], [-75.351078, 38.510403], [-75.353274, 38.519211], [-75.35625, 38.520106], [-75.356966, 38.524818]]], [[[-75.411294, 38.472081], [-75.409306, 38.481339], [-75.40588, 38.486281], [-75.406782, 38.489439], [-75.409667, 38.490954], [-75.409883, 38.491047], [-75.409488, 38.491522], [-75.398517, 38.50418], [-75.392159, 38.498798], [-75.381923, 38.496636], [-75.380966, 38.49916], [-75.378596, 38.498676], [-75.373252, 38.499756], [-75.368602, 38.499391], [-75.367117, 38.498539], [-75.365541, 38.501987], [-75.360995, 38.502389], [-75.360111, 38.504084], [-75.363006, 38.491763], [-75.365245, 38.492292], [-75.371439, 38.495485], [-75.372157, 38.491181], [-75.372079, 38.484158], [-75.371013, 38.481345], [-75.378452, 38.475854], [-75.376596, 38.47515], [-75.374424, 38.472716], [-75.371984, 38.471931], [-75.376777, 38.467432], [-75.383932, 38.467616], [-75.388139, 38.467113], [-75.390639, 38.469443], [-75.397423, 38.472368], [-75.399953, 38.471496], [-75.402819, 38.47202], [-75.403666, 38.470886], [-75.411115, 38.470387], [-75.411294, 38.472081]]]]}}, {"type": "Feature", "id": "08079", "properties": {"ZCTA5CE20": "08079", "GEOID20": "08079", "zip": "08079", "STUSPS": "DE"}, "geometry": {"type": "MultiPolygon", "coordinates": [[[[-75.4127239958821, 39.3843703989058], [-75.411304, 39.387169], [-75.409435, 39.387667], [-75.40824, 39.386776], [-75.407538, 39.382788], [-75.4070457388058, 39.381106999364], [-75.408771, 39.381161], [-75.409688, 39.380323], [-75.410592, 39.380286], [-75.412492, 39.380927], [-75.412732, 39.383296], [-75.4127239958821, 39.3843703989058]]], [[[-75.532342, 39.54328], [-75.5302306795951, 39.5450146200771], [-75.5286337350201, 39.5463266389045], [-75.526003, 39.548488], [-75.519026, 39.555401], [-75.5160175554855, 39.5604815370946], [-75.514756, 39.562612], [-75.511026, 39.568125], [-75.511531, 39.577177], [-75.508445, 39.575259], [-75.507441, 39.572795], [-75.504442, 39.569514], [-75.496004, 39.573068], [-75.494487, 39.576098], [-75.494969, 39.57983], [-75.493633, 39.583018], [-75.491311, 39.584003], [-75.488955, 39.583839], [-75.481316, 39.581221], [-75.481347, 39.579193], [-75.483038, 39.576243], [-75.482506, 39.575091], [-75.480206, 39.575451], [-75.47825, 39.577161], [-75.476467, 39.577783], [-75.475365, 39.57848], [-75.474959, 39.583165], [-75.473513, 39.588089], [-75.475979, 39.589578], [-75.47926, 39.590253], [-75.480262, 39.592314], [-75.479709, 39.595396], [-75.478378, 39.595939], [-75.472704, 39.596291], [-75.470323, 39.595289], [-75.468389, 39.592268], [-75.46642, 39.591629], [-75.465221, 39.593087], [-75.463384, 39.5989], [-75.464361, 39.60111], [-75.466282, 39.602216], [-75.469549, 39.602026], [-75.473662, 39.600413], [-75.4768, 39.602368], [-75.477779, 39.608117], [-75.477731, 39.609222], [-75.47618, 39.610631], [-75.473845, 39.611593], [-75.471078, 39.611787], [-75.466903, 39.609838], [-75.46572, 39.610143], [-75.463557, 39.612466], [-75.464891, 39.616022], [-75.464573, 39.617763], [-75.46348, 39.619058], [-75.464279, 39.620434], [-75.469762, 39.622125], [-75.47381, 39.622242], [-75.476409, 39.620924], [-75.477386, 39.621388], [-75.476572, 39.62319], [-75.477117, 39.624925], [-75.4796, 39.627689], [-75.478819, 39.629128], [-75.476924, 39.630794], [-75.474308, 39.631269], [-75.471368, 39.628802], [-75.469288, 39.629649], [-75.469082, 39.630448], [-75.470436, 39.632561], [-75.47088, 39.636036], [-75.473876, 39.636606], [-75.475528, 39.635018], [-75.47849, 39.634855], [-75.479098, 39.635313], [-75.479641, 39.640001], [-75.478406, 39.643094], [-75.4787, 39.644093], [-75.482139, 39.646445], [-75.48716, 39.647096], [-75.486531, 39.649636], [-75.484851, 39.650504], [-75.48169, 39.64974], [-75.481273, 39.651413], [-75.483376, 39.65278], [-75.485924, 39.653313], [-75.487331, 39.650449], [-75.489146, 39.650701], [-75.491031, 39.653342], [-75.488676, 39.655454], [-75.485755, 39.656873], [-75.483372, 39.657129], [-75.484248, 39.660366], [-75.482515, 39.660819], [-75.480361, 39.660585], [-75.479702, 39.659689], [-75.481376, 39.658012], [-75.480528, 39.657214], [-75.477769, 39.657103], [-75.475473, 39.65836], [-75.471867, 39.658384], [-75.470847, 39.658893], [-75.470737, 39.663158], [-75.470303, 39.664642], [-75.473271, 39.666201], [-75.477092, 39.669657], [-75.477107, 39.671978], [-75.476226, 39.672747], [-75.473458, 39.673285], [-75.471738, 39.67065], [-75.470222, 39.67063], [-75.46784, 39.670666], [-75.465213, 39.669561], [-75.463058, 39.669943], [-75.46175, 39.67306], [-75.46462, 39.67358], [-75.464975, 39.675487], [-75.463572, 39.677261], [-75.463376, 39.677267], [-75.460483, 39.675996], [-75.456793, 39.675591], [-75.455438, 39.674936], [-75.455425, 39.67245], [-75.453158, 39.671172], [-75.451654, 39.669306], [-75.450157, 39.670543], [-75.451615, 39.671906], [-75.451301, 39.672939], [-75.448706, 39.672883], [-75.44566, 39.671262], [-75.445359, 39.670389], [-75.446615, 39.668479], [-75.442279, 39.667392], [-75.440452, 39.668034], [-75.438931, 39.667105], [-75.440484, 39.666494], [-75.441159, 39.665063], [-75.439747, 39.664446], [-75.437016, 39.665556], [-75.435946, 39.664427], [-75.432653, 39.663155], [-75.431472, 39.663847], [-75.428735, 39.663079], [-75.425213, 39.66368], [-75.424758, 39.664866], [-75.422712, 39.665546], [-75.420918, 39.66522], [-75.420437, 39.664042], [-75.41884, 39.664204], [-75.416843, 39.66263], [-75.417146, 39.661113], [-75.41446, 39.659469], [-75.411386, 39.659405], [-75.411288, 39.660477], [-75.409478, 39.660767], [-75.410747, 39.659463], [-75.422381, 39.645767], [-75.419063, 39.642434], [-75.41378, 39.640213], [-75.412605, 39.638406], [-75.403943, 39.638358], [-75.39856, 39.639273], [-75.383076, 39.636794], [-75.381715, 39.636245], [-75.369182, 39.628276], [-75.370883, 39.627299], [-75.373014, 39.623767], [-75.373316, 39.62215], [-75.376808, 39.61452], [-75.379338, 39.613177], [-75.381713, 39.612641], [-75.38091, 39.612157], [-75.375591, 39.612528], [-75.374636, 39.612027], [-75.370933, 39.612116], [-75.37111, 39.609398], [-75.369791, 39.602994], [-75.374674, 39.602503], [-75.379191, 39.601584], [-75.375854, 39.596291], [-75.372493, 39.597945], [-75.36899, 39.600649], [-75.367016, 39.598592], [-75.369932, 39.596251], [-75.373396, 39.5939], [-75.372344, 39.593433], [-75.378607, 39.586626], [-75.379466, 39.587103], [-75.382356, 39.588098], [-75.384489, 39.587189], [-75.383196, 39.586199], [-75.377973, 39.583999], [-75.376409, 39.584258], [-75.372677, 39.579289], [-75.368859, 39.572693], [-75.368836, 39.572342], [-75.369253, 39.570834], [-75.36898, 39.569294], [-75.372657, 39.57085], [-75.373079, 39.568959], [-75.375524, 39.568415], [-75.378241, 39.569048], [-75.381286, 39.56872], [-75.383507, 39.569518], [-75.386725, 39.565476], [-75.388982, 39.566285], [-75.378686, 39.558035], [-75.374003, 39.559112], [-75.373992, 39.558137], [-75.372876, 39.556715], [-75.373124, 39.555534], [-75.373885, 39.554182], [-75.373804, 39.554116], [-75.365257, 39.547261], [-75.349604, 39.534776], [-75.351393, 39.534802], [-75.35385, 39.531301], [-75.361441, 39.530652], [-75.36625, 39.529086], [-75.366231, 39.526356], [-75.369839, 39.525054], [-75.367398, 39.523134], [-75.371257, 39.521463], [-75.372412, 39.519858], [-75.36978, 39.518657], [-75.366333, 39.518911], [-75.363781, 39.519621], [-75.362646, 39.519414], [-75.348864, 39.508634], [-75.351722, 39.508552], [-75.359763, 39.509813], [-75.356876, 39.502086], [-75.355524, 39.497669], [-75.355041, 39.494355], [-75.353488, 39.497126], [-75.351568, 39.498851], [-75.349745, 39.497735], [-75.34889, 39.495805], [-75.343385, 39.494638], [-75.341044, 39.492953], [-75.34233, 39.491936], [-75.342339, 39.49061], [-75.343622, 39.489359], [-75.343942, 39.485726], [-75.346358, 39.483888], [-75.348716, 39.480426], [-75.349908, 39.479865], [-75.351019, 39.476017], [-75.350604, 39.47489], [-75.351423, 39.471595], [-75.352986, 39.470311], [-75.35682, 39.470333], [-75.358238, 39.468126], [-75.359681, 39.467632], [-75.361267, 39.465242], [-75.363038, 39.464507], [-75.363226, 39.46214], [-75.36565, 39.459935], [-75.366273, 39.45826], [-75.368107, 39.456802], [-75.373097, 39.455779], [-75.374362, 39.455134], [-75.375715, 39.45627], [-75.379092, 39.45722], [-75.37952, 39.458546], [-75.381994, 39.457872], [-75.386563, 39.457837], [-75.391325, 39.459359], [-75.395774, 39.460386], [-75.39983, 39.462271], [-75.402776, 39.461481], [-75.407678, 39.458781], [-75.410231, 39.456726], [-75.412193, 39.454663], [-75.413859, 39.453663], [-75.414691, 39.452259], [-75.414041, 39.45064], [-75.411737, 39.450658], [-75.410273, 39.450015], [-75.411476, 39.447429], [-75.411569, 39.445438], [-75.409212, 39.443057], [-75.411968, 39.439843], [-75.41326, 39.439476], [-75.415596, 39.440176], [-75.416598, 39.438474], [-75.414162, 39.436968], [-75.410493, 39.438603], [-75.409717, 39.438418], [-75.40964, 39.436716], [-75.411556, 39.433669], [-75.412921, 39.433311], [-75.415987, 39.434364], [-75.417154, 39.434085], [-75.418821, 39.432301], [-75.417678, 39.429693], [-75.415031, 39.42872], [-75.413689, 39.429029], [-75.412084, 39.431036], [-75.410851, 39.430968], [-75.410106, 39.43017], [-75.410378, 39.427366], [-75.408276, 39.425095], [-75.408753, 39.423785], [-75.411732, 39.423668], [-75.412338, 39.422173], [-75.411189, 39.420423], [-75.414906, 39.419149], [-75.414271, 39.415956], [-75.415422, 39.415298], [-75.418304, 39.415445], [-75.419562, 39.413255], [-75.419407, 39.411212], [-75.418911, 39.410417], [-75.415618, 39.408717], [-75.415116, 39.405623], [-75.413008, 39.40445], [-75.411675, 39.405453], [-75.411722, 39.407866], [-75.409767, 39.408702], [-75.405354, 39.407636], [-75.405096, 39.405544], [-75.406682, 39.403631], [-75.411162, 39.401093], [-75.411113, 39.400237], [-75.407372, 39.398032], [-75.407456, 39.395951], [-75.409361, 39.394913], [-75.413509, 39.394871], [-75.416865, 39.395862], [-75.417746, 39.395217], [-75.417798, 39.393225], [-75.414797, 39.390786], [-75.417288, 39.388671], [-75.4168418163419, 39.3873779046746], [-75.417619, 39.38711], [-75.420477, 39.38702], [-75.422099, 39.386521], [-75.427826, 39.387792], [-75.431803, 39.391625], [-75.442393, 39.402291], [-75.451029, 39.416333], [-75.451735562978, 39.4171182351665], [-75.450588, 39.418049], [-75.451015, 39.4211], [-75.453299, 39.421607], [-75.451205, 39.42523], [-75.451281, 39.427253], [-75.447275, 39.432125], [-75.446924, 39.435306], [-75.447568, 39.438976], [-75.450856, 39.439026], [-75.452793, 39.441021], [-75.452437, 39.444118], [-75.448364, 39.446013], [-75.448735, 39.450388], [-75.453002, 39.452922], [-75.454715, 39.452775], [-75.455639, 39.453702], [-75.45825, 39.453809], [-75.458686, 39.455209], [-75.456565, 39.456233], [-75.455694, 39.457484], [-75.453991, 39.4577], [-75.456473, 39.459688], [-75.453826, 39.459942], [-75.453449, 39.461526], [-75.451179, 39.462363], [-75.448006, 39.46505], [-75.446681, 39.469241], [-75.448809, 39.480007], [-75.448569, 39.485406], [-75.44713, 39.485961], [-75.447762, 39.488911], [-75.44616, 39.489449], [-75.446777, 39.492102], [-75.447947, 39.494525], [-75.447458, 39.497419], [-75.449103, 39.499177], [-75.451388, 39.50314], [-75.452563, 39.502734], [-75.454129, 39.502361], [-75.454607, 39.503062], [-75.456333, 39.504717], [-75.459008, 39.50728], [-75.459782, 39.508074], [-75.460351, 39.508839], [-75.463541, 39.507698], [-75.467078, 39.505489], [-75.469454, 39.50478], [-75.471056, 39.505087], [-75.473341, 39.506193], [-75.476829, 39.507189], [-75.475679, 39.509182], [-75.476012, 39.511011], [-75.478858, 39.511872], [-75.480423, 39.511114], [-75.481093, 39.506795], [-75.482294, 39.505812], [-75.48718, 39.504558], [-75.49068, 39.50601], [-75.492616, 39.505319], [-75.494609, 39.503302], [-75.499336, 39.502506], [-75.502985, 39.50065], [-75.508841, 39.501523], [-75.510684, 39.500475], [-75.50898, 39.4987], [-75.506399, 39.498847], [-75.505095, 39.497946], [-75.505657, 39.49609], [-75.508537, 39.494531], [-75.510684, 39.494988], [-75.511179, 39.497685], [-75.513443, 39.499238], [-75.516589, 39.497361], [-75.518146, 39.498225], [-75.517952, 39.50116], [-75.519474, 39.502347], [-75.521689, 39.501098], [-75.521836, 39.498973], [-75.523783, 39.498283], [-75.525822, 39.500059], [-75.528019, 39.500414], [-75.530051, 39.504817], [-75.529978, 39.510817], [-75.526552, 39.517065], [-75.526654, 39.526638], [-75.526787, 39.53144], [-75.527676, 39.535278], [-75.5313276547105, 39.5367268612047], [-75.531575, 39.536825], [-75.534014, 39.540702], [-75.532342, 39.54328]], [[-75.423804, 39.54118], [-75.422633, 39.540493], [-75.421214, 39.540773], [-75.421065, 39.541092], [-75.420505, 39.540954], [-75.41981, 39.541372], [-75.419114, 39.541531], [-75.418839, 39.541438], [-75.4139, 39.545056], [-75.412619, 39.543452], [-75.411214, 39.544227], [-75.410867, 39.543974], [-75.403731, 39.541055], [-75.401159, 39.543636], [-75.405405, 39.54712], [-75.407515, 39.548001], [-75.407205, 39.548536], [-75.412417, 39.548868], [-75.414032, 39.548035], [-75.41427, 39.548381], [-75.41697, 39.547683], [-75.418602, 39.547568], [-75.418829, 39.547562], [-75.419879, 39.54709], [-75.420518, 39.546705], [-75.420738, 39.546447], [-75.420865, 39.546145], [-75.420972, 39.545184], [-75.423136, 39.543201], [-75.423541, 39.541867], [-75.423917, 39.541477], [-75.423804, 39.54118]]]]}}, {"type": "Feature", "id": "21659", "properties": {"ZCTA5CE20": "21659", "GEOID20": "21659", "zip": "21659", "STUSPS": "DE"}, "geometry": {"type": "MultiPolygon", "coordinates": [[[[-75.710693, 38.634971], [-75.70794, 38.635358], [-75.7073556815366, 38.6354031774734], [-75.707346, 38.63528], [-75.707179194802, 38.6332732962049], [-75.711174, 38.6333], [-75.710693, 38.634971]]], [[[-75.928375, 38.554069], [-75.924903, 38.558017], [-75.924194, 38.559341], [-75.923118, 38.559112], [-75.918472, 38.559383], [-75.90921, 38.558383], [-75.893665, 38.556297], [-75.888023, 38.556949], [-75.888473, 38.558971], [-75.893791, 38.560817], [-75.899169, 38.564708], [-75.902626, 38.566749], [-75.903205, 38.568923], [-75.899986, 38.571372], [-75.899017, 38.574367], [-75.896736, 38.573837], [-75.894676, 38.570861], [-75.889831, 38.566516], [-75.884452, 38.566024], [-75.880249, 38.566875], [-75.879074, 38.568675], [-75.877426, 38.568614], [-75.876152, 38.570262], [-75.873405, 38.57056], [-75.870933, 38.56977], [-75.869384, 38.570434], [-75.867874, 38.573398], [-75.863403, 38.571949], [-75.862442, 38.572216], [-75.856246, 38.57006], [-75.854598, 38.570297], [-75.851593, 38.56982], [-75.847755, 38.568664], [-75.845527, 38.570995], [-75.857048, 38.574504], [-75.855957, 38.576946], [-75.858917, 38.578475], [-75.858505, 38.579353], [-75.855407, 38.583339], [-75.860481, 38.585323], [-75.870925, 38.588684], [-75.8694, 38.590831], [-75.866333, 38.597774], [-75.864707, 38.60012], [-75.854545, 38.599773], [-75.8535, 38.590133], [-75.850944, 38.590614], [-75.847129, 38.590431], [-75.845184, 38.58876], [-75.847801, 38.58773], [-75.847908, 38.587554], [-75.842304, 38.589934], [-75.841949, 38.589275], [-75.839645, 38.590309], [-75.836135, 38.589908], [-75.83493, 38.590652], [-75.834411, 38.591468], [-75.8339, 38.5923], [-75.832763, 38.592761], [-75.831726, 38.592761], [-75.830039, 38.593402], [-75.829231, 38.593982], [-75.8283, 38.59423], [-75.827217, 38.594932], [-75.82682, 38.594738], [-75.826522, 38.595027], [-75.826171, 38.595153], [-75.82563, 38.5885], [-75.824417, 38.590034], [-75.824165, 38.591838], [-75.821777, 38.593421], [-75.821006, 38.594741], [-75.816986, 38.596473], [-75.817161, 38.597896], [-75.817291, 38.598289], [-75.815452, 38.598194], [-75.814048, 38.595623], [-75.811523, 38.592037], [-75.809394, 38.590309], [-75.805389, 38.5899], [-75.803009, 38.589195], [-75.799163, 38.586303], [-75.797096, 38.585342], [-75.796791, 38.582687], [-75.796974, 38.578151], [-75.795593, 38.576461], [-75.795524, 38.576431], [-75.79544, 38.576404], [-75.795288, 38.576389], [-75.795242, 38.576374], [-75.795089, 38.576271], [-75.795013, 38.576232], [-75.794036, 38.577171], [-75.794906, 38.577919], [-75.795578, 38.580017], [-75.795227, 38.582508], [-75.795463, 38.585613], [-75.795898, 38.586463], [-75.798873, 38.588111], [-75.800849, 38.590175], [-75.802825, 38.590587], [-75.804611, 38.591808], [-75.808547, 38.592609], [-75.810981, 38.594932], [-75.811828, 38.597656], [-75.814125, 38.600849], [-75.816825, 38.602085], [-75.818923, 38.602096], [-75.819435, 38.604248], [-75.818489, 38.607048], [-75.815216, 38.608264], [-75.814666, 38.611301], [-75.812278, 38.612113], [-75.810363, 38.613559], [-75.805686, 38.613029], [-75.803215, 38.611686], [-75.800079, 38.611248], [-75.798904, 38.612373], [-75.79734, 38.612365], [-75.799125, 38.618762], [-75.796936, 38.619209], [-75.797447, 38.625141], [-75.798042, 38.628368], [-75.796455, 38.628715], [-75.795547, 38.629871], [-75.796661, 38.633026], [-75.785614, 38.634044], [-75.777137, 38.632781], [-75.762847, 38.631301], [-75.745811, 38.631576], [-75.726959, 38.630302], [-75.721664, 38.630558], [-75.716545, 38.632427], [-75.716262, 38.631244], [-75.717857, 38.629806], [-75.719467, 38.627269], [-75.721366, 38.623458], [-75.72142, 38.622104], [-75.722633, 38.620487], [-75.726631, 38.617935], [-75.72805, 38.615447], [-75.730972, 38.612785], [-75.730514, 38.611972], [-75.73143, 38.610439], [-75.734428, 38.608489], [-75.735084, 38.608238], [-75.734779, 38.605621], [-75.735481, 38.604305], [-75.734878, 38.603626], [-75.735084, 38.601135], [-75.733688, 38.596984], [-75.731704, 38.594261], [-75.729408, 38.588951], [-75.727928, 38.587856], [-75.726509, 38.584869], [-75.726058, 38.582572], [-75.722702, 38.578929], [-75.722229, 38.576698], [-75.719184, 38.571899], [-75.718043, 38.56931], [-75.718687, 38.568854], [-75.717157, 38.567872], [-75.718437, 38.566413], [-75.720176, 38.567417], [-75.725273, 38.567081], [-75.731513, 38.569446], [-75.739318, 38.568294], [-75.741882, 38.566905], [-75.738952, 38.565052], [-75.734016, 38.559886], [-75.731712, 38.560207], [-75.7285, 38.562416], [-75.728034, 38.560752], [-75.724319, 38.556465], [-75.72071, 38.55511], [-75.718421, 38.556121], [-75.717048, 38.557834], [-75.714599, 38.561088], [-75.713417, 38.563709], [-75.713661, 38.565395], [-75.714935, 38.566478], [-75.712936, 38.568119], [-75.711708, 38.567169], [-75.708557, 38.568035], [-75.706359, 38.565036], [-75.7019192659458, 38.5653309046925], [-75.701565, 38.560736], [-75.706083, 38.560544], [-75.708582, 38.557553], [-75.709645, 38.554712], [-75.711893, 38.550876], [-75.718793, 38.546184], [-75.72449, 38.54123], [-75.727212, 38.539753], [-75.732166, 38.538017], [-75.737763, 38.537649], [-75.740586, 38.538364], [-75.74489, 38.537775], [-75.74695, 38.536237], [-75.749655, 38.531688], [-75.751292, 38.531125], [-75.753337, 38.528737], [-75.754121, 38.525675], [-75.761116, 38.527221], [-75.762512, 38.527877], [-75.765243, 38.530879], [-75.770675, 38.531234], [-75.771049, 38.534137], [-75.771751, 38.535106], [-75.776367, 38.538867], [-75.777221, 38.542037], [-75.779495, 38.545249], [-75.779685, 38.5447], [-75.791496, 38.548328], [-75.793991, 38.549259], [-75.796401, 38.547679], [-75.799423, 38.547325], [-75.800621, 38.548656], [-75.801033, 38.550613], [-75.803085, 38.553405], [-75.804443, 38.557418], [-75.814521, 38.567062], [-75.816848, 38.565593], [-75.819007, 38.565406], [-75.822204, 38.56182], [-75.828575, 38.558238], [-75.829124, 38.558151], [-75.83113, 38.557758], [-75.831664, 38.559679], [-75.835756, 38.5591], [-75.848603, 38.563698], [-75.854304, 38.56113], [-75.859001, 38.556037], [-75.856216, 38.555767], [-75.851356, 38.553394], [-75.846603, 38.551784], [-75.843208, 38.548171], [-75.837791, 38.543708], [-75.834564, 38.541957], [-75.831237, 38.54111], [-75.82714, 38.539535], [-75.827323, 38.533737], [-75.828094, 38.531059], [-75.833358, 38.53136], [-75.83649, 38.530773], [-75.838493, 38.531494], [-75.845794, 38.529525], [-75.853309, 38.53215], [-75.859405, 38.533004], [-75.860954, 38.527053], [-75.866477, 38.527153], [-75.867996, 38.531333], [-75.870216, 38.530948], [-75.87667, 38.532096], [-75.876464, 38.525135], [-75.876052, 38.523937], [-75.875816, 38.523513], [-75.876274, 38.51913], [-75.879791, 38.513793], [-75.880294, 38.512336], [-75.882217, 38.513336], [-75.883987, 38.516342], [-75.884773, 38.5172], [-75.887573, 38.518497], [-75.888374, 38.518585], [-75.896415, 38.517822], [-75.896957, 38.522018], [-75.898498, 38.523105], [-75.900955, 38.52716], [-75.897674, 38.528659], [-75.895454, 38.531978], [-75.891998, 38.53162], [-75.89051, 38.533283], [-75.886611, 38.532199], [-75.883705, 38.531913], [-75.881652, 38.53226], [-75.879074, 38.531253], [-75.879455, 38.532714], [-75.888824, 38.537132], [-75.891197, 38.53635], [-75.894783, 38.538986], [-75.898406, 38.540672], [-75.90203, 38.54063], [-75.920814, 38.540969], [-75.92079, 38.547218], [-75.926166, 38.551642], [-75.928375, 38.554069]]]]}}, {"type": "Feature", "id": "08302", "properties": {"ZCTA5CE20": "08302", "GEOID20": "08302", "zip": "08302", "STUSPS": "DE"}, "geometry": {"type": "Polygon", "coordinates": [[[-75.418821, 39.432301], [-75.417154, 39.434085], [-75.415987, 39.434364], [-75.412921, 39.433311], [-75.411556, 39.433669], [-75.40964, 39.436716], [-75.409717, 39.438418], [-75.410493, 39.438603], [-75.414162, 39.436968], [-75.416598, 39.438474], [-75.415596, 39.440176], [-75.41326, 39.439476], [-75.411968, 39.439843], [-75.409212, 39.443057], [-75.411569, 39.445438], [-75.411476, 39.447429], [-75.410273, 39.450015], [-75.411737, 39.450658], [-75.414041, 39.45064], [-75.414691, 39.452259], [-75.413859, 39.453663], [-75.412193, 39.454663], [-75.410231, 39.456726], [-75.407678, 39.458781], [-75.402776, 39.461481], [-75.39983, 39.462271], [-75.395774, 39.460386], [-75.391325, 39.459359], [-75.386563, 39.457837], [-75.381994, 39.457872], [-75.37952, 39.458546], [-75.379092, 39.45722], [-75.375715, 39.45627], [-75.374362, 39.455134], [-75.373097, 39.455779], [-75.368107, 39.456802], [-75.366273, 39.45826], [-75.36565, 39.459935], [-75.363226, 39.46214], [-75.363038, 39.464507], [-75.361267, 39.465242], [-75.359681, 39.467632], [-75.358238, 39.468126], [-75.35682, 39.470333], [-75.352986, 39.470311], [-75.351423, 39.471595], [-75.350604, 39.47489], [-75.351019, 39.476017], [-75.349908, 39.479865], [-75.348716, 39.480426], [-75.346358, 39.483888], [-75.343942, 39.485726], [-75.343622, 39.489359], [-75.342339, 39.49061], [-75.34233, 39.491936], [-75.341044, 39.492953], [-75.343385, 39.494638], [-75.34889, 39.495805], [-75.349745, 39.497735], [-75.351568, 39.498851], [-75.353488, 39.497126], [-75.355041, 39.494355], [-75.355524, 39.497669], [-75.356876, 39.502086], [-75.359763, 39.509813], [-75.351722, 39.508552], [-75.348864, 39.508634], [-75.362646, 39.519414], [-75.363781, 39.519621], [-75.366333, 39.518911], [-75.36978, 39.518657], [-75.372412, 39.519858], [-75.371257, 39.521463], [-75.367398, 39.523134], [-75.369839, 39.525054], [-75.366231, 39.526356], [-75.36625, 39.529086], [-75.361441, 39.530652], [-75.35385, 39.531301], [-75.351393, 39.534802], [-75.349604, 39.534776], [-75.345699, 39.531696], [-75.352622, 39.539506], [-75.35466, 39.542897], [-75.350388, 39.541543], [-75.347698, 39.538825], [-75.345989, 39.540297], [-75.343235, 39.538299], [-75.341235, 39.537997], [-75.336515, 39.540098], [-75.330015, 39.546938], [-75.333538, 39.550316], [-75.337826, 39.551276], [-75.339724, 39.554888], [-75.341598, 39.556448], [-75.34166, 39.557048], [-75.340966, 39.557244], [-75.339135, 39.558651], [-75.337418, 39.558443], [-75.335296, 39.557745], [-75.331209, 39.557669], [-75.328151, 39.558604], [-75.325944, 39.558489], [-75.32104, 39.557632], [-75.317754, 39.556365], [-75.31397, 39.555559], [-75.311974, 39.553175], [-75.308443, 39.550041], [-75.310355, 39.548738], [-75.308071, 39.546627], [-75.306591, 39.546611], [-75.305729, 39.543627], [-75.304593, 39.54368], [-75.30456, 39.541421], [-75.302807, 39.541048], [-75.3031, 39.538848], [-75.292052, 39.537437], [-75.291584, 39.541114], [-75.290821, 39.542402], [-75.289723, 39.541927], [-75.289384, 39.53923], [-75.287788, 39.537779], [-75.282263, 39.535899], [-75.27993, 39.533603], [-75.276973, 39.53224], [-75.27344, 39.532162], [-75.273127, 39.533919], [-75.27007, 39.532573], [-75.268991, 39.53539], [-75.268926, 39.532231], [-75.270059, 39.531236], [-75.267511, 39.528976], [-75.267818, 39.528181], [-75.265121, 39.52955], [-75.262028, 39.529719], [-75.259565, 39.531997], [-75.257065, 39.526651], [-75.236921, 39.531801], [-75.235916, 39.523793], [-75.228719, 39.526205], [-75.229177, 39.527972], [-75.230159, 39.535709], [-75.207186, 39.539479], [-75.204389, 39.537722], [-75.206438, 39.530517], [-75.203542, 39.530164], [-75.193847, 39.525915], [-75.189228, 39.52552], [-75.188758, 39.525477], [-75.188852, 39.52454], [-75.185002, 39.514685], [-75.180519, 39.518145], [-75.178703, 39.520391], [-75.177991, 39.521105], [-75.173651, 39.518246], [-75.173611, 39.518213], [-75.14871, 39.501258], [-75.147777, 39.501237], [-75.147096, 39.501379], [-75.140402, 39.4956], [-75.128911, 39.487769], [-75.123914, 39.484362], [-75.11275, 39.476755], [-75.102874, 39.470113], [-75.104759, 39.460588], [-75.105917, 39.460297], [-75.109155, 39.468059], [-75.116135, 39.466336], [-75.117624, 39.470028], [-75.126964, 39.467728], [-75.127793, 39.469732], [-75.126091, 39.47022], [-75.127436, 39.473488], [-75.124082, 39.474305], [-75.124649, 39.475659], [-75.12038, 39.47672], [-75.121988, 39.480611], [-75.131329, 39.478308], [-75.131364, 39.478393], [-75.133094, 39.477965], [-75.129877, 39.470217], [-75.129495, 39.469519], [-75.128585, 39.467324], [-75.136323, 39.465408], [-75.140519, 39.46437], [-75.137446, 39.449027], [-75.140606, 39.447904], [-75.151256, 39.446388], [-75.153109, 39.446126], [-75.161475, 39.437048], [-75.160691, 39.430435], [-75.161531, 39.430578], [-75.161142, 39.428755], [-75.164796, 39.426993], [-75.165724, 39.424861], [-75.16548, 39.420581], [-75.169774, 39.42045], [-75.169591, 39.417994], [-75.167029, 39.417532], [-75.164934, 39.417152], [-75.165972, 39.41345], [-75.155952, 39.411794], [-75.155077, 39.407921], [-75.137336, 39.409374], [-75.125842, 39.392327], [-75.125786, 39.392246], [-75.135231, 39.388139], [-75.168596, 39.372916], [-75.17941, 39.368316], [-75.19715, 39.360944], [-75.207769, 39.356463], [-75.210431, 39.36023], [-75.223391, 39.359473], [-75.22524, 39.361574], [-75.230488, 39.357539], [-75.230802, 39.356381], [-75.2318, 39.352603], [-75.234277, 39.352135], [-75.23765, 39.34965], [-75.245347, 39.34667], [-75.245922, 39.346594], [-75.250522, 39.347104], [-75.252694, 39.347854], [-75.253605, 39.347488], [-75.25626, 39.350504], [-75.258244, 39.349612], [-75.258332, 39.350626], [-75.259252, 39.348585], [-75.261447, 39.347668], [-75.263425, 39.345022], [-75.267169, 39.345367], [-75.268196, 39.344919], [-75.2687, 39.343112], [-75.271284, 39.34321], [-75.271864, 39.342706], [-75.271827, 39.340724], [-75.273596, 39.338353], [-75.275005, 39.338104], [-75.275022, 39.336372], [-75.272088, 39.33475], [-75.271399, 39.332928], [-75.272256, 39.331841], [-75.276349, 39.330676], [-75.278753, 39.329265], [-75.279508, 39.327441], [-75.279419, 39.323659], [-75.279832, 39.322121], [-75.279706, 39.318446], [-75.281169, 39.314198], [-75.280499, 39.31306], [-75.276692, 39.310673], [-75.276049, 39.30917], [-75.276153, 39.306561], [-75.2780220626555, 39.3052363183179], [-75.279626, 39.305536], [-75.283013, 39.305467], [-75.285865, 39.303927], [-75.286578, 39.300639], [-75.283904, 39.29857], [-75.285333, 39.292212], [-75.288306, 39.291602], [-75.297407, 39.296799], [-75.304612, 39.302778], [-75.315201, 39.310593], [-75.3165613444377, 39.3133346729784], [-75.3192168585925, 39.318686664136], [-75.326092, 39.332543], [-75.326835, 39.339621], [-75.3273484096037, 39.3398759312877], [-75.3319747488799, 39.3421731197716], [-75.33248, 39.342424], [-75.333743, 39.345335], [-75.341969, 39.348697], [-75.350103, 39.349889], [-75.356753, 39.347754], [-75.3567906437669, 39.3474986899176], [-75.3572182306908, 39.3445986811843], [-75.357297909199, 39.3440582802589], [-75.359134, 39.343596], [-75.361609, 39.343698], [-75.36366, 39.344993], [-75.363088, 39.347877], [-75.358472, 39.349434], [-75.35675, 39.350847], [-75.357753, 39.352275], [-75.36262, 39.352421], [-75.365364, 39.353349], [-75.366188, 39.35577], [-75.365622, 39.357231], [-75.364165, 39.358625], [-75.357189, 39.360015], [-75.355484, 39.361144], [-75.354689, 39.363242], [-75.356518, 39.367079], [-75.356067, 39.368256], [-75.35071, 39.368317], [-75.348395, 39.369733], [-75.347651, 39.372668], [-75.348856, 39.375285], [-75.353665, 39.376635], [-75.354604, 39.377835], [-75.349449, 39.382681], [-75.347365, 39.38294], [-75.346064, 39.382375], [-75.343184, 39.380139], [-75.340406, 39.378522], [-75.338445, 39.377936], [-75.33425, 39.377662], [-75.332292, 39.378364], [-75.330803, 39.379864], [-75.331624, 39.382399], [-75.334115, 39.384778], [-75.333176, 39.386721], [-75.329966, 39.386932], [-75.330683, 39.38779], [-75.32719, 39.394031], [-75.325743, 39.394739], [-75.32382, 39.39695], [-75.323572, 39.398242], [-75.321418, 39.402292], [-75.320238, 39.402501], [-75.31926, 39.404195], [-75.317887, 39.405279], [-75.316494, 39.408447], [-75.315122, 39.409664], [-75.314329, 39.410667], [-75.313123, 39.411503], [-75.312263, 39.412483], [-75.31092, 39.412996], [-75.310282, 39.41354], [-75.309545, 39.415265], [-75.314369, 39.419302], [-75.318423, 39.422697], [-75.323234, 39.425685], [-75.335594, 39.432743], [-75.338776, 39.432702], [-75.343282, 39.429957], [-75.348761, 39.43003], [-75.350013, 39.428465], [-75.35354, 39.426139], [-75.35486, 39.426036], [-75.356298, 39.424426], [-75.359712, 39.424867], [-75.362079, 39.424289], [-75.366836, 39.423798], [-75.370867, 39.423877], [-75.373745, 39.422614], [-75.375485, 39.422456], [-75.376171, 39.423217], [-75.378793, 39.422843], [-75.383125, 39.419789], [-75.385259, 39.417638], [-75.386148, 39.417554], [-75.390157, 39.417947], [-75.394452, 39.417912], [-75.3965, 39.416949], [-75.400363, 39.416465], [-75.40204, 39.417783], [-75.404595, 39.41811], [-75.407166, 39.416446], [-75.408347, 39.416577], [-75.409334, 39.417447], [-75.409514, 39.419698], [-75.411189, 39.420423], [-75.412338, 39.422173], [-75.411732, 39.423668], [-75.408753, 39.423785], [-75.408276, 39.425095], [-75.410378, 39.427366], [-75.410106, 39.43017], [-75.410851, 39.430968], [-75.412084, 39.431036], [-75.413689, 39.429029], [-75.415031, 39.42872], [-75.417678, 39.429693], [-75.418821, 39.432301]], [[-75.31049, 39.458345], [-75.309531, 39.453178], [-75.290855, 39.454101], [-75.28, 39.454636], [-75.282655, 39.460052], [-75.283775, 39.464255], [-75.300398, 39.466056], [-75.310325, 39.465389], [-75.311152, 39.464458], [-75.31049, 39.458345]], [[-75.169855, 39.38218], [-75.163154, 39.381283], [-75.156867, 39.381193], [-75.151762, 39.382675], [-75.155686, 39.3901], [-75.162253, 39.389625], [-75.164923, 39.388422], [-75.165712, 39.385897], [-75.169463, 39.386215], [-75.169855, 39.38218]]]}}, {"type": "Feature", "id": "08320", "properties": {"ZCTA5CE20": "08320", "GEOID20": "08320", "zip": "08320", "STUSPS": "DE"}, "geometry": {"type": "Polygon", "coordinates": [[[-75.169463, 39.386215], [-75.165712, 39.385897], [-75.164923, 39.388422], [-75.162253, 39.389625], [-75.155686, 39.3901], [-75.151762, 39.382675], [-75.156867, 39.381193], [-75.163154, 39.381283], [-75.169855, 39.38218], [-75.169463, 39.386215]]]}}, {"type": "Feature", "id": "08328", "properties": {"ZCTA5CE20": "08328", "GEOID20": "08328", "zip": "08328", "STUSPS": "DE"}, "geometry": {"type": "Polygon", "coordinates": [[[-75.073897, 39.597325], [-75.067505, 39.598733], [-75.065112, 39.595947], [-75.056601, 39.586096], [-75.050318, 39.57871], [-75.049162, 39.579437], [-75.047717, 39.578039], [-75.046481, 39.576697], [-75.046136, 39.575674], [-75.045744, 39.574022], [-75.045506, 39.573417], [-75.043717, 39.571364], [-75.042411, 39.569747], [-75.0411, 39.568233], [-75.040167, 39.567529], [-75.040831, 39.567643], [-75.039215, 39.56569], [-75.03928, 39.565657], [-75.040859, 39.567495], [-75.044669, 39.565874], [-75.043357, 39.564259], [-75.045255, 39.563354], [-75.049357, 39.566973], [-75.055234, 39.566038], [-75.055214, 39.565484], [-75.057142, 39.565439], [-75.061854, 39.568746], [-75.063116, 39.569629], [-75.064086, 39.570308], [-75.068718, 39.574654], [-75.071249, 39.577955], [-75.072572, 39.581265], [-75.072975, 39.584108], [-75.073685, 39.594951], [-75.074214, 39.597262], [-75.073897, 39.597325]]]}}, {"type": "Feature", "id": "21861", "properties": {"ZCTA5CE20": "21861", "GEOID20": "21861", "zip": "21861", "STUSPS": "DE"}, "geometry": {"type": "Polygon", "coordinates": [[[-75.756022, 38.515316], [-75.754766, 38.520739], [-75.754121, 38.525675], [-75.753337, 38.528737], [-75.751292, 38.531125], [-75.749655, 38.531688], [-75.74695, 38.536237], [-75.74489, 38.537775], [-75.740586, 38.538364], [-75.737763, 38.537649], [-75.732166, 38.538017], [-75.727212, 38.539753], [-75.72449, 38.54123], [-75.718793, 38.546184], [-75.711893, 38.550876], [-75.709645, 38.554712], [-75.708582, 38.557553], [-75.706083, 38.560544], [-75.701565, 38.560736], [-75.7003946351682, 38.5455204127675], [-75.700179, 38.542717], [-75.7001723474568, 38.5426187017946], [-75.706666, 38.540572], [-75.707772, 38.538871], [-75.711404, 38.536513], [-75.711732, 38.535326], [-75.7126, 38.534266], [-75.715408, 38.533166], [-75.717499, 38.533173], [-75.722375, 38.532332], [-75.722998, 38.533216], [-75.725502, 38.533232], [-75.727783, 38.533202], [-75.729474, 38.532859], [-75.731496, 38.531773], [-75.732807, 38.529815], [-75.734412, 38.524218], [-75.742521, 38.515875], [-75.744627, 38.512611], [-75.748708, 38.51446], [-75.749933, 38.515795], [-75.751618, 38.51606], [-75.752247, 38.516296], [-75.755264, 38.512747], [-75.755286, 38.512706], [-75.755333, 38.512618], [-75.757059, 38.513363], [-75.756022, 38.515316]]]}}, {"type": "Feature", "id": "21921", "properties": {"ZCTA5CE20": "21921", "GEOID20": "21921", "zip": "21921", "STUSPS": "DE"}, "geometry": {"type": "Polygon", "coordinates": [[[-75.955825, 39.648935], [-75.953424, 39.651433], [-75.951333, 39.652306], [-75.943375, 39.656373], [-75.942202, 39.658048], [-75.936271, 39.660446], [-75.932305, 39.661114], [-75.934162, 39.6614], [-75.933975, 39.664031], [-75.932576, 39.665362], [-75.934715, 39.665658], [-75.934024, 39.667711], [-75.935479, 39.670252], [-75.934007, 39.672124], [-75.933484, 39.673782], [-75.930891, 39.674267], [-75.929371, 39.676388], [-75.930772, 39.677505], [-75.929741, 39.677971], [-75.928962, 39.680392], [-75.925164, 39.681801], [-75.924534, 39.683568], [-75.92297, 39.684551], [-75.92181, 39.684764], [-75.923275, 39.685562], [-75.925753, 39.688111], [-75.926156, 39.691197], [-75.931601, 39.700197], [-75.940752, 39.700173], [-75.945554, 39.699749], [-75.946959, 39.700806], [-75.946994, 39.702211], [-75.9446, 39.705761], [-75.944109, 39.707871], [-75.937396, 39.713228], [-75.937118, 39.714737], [-75.939642, 39.718113], [-75.938192, 39.720854], [-75.937159312447, 39.7216836014916], [-75.9369969725051, 39.7216838855721], [-75.8751664972373, 39.721792083412], [-75.8751267412808, 39.7217921529814], [-75.8418617906471, 39.7218503636904], [-75.8214599480481, 39.7218860651028], [-75.8120795108649, 39.7219024800347], [-75.810068, 39.721906], [-75.799563, 39.721882], [-75.7908918505936, 39.7221326386762], [-75.788596, 39.722199], [-75.7885733261137, 39.7197272079888], [-75.78857321813, 39.7197154361476], [-75.7883976120459, 39.7005717519929], [-75.788395, 39.700287], [-75.788395, 39.700031], [-75.7884408482613, 39.6968721768263], [-75.7884659859341, 39.695140258074], [-75.7884665379611, 39.6951022248818], [-75.7884791766983, 39.6942314495293], [-75.7885224929041, 39.6912470782359], [-75.7885717063591, 39.6878564021777], [-75.7885803744806, 39.6872591916782], [-75.788603655612, 39.685655183688], [-75.788658, 39.681911], [-75.788616, 39.680742], [-75.7886244256362, 39.6762220473959], [-75.7886244496118, 39.6762091856248], [-75.7886332036449, 39.671513063759], [-75.7886334113892, 39.6714016188322], [-75.7886554614804, 39.6595727948766], [-75.788658, 39.658211], [-75.7884314346714, 39.6543181275155], [-75.7884309006792, 39.6543089523983], [-75.7881146121039, 39.6488744443938], [-75.7880955854847, 39.6485475267544], [-75.787787176812, 39.6432484121769], [-75.7875417024712, 39.6390306427924], [-75.7875410026659, 39.6390186186539], [-75.78745, 39.637455], [-75.7872028393553, 39.6344184549362], [-75.7871896545333, 39.6342564699798], [-75.78689, 39.630575], [-75.786216419654, 39.6217124085307], [-75.7862137134778, 39.6216768021856], [-75.7854092147263, 39.6110916599468], [-75.7850538945016, 39.6064165562109], [-75.7850388190259, 39.6062182015777], [-75.7843181210524, 39.5967356628578], [-75.7838424502394, 39.5904770537489], [-75.7838422088504, 39.5904738776889], [-75.7831967624406, 39.5819814567326], [-75.782823521373, 39.5770705606221], [-75.7824600411789, 39.5722880925958], [-75.7824575579773, 39.5722554200252], [-75.780786, 39.550262], [-75.7800164445771, 39.5408301360074], [-75.78129, 39.540416], [-75.784664, 39.537962], [-75.785831, 39.538388], [-75.790364, 39.536618], [-75.796084, 39.540485], [-75.799893, 39.542009], [-75.803753, 39.539827], [-75.807756, 39.538873], [-75.812398, 39.532528], [-75.812932, 39.531586], [-75.814857, 39.532011], [-75.818562, 39.532571], [-75.823609, 39.533345], [-75.824533, 39.533729], [-75.823653, 39.532219], [-75.818829, 39.531637], [-75.818095, 39.531713], [-75.815151, 39.531084], [-75.818399, 39.530259], [-75.824544, 39.531379], [-75.829922, 39.531699], [-75.835309, 39.531092], [-75.846168, 39.53124], [-75.8566, 39.530912], [-75.864169, 39.529498], [-75.866852, 39.527385], [-75.870355, 39.525957], [-75.874662, 39.522874], [-75.881168, 39.520459], [-75.884846, 39.518904], [-75.885913, 39.516601], [-75.886846, 39.515333], [-75.888938, 39.51275], [-75.893301, 39.511465], [-75.898772, 39.511008], [-75.902981, 39.510326], [-75.90995, 39.510061], [-75.913282, 39.51086], [-75.914173, 39.510617], [-75.91952, 39.515709], [-75.921517, 39.519114], [-75.927364, 39.52625], [-75.929902, 39.528271], [-75.930543, 39.532066], [-75.931394, 39.533334], [-75.93354, 39.531053], [-75.938106, 39.534741], [-75.93754, 39.535864], [-75.935549, 39.536876], [-75.933015, 39.53667], [-75.934837, 39.539151], [-75.930867, 39.538607], [-75.929137, 39.539645], [-75.931251, 39.54108], [-75.928314, 39.542686], [-75.931402, 39.543702], [-75.925035, 39.546183], [-75.928101, 39.55223], [-75.927861, 39.553751], [-75.925171, 39.553559], [-75.924131, 39.554125], [-75.923676, 39.553203], [-75.919542, 39.555983], [-75.91588, 39.555934], [-75.912673, 39.554626], [-75.907145, 39.558214], [-75.90814, 39.558895], [-75.906885, 39.561519], [-75.908856, 39.561978], [-75.913678, 39.562133], [-75.914104, 39.562409], [-75.914606, 39.564495], [-75.912009, 39.564933], [-75.903907, 39.564562], [-75.901768, 39.564919], [-75.896298, 39.563843], [-75.894174, 39.565451], [-75.887833, 39.566587], [-75.885332, 39.568773], [-75.887336, 39.571151], [-75.888652, 39.570767], [-75.890904, 39.570895], [-75.895552, 39.572157], [-75.899781, 39.573843], [-75.898488, 39.580464], [-75.899591, 39.582554], [-75.898951, 39.584009], [-75.899657, 39.58416], [-75.902403, 39.587108], [-75.9055, 39.589123], [-75.910244, 39.589044], [-75.91315, 39.589712], [-75.913344, 39.592173], [-75.9123, 39.592511], [-75.911773, 39.595602], [-75.913073, 39.598318], [-75.914821, 39.599655], [-75.91654, 39.60279], [-75.916787, 39.602776], [-75.920827, 39.602543], [-75.927383, 39.602161], [-75.927618, 39.602157], [-75.932385, 39.601826], [-75.932321, 39.604709], [-75.932146, 39.604734], [-75.926893, 39.606331], [-75.925827, 39.607486], [-75.926095, 39.610707], [-75.928832, 39.6104], [-75.930748, 39.609951], [-75.933385, 39.609047], [-75.932126, 39.612279], [-75.931911, 39.612836], [-75.931053, 39.612652], [-75.928722, 39.617623], [-75.922691, 39.618547], [-75.920326, 39.620174], [-75.9212, 39.623823], [-75.920228, 39.62505], [-75.918796, 39.626717], [-75.920025, 39.628461], [-75.918878, 39.630128], [-75.919234, 39.632222], [-75.92346, 39.63582], [-75.92516, 39.635845], [-75.9291, 39.636635], [-75.930929, 39.634631], [-75.93419, 39.63279], [-75.934926, 39.633792], [-75.937876, 39.63377], [-75.941672, 39.639849], [-75.939949, 39.640888], [-75.947592, 39.637035], [-75.94853, 39.640285], [-75.950525, 39.643417], [-75.950736, 39.647358], [-75.954232, 39.647872], [-75.955825, 39.648935]], [[-75.849242, 39.650411], [-75.841524, 39.650848], [-75.841259, 39.649664], [-75.835973, 39.651576], [-75.832095, 39.654252], [-75.828542, 39.649997], [-75.824389, 39.650968], [-75.82157, 39.649471], [-75.822996, 39.650275], [-75.823024, 39.655505], [-75.82223, 39.657328], [-75.820549, 39.658255], [-75.82048, 39.659756], [-75.82408, 39.660596], [-75.826074, 39.660674], [-75.827131, 39.66393], [-75.828737, 39.664608], [-75.836508, 39.663279], [-75.83664, 39.662398], [-75.840365, 39.660874], [-75.842582, 39.660772], [-75.84496, 39.661761], [-75.847564, 39.659772], [-75.845453, 39.656639], [-75.843657, 39.656428], [-75.84182, 39.654464], [-75.843268, 39.653353], [-75.846567, 39.654115], [-75.850603, 39.653575], [-75.849242, 39.650411]]]}}, {"type": "Feature", "id": "19710", "properties": {"ZCTA5CE20": "19710", "GEOID20": "19710", "zip": "19710", "STUSPS": "DE"}, "geometry": {"type": "Polygon", "coordinates": [[[-75.590444, 39.795704], [-75.589224, 39.799096], [-75.586518, 39.798588], [-75.58541, 39.79746], [-75.585253, 39.796187], [-75.587981, 39.790427], [-75.5878, 39.790406], [-75.586657, 39.791571], [-75.582284, 39.793171], [-75.575071, 39.796962], [-75.575218, 39.795537], [-75.580325, 39.791683], [-75.579896, 39.789252], [-75.577303, 39.786472], [-75.576994, 39.784491], [-75.575659, 39.783998], [-75.575818, 39.783767], [-75.5776, 39.784247], [-75.579387, 39.787224], [-75.580529, 39.787116], [-75.581831, 39.786516], [-75.580866, 39.784682], [-75.581347, 39.783324], [-75.582526, 39.782839], [-75.587016, 39.780665], [-75.587987, 39.780187], [-75.589109, 39.787655], [-75.589483, 39.790057], [-75.590444, 39.795704]]]}}, {"type": "Feature", "id": "19717", "properties": {"ZCTA5CE20": "19717", "GEOID20": "19717", "zip": "19717", "STUSPS": "DE"}, "geometry": {"type": "MultiPolygon", "coordinates": [[[[-75.753672, 39.683014], [-75.752052, 39.683124], [-75.751481, 39.681827], [-75.749501, 39.681976], [-75.74969, 39.679787], [-75.749739, 39.679569], [-75.746921, 39.67914], [-75.745394, 39.676719], [-75.745138, 39.676384], [-75.747111, 39.675166], [-75.750403, 39.675259], [-75.750577, 39.67433], [-75.753513, 39.674431], [-75.753501, 39.674511], [-75.753552, 39.677479], [-75.753672, 39.683014]]], [[[-75.761563, 39.691231], [-75.758748, 39.691737], [-75.756229, 39.691137], [-75.756229, 39.690672], [-75.757501, 39.690617], [-75.755622, 39.689833], [-75.755422, 39.688902], [-75.755944, 39.687703], [-75.756799, 39.687493], [-75.758823, 39.688104], [-75.759839, 39.687888], [-75.760547, 39.689753], [-75.761081, 39.690684], [-75.761563, 39.691231]]], [[[-75.764715, 39.679644], [-75.761314, 39.680482], [-75.760959, 39.680877], [-75.760078, 39.682307], [-75.759782, 39.682983], [-75.757525, 39.682306], [-75.759102, 39.680949], [-75.760353, 39.6802], [-75.764014, 39.678924], [-75.764715, 39.679644]]]]}}, {"type": "Feature", "id": "19731", "properties": {"ZCTA5CE20": "19731", "GEOID20": "19731", "zip": "19731", "STUSPS": "DE"}, "geometry": {"type": "Polygon", "coordinates": [[[-75.621927, 39.511956], [-75.615329, 39.515039], [-75.59803, 39.51916], [-75.592988, 39.519736], [-75.590856, 39.519452], [-75.584494, 39.518245], [-75.582827, 39.523825], [-75.577857, 39.522891], [-75.57833, 39.519283], [-75.577126, 39.518003], [-75.573942, 39.518265], [-75.5726162362816, 39.516560443144], [-75.5728617838116, 39.5160342206675], [-75.574503, 39.512517], [-75.5754113409274, 39.5109559505635], [-75.578046, 39.511622], [-75.579206, 39.507583], [-75.5814, 39.504025], [-75.583888, 39.501958], [-75.587655, 39.500433], [-75.588301, 39.49599], [-75.59137, 39.496652], [-75.594477, 39.499468], [-75.605396, 39.501272], [-75.608189, 39.503842], [-75.612092, 39.503461], [-75.615298, 39.503599], [-75.620228, 39.50545], [-75.620917, 39.506856], [-75.62088, 39.510453], [-75.621927, 39.511956]]]}}, {"type": "Feature", "id": "19733", "properties": {"ZCTA5CE20": "19733", "GEOID20": "19733", "zip": "19733", "STUSPS": "DE"}, "geometry": {"type": "Polygon", "coordinates": [[[-75.654112, 39.564603], [-75.648833, 39.564321], [-75.650381, 39.561952], [-75.652225, 39.56199], [-75.651978, 39.559683], [-75.648677, 39.556486], [-75.648457, 39.555853], [-75.648497, 39.554707], [-75.650874, 39.553919], [-75.651631, 39.55359], [-75.652446, 39.555227], [-75.652758, 39.55693], [-75.654112, 39.564603]]]}}, {"type": "Feature", "id": "19963", "properties": {"ZCTA5CE20": "19963", "GEOID20": "19963", "zip": "19963", "STUSPS": "DE"}, "geometry": {"type": "Polygon", "coordinates": [[[-75.500698, 38.937169], [-75.496894, 38.940449], [-75.48794, 38.945837], [-75.487896, 38.952061], [-75.489744, 38.952828], [-75.494935, 38.953029], [-75.496411, 38.954766], [-75.49645, 38.957958], [-75.497598, 38.959925], [-75.497506, 38.961444], [-75.495479, 38.962949], [-75.49289, 38.964118], [-75.492065, 38.965733], [-75.492098, 38.966813], [-75.493039, 38.967379], [-75.491922, 38.967686], [-75.489243, 38.97109], [-75.484519, 38.973656], [-75.485678, 38.974515], [-75.482607, 38.975201], [-75.481344, 38.977998], [-75.47839, 38.977874], [-75.480554, 38.98173], [-75.479904, 38.982019], [-75.476896, 38.981809], [-75.47393, 38.983439], [-75.47427, 38.985475], [-75.476114, 38.986859], [-75.474084, 38.988831], [-75.468962, 38.984875], [-75.467638, 38.983041], [-75.465039, 38.98221], [-75.462594, 38.980305], [-75.458395, 38.982406], [-75.451286, 38.978472], [-75.450274, 38.982532], [-75.447596, 38.986659], [-75.446739, 38.989218], [-75.443351, 38.988813], [-75.44, 38.989599], [-75.438137, 38.988776], [-75.437512, 38.989912], [-75.433587, 38.990659], [-75.433517, 38.993499], [-75.431383, 38.99451], [-75.43013, 38.996998], [-75.43056, 38.999437], [-75.431755, 39.002075], [-75.435078, 39.004992], [-75.440583, 39.008173], [-75.439654, 39.010173], [-75.435866, 39.01452], [-75.43118, 39.017968], [-75.42344, 39.021325], [-75.418659, 39.020783], [-75.416267, 39.021348], [-75.412867, 39.023799], [-75.410487, 39.027216], [-75.41005, 39.032686], [-75.405988, 39.035054], [-75.406065, 39.036616], [-75.404046, 39.037923], [-75.401632, 39.040918], [-75.402368, 39.041984], [-75.404402, 39.04216], [-75.407434, 39.043804], [-75.40605, 39.047346], [-75.404118, 39.047612], [-75.403168, 39.046002], [-75.400618, 39.044162], [-75.399021, 39.044483], [-75.397127, 39.045653], [-75.394595, 39.045769], [-75.394301, 39.048802], [-75.392922, 39.050929], [-75.393812, 39.051676], [-75.397566, 39.05105], [-75.399369, 39.05177], [-75.400431, 39.053025], [-75.400787, 39.055133], [-75.398068, 39.057902], [-75.3960059264758, 39.0586477251945], [-75.396277, 39.057884], [-75.387914, 39.051174], [-75.379873, 39.04879], [-75.376041, 39.044838], [-75.371562, 39.04296], [-75.360116, 39.032838], [-75.3579802472378, 39.0316504125413], [-75.345763, 39.024857], [-75.34089, 39.01996], [-75.318354, 38.988191], [-75.314951, 38.980775], [-75.311607, 38.967637], [-75.312546, 38.951065], [-75.312546, 38.94928], [-75.3119225616126, 38.9459168127958], [-75.311882, 38.945698], [-75.311542, 38.944633], [-75.3157169661425, 38.9399397490088], [-75.315908, 38.939725], [-75.317096, 38.93344], [-75.312282, 38.924594], [-75.304078, 38.91316], [-75.3040085043226, 38.9130992562356], [-75.2927502274287, 38.9032587863705], [-75.280272, 38.892352], [-75.273363, 38.883873], [-75.2686113536277, 38.8808489721272], [-75.263115, 38.877351], [-75.232029, 38.844254], [-75.2272424630767, 38.8405129718159], [-75.236595, 38.840061], [-75.240615, 38.838898], [-75.246141, 38.838085], [-75.248238, 38.839588], [-75.247964, 38.841278], [-75.252095, 38.844193], [-75.254295, 38.842513], [-75.252253, 38.840066], [-75.253351, 38.839433], [-75.255689, 38.840972], [-75.259509, 38.840089], [-75.260487, 38.838744], [-75.259574, 38.837783], [-75.257404, 38.837589], [-75.256803, 38.836447], [-75.257861, 38.835568], [-75.25946, 38.836049], [-75.260819, 38.834865], [-75.260298, 38.832579], [-75.263297, 38.833306], [-75.264643, 38.831985], [-75.266529, 38.83172], [-75.26579, 38.829658], [-75.266709, 38.82881], [-75.269572, 38.829425], [-75.271565, 38.82864], [-75.276593, 38.829754], [-75.279857, 38.828058], [-75.280743, 38.826395], [-75.285165, 38.82759], [-75.286956, 38.827484], [-75.287378, 38.829209], [-75.289972, 38.82902], [-75.290741, 38.826582], [-75.292761, 38.826056], [-75.297156, 38.825809], [-75.299706, 38.824907], [-75.301254, 38.825288], [-75.30486, 38.824141], [-75.304431, 38.82588], [-75.302143, 38.825596], [-75.302068, 38.826807], [-75.30011, 38.826559], [-75.300647, 38.82556], [-75.298771, 38.825315], [-75.296705, 38.82645], [-75.294335, 38.826792], [-75.294451, 38.827777], [-75.301074, 38.82953], [-75.303496, 38.831909], [-75.303788, 38.833903], [-75.303505, 38.839461], [-75.305142, 38.842262], [-75.317678, 38.837633], [-75.319063, 38.840041], [-75.322032, 38.83891], [-75.320579, 38.836582], [-75.325063, 38.834975], [-75.32453, 38.831889], [-75.326651, 38.832304], [-75.340029, 38.833187], [-75.345712, 38.834144], [-75.34599, 38.834642], [-75.350987, 38.838665], [-75.344918, 38.839527], [-75.346319, 38.842993], [-75.34539, 38.843059], [-75.345774, 38.844842], [-75.344096, 38.847239], [-75.335057, 38.847453], [-75.33314, 38.848503], [-75.330266, 38.848937], [-75.325244, 38.850707], [-75.32433, 38.85078], [-75.325162, 38.852823], [-75.328823, 38.858732], [-75.329114, 38.858709], [-75.335635, 38.86553], [-75.337294, 38.8668], [-75.338697, 38.867319], [-75.345288, 38.867975], [-75.350045, 38.870209], [-75.352857, 38.871576], [-75.354926, 38.873089], [-75.356652, 38.875573], [-75.358388, 38.877144], [-75.374861, 38.885199], [-75.376684, 38.885765], [-75.378768, 38.883692], [-75.381378, 38.883178], [-75.382529, 38.88383], [-75.383383, 38.884435], [-75.38591, 38.885341], [-75.388131, 38.883375], [-75.388363, 38.883875], [-75.388534, 38.88435], [-75.388564, 38.884417], [-75.38859, 38.88451], [-75.388877, 38.885534], [-75.382122, 38.886842], [-75.381765, 38.88721], [-75.383761, 38.888234], [-75.387795, 38.890761], [-75.38831, 38.890274], [-75.389974, 38.889225], [-75.3902, 38.889904], [-75.396295, 38.886006], [-75.39757, 38.885172], [-75.396634, 38.884365], [-75.399674, 38.882283], [-75.400326, 38.882795], [-75.404432, 38.886038], [-75.40627, 38.887487], [-75.406949, 38.887996], [-75.409713, 38.889923], [-75.411541, 38.891181], [-75.419447, 38.884749], [-75.420306, 38.888001], [-75.423814, 38.887445], [-75.424438, 38.892931], [-75.425179, 38.895331], [-75.42589, 38.894482], [-75.425392, 38.894747], [-75.42594, 38.888494], [-75.427043, 38.888504], [-75.4264, 38.887038], [-75.426844, 38.886061], [-75.429301, 38.883471], [-75.435114, 38.881402], [-75.438427, 38.881351], [-75.435403, 38.881229], [-75.438884, 38.877623], [-75.439282, 38.877241], [-75.439308, 38.880941], [-75.439577, 38.880849], [-75.43953, 38.877226], [-75.441724, 38.874246], [-75.443516, 38.872477], [-75.447043, 38.871477], [-75.449198, 38.869365], [-75.455166, 38.868176], [-75.463829, 38.866851], [-75.464674, 38.865278], [-75.466109, 38.865361], [-75.473574, 38.872518], [-75.475067, 38.87334], [-75.476084, 38.87275], [-75.476545, 38.876617], [-75.475267, 38.878524], [-75.477243, 38.880429], [-75.477708, 38.882984], [-75.476065, 38.885844], [-75.478761, 38.886475], [-75.490453, 38.889664], [-75.488046, 38.892712], [-75.487654, 38.894777], [-75.488458, 38.897428], [-75.488156, 38.898983], [-75.485657, 38.903617], [-75.484819, 38.903753], [-75.485, 38.904887], [-75.47924, 38.906604], [-75.471848, 38.910675], [-75.47386, 38.915315], [-75.474031, 38.91597], [-75.476708, 38.916713], [-75.479661, 38.918403], [-75.47432, 38.918554], [-75.474572, 38.920883], [-75.492556, 38.92015], [-75.492683, 38.922708], [-75.492831, 38.924003], [-75.495544, 38.929925], [-75.491412, 38.931775], [-75.489403, 38.932619], [-75.490172, 38.934074], [-75.499183, 38.936675], [-75.500393, 38.93705], [-75.500698, 38.937169]]]}}, {"type": "Feature", "id": "19973", "properties": {"ZCTA5CE20": "19973", "GEOID20": "19973", "zip": "19973", "STUSPS": "DE"}, "geometry": {"type": "Polygon", "coordinates": [[[-75.739318, 38.568294], [-75.731513, 38.569446], [-75.725273, 38.567081], [-75.720176, 38.567417], [-75.718437, 38.566413], [-75.717157, 38.567872], [-75.718687, 38.568854], [-75.718043, 38.56931], [-75.719184, 38.571899], [-75.722229, 38.576698], [-75.722702, 38.578929], [-75.726058, 38.582572], [-75.726509, 38.584869], [-75.727928, 38.587856], [-75.729408, 38.588951], [-75.731704, 38.594261], [-75.733688, 38.596984], [-75.735084, 38.601135], [-75.734878, 38.603626], [-75.735481, 38.604305], [-75.734779, 38.605621], [-75.735084, 38.608238], [-75.734428, 38.608489], [-75.73143, 38.610439], [-75.730514, 38.611972], [-75.730972, 38.612785], [-75.72805, 38.615447], [-75.726631, 38.617935], [-75.722633, 38.620487], [-75.72142, 38.622104], [-75.721366, 38.623458], [-75.719467, 38.627269], [-75.717857, 38.629806], [-75.716262, 38.631244], [-75.716545, 38.632427], [-75.711471, 38.634735], [-75.710693, 38.634971], [-75.711174, 38.6333], [-75.707179194802, 38.6332732962049], [-75.707346, 38.63528], [-75.7073556815366, 38.6354031774734], [-75.7095268008649, 38.6630261680944], [-75.7117447752711, 38.6912452924057], [-75.709327, 38.691212], [-75.707862, 38.692146], [-75.705682, 38.691009], [-75.700271, 38.6914], [-75.695533, 38.690719], [-75.694194, 38.692153], [-75.691993, 38.693269], [-75.689904, 38.697597], [-75.688081, 38.695773], [-75.678775, 38.698684], [-75.671128, 38.696085], [-75.669302, 38.698529], [-75.665365, 38.700824], [-75.663188, 38.701579], [-75.656922, 38.701969], [-75.657652, 38.698234], [-75.652921, 38.697856], [-75.652121, 38.699583], [-75.652365, 38.702216], [-75.646933, 38.702141], [-75.642555, 38.702965], [-75.643417, 38.705621], [-75.644672, 38.706678], [-75.641131, 38.708262], [-75.630561, 38.707981], [-75.630372, 38.709559], [-75.627416, 38.707671], [-75.6269, 38.70734], [-75.627732, 38.703585], [-75.628482, 38.703649], [-75.625928, 38.701905], [-75.626147, 38.699829], [-75.62464, 38.693796], [-75.625511, 38.689116], [-75.622068, 38.686414], [-75.617951, 38.68642], [-75.617784, 38.686408], [-75.612597, 38.683391], [-75.611735, 38.683261], [-75.610068, 38.685501], [-75.603108, 38.693821], [-75.604192, 38.695161], [-75.60233, 38.694767], [-75.602033, 38.695115], [-75.603311, 38.695981], [-75.603691, 38.697464], [-75.605942, 38.698595], [-75.606032, 38.699345], [-75.592102, 38.706992], [-75.590701, 38.703816], [-75.59144, 38.701917], [-75.589896, 38.702548], [-75.589938, 38.702086], [-75.590503, 38.698988], [-75.589076, 38.699672], [-75.586566, 38.69847], [-75.587357, 38.692864], [-75.584175, 38.692222], [-75.580903, 38.688733], [-75.581635, 38.686376], [-75.581339, 38.683703], [-75.583779, 38.680607], [-75.58225, 38.679411], [-75.581557, 38.678868], [-75.577298, 38.675546], [-75.577027, 38.677111], [-75.576189, 38.678601], [-75.572314, 38.677602], [-75.568475, 38.683861], [-75.567403, 38.683227], [-75.559474, 38.680188], [-75.554861, 38.682457], [-75.558126, 38.684534], [-75.555617, 38.686781], [-75.554755, 38.687632], [-75.552463, 38.68644], [-75.548994, 38.686544], [-75.547241, 38.687417], [-75.546968, 38.68884], [-75.543463, 38.689763], [-75.541276, 38.691147], [-75.537027, 38.692629], [-75.531308, 38.690974], [-75.531458, 38.685664], [-75.533417, 38.680713], [-75.533557, 38.678442], [-75.537508, 38.678515], [-75.538002, 38.670688], [-75.535836, 38.669886], [-75.537617, 38.665776], [-75.531101, 38.666205], [-75.530435, 38.66817], [-75.533706, 38.669059], [-75.531675, 38.670792], [-75.522718, 38.668931], [-75.519877, 38.667504], [-75.517966, 38.667353], [-75.514568, 38.665908], [-75.515696, 38.662057], [-75.51721, 38.661118], [-75.519178, 38.661575], [-75.520077, 38.658586], [-75.521458, 38.657834], [-75.525241, 38.658676], [-75.523343, 38.656813], [-75.524486, 38.654605], [-75.520859, 38.650665], [-75.517153, 38.65068], [-75.515963, 38.649916], [-75.514584, 38.647707], [-75.511902, 38.646393], [-75.509515, 38.644733], [-75.506342, 38.644166], [-75.505398, 38.642133], [-75.502884, 38.641697], [-75.503221, 38.640209], [-75.502269, 38.639533], [-75.499418, 38.639218], [-75.498016, 38.637812], [-75.498961, 38.63629], [-75.497937, 38.635467], [-75.495683, 38.636297], [-75.494527, 38.636325], [-75.490943, 38.639623], [-75.487869, 38.640904], [-75.485699, 38.642279], [-75.481706, 38.642011], [-75.479527, 38.641199], [-75.475129, 38.642217], [-75.474078, 38.642761], [-75.472587, 38.64503], [-75.472021, 38.64764], [-75.469248, 38.650168], [-75.468443, 38.650277], [-75.468678, 38.649184], [-75.467538, 38.647254], [-75.459091, 38.644537], [-75.465628, 38.635714], [-75.471249, 38.631849], [-75.473105, 38.626596], [-75.47332, 38.625843], [-75.470804, 38.626366], [-75.469007, 38.624464], [-75.462107, 38.619478], [-75.458507, 38.617534], [-75.454775, 38.617839], [-75.458539, 38.616586], [-75.466711, 38.612896], [-75.468514, 38.613646], [-75.478414, 38.614654], [-75.482049, 38.611466], [-75.482165, 38.61133], [-75.503095, 38.610212], [-75.505329, 38.614916], [-75.505362, 38.616154], [-75.507399, 38.617903], [-75.512858, 38.620069], [-75.514864, 38.620517], [-75.517538, 38.620115], [-75.51973, 38.618923], [-75.523561, 38.618699], [-75.525761, 38.619657], [-75.531485, 38.619942], [-75.532408, 38.624653], [-75.540139, 38.628504], [-75.542324, 38.630152], [-75.541854, 38.628814], [-75.541587, 38.624189], [-75.541642, 38.622104], [-75.545386, 38.615337], [-75.555244, 38.612634], [-75.571309, 38.608726], [-75.572022, 38.608459], [-75.576607, 38.604465], [-75.577776, 38.60313], [-75.582077, 38.601392], [-75.580857, 38.599415], [-75.58592, 38.597941], [-75.586302, 38.599662], [-75.586057, 38.600123], [-75.587192, 38.602123], [-75.592595, 38.603154], [-75.596017, 38.600214], [-75.594263, 38.597525], [-75.58606, 38.585576], [-75.5808, 38.577969], [-75.592902, 38.580027], [-75.609612, 38.579087], [-75.613256, 38.580478], [-75.616209, 38.577584], [-75.616818, 38.576506], [-75.620407, 38.57739], [-75.623575, 38.574171], [-75.628232, 38.575687], [-75.632573, 38.575078], [-75.632656, 38.574108], [-75.626282, 38.571564], [-75.625682, 38.57139], [-75.62657, 38.569723], [-75.624743, 38.568924], [-75.626799, 38.564941], [-75.624997, 38.564568], [-75.627129, 38.563302], [-75.628215, 38.563497], [-75.631176, 38.561773], [-75.630455, 38.563223], [-75.631545, 38.564927], [-75.631375, 38.566866], [-75.629996, 38.567629], [-75.635452, 38.570213], [-75.637916, 38.569775], [-75.638413, 38.569083], [-75.640463, 38.569391], [-75.642967, 38.571634], [-75.643038, 38.569645], [-75.644025, 38.568854], [-75.64653, 38.568526], [-75.64837, 38.569449], [-75.650911, 38.568148], [-75.652283, 38.567934], [-75.656123, 38.569721], [-75.657109, 38.570957], [-75.659944, 38.568881], [-75.662393, 38.568898], [-75.665444, 38.56969], [-75.667088, 38.569586], [-75.667432, 38.568157], [-75.669413, 38.56401], [-75.673616, 38.564727], [-75.674367, 38.565022], [-75.674212, 38.567444], [-75.676987, 38.568847], [-75.679428, 38.566485], [-75.685405, 38.563507], [-75.691682, 38.557597], [-75.693775, 38.557261], [-75.695581, 38.557387], [-75.701565, 38.560736], [-75.7019192659458, 38.5653309046925], [-75.706359, 38.565036], [-75.708557, 38.568035], [-75.711708, 38.567169], [-75.712936, 38.568119], [-75.714935, 38.566478], [-75.713661, 38.565395], [-75.713417, 38.563709], [-75.714599, 38.561088], [-75.717048, 38.557834], [-75.718421, 38.556121], [-75.72071, 38.55511], [-75.724319, 38.556465], [-75.728034, 38.560752], [-75.7285, 38.562416], [-75.731712, 38.560207], [-75.734016, 38.559886], [-75.738952, 38.565052], [-75.741882, 38.566905], [-75.739318, 38.568294]]]}}, {"type": "Feature", "id": "08061", "properties": {"ZCTA5CE20": "08061", "GEOID20": "08061", "zip": "08061", "STUSPS": "DE"}, "geometry": {"type": "Polygon", "coordinates": [[[-75.229954, 39.824282], [-75.227107, 39.825784], [-75.226159, 39.823273], [-75.221435, 39.819922], [-75.21962, 39.816885], [-75.220816, 39.815248], [-75.217667, 39.812945], [-75.213942, 39.813796], [-75.211208, 39.812208], [-75.208719, 39.813549], [-75.208509, 39.815216], [-75.20639, 39.815475], [-75.203303, 39.812294], [-75.202963, 39.811624], [-75.203053, 39.810183], [-75.202901, 39.809991], [-75.200736, 39.809502], [-75.200592, 39.808457], [-75.200835, 39.806813], [-75.202138, 39.806373], [-75.200461, 39.803694], [-75.199464, 39.804632], [-75.193682, 39.802551], [-75.19561, 39.801984], [-75.193393, 39.801417], [-75.192777, 39.801277], [-75.187764, 39.79949], [-75.188191, 39.798434], [-75.187822, 39.796904], [-75.189947, 39.794081], [-75.192525, 39.7916], [-75.193835, 39.792767], [-75.198354, 39.788229], [-75.199926, 39.788262], [-75.202867, 39.792249], [-75.203455, 39.792194], [-75.20512, 39.791808], [-75.205417, 39.792014], [-75.205531, 39.792028], [-75.205815, 39.79227], [-75.20615, 39.792693], [-75.206235, 39.792909], [-75.206292, 39.793279], [-75.206556, 39.793567], [-75.206662, 39.793767], [-75.206738, 39.793889], [-75.208075, 39.795952], [-75.211072, 39.797302], [-75.207961, 39.801556], [-75.210094, 39.80508], [-75.210667, 39.805195], [-75.21291, 39.805803], [-75.214641, 39.802733], [-75.218131, 39.804862], [-75.217429, 39.805517], [-75.215861, 39.807002], [-75.214629, 39.808813], [-75.215601, 39.810858], [-75.217772, 39.811535], [-75.2206, 39.8077], [-75.223055, 39.809043], [-75.22232, 39.810189], [-75.223713, 39.812782], [-75.22201, 39.814124], [-75.227403, 39.816312], [-75.226379, 39.818497], [-75.22942, 39.817707], [-75.229336, 39.820599], [-75.230381, 39.823763], [-75.229954, 39.824282]]]}}, {"type": "Feature", "id": "19931", "properties": {"ZCTA5CE20": "19931", "GEOID20": "19931", "zip": "19931", "STUSPS": "DE"}, "geometry": {"type": "Polygon", "coordinates": [[[-75.632573, 38.575078], [-75.628232, 38.575687], [-75.623575, 38.574171], [-75.620407, 38.57739], [-75.616818, 38.576506], [-75.612817, 38.575462], [-75.612956, 38.572881], [-75.60738, 38.572143], [-75.604614, 38.572639], [-75.599757, 38.573003], [-75.59702, 38.574277], [-75.59689, 38.569061], [-75.588096, 38.56332], [-75.588294, 38.561816], [-75.587904, 38.560892], [-75.588452, 38.560722], [-75.591277, 38.562672], [-75.593023, 38.562563], [-75.594606, 38.561526], [-75.597274, 38.561483], [-75.60124, 38.563666], [-75.603378, 38.565447], [-75.606048, 38.565283], [-75.608582, 38.564345], [-75.613104, 38.565295], [-75.613733, 38.56575], [-75.617922, 38.568564], [-75.619124, 38.568848], [-75.620544, 38.567842], [-75.621472, 38.564613], [-75.624997, 38.564568], [-75.626799, 38.564941], [-75.624743, 38.568924], [-75.62657, 38.569723], [-75.625682, 38.57139], [-75.626282, 38.571564], [-75.632656, 38.574108], [-75.632573, 38.575078]]]}}, {"type": "Feature", "id": "19944", "properties": {"ZCTA5CE20": "19944", "GEOID20": "19944", "zip": "19944", "STUSPS": "DE"}, "geometry": {"type": "Polygon", "coordinates": [[[-75.0653681686071, 38.4512709388414], [-75.064231, 38.452599], [-75.062859, 38.456383], [-75.061983, 38.460034], [-75.061904, 38.467439], [-75.062223, 38.474919], [-75.062096, 38.479908], [-75.06096, 38.492992], [-75.060829, 38.493108], [-75.061114, 38.495117], [-75.058707, 38.495912], [-75.05952, 38.49625], [-75.056601, 38.496721], [-75.056194, 38.497837], [-75.058044, 38.500686], [-75.057319, 38.502089], [-75.056984, 38.50218], [-75.054961, 38.501946], [-75.054659, 38.507051], [-75.054756, 38.509222], [-75.0516234760595, 38.5085122923477], [-75.049748, 38.486387], [-75.049551114169, 38.4778388937849], [-75.0493123881751, 38.4674742314738], [-75.0490569660409, 38.4563846801248], [-75.048939, 38.451263], [-75.052404222416, 38.4512572698339], [-75.0535840104491, 38.4512553189111], [-75.05801, 38.451248], [-75.0626999419505, 38.4512626207351], [-75.0646860176691, 38.4512688122589], [-75.0647189192114, 38.4512689148283], [-75.0653681686071, 38.4512709388414]]]}}, {"type": "Feature", "id": "19977", "properties": {"ZCTA5CE20": "19977", "GEOID20": "19977", "zip": "19977", "STUSPS": "DE"}, "geometry": {"type": "MultiPolygon", "coordinates": [[[[-75.631968, 39.281988], [-75.630793, 39.283635], [-75.630004, 39.283285], [-75.631189, 39.281646], [-75.631968, 39.281988]]], [[[-75.633928, 39.279245], [-75.632121, 39.281777], [-75.631314, 39.281449], [-75.633134, 39.278882], [-75.633928, 39.279245]]], [[[-75.691765, 39.333769], [-75.690478, 39.335466], [-75.686885, 39.338059], [-75.685506, 39.340926], [-75.683129, 39.343782], [-75.683461, 39.344727], [-75.681601, 39.346627], [-75.681657, 39.347704], [-75.679046, 39.350071], [-75.67756, 39.35223], [-75.676718, 39.356025], [-75.675713, 39.357299], [-75.675069, 39.359403], [-75.673837, 39.359898], [-75.671569, 39.355971], [-75.667134, 39.362712], [-75.666789, 39.364327], [-75.663715, 39.363098], [-75.665792, 39.360998], [-75.66216, 39.358361], [-75.661887, 39.359549], [-75.658341, 39.363701], [-75.656111, 39.365354], [-75.655587, 39.366954], [-75.654605, 39.362838], [-75.653316, 39.359725], [-75.65154, 39.357256], [-75.647297, 39.352559], [-75.644783, 39.349384], [-75.642305, 39.350578], [-75.641809, 39.35069], [-75.636129, 39.348934], [-75.631874, 39.348378], [-75.632671, 39.350971], [-75.629181, 39.354386], [-75.626266, 39.353956], [-75.625168, 39.355048], [-75.625513, 39.357367], [-75.62408, 39.359206], [-75.621728, 39.360718], [-75.591099, 39.354518], [-75.595351, 39.350746], [-75.593927, 39.350622], [-75.592562, 39.351798], [-75.58867, 39.350799], [-75.588068, 39.348712], [-75.585202, 39.346477], [-75.585505, 39.342066], [-75.583949, 39.339858], [-75.586485, 39.337479], [-75.585973, 39.335513], [-75.583856, 39.333502], [-75.579397, 39.330395], [-75.575295, 39.333285], [-75.57386, 39.333382], [-75.572685, 39.334839], [-75.569046, 39.334938], [-75.566284, 39.336601], [-75.565564, 39.338986], [-75.561506, 39.338806], [-75.558592, 39.339212], [-75.556813, 39.338169], [-75.558334, 39.33923], [-75.557358, 39.341501], [-75.557846, 39.342764], [-75.559982, 39.343466], [-75.560519, 39.345067], [-75.5588, 39.346549], [-75.557378, 39.349101], [-75.55619, 39.348287], [-75.555886, 39.346743], [-75.554223, 39.345404], [-75.551599, 39.345105], [-75.55104, 39.345568], [-75.551096, 39.349483], [-75.552242, 39.350157], [-75.553841, 39.349938], [-75.554683, 39.351506], [-75.553369, 39.35301], [-75.551626, 39.35394], [-75.549645, 39.353855], [-75.548131, 39.352921], [-75.54811, 39.351713], [-75.545216, 39.350763], [-75.544056, 39.351363], [-75.543263, 39.353236], [-75.541586, 39.354366], [-75.539867, 39.353887], [-75.53899, 39.351954], [-75.535849, 39.350617], [-75.534484, 39.351389], [-75.534278, 39.353332], [-75.531914, 39.354595], [-75.528696, 39.35343], [-75.527259, 39.354675], [-75.528673, 39.356782], [-75.528453, 39.358305], [-75.525877, 39.359642], [-75.523254, 39.359712], [-75.52142, 39.358607], [-75.519628, 39.360066], [-75.516897, 39.360988], [-75.515975, 39.364363], [-75.5123720823948, 39.3656561384634], [-75.511788, 39.365191], [-75.505276, 39.359169], [-75.5040215274804, 39.3586549348085], [-75.4976256278107, 39.3560339850967], [-75.494158, 39.354613], [-75.491797, 39.351845], [-75.4920837272626, 39.3511957014892], [-75.4941075182302, 39.3466127942013], [-75.494122, 39.34658], [-75.493148, 39.345527], [-75.491688, 39.343963], [-75.490377, 39.342818], [-75.479432, 39.33902], [-75.479963, 39.336577], [-75.469324, 39.33082], [-75.460423, 39.328236], [-75.45537, 39.324729], [-75.452811, 39.318429], [-75.448058, 39.315487], [-75.439027, 39.313384], [-75.436936, 39.309379], [-75.437593, 39.298388], [-75.435193, 39.294632], [-75.434775, 39.290593], [-75.417763, 39.273224], [-75.416093, 39.269507], [-75.413275, 39.268456], [-75.408996, 39.264133], [-75.406178, 39.258113], [-75.409363, 39.251103], [-75.408992545228, 39.2462703036055], [-75.412574, 39.246165], [-75.415819, 39.244712], [-75.41652, 39.243173], [-75.415505, 39.239415], [-75.416318, 39.236346], [-75.419027, 39.234452], [-75.420761, 39.234627], [-75.421893, 39.235457], [-75.423663, 39.237962], [-75.425411, 39.241636], [-75.428245, 39.245096], [-75.429926, 39.24581], [-75.432855, 39.246039], [-75.433913, 39.245473], [-75.43474, 39.243634], [-75.438297, 39.24334], [-75.442586, 39.242633], [-75.448072, 39.242294], [-75.449388, 39.242633], [-75.450559, 39.244257], [-75.453414, 39.245069], [-75.455943, 39.244247], [-75.459331, 39.244187], [-75.460847, 39.244749], [-75.468877, 39.249088], [-75.470442, 39.250352], [-75.471733, 39.2506], [-75.473642, 39.249975], [-75.475543, 39.250647], [-75.477649, 39.248728], [-75.480677, 39.248432], [-75.486266, 39.248418], [-75.488562, 39.249462], [-75.490972, 39.249038], [-75.490816, 39.247021], [-75.495438, 39.245471], [-75.49618, 39.246806], [-75.500835, 39.246454], [-75.501326, 39.248426], [-75.502268, 39.248839], [-75.503239, 39.248357], [-75.504165, 39.246272], [-75.507394, 39.245727], [-75.511315, 39.244274], [-75.514423, 39.241845], [-75.515676, 39.244322], [-75.517631, 39.245626], [-75.518882, 39.245997], [-75.523729, 39.245886], [-75.524961, 39.247389], [-75.524584, 39.249632], [-75.527975, 39.250474], [-75.530119, 39.251819], [-75.531834, 39.252014], [-75.533638, 39.251228], [-75.535752, 39.248892], [-75.538739, 39.249172], [-75.539508, 39.251494], [-75.542081, 39.251609], [-75.543949, 39.250919], [-75.545805, 39.251436], [-75.54942, 39.251228], [-75.550618, 39.250258], [-75.551144, 39.247685], [-75.553556, 39.247014], [-75.555191, 39.244294], [-75.558226, 39.244707], [-75.561232, 39.244102], [-75.567196, 39.244251], [-75.568378, 39.245056], [-75.569814, 39.243997], [-75.572156, 39.243464], [-75.575818, 39.243657], [-75.577049, 39.242685], [-75.581599, 39.242084], [-75.584735, 39.242025], [-75.587836, 39.24408], [-75.588101, 39.244031], [-75.595586, 39.244072], [-75.59984, 39.243689], [-75.605299, 39.244473], [-75.611519, 39.244957], [-75.614139, 39.242762], [-75.615076, 39.240303], [-75.617484, 39.23972], [-75.61802, 39.238824], [-75.622463, 39.239102], [-75.626737, 39.23529], [-75.630869, 39.234787], [-75.631703, 39.233837], [-75.626848, 39.23077], [-75.628266, 39.229077], [-75.631042, 39.232152], [-75.632374, 39.232709], [-75.633365, 39.231481], [-75.639629, 39.232215], [-75.641592, 39.232875], [-75.645341, 39.231261], [-75.649775, 39.238294], [-75.654758, 39.238963], [-75.661092, 39.244937], [-75.662331, 39.24671], [-75.664635, 39.248233], [-75.672455, 39.252369], [-75.672414, 39.253644], [-75.670247, 39.254462], [-75.667604, 39.254621], [-75.665118, 39.253253], [-75.663041, 39.252802], [-75.661098, 39.253411], [-75.662389, 39.259759], [-75.654078, 39.266605], [-75.655325, 39.268322], [-75.654517, 39.26889], [-75.653691, 39.269467], [-75.654132, 39.271967], [-75.649899, 39.274821], [-75.65043, 39.276216], [-75.646573, 39.277219], [-75.643511, 39.279992], [-75.638787, 39.280362], [-75.635996, 39.281312], [-75.637628, 39.278662], [-75.634037, 39.279087], [-75.634641, 39.277874], [-75.634504, 39.271894], [-75.635988, 39.27072], [-75.643901, 39.276018], [-75.649786, 39.272225], [-75.640454, 39.264405], [-75.638245, 39.266103], [-75.635509, 39.264257], [-75.632738, 39.266012], [-75.633467, 39.268147], [-75.630457, 39.267568], [-75.627207, 39.268228], [-75.626462, 39.268562], [-75.625571, 39.270254], [-75.625039, 39.274644], [-75.624143, 39.276172], [-75.628029, 39.282607], [-75.629159, 39.28308], [-75.630721, 39.283737], [-75.629901, 39.28487], [-75.629626, 39.285251], [-75.629438, 39.285511], [-75.63129, 39.288653], [-75.629894, 39.289169], [-75.628783, 39.287317], [-75.627145, 39.291], [-75.626586, 39.291331], [-75.627121, 39.29204], [-75.625196, 39.29296], [-75.624758, 39.293663], [-75.628546, 39.292657], [-75.629947, 39.293769], [-75.631032, 39.294848], [-75.62883, 39.297143], [-75.63087, 39.299092], [-75.630064, 39.299694], [-75.63117, 39.300403], [-75.632663, 39.301251], [-75.633919, 39.301591], [-75.634285, 39.301707], [-75.634711, 39.301652], [-75.638983, 39.301466], [-75.644592, 39.310685], [-75.64683, 39.310121], [-75.646435, 39.308883], [-75.647577, 39.308772], [-75.662971, 39.308379], [-75.666133, 39.309374], [-75.673401, 39.308347], [-75.676232, 39.309004], [-75.679783, 39.3272], [-75.68444, 39.32652], [-75.684967, 39.330767], [-75.690448, 39.332311], [-75.69185, 39.33256], [-75.691765, 39.333769]]]]}}, {"type": "Feature", "id": "08074", "properties": {"ZCTA5CE20": "08074", "GEOID20": "08074", "zip": "08074", "STUSPS": "DE"}, "geometry": {"type": "Polygon", "coordinates": [[[-75.166763, 39.720135], [-75.168689, 39.72129], [-75.166293, 39.722482], [-75.161369, 39.721124], [-75.156265, 39.709513], [-75.16641, 39.704543], [-75.170119, 39.704704], [-75.166763, 39.720135]]]}}, {"type": "Feature", "id": "19934", "properties": {"ZCTA5CE20": "19934", "GEOID20": "19934", "zip": "19934", "STUSPS": "DE"}, "geometry": {"type": "Polygon", "coordinates": [[[-75.7419229116781, 39.0710095817032], [-75.74034, 39.06959], [-75.738294, 39.069209], [-75.737757, 39.067879], [-75.736572, 39.067713], [-75.736996, 39.062848], [-75.73539, 39.062172], [-75.731516, 39.063228], [-75.730078, 39.06263], [-75.719847, 39.064759], [-75.718049, 39.065915], [-75.71828, 39.072984], [-75.716889, 39.073166], [-75.713094, 39.075029], [-75.70849, 39.075277], [-75.704197, 39.075002], [-75.701034, 39.075712], [-75.698293, 39.075744], [-75.694998, 39.076452], [-75.692054, 39.075749], [-75.689361, 39.078061], [-75.686053, 39.079402], [-75.684232, 39.079222], [-75.685695, 39.085246], [-75.686229, 39.085861], [-75.690224, 39.087033], [-75.689923, 39.084891], [-75.691011, 39.082897], [-75.696103, 39.077969], [-75.69927, 39.077932], [-75.698093, 39.079764], [-75.699164, 39.08178], [-75.70063, 39.082917], [-75.703352, 39.08663], [-75.701132, 39.089388], [-75.700364, 39.089635], [-75.70114, 39.091695], [-75.702733, 39.093628], [-75.694279, 39.096394], [-75.697935, 39.100031], [-75.700004, 39.105032], [-75.702156, 39.107957], [-75.697946, 39.11391], [-75.701372, 39.11741], [-75.701809, 39.11894], [-75.698457, 39.116514], [-75.698177, 39.117517], [-75.693046, 39.114464], [-75.686729, 39.119222], [-75.685257, 39.117273], [-75.681729, 39.112523], [-75.67761, 39.107981], [-75.672309, 39.111643], [-75.671424, 39.111955], [-75.667845, 39.105173], [-75.663966, 39.105078], [-75.655916, 39.112875], [-75.641576, 39.109326], [-75.637037, 39.112674], [-75.636179, 39.112294], [-75.635368, 39.112037], [-75.636557, 39.114357], [-75.635027, 39.117369], [-75.632487, 39.119543], [-75.635339, 39.121611], [-75.632801, 39.124902], [-75.631983, 39.12583], [-75.629832, 39.127505], [-75.625585, 39.129244], [-75.622471, 39.129829], [-75.621587, 39.129755], [-75.61968, 39.129097], [-75.617714, 39.128291], [-75.616452, 39.128324], [-75.607729, 39.132355], [-75.605191, 39.133214], [-75.604512, 39.133447], [-75.603498, 39.128977], [-75.598295, 39.128919], [-75.598487, 39.129859], [-75.595067, 39.13061], [-75.597406, 39.136299], [-75.592157, 39.137539], [-75.588255, 39.139022], [-75.586492, 39.139695], [-75.586535, 39.131255], [-75.586975, 39.127224], [-75.588581, 39.12453], [-75.588749, 39.123865], [-75.587627, 39.123641], [-75.586393, 39.123191], [-75.581838, 39.124637], [-75.578418, 39.124335], [-75.575645, 39.125412], [-75.568354, 39.124441], [-75.56559, 39.124864], [-75.562705, 39.123468], [-75.562148, 39.122298], [-75.560313, 39.121637], [-75.560047, 39.122609], [-75.557995, 39.123387], [-75.557329, 39.122933], [-75.555554, 39.123121], [-75.555218, 39.122935], [-75.554824, 39.122733], [-75.554439, 39.123305], [-75.550515, 39.127548], [-75.550543, 39.125486], [-75.548275, 39.12311], [-75.54467, 39.124163], [-75.542335, 39.122474], [-75.539023, 39.124346], [-75.535087, 39.125186], [-75.53252, 39.123896], [-75.532288, 39.123786], [-75.532636, 39.123039], [-75.532923, 39.122426], [-75.536236, 39.115347], [-75.536509, 39.113172], [-75.537305, 39.113077], [-75.538922, 39.109788], [-75.535563, 39.10976], [-75.534932, 39.112932], [-75.53204, 39.111572], [-75.525022, 39.105748], [-75.523346, 39.104811], [-75.521968, 39.106345], [-75.516511, 39.106799], [-75.515396, 39.105946], [-75.51433, 39.107247], [-75.513718, 39.101779], [-75.515316, 39.100683], [-75.513533, 39.100816], [-75.513027, 39.0996], [-75.512295, 39.09865], [-75.510473, 39.096951], [-75.506006, 39.094404], [-75.504576, 39.096654], [-75.500859, 39.09902], [-75.499512, 39.099143], [-75.497308, 39.097575], [-75.496757, 39.095719], [-75.494598, 39.09523], [-75.492206, 39.095187], [-75.48889, 39.096839], [-75.486521, 39.096483], [-75.486733, 39.092969], [-75.488071, 39.092772], [-75.490253, 39.092761], [-75.492222, 39.086572], [-75.490098, 39.085128], [-75.48856, 39.08368], [-75.49296, 39.083965], [-75.498442, 39.082196], [-75.501822, 39.079338], [-75.504437, 39.080939], [-75.505881, 39.083041], [-75.502591, 39.08605], [-75.506386, 39.089429], [-75.517419, 39.094846], [-75.518753, 39.091405], [-75.520039, 39.088801], [-75.522407, 39.085845], [-75.523716, 39.082895], [-75.527492, 39.085006], [-75.528189, 39.086319], [-75.532388, 39.089776], [-75.531231, 39.092725], [-75.529067, 39.093713], [-75.528431, 39.095806], [-75.528593, 39.096954], [-75.528232, 39.098371], [-75.52685, 39.098728], [-75.516646, 39.100181], [-75.520077, 39.100176], [-75.526374, 39.10082], [-75.526737, 39.100541], [-75.528023, 39.099426], [-75.532328, 39.10015], [-75.540403, 39.10655], [-75.541056, 39.105645], [-75.546785, 39.109112], [-75.547057, 39.108836], [-75.548765, 39.106051], [-75.542504, 39.102612], [-75.545947, 39.095216], [-75.547611, 39.095266], [-75.547637, 39.094792], [-75.551111, 39.094899], [-75.551621, 39.095382], [-75.554595, 39.095472], [-75.556045, 39.096106], [-75.55562, 39.099145], [-75.554339, 39.10138], [-75.552236, 39.103599], [-75.55377, 39.104842], [-75.55638, 39.102263], [-75.555269, 39.101498], [-75.556245, 39.099525], [-75.565662, 39.097084], [-75.569565, 39.096115], [-75.571223, 39.098622], [-75.571296, 39.09859], [-75.568672, 39.092112], [-75.567615, 39.091284], [-75.568125, 39.091066], [-75.569772, 39.089587], [-75.573403, 39.08571], [-75.576548, 39.085283], [-75.582458, 39.08361], [-75.581681, 39.075762], [-75.576447, 39.071906], [-75.575695, 39.071366], [-75.574705, 39.070557], [-75.571593, 39.068364], [-75.569137, 39.068853], [-75.571122, 39.054066], [-75.573229, 39.054045], [-75.574707, 39.053761], [-75.574568, 39.055277], [-75.578253, 39.054716], [-75.579324, 39.055501], [-75.582235, 39.061439], [-75.57903, 39.065515], [-75.581136, 39.069343], [-75.591528, 39.066722], [-75.592778, 39.052506], [-75.608461, 39.051692], [-75.605875, 39.046502], [-75.605385, 39.045598], [-75.603032, 39.041308], [-75.603877, 39.040013], [-75.607219, 39.038956], [-75.618228, 39.037796], [-75.619227, 39.041936], [-75.619781, 39.042179], [-75.622048, 39.038142], [-75.621832, 39.035792], [-75.620916, 39.033057], [-75.618535, 39.030625], [-75.617715, 39.025655], [-75.620576, 39.023909], [-75.624031, 39.025538], [-75.623841, 39.023893], [-75.629098, 39.025688], [-75.632556, 39.026311], [-75.636223, 39.027993], [-75.639216, 39.028835], [-75.642392, 39.029122], [-75.645039, 39.031144], [-75.645528, 39.035346], [-75.64748, 39.036451], [-75.648197, 39.038462], [-75.650429, 39.039237], [-75.652558, 39.041205], [-75.656852, 39.040359], [-75.659455, 39.04469], [-75.661141, 39.046234], [-75.665651, 39.044909], [-75.669163, 39.044259], [-75.670913, 39.04394], [-75.670895, 39.043722], [-75.67222, 39.035626], [-75.675879, 39.035686], [-75.679831, 39.033037], [-75.683464, 39.031476], [-75.685084, 39.03197], [-75.685957, 39.034415], [-75.687485, 39.036315], [-75.690756, 39.036538], [-75.692603, 39.037419], [-75.696032, 39.037929], [-75.697259, 39.039456], [-75.698135, 39.039199], [-75.698436, 39.036578], [-75.70299, 39.035122], [-75.702433, 39.033666], [-75.709309, 39.03205], [-75.712382, 39.043603], [-75.715105, 39.043854], [-75.718227, 39.046281], [-75.720367, 39.044978], [-75.722122, 39.045906], [-75.724467, 39.045092], [-75.727222, 39.046756], [-75.729165, 39.044904], [-75.730222, 39.045206], [-75.730526, 39.047408], [-75.733114, 39.050473], [-75.734838, 39.047819], [-75.733547, 39.045732], [-75.734054, 39.04438], [-75.736321, 39.043759], [-75.7397385692564, 39.0436320527116], [-75.7407122543009, 39.0558357668679], [-75.7419229116781, 39.0710095817032]]]}}, {"type": "Feature", "id": "21651", "properties": {"ZCTA5CE20": "21651", "GEOID20": "21651", "zip": "21651", "STUSPS": "DE"}, "geometry": {"type": "MultiPolygon", "coordinates": [[[[-75.956924, 39.243816], [-75.954865, 39.245052], [-75.95562, 39.246189], [-75.953003, 39.247726], [-75.951293, 39.250111], [-75.948437, 39.252783], [-75.947669, 39.256753], [-75.94366, 39.25719], [-75.94421, 39.26266], [-75.94441, 39.27433], [-75.939217, 39.274533], [-75.937155, 39.277902], [-75.937346, 39.278616], [-75.935254, 39.280292], [-75.932627, 39.284119], [-75.93083, 39.286555], [-75.928752, 39.288756], [-75.924692, 39.285877], [-75.923625, 39.284374], [-75.92174, 39.27914], [-75.92062, 39.27737], [-75.91519, 39.27618], [-75.914342, 39.278355], [-75.904399, 39.277206], [-75.89275, 39.291929], [-75.88845, 39.29668], [-75.88664, 39.29695], [-75.88648, 39.29412], [-75.88558, 39.29392], [-75.88173, 39.28919], [-75.8827, 39.28827], [-75.88002, 39.28468], [-75.881469, 39.277465], [-75.875979, 39.276051], [-75.87138, 39.27673], [-75.869155, 39.276226], [-75.8652, 39.27483], [-75.86174, 39.27415], [-75.86331, 39.27107], [-75.86398, 39.26862], [-75.863941, 39.264136], [-75.86329, 39.27013], [-75.86142, 39.27409], [-75.85666, 39.27283], [-75.854762, 39.281354], [-75.855147, 39.283088], [-75.85419, 39.28446], [-75.85433, 39.288], [-75.85274, 39.29425], [-75.85195, 39.295], [-75.83075, 39.29625], [-75.83148, 39.29274], [-75.83252, 39.29024], [-75.817863, 39.290956], [-75.817709, 39.292026], [-75.814117, 39.294319], [-75.812698, 39.294114], [-75.806806, 39.290078], [-75.795099, 39.290738], [-75.791892, 39.289362], [-75.791014, 39.288492], [-75.789174, 39.289127], [-75.78077, 39.287307], [-75.778756, 39.287065], [-75.775369, 39.290414], [-75.773749, 39.292792], [-75.768841, 39.295339], [-75.77038, 39.3013], [-75.765152, 39.301698], [-75.7604691694169, 39.3012859228405], [-75.7604684365328, 39.3012769442242], [-75.7601316135501, 39.2971505011536], [-75.7601043523729, 39.2968165224723], [-75.7584730885686, 39.2768317899318], [-75.7569417784571, 39.2580715974161], [-75.7559620947571, 39.2460694205364], [-75.755953, 39.245958], [-75.754888950595, 39.2312242105134], [-75.758153, 39.234444], [-75.7657, 39.235972], [-75.772962, 39.237973], [-75.781553, 39.239556], [-75.788653, 39.239265], [-75.793018, 39.238517], [-75.79529, 39.237539], [-75.797254, 39.237554], [-75.801383, 39.23837], [-75.806742, 39.238674], [-75.80955, 39.238489], [-75.817038, 39.23931], [-75.821282, 39.237507], [-75.823433, 39.232368], [-75.82605, 39.225181], [-75.833671, 39.230513], [-75.835464, 39.233259], [-75.839237, 39.230462], [-75.856202, 39.231481], [-75.855993, 39.232428], [-75.853317, 39.233599], [-75.853784, 39.235423], [-75.85538, 39.23607], [-75.855968, 39.238069], [-75.855659, 39.240474], [-75.875315, 39.235324], [-75.874869, 39.231904], [-75.874943, 39.228994], [-75.875865, 39.225758], [-75.877613, 39.222753], [-75.8811, 39.218012], [-75.881933, 39.217332], [-75.889682, 39.206783], [-75.892501, 39.204045], [-75.895742, 39.202201], [-75.900845, 39.199907], [-75.901053, 39.200147], [-75.912917, 39.213689], [-75.913262, 39.2143], [-75.916017, 39.215769], [-75.920278, 39.215925], [-75.921137, 39.214655], [-75.924819, 39.215679], [-75.922851, 39.220136], [-75.924884, 39.220866], [-75.926799, 39.220138], [-75.926644, 39.222106], [-75.928069, 39.22276], [-75.924202, 39.223975], [-75.921079, 39.224479], [-75.914152, 39.230824], [-75.913367, 39.231961], [-75.90381, 39.23523], [-75.906948, 39.2354], [-75.908566, 39.234005], [-75.909103, 39.234412], [-75.908551, 39.237685], [-75.914031, 39.239763], [-75.91562, 39.241647], [-75.91598, 39.241762], [-75.920717, 39.241512], [-75.921379, 39.243502], [-75.92363, 39.244102], [-75.924281, 39.244072], [-75.924403, 39.244087], [-75.924817, 39.24542], [-75.927924, 39.245543], [-75.930687, 39.244977], [-75.933752, 39.242313], [-75.940922, 39.242467], [-75.943578, 39.243774], [-75.94579, 39.244052], [-75.947159, 39.242878], [-75.948616, 39.244305], [-75.951042, 39.244411], [-75.954903, 39.242584], [-75.956635, 39.242619], [-75.956924, 39.243816]]], [[[-76.00203, 39.26224], [-75.99479, 39.26912], [-75.98434, 39.26954], [-75.97709, 39.271], [-75.96944, 39.27202], [-75.962964, 39.273335], [-75.962701, 39.270814], [-75.960821, 39.269507], [-75.956467, 39.267656], [-75.954474, 39.265861], [-75.953923, 39.264515], [-75.952057, 39.263312], [-75.95188, 39.260203], [-75.948877, 39.260423], [-75.947336, 39.259869], [-75.948078, 39.258474], [-75.947669, 39.256753], [-75.95136, 39.25646], [-75.96471, 39.25601], [-75.9958, 39.25669], [-76.00078, 39.25575], [-76.001496, 39.261948], [-76.00203, 39.26224]]]]}}, {"type": "Feature", "id": "21849", "properties": {"ZCTA5CE20": "21849", "GEOID20": "21849", "zip": "21849", "STUSPS": "DE"}, "geometry": {"type": "Polygon", "coordinates": [[[-75.551262, 38.397274], [-75.544088, 38.398843], [-75.532298, 38.400577], [-75.528233, 38.401583], [-75.527949, 38.401725], [-75.526258, 38.403333], [-75.529801, 38.405214], [-75.537176, 38.403534], [-75.539551, 38.403459], [-75.542938, 38.400642], [-75.544307, 38.400577], [-75.545034, 38.407001], [-75.544525, 38.409942], [-75.542798, 38.419429], [-75.532484, 38.417632], [-75.527137, 38.416741], [-75.524068, 38.414966], [-75.515613, 38.413439], [-75.510442, 38.413439], [-75.507562, 38.414499], [-75.502177, 38.414282], [-75.497154, 38.414975], [-75.492224, 38.415092], [-75.487024, 38.414145], [-75.483515, 38.414157], [-75.482469, 38.414881], [-75.479553, 38.415095], [-75.475626, 38.41417], [-75.475653, 38.416751], [-75.473335, 38.418072], [-75.471503, 38.421462], [-75.471944, 38.428449], [-75.468763, 38.428736], [-75.467862, 38.427547], [-75.466925, 38.4239], [-75.465453, 38.42371], [-75.462713, 38.424588], [-75.461388, 38.424611], [-75.459963, 38.424059], [-75.457372, 38.421388], [-75.453151, 38.418857], [-75.452058, 38.419951], [-75.447328, 38.42161], [-75.445039, 38.425101], [-75.446917, 38.427578], [-75.448859, 38.431084], [-75.449261, 38.435909], [-75.449989, 38.440243], [-75.445221, 38.443994], [-75.445422, 38.446436], [-75.44504, 38.451505], [-75.4440966428951, 38.4529843347526], [-75.428728, 38.452671], [-75.4286445231477, 38.4526696933313], [-75.424831, 38.45261], [-75.4186632551468, 38.4525171322565], [-75.410884, 38.4524], [-75.417774, 38.441296], [-75.419696, 38.435657], [-75.421079, 38.434494], [-75.425192, 38.42907], [-75.427975, 38.428077], [-75.427758, 38.427458], [-75.428202, 38.424115], [-75.428876, 38.420981], [-75.429189, 38.423354], [-75.434127, 38.427095], [-75.44172, 38.424676], [-75.438004, 38.41906], [-75.436402, 38.417032], [-75.42912, 38.412443], [-75.429258, 38.410033], [-75.433336, 38.410142], [-75.43644, 38.409142], [-75.438078, 38.407773], [-75.438025, 38.40521], [-75.43874, 38.396717], [-75.4356, 38.3943], [-75.434492, 38.394999], [-75.434338, 38.391658], [-75.436493, 38.39159], [-75.434842, 38.385542], [-75.435706, 38.384525], [-75.433021, 38.384646], [-75.431567, 38.384798], [-75.433445, 38.384085], [-75.43423, 38.38282], [-75.444112, 38.369673], [-75.442524, 38.369586], [-75.43984, 38.371824], [-75.440002, 38.373691], [-75.437254, 38.374713], [-75.433039, 38.37389], [-75.428508, 38.372223], [-75.426633, 38.372163], [-75.430659, 38.362361], [-75.42897, 38.361455], [-75.426135, 38.359005], [-75.422469, 38.357218], [-75.418235, 38.356706], [-75.416209, 38.354971], [-75.419513, 38.349257], [-75.41971, 38.34746], [-75.417882, 38.346436], [-75.417825, 38.344652], [-75.415663, 38.343903], [-75.413588, 38.34241], [-75.412497, 38.344412], [-75.410593, 38.34349], [-75.408617, 38.341092], [-75.408284, 38.339037], [-75.410742, 38.334993], [-75.41138, 38.330489], [-75.413893, 38.324253], [-75.41005, 38.321922], [-75.40971, 38.321282], [-75.408839, 38.315118], [-75.408365, 38.314524], [-75.397248, 38.307558], [-75.405604, 38.303779], [-75.424093, 38.298487], [-75.426522, 38.296226], [-75.421979, 38.29285], [-75.417707, 38.288842], [-75.417116, 38.287575], [-75.425079, 38.287473], [-75.449078, 38.28648], [-75.448108, 38.289875], [-75.447576, 38.294743], [-75.448429, 38.296887], [-75.450816, 38.300273], [-75.45546, 38.303767], [-75.456263, 38.304084], [-75.455122, 38.305227], [-75.456148, 38.308485], [-75.455953, 38.309513], [-75.452892, 38.310645], [-75.449372, 38.3132], [-75.448884, 38.319194], [-75.44823, 38.321019], [-75.450946, 38.321737], [-75.455916, 38.320749], [-75.458554, 38.318534], [-75.459974, 38.318045], [-75.465553, 38.317672], [-75.468917, 38.319004], [-75.470338, 38.320302], [-75.477393, 38.323687], [-75.475358, 38.327171], [-75.477439, 38.328489], [-75.478981, 38.328862], [-75.480096, 38.328147], [-75.482064, 38.328987], [-75.485157, 38.334309], [-75.486387, 38.33744], [-75.489543, 38.342345], [-75.490885, 38.345306], [-75.490877, 38.348146], [-75.49077, 38.350547], [-75.490128, 38.359074], [-75.491351, 38.360366], [-75.49248, 38.361559], [-75.491927, 38.366825], [-75.491127, 38.370174], [-75.491595, 38.369339], [-75.495724, 38.369253], [-75.498222, 38.370039], [-75.501325, 38.369235], [-75.501562, 38.373254], [-75.503555, 38.373568], [-75.503742, 38.375068], [-75.503754, 38.375173], [-75.503796, 38.375548], [-75.492782, 38.377177], [-75.495185, 38.381007], [-75.501045, 38.38018], [-75.503713, 38.381094], [-75.503723, 38.38168], [-75.503446, 38.382978], [-75.502932, 38.383255], [-75.503163, 38.385789], [-75.505163, 38.385759], [-75.510282, 38.387251], [-75.518329, 38.387027], [-75.52687, 38.393412], [-75.530561, 38.391576], [-75.531823, 38.395183], [-75.535824, 38.391519], [-75.542412, 38.391754], [-75.544681, 38.390548], [-75.547376, 38.391849], [-75.550625, 38.392441], [-75.550723, 38.392919], [-75.551262, 38.397274]]]}}, {"type": "Feature", "id": "21837", "properties": {"ZCTA5CE20": "21837", "GEOID20": "21837", "zip": "21837", "STUSPS": "DE"}, "geometry": {"type": "Polygon", "coordinates": [[[-75.850952, 38.404536], [-75.847281, 38.417287], [-75.845573, 38.421868], [-75.843343, 38.422745], [-75.828869, 38.423417], [-75.82496, 38.425372], [-75.821287, 38.430135], [-75.819829, 38.435886], [-75.821342, 38.439261], [-75.826639, 38.442231], [-75.833127, 38.443443], [-75.836104, 38.445631], [-75.836743, 38.448088], [-75.835728, 38.45329], [-75.83316, 38.45762], [-75.828492, 38.459614], [-75.821994, 38.460959], [-75.81669, 38.463307], [-75.814901, 38.466459], [-75.815772, 38.469373], [-75.818709, 38.472332], [-75.822902, 38.47601], [-75.824765, 38.479095], [-75.823706, 38.481022], [-75.821086, 38.483662], [-75.820869, 38.48388], [-75.818022, 38.48675], [-75.815193, 38.488794], [-75.813518, 38.489079], [-75.807773, 38.489962], [-75.800496, 38.49102], [-75.79466, 38.492373], [-75.792229, 38.494184], [-75.784972, 38.500115], [-75.782064, 38.501596], [-75.777913, 38.502855], [-75.764994, 38.506479], [-75.759754, 38.510122], [-75.757059, 38.513363], [-75.755333, 38.512618], [-75.755286, 38.512706], [-75.755264, 38.512747], [-75.752247, 38.516296], [-75.751618, 38.51606], [-75.749933, 38.515795], [-75.748708, 38.51446], [-75.744627, 38.512611], [-75.742521, 38.515875], [-75.734412, 38.524218], [-75.732807, 38.529815], [-75.731496, 38.531773], [-75.729474, 38.532859], [-75.727783, 38.533202], [-75.725502, 38.533232], [-75.722998, 38.533216], [-75.722375, 38.532332], [-75.717499, 38.533173], [-75.715408, 38.533166], [-75.7126, 38.534266], [-75.711732, 38.535326], [-75.711404, 38.536513], [-75.707772, 38.538871], [-75.706666, 38.540572], [-75.7001723474568, 38.5426187017946], [-75.6987790001605, 38.5220305544398], [-75.698777, 38.522001], [-75.6982456038886, 38.5155057064101], [-75.6979007507769, 38.5112905415682], [-75.696688, 38.496467], [-75.697765, 38.496331], [-75.704614, 38.496538], [-75.705487, 38.491178], [-75.705278, 38.490142], [-75.703191, 38.487837], [-75.702885, 38.48445], [-75.701635, 38.478456], [-75.702564, 38.476411], [-75.704168, 38.477317], [-75.705915, 38.47747], [-75.711869, 38.476376], [-75.7137, 38.476677], [-75.711436, 38.474204], [-75.713371, 38.472876], [-75.710519, 38.469084], [-75.711312, 38.466322], [-75.711003, 38.465411], [-75.708537, 38.464475], [-75.707475, 38.463829], [-75.707238, 38.460303], [-75.701348, 38.458244], [-75.699122, 38.458333], [-75.698612, 38.447401], [-75.6986, 38.447158], [-75.699404, 38.447767], [-75.705359, 38.448409], [-75.714197, 38.442412], [-75.712638, 38.439269], [-75.712022, 38.433101], [-75.707867, 38.430495], [-75.708004, 38.430468], [-75.713689, 38.429317], [-75.71682, 38.429955], [-75.722119, 38.429518], [-75.72245, 38.428449], [-75.724642, 38.428563], [-75.725344, 38.424406], [-75.72671, 38.422057], [-75.729147, 38.422006], [-75.729279, 38.420974], [-75.733001, 38.419753], [-75.734218, 38.418513], [-75.750503, 38.422303], [-75.753907, 38.421859], [-75.754712, 38.422296], [-75.758958, 38.430329], [-75.759677, 38.430154], [-75.76027, 38.429641], [-75.76322, 38.423856], [-75.765349, 38.422618], [-75.77002, 38.422885], [-75.772415, 38.422327], [-75.770793, 38.419676], [-75.772488, 38.415412], [-75.772713, 38.411309], [-75.773599, 38.40999], [-75.774519, 38.4069], [-75.776399, 38.40567], [-75.777283, 38.403811], [-75.778552, 38.40366], [-75.7802, 38.404813], [-75.781562, 38.404619], [-75.783376, 38.402452], [-75.786504, 38.40389], [-75.788249, 38.401184], [-75.790975, 38.400829], [-75.79335, 38.399924], [-75.79495, 38.398062], [-75.798094, 38.397506], [-75.8026, 38.398786], [-75.802686, 38.397407], [-75.805117, 38.394578], [-75.809711, 38.392093], [-75.811975, 38.390024], [-75.819391, 38.3868], [-75.822456, 38.386532], [-75.823717, 38.387435], [-75.823957, 38.390415], [-75.824825, 38.390465], [-75.828, 38.387428], [-75.829511, 38.387608], [-75.832829, 38.389453], [-75.838322, 38.389394], [-75.8393, 38.388771], [-75.842399, 38.393082], [-75.846741, 38.397058], [-75.851258, 38.400348], [-75.850952, 38.404536]]]}}, {"type": "Feature", "id": "08098", "properties": {"ZCTA5CE20": "08098", "GEOID20": "08098", "zip": "08098", "STUSPS": "DE"}, "geometry": {"type": "Polygon", "coordinates": [[[-75.461461, 39.676733], [-75.458093, 39.678974], [-75.451454, 39.680129], [-75.449513, 39.679986], [-75.445099, 39.678416], [-75.44362, 39.67679], [-75.44158, 39.676422], [-75.44018, 39.677416], [-75.435929, 39.677444], [-75.433882, 39.67645], [-75.431116, 39.676508], [-75.430917, 39.673796], [-75.429912, 39.671252], [-75.428822, 39.670609], [-75.415893, 39.670337], [-75.407381, 39.665246], [-75.404991, 39.66959], [-75.40182, 39.672457], [-75.400365, 39.675834], [-75.396783, 39.673844], [-75.389367, 39.681624], [-75.377171, 39.694796], [-75.36712, 39.705635], [-75.360354, 39.713245], [-75.359372, 39.713627], [-75.35891, 39.712298], [-75.357225, 39.712963], [-75.355534, 39.711725], [-75.353076, 39.711708], [-75.350252, 39.711247], [-75.348118, 39.70919], [-75.347428, 39.707108], [-75.343588, 39.705802], [-75.34159, 39.704329], [-75.340297, 39.705213], [-75.336052, 39.70388], [-75.335241, 39.700244], [-75.333285, 39.699303], [-75.330926, 39.698131], [-75.330903, 39.696779], [-75.326701, 39.696287], [-75.325522, 39.695135], [-75.326822, 39.694111], [-75.326608, 39.690222], [-75.32442, 39.689457], [-75.321784, 39.69125], [-75.319479, 39.691221], [-75.315988, 39.691016], [-75.3149, 39.691319], [-75.314722, 39.691512], [-75.313625, 39.691784], [-75.312612, 39.691298], [-75.312198, 39.690822], [-75.310409, 39.689018], [-75.306451, 39.689532], [-75.304622, 39.687882], [-75.301543, 39.688209], [-75.297033, 39.685757], [-75.295291, 39.686149], [-75.293254, 39.684725], [-75.291989, 39.684185], [-75.291052, 39.682759], [-75.287775, 39.681496], [-75.286963, 39.680244], [-75.285999, 39.679588], [-75.28253, 39.680004], [-75.277939, 39.681168], [-75.276021, 39.680424], [-75.273274, 39.680889], [-75.27259, 39.681757], [-75.268468, 39.682263], [-75.262331, 39.681782], [-75.259442, 39.680751], [-75.258542, 39.679676], [-75.255359, 39.678755], [-75.253278, 39.679026], [-75.253018, 39.677798], [-75.251401, 39.676777], [-75.25172, 39.674378], [-75.250116, 39.672895], [-75.251042, 39.671335], [-75.250704, 39.66862], [-75.247905, 39.665208], [-75.245311, 39.664107], [-75.242893, 39.663991], [-75.240464, 39.663104], [-75.23626, 39.66268], [-75.234857, 39.661619], [-75.233453, 39.66143], [-75.230868, 39.662264], [-75.235002, 39.654632], [-75.23898, 39.650068], [-75.24028, 39.649087], [-75.241384, 39.649449], [-75.247032, 39.64078], [-75.253022, 39.642557], [-75.260425, 39.631676], [-75.252272, 39.627721], [-75.256866, 39.625116], [-75.261321, 39.623756], [-75.263219, 39.621944], [-75.268105, 39.621728], [-75.271688, 39.61827], [-75.286765, 39.588791], [-75.295316, 39.594235], [-75.296699, 39.592914], [-75.290282, 39.577301], [-75.290085, 39.575977], [-75.293027, 39.576455], [-75.29686, 39.575923], [-75.302503, 39.575935], [-75.305413, 39.578802], [-75.309496, 39.57879], [-75.315666, 39.571587], [-75.316285, 39.569719], [-75.314289, 39.568652], [-75.313234, 39.568099], [-75.317049, 39.56645], [-75.321091, 39.563202], [-75.321701, 39.562147], [-75.321786, 39.559258], [-75.325944, 39.558489], [-75.328151, 39.558604], [-75.331209, 39.557669], [-75.335296, 39.557745], [-75.337418, 39.558443], [-75.339135, 39.558651], [-75.33739, 39.559904], [-75.337079, 39.560188], [-75.339527, 39.559842], [-75.344772, 39.563269], [-75.344319, 39.564576], [-75.347129, 39.564087], [-75.34903, 39.562235], [-75.350436, 39.562445], [-75.351957, 39.563456], [-75.35771, 39.56461], [-75.360882, 39.563856], [-75.360308, 39.565241], [-75.362636, 39.564844], [-75.364119, 39.565019], [-75.366045, 39.567626], [-75.36898, 39.569294], [-75.369253, 39.570834], [-75.368836, 39.572342], [-75.368859, 39.572693], [-75.372677, 39.579289], [-75.376409, 39.584258], [-75.377973, 39.583999], [-75.383196, 39.586199], [-75.384489, 39.587189], [-75.382356, 39.588098], [-75.379466, 39.587103], [-75.378607, 39.586626], [-75.372344, 39.593433], [-75.373396, 39.5939], [-75.369932, 39.596251], [-75.367016, 39.598592], [-75.36899, 39.600649], [-75.372493, 39.597945], [-75.375854, 39.596291], [-75.379191, 39.601584], [-75.374674, 39.602503], [-75.369791, 39.602994], [-75.37111, 39.609398], [-75.370933, 39.612116], [-75.374636, 39.612027], [-75.375591, 39.612528], [-75.38091, 39.612157], [-75.381713, 39.612641], [-75.379338, 39.613177], [-75.376808, 39.61452], [-75.373316, 39.62215], [-75.373014, 39.623767], [-75.370883, 39.627299], [-75.369182, 39.628276], [-75.381715, 39.636245], [-75.383076, 39.636794], [-75.39856, 39.639273], [-75.403943, 39.638358], [-75.412605, 39.638406], [-75.41378, 39.640213], [-75.419063, 39.642434], [-75.422381, 39.645767], [-75.410747, 39.659463], [-75.409478, 39.660767], [-75.411288, 39.660477], [-75.411386, 39.659405], [-75.41446, 39.659469], [-75.417146, 39.661113], [-75.416843, 39.66263], [-75.41884, 39.664204], [-75.420437, 39.664042], [-75.420918, 39.66522], [-75.422712, 39.665546], [-75.424758, 39.664866], [-75.425213, 39.66368], [-75.428735, 39.663079], [-75.431472, 39.663847], [-75.432653, 39.663155], [-75.435946, 39.664427], [-75.437016, 39.665556], [-75.439747, 39.664446], [-75.441159, 39.665063], [-75.440484, 39.666494], [-75.438931, 39.667105], [-75.440452, 39.668034], [-75.442279, 39.667392], [-75.446615, 39.668479], [-75.445359, 39.670389], [-75.44566, 39.671262], [-75.448706, 39.672883], [-75.451301, 39.672939], [-75.451615, 39.671906], [-75.450157, 39.670543], [-75.451654, 39.669306], [-75.453158, 39.671172], [-75.455425, 39.67245], [-75.455438, 39.674936], [-75.456793, 39.675591], [-75.460483, 39.675996], [-75.463376, 39.677267], [-75.461461, 39.676733]]]}}, {"type": "Feature", "id": "08343", "properties": {"ZCTA5CE20": "08343", "GEOID20": "08343", "zip": "08343", "STUSPS": "DE"}, "geometry": {"type": "Polygon", "coordinates": [[[-75.253022, 39.642557], [-75.247032, 39.64078], [-75.241384, 39.649449], [-75.24028, 39.649087], [-75.23898, 39.650068], [-75.235002, 39.654632], [-75.230868, 39.662264], [-75.22887, 39.661941], [-75.22393, 39.663077], [-75.222475, 39.662164], [-75.2191, 39.661943], [-75.216636, 39.663404], [-75.213056, 39.664444], [-75.211623, 39.664226], [-75.210324, 39.664071], [-75.210891, 39.665488], [-75.209533, 39.66854], [-75.207845, 39.668705], [-75.199055, 39.675244], [-75.207081, 39.680204], [-75.206463, 39.684751], [-75.201281, 39.686701], [-75.197732, 39.694357], [-75.192917, 39.697632], [-75.189076, 39.690508], [-75.189463, 39.689405], [-75.184062, 39.685333], [-75.178865, 39.685063], [-75.176799, 39.686142], [-75.17689, 39.684948], [-75.17348, 39.6839], [-75.17352, 39.681795], [-75.172146, 39.679306], [-75.172771, 39.678043], [-75.171477, 39.677469], [-75.170445, 39.674159], [-75.168905, 39.673584], [-75.168834, 39.672393], [-75.158548, 39.672481], [-75.155488, 39.672765], [-75.153215, 39.674822], [-75.152502, 39.674052], [-75.149752, 39.675643], [-75.147673, 39.673296], [-75.145014, 39.673662], [-75.144153, 39.674423], [-75.142527, 39.672834], [-75.140079, 39.673344], [-75.137443, 39.673196], [-75.137193, 39.673182], [-75.131997, 39.672934], [-75.128627, 39.668361], [-75.127284, 39.665411], [-75.126646, 39.6622], [-75.126419, 39.657524], [-75.122301, 39.65628], [-75.121026, 39.662073], [-75.12071, 39.661816], [-75.119683, 39.659479], [-75.118889, 39.658721], [-75.111059, 39.655462], [-75.11103, 39.653883], [-75.10879, 39.652885], [-75.106844, 39.651007], [-75.105666, 39.648506], [-75.103273, 39.64643], [-75.101413, 39.643486], [-75.101478, 39.643044], [-75.101664, 39.64146], [-75.100316, 39.640589], [-75.101804, 39.640168], [-75.101292, 39.638903], [-75.102712, 39.638273], [-75.101836, 39.636959], [-75.106103, 39.635761], [-75.103795, 39.633669], [-75.101578, 39.632441], [-75.099551, 39.633357], [-75.097592, 39.633455], [-75.095051, 39.629932], [-75.093175, 39.626248], [-75.093024, 39.62396], [-75.091648, 39.620587], [-75.089422, 39.619804], [-75.093362, 39.615003], [-75.090835, 39.613496], [-75.090214, 39.611941], [-75.091974, 39.610324], [-75.095326, 39.610385], [-75.099866, 39.611693], [-75.102192, 39.607974], [-75.103558, 39.607516], [-75.101853, 39.604297], [-75.100154, 39.601085], [-75.105086, 39.600649], [-75.105893, 39.60039], [-75.113264, 39.599621], [-75.117625, 39.599353], [-75.125175, 39.599849], [-75.125516, 39.599731], [-75.130354, 39.599624], [-75.135923, 39.602135], [-75.1334, 39.608935], [-75.139934, 39.612891], [-75.140457, 39.612235], [-75.14941, 39.613188], [-75.151355, 39.613737], [-75.155475, 39.612206], [-75.157435, 39.612168], [-75.160269, 39.610296], [-75.161696, 39.610357], [-75.163636, 39.607726], [-75.16728, 39.606051], [-75.169559, 39.60603], [-75.173166, 39.607134], [-75.177001, 39.607717], [-75.181155, 39.609524], [-75.184528, 39.612869], [-75.188747, 39.613496], [-75.194092, 39.612558], [-75.202027, 39.609925], [-75.201715, 39.61757], [-75.205515, 39.617701], [-75.207639, 39.617245], [-75.210899, 39.617755], [-75.214199, 39.620933], [-75.22912, 39.617208], [-75.22917, 39.61698], [-75.230649, 39.617547], [-75.238119, 39.618521], [-75.241546, 39.619217], [-75.245588, 39.619072], [-75.244964, 39.620995], [-75.242197, 39.622968], [-75.252272, 39.627721], [-75.260425, 39.631676], [-75.253022, 39.642557]]]}}, {"type": "Feature", "id": "08020", "properties": {"ZCTA5CE20": "08020", "GEOID20": "08020", "zip": "08020", "STUSPS": "DE"}, "geometry": {"type": "Polygon", "coordinates": [[[-75.249884, 39.817061], [-75.242234, 39.819283], [-75.238793, 39.820537], [-75.236179, 39.819572], [-75.235451, 39.820201], [-75.233461, 39.82197], [-75.229954, 39.824282], [-75.230381, 39.823763], [-75.229336, 39.820599], [-75.22942, 39.817707], [-75.226379, 39.818497], [-75.227403, 39.816312], [-75.22201, 39.814124], [-75.223713, 39.812782], [-75.22232, 39.810189], [-75.223055, 39.809043], [-75.2206, 39.8077], [-75.217772, 39.811535], [-75.215601, 39.810858], [-75.214629, 39.808813], [-75.215861, 39.807002], [-75.217429, 39.805517], [-75.218131, 39.804862], [-75.214641, 39.802733], [-75.21291, 39.805803], [-75.210667, 39.805195], [-75.210094, 39.80508], [-75.207961, 39.801556], [-75.211072, 39.797302], [-75.208075, 39.795952], [-75.206738, 39.793889], [-75.206662, 39.793767], [-75.206556, 39.793567], [-75.206292, 39.793279], [-75.206235, 39.792909], [-75.20615, 39.792693], [-75.205815, 39.79227], [-75.205531, 39.792028], [-75.205417, 39.792014], [-75.20512, 39.791808], [-75.203455, 39.792194], [-75.202867, 39.792249], [-75.199926, 39.788262], [-75.198354, 39.788229], [-75.197683, 39.788158], [-75.197174, 39.786897], [-75.197789, 39.785685], [-75.198665, 39.783696], [-75.197347, 39.782752], [-75.197647, 39.779571], [-75.195283, 39.777278], [-75.194545, 39.774972], [-75.196293, 39.774636], [-75.207695, 39.778944], [-75.212515, 39.774215], [-75.213427, 39.774322], [-75.217094, 39.773504], [-75.221405, 39.77246], [-75.227699, 39.777485], [-75.22995, 39.7793], [-75.230689, 39.780389], [-75.225563, 39.783273], [-75.231802, 39.793901], [-75.229536, 39.795285], [-75.228497, 39.796176], [-75.23175, 39.797276], [-75.235964, 39.797935], [-75.241422, 39.799077], [-75.241522, 39.799932], [-75.242862, 39.800542], [-75.244651, 39.799673], [-75.241099, 39.802064], [-75.24497, 39.804682], [-75.245379, 39.806177], [-75.24594, 39.807221], [-75.248705, 39.808625], [-75.248895, 39.80999], [-75.245344, 39.812016], [-75.249884, 39.817061]]]}}, {"type": "Feature", "id": "19706", "properties": {"ZCTA5CE20": "19706", "GEOID20": "19706", "zip": "19706", "STUSPS": "DE"}, "geometry": {"type": "Polygon", "coordinates": [[[-75.615672, 39.581777], [-75.613682, 39.584239], [-75.599122, 39.588918], [-75.6011493716961, 39.5890415401665], [-75.598747, 39.589122], [-75.592224, 39.583568], [-75.591984, 39.583248], [-75.587744, 39.580672], [-75.5872, 39.580256], [-75.586608, 39.57888], [-75.5861893858681, 39.5785745248227], [-75.586016, 39.578448], [-75.5858382067714, 39.5783157988894], [-75.5837951450752, 39.5767966464039], [-75.5802440613529, 39.5741561790735], [-75.579670494857, 39.5737296941712], [-75.5740659209238, 39.5695623200599], [-75.571599, 39.567728], [-75.570783, 39.56728], [-75.563034, 39.56224], [-75.5641182880885, 39.5606837276848], [-75.568868, 39.560248], [-75.582273, 39.558248], [-75.582555, 39.559035], [-75.594842, 39.557547], [-75.594505, 39.557915], [-75.594715, 39.557884], [-75.593993, 39.559636], [-75.595149, 39.560646], [-75.595188, 39.560671], [-75.600602, 39.564262], [-75.603439, 39.566487], [-75.603733, 39.568387], [-75.60445, 39.569518], [-75.603079, 39.573824], [-75.602635, 39.575086], [-75.602248, 39.576232], [-75.602087, 39.576924], [-75.602034, 39.577023], [-75.606668, 39.578506], [-75.61402, 39.581582], [-75.615672, 39.581777]]]}}, {"type": "Feature", "id": "19730", "properties": {"ZCTA5CE20": "19730", "GEOID20": "19730", "zip": "19730", "STUSPS": "DE"}, "geometry": {"type": "Polygon", "coordinates": [[[-75.673784, 39.456878], [-75.67259, 39.458219], [-75.670092, 39.459794], [-75.663699, 39.46153], [-75.66141, 39.462108], [-75.658676, 39.460557], [-75.658227, 39.460299], [-75.649271, 39.455191], [-75.652004, 39.45343], [-75.655251, 39.452862], [-75.654693, 39.45251], [-75.654146, 39.451416], [-75.65439, 39.45119], [-75.653836, 39.448299], [-75.655357, 39.448531], [-75.655625, 39.448234], [-75.659462, 39.446732], [-75.65905, 39.444225], [-75.660637, 39.444939], [-75.66338, 39.444311], [-75.663435, 39.444529], [-75.664282, 39.448048], [-75.664114, 39.451025], [-75.661869, 39.451096], [-75.663916, 39.451803], [-75.663116, 39.453531], [-75.667883, 39.456676], [-75.668179, 39.457218], [-75.672806, 39.455753], [-75.674514, 39.455264], [-75.673784, 39.456878]]]}}, {"type": "Feature", "id": "19716", "properties": {"ZCTA5CE20": "19716", "GEOID20": "19716", "zip": "19716", "STUSPS": "DE"}, "geometry": {"type": "MultiPolygon", "coordinates": [[[[-75.743716, 39.676379], [-75.742552, 39.676593], [-75.735916, 39.678547], [-75.735916, 39.676624], [-75.736245, 39.675276], [-75.742592, 39.673321], [-75.741981, 39.674557], [-75.743057, 39.674528], [-75.743716, 39.676379]]], [[[-75.74969, 39.679787], [-75.749501, 39.681976], [-75.748104, 39.682089], [-75.748055, 39.681486], [-75.74785, 39.681496], [-75.747812, 39.681156], [-75.747177, 39.681151], [-75.746921, 39.67914], [-75.749739, 39.679569], [-75.74969, 39.679787]]], [[[-75.752065, 39.6684], [-75.751981, 39.668417], [-75.740473, 39.669138], [-75.738466, 39.661381], [-75.741569, 39.659993], [-75.745802, 39.658715], [-75.748237, 39.658398], [-75.751575, 39.658648], [-75.752818, 39.66714], [-75.752065, 39.6684]]], [[[-75.756261, 39.684319], [-75.754451, 39.68576], [-75.754113, 39.683002], [-75.753672, 39.683014], [-75.753552, 39.677479], [-75.754326, 39.677474], [-75.754399, 39.678994], [-75.756293, 39.679435], [-75.755756, 39.681659], [-75.75695, 39.68235], [-75.755966, 39.682964], [-75.756201, 39.683002], [-75.75731, 39.684236], [-75.756261, 39.684319]]]]}}, {"type": "Feature", "id": "08014", "properties": {"ZCTA5CE20": "08014", "GEOID20": "08014", "zip": "08014", "STUSPS": "DE"}, "geometry": {"type": "Polygon", "coordinates": [[[-75.415062, 39.801919], [-75.403737, 39.807512], [-75.3985433492413, 39.8105807429678], [-75.390536, 39.815312], [-75.3897644561244, 39.8158194589417], [-75.3787914967845, 39.8230365810144], [-75.3763810059088, 39.8246220062736], [-75.3748849805073, 39.8256059703631], [-75.371835, 39.827612], [-75.3712256024178, 39.828042091038], [-75.36367878734, 39.8333683634517], [-75.3605843007016, 39.8355523415467], [-75.3558686383284, 39.8388804875462], [-75.3544, 39.839917], [-75.3456553187033, 39.844183795425], [-75.345184, 39.842756], [-75.335494, 39.830575], [-75.334509, 39.831126], [-75.334404, 39.831009], [-75.336955, 39.829441], [-75.342696, 39.826807], [-75.343754, 39.828529], [-75.346274, 39.827224], [-75.347825, 39.827391], [-75.344031, 39.824138], [-75.339199, 39.818581], [-75.341171, 39.816053], [-75.340537, 39.812987], [-75.339249, 39.813048], [-75.337579, 39.809321], [-75.336201, 39.807336], [-75.340439, 39.806176], [-75.340127, 39.8031], [-75.341504, 39.803146], [-75.341453, 39.80288], [-75.339022, 39.802882], [-75.338711, 39.800635], [-75.339641, 39.799558], [-75.347396, 39.799155], [-75.347195, 39.798115], [-75.345384, 39.793876], [-75.341335, 39.783509], [-75.339639, 39.778476], [-75.348261, 39.771539], [-75.349854, 39.772386], [-75.350618, 39.773599], [-75.351643, 39.772684], [-75.354495, 39.773704], [-75.355208, 39.776904], [-75.353547, 39.77782], [-75.3534, 39.778755], [-75.350022, 39.78164], [-75.350273, 39.783275], [-75.351306, 39.783856], [-75.353, 39.783407], [-75.356039, 39.785338], [-75.354993, 39.788075], [-75.356273, 39.789544], [-75.354009, 39.791186], [-75.353017, 39.792732], [-75.354569, 39.794036], [-75.356538, 39.793983], [-75.357771, 39.792227], [-75.358779, 39.793766], [-75.354343, 39.797192], [-75.354024, 39.798391], [-75.35531, 39.800443], [-75.355323, 39.801153], [-75.356025, 39.800819], [-75.35569, 39.803067], [-75.360593, 39.803466], [-75.361787, 39.805206], [-75.364321, 39.806941], [-75.366684, 39.807529], [-75.371066, 39.806992], [-75.378239, 39.807622], [-75.380875, 39.807397], [-75.388977, 39.801699], [-75.390044, 39.801249], [-75.391038, 39.798529], [-75.395872, 39.799756], [-75.403553, 39.796874], [-75.404274, 39.795567], [-75.4054892080789, 39.7963685705255], [-75.405414, 39.796396], [-75.415062, 39.801919]]]}}, {"type": "Feature", "id": "08312", "properties": {"ZCTA5CE20": "08312", "GEOID20": "08312", "zip": "08312", "STUSPS": "DE"}, "geometry": {"type": "Polygon", "coordinates": [[[-75.121026, 39.662073], [-75.104098, 39.66251], [-75.102173, 39.662544], [-75.103102, 39.669116], [-75.105098, 39.673933], [-75.101808, 39.674485], [-75.102428, 39.676735], [-75.097153, 39.678095], [-75.097475, 39.679294], [-75.092664, 39.679262], [-75.085401, 39.678933], [-75.068943, 39.678202], [-75.065139, 39.6745], [-75.067356, 39.674264], [-75.070612, 39.672469], [-75.071685, 39.670811], [-75.069871, 39.668271], [-75.06759, 39.665047], [-75.067431, 39.659201], [-75.055009, 39.656462], [-75.053747, 39.673749], [-75.053492, 39.677529], [-75.04482, 39.67163], [-75.042279, 39.669897], [-75.044684, 39.665265], [-75.046204, 39.665634], [-75.049773, 39.66128], [-75.050815, 39.655959], [-75.048903, 39.655781], [-75.051611, 39.65496], [-75.066466, 39.650578], [-75.071822, 39.649001], [-75.088051, 39.644202], [-75.092295, 39.642958], [-75.099064, 39.640959], [-75.100316, 39.640589], [-75.101664, 39.64146], [-75.101478, 39.643044], [-75.101413, 39.643486], [-75.103273, 39.64643], [-75.105666, 39.648506], [-75.106844, 39.651007], [-75.10879, 39.652885], [-75.11103, 39.653883], [-75.111059, 39.655462], [-75.118889, 39.658721], [-75.119683, 39.659479], [-75.12071, 39.661816], [-75.121026, 39.662073]]]}}, {"type": "Feature", "id": "21811", "properties": {"ZCTA5CE20": "21811", "GEOID20": "21811", "zip": "21811", "STUSPS": "DE"}, "geometry": {"type": "Polygon", "coordinates": [[[-75.364432, 38.286929], [-75.360875, 38.298345], [-75.360081, 38.300856], [-75.355928, 38.313884], [-75.354931, 38.315005], [-75.349807, 38.317633], [-75.346084, 38.319375], [-75.344369, 38.319162], [-75.340959, 38.320206], [-75.339363, 38.321987], [-75.339429, 38.324649], [-75.333681, 38.32962], [-75.333222, 38.330528], [-75.330254, 38.331805], [-75.329085, 38.33073], [-75.326822, 38.330389], [-75.323205, 38.331897], [-75.318812, 38.338418], [-75.317735, 38.341812], [-75.316347, 38.343629], [-75.317387, 38.345747], [-75.314667, 38.346227], [-75.313473, 38.347876], [-75.309884, 38.349281], [-75.309984, 38.350614], [-75.307011, 38.35476], [-75.307421, 38.357005], [-75.310261, 38.356987], [-75.312233, 38.359034], [-75.313958, 38.35981], [-75.313865, 38.361737], [-75.316115, 38.365163], [-75.316292, 38.369282], [-75.315154, 38.36748], [-75.312156, 38.37303], [-75.305236, 38.37567], [-75.298255, 38.374323], [-75.28826, 38.375018], [-75.285156, 38.376303], [-75.288416, 38.378094], [-75.296049, 38.381114], [-75.295822, 38.3814], [-75.292762, 38.384272], [-75.292053, 38.387003], [-75.288451, 38.391634], [-75.286254, 38.39094], [-75.281004, 38.390982], [-75.280363, 38.390566], [-75.27935, 38.397063], [-75.279922, 38.399527], [-75.278999, 38.400927], [-75.27732, 38.401923], [-75.266502, 38.402274], [-75.258445, 38.401682], [-75.257537, 38.399397], [-75.254843, 38.399065], [-75.250793, 38.400038], [-75.248832, 38.400904], [-75.24478, 38.400996], [-75.243063, 38.399603], [-75.245368, 38.393649], [-75.231803, 38.390025], [-75.227065, 38.39329], [-75.22428, 38.394175], [-75.222322, 38.395574], [-75.219017, 38.3967], [-75.21685, 38.392088], [-75.214607, 38.391459], [-75.213363, 38.383921], [-75.212142, 38.38539], [-75.208885, 38.387083], [-75.208159, 38.388129], [-75.210449, 38.390185], [-75.209999, 38.391863], [-75.207282, 38.394377], [-75.205222, 38.394823], [-75.204671, 38.393964], [-75.204406, 38.392592], [-75.203686, 38.392371], [-75.204887, 38.395396], [-75.202475, 38.398859], [-75.200569, 38.400065], [-75.197639, 38.399706], [-75.196356, 38.401446], [-75.196327, 38.401934], [-75.195594, 38.402903], [-75.196165, 38.405116], [-75.195632, 38.405749], [-75.184744, 38.406683], [-75.176147, 38.407023], [-75.172058, 38.408007], [-75.167068, 38.409136], [-75.161041, 38.409502], [-75.149932, 38.406687], [-75.144788, 38.404885], [-75.138464, 38.40267], [-75.124625, 38.397009], [-75.116264, 38.390048], [-75.109275, 38.384379], [-75.106558, 38.382296], [-75.115951, 38.377562], [-75.11766, 38.376307], [-75.122344, 38.371359], [-75.124625, 38.369051], [-75.124625, 38.36804], [-75.127166, 38.364909], [-75.13141, 38.360378], [-75.131462, 38.360322], [-75.133343, 38.358692], [-75.133956, 38.358309], [-75.130928, 38.354479], [-75.129454, 38.352171], [-75.128181, 38.340998], [-75.129691, 38.339144], [-75.130896, 38.339587], [-75.129012, 38.340605], [-75.129457, 38.343852], [-75.131227, 38.3429], [-75.131214, 38.341311], [-75.133209, 38.339605], [-75.135148, 38.33958], [-75.13444, 38.338472], [-75.141994, 38.337493], [-75.142035, 38.338248], [-75.146545, 38.338363], [-75.146903, 38.337634], [-75.14936, 38.338278], [-75.154997, 38.340773], [-75.155143, 38.340601], [-75.156099, 38.339611], [-75.155845, 38.330042], [-75.154997, 38.328406], [-75.134021, 38.328274], [-75.131194, 38.328219], [-75.124031, 38.328223], [-75.120941, 38.3282], [-75.11798, 38.328051], [-75.118415, 38.327368], [-75.114353, 38.32651], [-75.113309, 38.325648], [-75.111054, 38.325172], [-75.109485, 38.322799], [-75.109534, 38.319658], [-75.110762, 38.320284], [-75.109771, 38.31872], [-75.111434, 38.31544], [-75.109732, 38.315371], [-75.107744, 38.318042], [-75.097419, 38.326922], [-75.0931, 38.327708], [-75.092948, 38.327246], [-75.095733, 38.326605], [-75.097015, 38.325831], [-75.101356, 38.320116], [-75.105308, 38.317522], [-75.106246, 38.317618], [-75.111877, 38.310339], [-75.114151, 38.302348], [-75.117172, 38.298308], [-75.122627, 38.292548], [-75.124625, 38.29011], [-75.12696, 38.288134], [-75.127104, 38.28681], [-75.12628, 38.280455], [-75.125434, 38.277033], [-75.129699, 38.27167], [-75.139366, 38.255259], [-75.143058, 38.250113], [-75.142082, 38.250113], [-75.147781, 38.244646], [-75.150597, 38.240811], [-75.193587, 38.191339], [-75.197855, 38.191987], [-75.199897, 38.192959], [-75.199402, 38.197432], [-75.198226, 38.200884], [-75.198597, 38.209344], [-75.200516, 38.211289], [-75.202867, 38.214547], [-75.202496, 38.217513], [-75.203052, 38.218826], [-75.20311, 38.222861], [-75.201135, 38.226373], [-75.200439, 38.230067], [-75.203052, 38.232074], [-75.206129, 38.232667], [-75.209497, 38.235084], [-75.209788, 38.238048], [-75.209323, 38.239052], [-75.204097, 38.239736], [-75.202123, 38.242837], [-75.201774, 38.244844], [-75.199568, 38.24676], [-75.200089, 38.24888], [-75.200729, 38.249131], [-75.202006, 38.248994], [-75.207697, 38.245391], [-75.216524, 38.24416], [-75.219601, 38.241332], [-75.222737, 38.241013], [-75.224753, 38.241957], [-75.227806, 38.241194], [-75.228377, 38.242369], [-75.229948, 38.241785], [-75.229072, 38.244357], [-75.229796, 38.248164], [-75.231567, 38.250315], [-75.233001, 38.250655], [-75.23429, 38.252169], [-75.234, 38.254282], [-75.235519, 38.256403], [-75.237983, 38.257834], [-75.242378, 38.25891], [-75.24324, 38.259631], [-75.243537, 38.262175], [-75.244918, 38.265818], [-75.24456, 38.267699], [-75.245048, 38.270525], [-75.245803, 38.271895], [-75.248435, 38.272543], [-75.254379, 38.27891], [-75.260458, 38.282561], [-75.261801, 38.282858], [-75.263878, 38.280665], [-75.265691, 38.280803], [-75.267454, 38.279385], [-75.269515, 38.279562], [-75.271179, 38.278639], [-75.274444, 38.27793], [-75.277069, 38.278059], [-75.278854, 38.276465], [-75.279319, 38.274981], [-75.280975, 38.274924], [-75.282493, 38.276328], [-75.286056, 38.277968], [-75.287795, 38.278231], [-75.290137, 38.277888], [-75.293205, 38.276911], [-75.294876, 38.275874], [-75.298515, 38.275282], [-75.303123, 38.276465], [-75.305358, 38.275763], [-75.307295, 38.275855], [-75.311111, 38.277872], [-75.319198, 38.277792], [-75.320182, 38.274607], [-75.321807, 38.273943], [-75.322676, 38.272124], [-75.324668, 38.272227], [-75.32669, 38.270758], [-75.327788, 38.27064], [-75.329383, 38.272387], [-75.331099, 38.272913], [-75.340621, 38.271285], [-75.343741, 38.271105], [-75.345587, 38.271613], [-75.347618, 38.27323], [-75.349243, 38.273001], [-75.35099, 38.271674], [-75.353484, 38.271052], [-75.356445, 38.271578], [-75.358359, 38.271418], [-75.361381, 38.268305], [-75.361732, 38.267111], [-75.361091, 38.265326], [-75.361526, 38.263335], [-75.36309, 38.264937], [-75.364341, 38.272314], [-75.364989, 38.282404], [-75.364432, 38.286929]]]}}, {"type": "Feature", "id": "08318", "properties": {"ZCTA5CE20": "08318", "GEOID20": "08318", "zip": "08318", "STUSPS": "DE"}, "geometry": {"type": "Polygon", "coordinates": [[[-75.321786, 39.559258], [-75.321701, 39.562147], [-75.321091, 39.563202], [-75.317049, 39.56645], [-75.313234, 39.568099], [-75.314289, 39.568652], [-75.316285, 39.569719], [-75.315666, 39.571587], [-75.309496, 39.57879], [-75.305413, 39.578802], [-75.302503, 39.575935], [-75.29686, 39.575923], [-75.293027, 39.576455], [-75.290085, 39.575977], [-75.290282, 39.577301], [-75.296699, 39.592914], [-75.295316, 39.594235], [-75.286765, 39.588791], [-75.271688, 39.61827], [-75.268105, 39.621728], [-75.263219, 39.621944], [-75.261321, 39.623756], [-75.256866, 39.625116], [-75.252272, 39.627721], [-75.242197, 39.622968], [-75.244964, 39.620995], [-75.245588, 39.619072], [-75.241546, 39.619217], [-75.238119, 39.618521], [-75.230649, 39.617547], [-75.22917, 39.61698], [-75.22912, 39.617208], [-75.214199, 39.620933], [-75.210899, 39.617755], [-75.207639, 39.617245], [-75.205515, 39.617701], [-75.201715, 39.61757], [-75.202027, 39.609925], [-75.194092, 39.612558], [-75.188747, 39.613496], [-75.184528, 39.612869], [-75.181155, 39.609524], [-75.177001, 39.607717], [-75.173166, 39.607134], [-75.169559, 39.60603], [-75.16728, 39.606051], [-75.163636, 39.607726], [-75.161696, 39.610357], [-75.160269, 39.610296], [-75.157435, 39.612168], [-75.155475, 39.612206], [-75.151355, 39.613737], [-75.14941, 39.613188], [-75.140457, 39.612235], [-75.139934, 39.612891], [-75.1334, 39.608935], [-75.135923, 39.602135], [-75.137986, 39.596819], [-75.112828, 39.593091], [-75.093396, 39.588372], [-75.087081, 39.586835], [-75.086167, 39.586166], [-75.077054, 39.579384], [-75.064086, 39.570308], [-75.063116, 39.569629], [-75.061854, 39.568746], [-75.063326, 39.565397], [-75.066286, 39.560475], [-75.065917, 39.558511], [-75.066661, 39.556226], [-75.067942, 39.555519], [-75.069871, 39.553119], [-75.07158, 39.548629], [-75.072546, 39.548604], [-75.074087, 39.54609], [-75.074457, 39.544564], [-75.073272, 39.543586], [-75.071024, 39.540091], [-75.072138, 39.537571], [-75.07143, 39.536384], [-75.072641, 39.536075], [-75.072253, 39.53263], [-75.071063, 39.532445], [-75.072426, 39.530598], [-75.071992, 39.529146], [-75.07355, 39.527447], [-75.072298, 39.524329], [-75.072197, 39.523857], [-75.072891, 39.522062], [-75.074712, 39.520157], [-75.075658, 39.518892], [-75.075076, 39.517381], [-75.075451, 39.515123], [-75.077141, 39.51426], [-75.076715, 39.51328], [-75.078015, 39.511984], [-75.077151, 39.511104], [-75.077804, 39.509919], [-75.076642, 39.507825], [-75.077995, 39.506778], [-75.077127, 39.505981], [-75.077789, 39.504227], [-75.079722, 39.500952], [-75.078377, 39.496974], [-75.076891, 39.496785], [-75.076277, 39.495637], [-75.074426, 39.493495], [-75.074107, 39.492108], [-75.074236, 39.492054], [-75.07404, 39.491711], [-75.073697, 39.491471], [-75.073835, 39.491371], [-75.074145, 39.491373], [-75.07435, 39.491397], [-75.074826, 39.491358], [-75.075099, 39.491155], [-75.075154, 39.490989], [-75.075149, 39.490827], [-75.075062, 39.490728], [-75.074829, 39.49064], [-75.074652, 39.490458], [-75.07465, 39.490211], [-75.07483, 39.489919], [-75.075019, 39.489882], [-75.075281, 39.489911], [-75.075421, 39.489733], [-75.075334, 39.489584], [-75.075142, 39.489557], [-75.074888, 39.489394], [-75.07449, 39.489393], [-75.074342, 39.489183], [-75.074623, 39.488996], [-75.075189, 39.488968], [-75.075267, 39.488854], [-75.075129, 39.488469], [-75.073296, 39.485128], [-75.07472, 39.482061], [-75.076003, 39.481342], [-75.075736, 39.479771], [-75.077328, 39.478553], [-75.077037, 39.476604], [-75.078762, 39.474036], [-75.077979, 39.473461], [-75.078687, 39.472404], [-75.080352, 39.472023], [-75.080743, 39.469584], [-75.079624, 39.468385], [-75.081222, 39.467584], [-75.081958, 39.464623], [-75.08045, 39.462331], [-75.080309, 39.460648], [-75.082683, 39.459186], [-75.083823, 39.457354], [-75.102874, 39.470113], [-75.11275, 39.476755], [-75.123914, 39.484362], [-75.128911, 39.487769], [-75.140402, 39.4956], [-75.147096, 39.501379], [-75.147777, 39.501237], [-75.14871, 39.501258], [-75.173611, 39.518213], [-75.173651, 39.518246], [-75.177991, 39.521105], [-75.178703, 39.520391], [-75.180519, 39.518145], [-75.185002, 39.514685], [-75.188852, 39.52454], [-75.188758, 39.525477], [-75.189228, 39.52552], [-75.193847, 39.525915], [-75.203542, 39.530164], [-75.206438, 39.530517], [-75.204389, 39.537722], [-75.207186, 39.539479], [-75.230159, 39.535709], [-75.229177, 39.527972], [-75.228719, 39.526205], [-75.235916, 39.523793], [-75.236921, 39.531801], [-75.257065, 39.526651], [-75.259565, 39.531997], [-75.262028, 39.529719], [-75.265121, 39.52955], [-75.267818, 39.528181], [-75.267511, 39.528976], [-75.270059, 39.531236], [-75.268926, 39.532231], [-75.268991, 39.53539], [-75.27007, 39.532573], [-75.273127, 39.533919], [-75.27344, 39.532162], [-75.276973, 39.53224], [-75.27993, 39.533603], [-75.282263, 39.535899], [-75.287788, 39.537779], [-75.289384, 39.53923], [-75.289723, 39.541927], [-75.290821, 39.542402], [-75.291584, 39.541114], [-75.292052, 39.537437], [-75.3031, 39.538848], [-75.302807, 39.541048], [-75.30456, 39.541421], [-75.304593, 39.54368], [-75.305729, 39.543627], [-75.306591, 39.546611], [-75.308071, 39.546627], [-75.310355, 39.548738], [-75.308443, 39.550041], [-75.311974, 39.553175], [-75.31397, 39.555559], [-75.317754, 39.556365], [-75.32104, 39.557632], [-75.325944, 39.558489], [-75.321786, 39.559258]]]}}, {"type": "Feature", "id": "08021", "properties": {"ZCTA5CE20": "08021", "GEOID20": "08021", "zip": "08021", "STUSPS": "DE"}, "geometry": {"type": "Polygon", "coordinates": [[[-75.054659, 39.827631], [-75.052946, 39.826809], [-75.050968, 39.828004], [-75.047194, 39.832393], [-75.044786, 39.830545], [-75.041627, 39.829573], [-75.039506, 39.829425], [-75.038314, 39.829615], [-75.034502, 39.829523], [-75.02976, 39.825308], [-75.029215, 39.823262], [-75.029098, 39.822336], [-75.027967, 39.821275], [-75.027258, 39.821542], [-75.024544, 39.821051], [-75.02296, 39.819946], [-75.01878, 39.819733], [-75.015025, 39.818949], [-75.014369, 39.820273], [-75.012177, 39.823684], [-75.011327, 39.823809], [-75.009832, 39.824242], [-75.007682, 39.824423], [-75.006257, 39.826191], [-75.005909, 39.826743], [-75.003554, 39.825872], [-74.998222, 39.82559], [-74.993669, 39.825318], [-74.993797, 39.825975], [-74.99616, 39.829695], [-75.004953, 39.834133], [-75.001456, 39.836622], [-74.997491, 39.835281], [-74.995397, 39.835202], [-74.98934, 39.834131], [-74.985775, 39.834159], [-74.982727, 39.830353], [-74.982348, 39.829782], [-74.980046, 39.827124], [-74.976534, 39.826212], [-74.974265, 39.82724], [-74.973536, 39.827125], [-74.969851, 39.826788], [-74.968184, 39.825976], [-74.966718, 39.821777], [-74.966338, 39.820945], [-74.961719, 39.820921], [-74.957969, 39.817589], [-74.957138, 39.816851], [-74.953808, 39.813892], [-74.957109, 39.810002], [-74.957651, 39.809363], [-74.966126, 39.799741], [-74.966113, 39.799726], [-74.964661, 39.7985], [-74.969614, 39.796305], [-74.971591, 39.792445], [-74.974132, 39.793693], [-74.974376, 39.793359], [-74.969136, 39.790431], [-74.957556, 39.781451], [-74.958919, 39.780288], [-74.961353, 39.781986], [-74.964436, 39.780209], [-74.966084, 39.780794], [-74.96954, 39.778062], [-74.970705, 39.777], [-74.963868, 39.776357], [-74.963787, 39.77329], [-74.966774, 39.774942], [-74.974064, 39.774206], [-74.974038, 39.772686], [-74.971445, 39.771373], [-74.966994, 39.768332], [-74.968117, 39.767365], [-74.96844, 39.767092], [-74.97272, 39.771519], [-74.978647, 39.774691], [-74.98144, 39.77681], [-74.986634, 39.778239], [-74.98747, 39.778306], [-74.9973, 39.779428], [-75.003246, 39.780154], [-75.008019, 39.779617], [-75.008367, 39.780958], [-75.010625, 39.785203], [-75.010715, 39.785392], [-75.014025, 39.79514], [-75.01662, 39.797032], [-75.019421, 39.797542], [-75.021543, 39.796946], [-75.023482, 39.792427], [-75.020933, 39.792615], [-75.022101, 39.790118], [-75.023411, 39.790771], [-75.028474, 39.791608], [-75.029897, 39.789587], [-75.033721, 39.791723], [-75.037572, 39.793799], [-75.039189, 39.796875], [-75.04252, 39.803255], [-75.044735, 39.807493], [-75.045621, 39.809166], [-75.047994, 39.813669], [-75.047332, 39.816616], [-75.050818, 39.819328], [-75.050943, 39.819329], [-75.051672, 39.820721], [-75.054836, 39.826865], [-75.054659, 39.827631]]]}}, {"type": "Feature", "id": "08067", "properties": {"ZCTA5CE20": "08067", "GEOID20": "08067", "zip": "08067", "STUSPS": "DE"}, "geometry": {"type": "Polygon", "coordinates": [[[-75.46355, 39.757014], [-75.463921, 39.760763], [-75.459439, 39.765813], [-75.452339, 39.769013], [-75.449295, 39.774436], [-75.450212, 39.774761], [-75.450688, 39.775064], [-75.4383, 39.784402], [-75.4054892080789, 39.7963685705255], [-75.404274, 39.795567], [-75.407687, 39.794088], [-75.411302, 39.793538], [-75.413018, 39.792357], [-75.4156, 39.791477], [-75.419329, 39.789725], [-75.421683, 39.787303], [-75.428302, 39.784373], [-75.429061, 39.78382], [-75.424715, 39.783881], [-75.420792, 39.784631], [-75.417398, 39.785626], [-75.41351, 39.785011], [-75.411476, 39.785725], [-75.409172, 39.787749], [-75.407517, 39.78724], [-75.406774, 39.784854], [-75.406423, 39.783378], [-75.407993, 39.782034], [-75.407787, 39.781208], [-75.405928, 39.781122], [-75.404011, 39.782874], [-75.402481, 39.78258], [-75.400168, 39.778433], [-75.400859, 39.776274], [-75.400521, 39.773578], [-75.399378, 39.772565], [-75.397928, 39.772945], [-75.396601, 39.774141], [-75.394998, 39.773846], [-75.395215, 39.772609], [-75.397367, 39.769234], [-75.400232, 39.767827], [-75.40165, 39.767883], [-75.403278, 39.770037], [-75.404922, 39.769043], [-75.405016, 39.766363], [-75.405959, 39.763484], [-75.403204, 39.761253], [-75.399585, 39.761465], [-75.399591, 39.758717], [-75.39782, 39.757473], [-75.396577, 39.761281], [-75.389947, 39.76051], [-75.389659, 39.759918], [-75.391337, 39.759386], [-75.392749, 39.757975], [-75.389334, 39.756416], [-75.39117, 39.755309], [-75.394312, 39.755553], [-75.395129, 39.754343], [-75.394662, 39.753117], [-75.391839, 39.750008], [-75.390673, 39.750075], [-75.390106, 39.75185], [-75.388124, 39.752411], [-75.38865, 39.750971], [-75.386366, 39.750837], [-75.387259, 39.749505], [-75.385847, 39.746969], [-75.383985, 39.746977], [-75.383135, 39.745784], [-75.381165, 39.746795], [-75.381343, 39.747969], [-75.379961, 39.748121], [-75.378627, 39.74703], [-75.378228, 39.74587], [-75.376758, 39.744944], [-75.377618, 39.743044], [-75.376699, 39.741723], [-75.37765, 39.740363], [-75.375081, 39.740289], [-75.37735, 39.739055], [-75.377, 39.738024], [-75.374809, 39.737154], [-75.374102, 39.735374], [-75.375298, 39.734002], [-75.37563, 39.73189], [-75.377541, 39.731701], [-75.377964, 39.730462], [-75.375795, 39.729966], [-75.3747, 39.728406], [-75.376342, 39.728534], [-75.376589, 39.726421], [-75.374971, 39.726398], [-75.375263, 39.725329], [-75.372951, 39.724028], [-75.372342, 39.724774], [-75.370445, 39.723177], [-75.369458, 39.723364], [-75.37554, 39.716013], [-75.370849, 39.707973], [-75.370671, 39.707756], [-75.369949, 39.7072], [-75.36712, 39.705635], [-75.377171, 39.694796], [-75.389367, 39.681624], [-75.396839, 39.685386], [-75.401062, 39.691351], [-75.404427, 39.68949], [-75.408651, 39.689617], [-75.411526, 39.693395], [-75.405357, 39.696038], [-75.41068, 39.701836], [-75.413297, 39.704163], [-75.429711, 39.713298], [-75.433168, 39.716677], [-75.438583, 39.72208], [-75.441954, 39.728505], [-75.450358, 39.744296], [-75.451025, 39.744768], [-75.453223, 39.745762], [-75.44871, 39.749469], [-75.45063, 39.750785], [-75.455628, 39.754319], [-75.457691, 39.752592], [-75.460901, 39.752256], [-75.4645850399634, 39.7546191039009], [-75.46355, 39.757014]]]}}, {"type": "Feature", "id": "19702", "properties": {"ZCTA5CE20": "19702", "GEOID20": "19702", "zip": "19702", "STUSPS": "DE"}, "geometry": {"type": "Polygon", "coordinates": [[[-75.7875417024712, 39.6390306427924], [-75.783756, 39.639433], [-75.763974, 39.645498], [-75.762193, 39.646035], [-75.760115, 39.64657], [-75.758787, 39.6468], [-75.757101, 39.646975], [-75.746325, 39.647025], [-75.746086, 39.647022], [-75.742455, 39.647068], [-75.742322, 39.646663], [-75.742307, 39.644636], [-75.740995, 39.643343], [-75.735433, 39.641257], [-75.73305, 39.641354], [-75.731705, 39.641702], [-75.73492, 39.6481], [-75.732038, 39.648676], [-75.706728, 39.653787], [-75.703752, 39.654615], [-75.701117, 39.655684], [-75.696917, 39.658182], [-75.690908, 39.66116], [-75.690413, 39.661475], [-75.68861, 39.662973], [-75.684596, 39.666917], [-75.681952, 39.668402], [-75.675124, 39.672028], [-75.665979, 39.679234], [-75.660166, 39.68237], [-75.656469, 39.683743], [-75.656396, 39.684012], [-75.645818, 39.687377], [-75.62259, 39.694655], [-75.620991, 39.69118], [-75.624526, 39.688293], [-75.628626, 39.687957], [-75.629879, 39.684908], [-75.632762, 39.68487], [-75.633828, 39.684002], [-75.630756, 39.682122], [-75.631673, 39.680131], [-75.633916, 39.678216], [-75.635611, 39.679053], [-75.635006, 39.68081], [-75.637171, 39.681008], [-75.63737, 39.679433], [-75.639834, 39.678438], [-75.639078, 39.677408], [-75.636949, 39.67691], [-75.63643, 39.674237], [-75.638628, 39.673813], [-75.638518, 39.672383], [-75.638974, 39.672081], [-75.642094, 39.672682], [-75.643827, 39.6699], [-75.642039, 39.666811], [-75.643759, 39.666241], [-75.64867, 39.66561], [-75.650168, 39.664862], [-75.654853, 39.665538], [-75.656773, 39.664514], [-75.656672, 39.663983], [-75.655768, 39.662934], [-75.65509, 39.660127], [-75.658724, 39.658644], [-75.662061, 39.659268], [-75.663645, 39.658353], [-75.666964, 39.657964], [-75.668883, 39.655698], [-75.669151, 39.65394], [-75.668222, 39.653377], [-75.669197, 39.650556], [-75.668353, 39.649187], [-75.665351, 39.645064], [-75.664366, 39.646217], [-75.664127, 39.646817], [-75.663097, 39.6469], [-75.662891, 39.646746], [-75.659514, 39.647262], [-75.658619, 39.647179], [-75.656984, 39.646129], [-75.657063, 39.64577], [-75.658947, 39.636882], [-75.659065, 39.636263], [-75.66007, 39.637697], [-75.663631, 39.636357], [-75.663598, 39.63615], [-75.664638, 39.635758], [-75.664884, 39.636021], [-75.665888, 39.636755], [-75.672085, 39.639699], [-75.675098, 39.643602], [-75.67631, 39.642238], [-75.677055, 39.639467], [-75.680701, 39.637585], [-75.677853, 39.633758], [-75.670646, 39.627833], [-75.668465, 39.628667], [-75.666881, 39.627985], [-75.665279, 39.62536], [-75.678831, 39.618043], [-75.681646, 39.616527], [-75.682879, 39.618093], [-75.682211, 39.619567], [-75.685016, 39.622128], [-75.689124, 39.620657], [-75.690796, 39.620045], [-75.691467, 39.620832], [-75.695332, 39.620104], [-75.696123, 39.619775], [-75.694762, 39.618795], [-75.695764, 39.618344], [-75.69775, 39.617072], [-75.702884, 39.623124], [-75.703577, 39.622551], [-75.702828, 39.622033], [-75.709092, 39.622949], [-75.712529, 39.621625], [-75.705436, 39.617087], [-75.700697, 39.614784], [-75.705006, 39.611122], [-75.707653, 39.609988], [-75.715279, 39.614768], [-75.716908, 39.614286], [-75.715379, 39.612526], [-75.714489, 39.609378], [-75.715655, 39.60924], [-75.715274, 39.608075], [-75.715395, 39.60807], [-75.723595, 39.607384], [-75.725761, 39.605625], [-75.725906, 39.603748], [-75.728111, 39.602204], [-75.737395, 39.60142], [-75.737218, 39.599025], [-75.737996, 39.597534], [-75.740164, 39.595087], [-75.740681, 39.592725], [-75.740366, 39.587502], [-75.740734, 39.587496], [-75.742309, 39.587934], [-75.752869, 39.581905], [-75.752085, 39.577656], [-75.75856, 39.576947], [-75.761932, 39.577069], [-75.764488, 39.575771], [-75.763118, 39.56207], [-75.762808, 39.561189], [-75.761318, 39.55823], [-75.75948, 39.555225], [-75.758659, 39.553622], [-75.757707, 39.551944], [-75.755627, 39.546006], [-75.753731, 39.540343], [-75.755896, 39.54023], [-75.760675, 39.539055], [-75.767947, 39.536294], [-75.774678, 39.535099], [-75.7795846104508, 39.5355374688062], [-75.7796634388864, 39.5365036098544], [-75.7800164445771, 39.5408301360074], [-75.780786, 39.550262], [-75.7824575579773, 39.5722554200252], [-75.7824600411789, 39.5722880925958], [-75.782823521373, 39.5770705606221], [-75.7831967624406, 39.5819814567326], [-75.7838422088504, 39.5904738776889], [-75.7838424502394, 39.5904770537489], [-75.7843181210524, 39.5967356628578], [-75.7850388190259, 39.6062182015777], [-75.7850538945016, 39.6064165562109], [-75.7854092147263, 39.6110916599468], [-75.7862137134778, 39.6216768021856], [-75.786216419654, 39.6217124085307], [-75.78689, 39.630575], [-75.7871896545333, 39.6342564699798], [-75.7872028393553, 39.6344184549362], [-75.78745, 39.637455], [-75.7875410026659, 39.6390186186539], [-75.7875417024712, 39.6390306427924]]]}}, {"type": "Feature", "id": "19734", "properties": {"ZCTA5CE20": "19734", "GEOID20": "19734", "zip": "19734", "STUSPS": "DE"}, "geometry": {"type": "Polygon", "coordinates": [[[-75.767981329647, 39.3933247533183], [-75.760982, 39.395789], [-75.755902, 39.398033], [-75.753921, 39.399987], [-75.749789, 39.408411], [-75.741337, 39.406042], [-75.736694, 39.403045], [-75.734459, 39.406386], [-75.73349, 39.407861], [-75.733313, 39.407983], [-75.730614, 39.409069], [-75.729122, 39.409722], [-75.728961, 39.409792], [-75.719835, 39.413658], [-75.727261, 39.424113], [-75.727698, 39.425418], [-75.725136, 39.426049], [-75.725783, 39.426661], [-75.725271, 39.426983], [-75.724651, 39.426338], [-75.720147, 39.429366], [-75.717018, 39.433089], [-75.716927, 39.432833], [-75.71539, 39.430006], [-75.711945, 39.427684], [-75.709902, 39.429485], [-75.709881, 39.430556], [-75.709593, 39.431005], [-75.706596, 39.433379], [-75.70627, 39.433951], [-75.701482, 39.436539], [-75.694371, 39.436902], [-75.693542, 39.437974], [-75.693377, 39.437978], [-75.693537, 39.437598], [-75.693682, 39.435034], [-75.695862, 39.434682], [-75.695303, 39.433242], [-75.689144, 39.431937], [-75.689219, 39.433249], [-75.687452, 39.433641], [-75.686894, 39.436098], [-75.684158, 39.436267], [-75.683132, 39.434684], [-75.682605, 39.433925], [-75.680913, 39.434375], [-75.680806, 39.437468], [-75.679364, 39.437525], [-75.678291, 39.437804], [-75.675991, 39.438407], [-75.676393, 39.438736], [-75.672981, 39.44062], [-75.672073, 39.440647], [-75.670357, 39.439541], [-75.668718, 39.439345], [-75.665516, 39.4382], [-75.666019, 39.43953], [-75.664121, 39.441715], [-75.665269, 39.442695], [-75.665005, 39.442904], [-75.672996, 39.44971], [-75.673935, 39.450897], [-75.674652, 39.452881], [-75.674744, 39.453957], [-75.674568, 39.45512], [-75.674514, 39.455264], [-75.672806, 39.455753], [-75.668179, 39.457218], [-75.667883, 39.456676], [-75.663116, 39.453531], [-75.663916, 39.451803], [-75.661869, 39.451096], [-75.664114, 39.451025], [-75.664282, 39.448048], [-75.663435, 39.444529], [-75.66338, 39.444311], [-75.660637, 39.444939], [-75.65905, 39.444225], [-75.659462, 39.446732], [-75.655625, 39.448234], [-75.649971, 39.442863], [-75.644793, 39.440489], [-75.643816, 39.440946], [-75.643971, 39.439841], [-75.643707, 39.439755], [-75.641311, 39.438273], [-75.637354, 39.441001], [-75.637882, 39.439181], [-75.634991, 39.436654], [-75.633718, 39.434413], [-75.628202, 39.437311], [-75.62435, 39.43615], [-75.617595, 39.432812], [-75.614822, 39.434327], [-75.612663, 39.434865], [-75.611303, 39.437927], [-75.608678, 39.439793], [-75.607181, 39.442181], [-75.606436, 39.445271], [-75.603391, 39.446029], [-75.602032, 39.447367], [-75.600761, 39.446539], [-75.599505, 39.446587], [-75.597169, 39.447962], [-75.595452, 39.445182], [-75.59173, 39.445005], [-75.59008, 39.445687], [-75.590073, 39.447527], [-75.585858, 39.448182], [-75.583186, 39.445947], [-75.587698, 39.442139], [-75.584326, 39.442574], [-75.587379, 39.442403], [-75.582797, 39.446035], [-75.579434, 39.447601], [-75.58, 39.449258], [-75.5795930686755, 39.4494326149262], [-75.578914, 39.44788], [-75.573077, 39.445373], [-75.570985, 39.442486], [-75.5714550448173, 39.4404895611251], [-75.57183, 39.438897], [-75.55589, 39.430351], [-75.538512, 39.416502], [-75.535977, 39.409384], [-75.523583, 39.391583], [-75.521682, 39.387871], [-75.521263, 39.381654], [-75.515797, 39.378347], [-75.512996, 39.366153], [-75.5123720823948, 39.3656561384634], [-75.515975, 39.364363], [-75.516897, 39.360988], [-75.519628, 39.360066], [-75.52142, 39.358607], [-75.523254, 39.359712], [-75.525877, 39.359642], [-75.528453, 39.358305], [-75.528673, 39.356782], [-75.527259, 39.354675], [-75.528696, 39.35343], [-75.531914, 39.354595], [-75.534278, 39.353332], [-75.534484, 39.351389], [-75.535849, 39.350617], [-75.53899, 39.351954], [-75.539867, 39.353887], [-75.541586, 39.354366], [-75.543263, 39.353236], [-75.544056, 39.351363], [-75.545216, 39.350763], [-75.54811, 39.351713], [-75.548131, 39.352921], [-75.549645, 39.353855], [-75.551626, 39.35394], [-75.553369, 39.35301], [-75.554683, 39.351506], [-75.553841, 39.349938], [-75.552242, 39.350157], [-75.551096, 39.349483], [-75.55104, 39.345568], [-75.551599, 39.345105], [-75.554223, 39.345404], [-75.555886, 39.346743], [-75.55619, 39.348287], [-75.557378, 39.349101], [-75.5588, 39.346549], [-75.560519, 39.345067], [-75.559982, 39.343466], [-75.557846, 39.342764], [-75.557358, 39.341501], [-75.558334, 39.33923], [-75.556813, 39.338169], [-75.558592, 39.339212], [-75.561506, 39.338806], [-75.565564, 39.338986], [-75.566284, 39.336601], [-75.569046, 39.334938], [-75.572685, 39.334839], [-75.57386, 39.333382], [-75.575295, 39.333285], [-75.579397, 39.330395], [-75.583856, 39.333502], [-75.585973, 39.335513], [-75.586485, 39.337479], [-75.583949, 39.339858], [-75.585505, 39.342066], [-75.585202, 39.346477], [-75.588068, 39.348712], [-75.58867, 39.350799], [-75.592562, 39.351798], [-75.593927, 39.350622], [-75.595351, 39.350746], [-75.591099, 39.354518], [-75.621728, 39.360718], [-75.62408, 39.359206], [-75.625513, 39.357367], [-75.625168, 39.355048], [-75.626266, 39.353956], [-75.629181, 39.354386], [-75.632671, 39.350971], [-75.631874, 39.348378], [-75.636129, 39.348934], [-75.641809, 39.35069], [-75.642305, 39.350578], [-75.644783, 39.349384], [-75.647297, 39.352559], [-75.65154, 39.357256], [-75.653316, 39.359725], [-75.654605, 39.362838], [-75.655587, 39.366954], [-75.656111, 39.365354], [-75.658341, 39.363701], [-75.661887, 39.359549], [-75.66216, 39.358361], [-75.665792, 39.360998], [-75.663715, 39.363098], [-75.666789, 39.364327], [-75.667134, 39.362712], [-75.671569, 39.355971], [-75.673837, 39.359898], [-75.675069, 39.359403], [-75.675713, 39.357299], [-75.676718, 39.356025], [-75.67756, 39.35223], [-75.679046, 39.350071], [-75.681657, 39.347704], [-75.681601, 39.346627], [-75.683461, 39.344727], [-75.683129, 39.343782], [-75.685506, 39.340926], [-75.686885, 39.338059], [-75.690478, 39.335466], [-75.691765, 39.333769], [-75.69185, 39.33256], [-75.690448, 39.332311], [-75.684967, 39.330767], [-75.68444, 39.32652], [-75.68518, 39.324214], [-75.685877, 39.322015], [-75.691334, 39.321597], [-75.69824, 39.319431], [-75.70131, 39.316359], [-75.70462, 39.314275], [-75.707075, 39.311921], [-75.708836, 39.311584], [-75.711437, 39.317194], [-75.713565, 39.318849], [-75.726495, 39.316357], [-75.73542, 39.316394], [-75.737046, 39.305824], [-75.741409, 39.304671], [-75.747984, 39.304756], [-75.749875, 39.300976], [-75.750249, 39.300614], [-75.751031, 39.300808], [-75.7604684365328, 39.3012769442242], [-75.7604691694169, 39.3012859228405], [-75.7643882360415, 39.3492986955694], [-75.765847374248, 39.3671747047822], [-75.766667, 39.377216], [-75.7666931907181, 39.377537], [-75.767981329647, 39.3933247533183]]]}}, {"type": "Feature", "id": "19967", "properties": {"ZCTA5CE20": "19967", "GEOID20": "19967", "zip": "19967", "STUSPS": "DE"}, "geometry": {"type": "Polygon", "coordinates": [[[-75.135591, 38.527518], [-75.125761, 38.52742], [-75.125846, 38.530211], [-75.128239, 38.533801], [-75.128871, 38.533014], [-75.132537, 38.532212], [-75.13194, 38.537458], [-75.127732, 38.539835], [-75.128166, 38.53979], [-75.131342, 38.541082], [-75.12814, 38.54152], [-75.128179, 38.542468], [-75.131351, 38.542426], [-75.131335, 38.547848], [-75.125351, 38.548333], [-75.125938, 38.549199], [-75.125932, 38.550878], [-75.123293, 38.549749], [-75.123374, 38.551443], [-75.121819, 38.55118], [-75.122311, 38.5535], [-75.121513, 38.553498], [-75.121414, 38.552624], [-75.121099, 38.552454], [-75.119934, 38.55231], [-75.118433, 38.552274], [-75.118266, 38.552192], [-75.115921, 38.55049], [-75.115877, 38.550123], [-75.113616, 38.549749], [-75.113546, 38.549509], [-75.112729, 38.54897], [-75.112338, 38.549101], [-75.111386, 38.548976], [-75.110596, 38.549053], [-75.109575, 38.549553], [-75.106881, 38.549844], [-75.103144, 38.551127], [-75.102576, 38.551179], [-75.103283, 38.549009], [-75.103879, 38.549124], [-75.104015, 38.548859], [-75.104272, 38.548476], [-75.104358, 38.548235], [-75.104456, 38.548049], [-75.10432, 38.547912], [-75.103725, 38.547754], [-75.103824, 38.547424], [-75.10051, 38.546749], [-75.100951, 38.545853], [-75.101874, 38.544194], [-75.102237, 38.543549], [-75.102357, 38.543385], [-75.1015, 38.542647], [-75.101812, 38.541952], [-75.102911, 38.540755], [-75.102779, 38.54202], [-75.104278, 38.542338], [-75.106545, 38.542806], [-75.10686, 38.543117], [-75.107074, 38.542915], [-75.109525, 38.543421], [-75.110131, 38.541444], [-75.116093, 38.54276], [-75.116344, 38.544129], [-75.116693, 38.543228], [-75.119969, 38.544263], [-75.120264, 38.542597], [-75.118357, 38.542651], [-75.117706, 38.540329], [-75.117623, 38.539773], [-75.116393, 38.536204], [-75.11576, 38.535318], [-75.12046, 38.532386], [-75.121038, 38.529271], [-75.119821, 38.527024], [-75.122582, 38.527067], [-75.123387, 38.523358], [-75.122901, 38.523059], [-75.123758, 38.522733], [-75.127543, 38.522124], [-75.128144, 38.523094], [-75.132037, 38.522877], [-75.134035, 38.525065], [-75.135403, 38.524749], [-75.137301, 38.525533], [-75.135591, 38.527518]]]}}, {"type": "Feature", "id": "19732", "properties": {"ZCTA5CE20": "19732", "GEOID20": "19732", "zip": "19732", "STUSPS": "DE"}, "geometry": {"type": "Polygon", "coordinates": [[[-75.588079, 39.802234], [-75.586928, 39.803942], [-75.581149, 39.809161], [-75.578422, 39.809923], [-75.576293, 39.811298], [-75.572251, 39.814684], [-75.569803, 39.817056], [-75.566294, 39.809681], [-75.566304, 39.808874], [-75.558044, 39.808865], [-75.560914, 39.806619], [-75.563584, 39.806356], [-75.565528, 39.804616], [-75.565038, 39.80033], [-75.56836, 39.798733], [-75.567752, 39.798244], [-75.562907, 39.797117], [-75.56519, 39.794673], [-75.56691, 39.788635], [-75.572927, 39.785815], [-75.575583, 39.785908], [-75.575659, 39.783998], [-75.576994, 39.784491], [-75.577303, 39.786472], [-75.579896, 39.789252], [-75.580325, 39.791683], [-75.575218, 39.795537], [-75.575071, 39.796962], [-75.582284, 39.793171], [-75.586657, 39.791571], [-75.5878, 39.790406], [-75.587981, 39.790427], [-75.585253, 39.796187], [-75.58541, 39.79746], [-75.586518, 39.798588], [-75.589224, 39.799096], [-75.588079, 39.802234]]]}}, {"type": "Feature", "id": "08322", "properties": {"ZCTA5CE20": "08322", "GEOID20": "08322", "zip": "08322", "STUSPS": "DE"}, "geometry": {"type": "Polygon", "coordinates": [[[-75.106103, 39.635761], [-75.101836, 39.636959], [-75.102712, 39.638273], [-75.101292, 39.638903], [-75.101804, 39.640168], [-75.100316, 39.640589], [-75.099064, 39.640959], [-75.092295, 39.642958], [-75.088051, 39.644202], [-75.071822, 39.649001], [-75.066466, 39.650578], [-75.051611, 39.65496], [-75.048903, 39.655781], [-75.050815, 39.655959], [-75.049773, 39.66128], [-75.046204, 39.665634], [-75.044684, 39.665265], [-75.042279, 39.669897], [-75.031669, 39.662675], [-75.018818, 39.653698], [-75.014393, 39.650611], [-75.014434, 39.648117], [-75.015083, 39.646319], [-75.015511, 39.644076], [-75.014993, 39.644663], [-75.014404, 39.642806], [-75.014446, 39.63974], [-75.01271, 39.63983], [-75.012695, 39.638127], [-75.014807, 39.638009], [-75.014784, 39.635331], [-75.016251, 39.635358], [-75.017069, 39.634412], [-75.015735, 39.634403], [-75.015766, 39.632574], [-75.012461, 39.632559], [-75.01251, 39.630701], [-75.007951, 39.630732], [-75.006463, 39.629533], [-75.00721, 39.631004], [-75.004586, 39.631187], [-75.000375, 39.633116], [-74.995206, 39.632818], [-74.990232, 39.633704], [-74.986244, 39.630886], [-74.983318, 39.628811], [-74.981967, 39.619576], [-74.979528, 39.617042], [-74.974988, 39.615408], [-74.973996, 39.616628], [-74.968008, 39.617973], [-74.959498, 39.611949], [-74.95721, 39.610339], [-74.960036, 39.610048], [-74.96177, 39.603613], [-74.964761, 39.594405], [-74.965639, 39.591397], [-74.967201, 39.589944], [-74.971779, 39.588619], [-74.970837, 39.588238], [-74.972878, 39.585478], [-74.976585, 39.586912], [-74.975827, 39.582254], [-74.984116, 39.581279], [-74.98367, 39.578684], [-74.985357, 39.578429], [-74.98505, 39.576607], [-74.986327, 39.576801], [-74.986748, 39.574131], [-74.989895, 39.574417], [-74.995471, 39.574308], [-74.999779, 39.575511], [-75.003325, 39.575212], [-75.007797, 39.578485], [-75.028907, 39.575988], [-75.030294, 39.577729], [-75.031145, 39.577553], [-75.035578, 39.578994], [-75.036525, 39.579665], [-75.040725, 39.580434], [-75.044822, 39.58008], [-75.045951, 39.579179], [-75.047717, 39.578039], [-75.049162, 39.579437], [-75.050318, 39.57871], [-75.056601, 39.586096], [-75.065112, 39.595947], [-75.067505, 39.598733], [-75.073897, 39.597325], [-75.074214, 39.597262], [-75.073685, 39.594951], [-75.072975, 39.584108], [-75.072572, 39.581265], [-75.071249, 39.577955], [-75.068718, 39.574654], [-75.064086, 39.570308], [-75.077054, 39.579384], [-75.081728, 39.585584], [-75.08185, 39.588134], [-75.080898, 39.590342], [-75.0821, 39.592049], [-75.081237, 39.593221], [-75.081589, 39.594921], [-75.082892, 39.594499], [-75.084674, 39.593931], [-75.084949, 39.592215], [-75.08995, 39.592947], [-75.089887, 39.595167], [-75.086314, 39.594663], [-75.08827, 39.596415], [-75.090485, 39.596634], [-75.089975, 39.59986], [-75.094307, 39.600757], [-75.095493, 39.60036], [-75.100154, 39.601085], [-75.101853, 39.604297], [-75.103558, 39.607516], [-75.102192, 39.607974], [-75.099866, 39.611693], [-75.095326, 39.610385], [-75.091974, 39.610324], [-75.090214, 39.611941], [-75.090835, 39.613496], [-75.093362, 39.615003], [-75.089422, 39.619804], [-75.091648, 39.620587], [-75.093024, 39.62396], [-75.093175, 39.626248], [-75.095051, 39.629932], [-75.097592, 39.633455], [-75.099551, 39.633357], [-75.101578, 39.632441], [-75.103795, 39.633669], [-75.106103, 39.635761]], [[-75.052326, 39.639031], [-75.04823, 39.636595], [-75.046254, 39.638593], [-75.042596, 39.635119], [-75.040753, 39.634661], [-75.038327, 39.634628], [-75.038724, 39.634745], [-75.041798, 39.636559], [-75.044831, 39.638261], [-75.051107, 39.644092], [-75.052326, 39.639031]], [[-75.029236, 39.631784], [-75.028112, 39.630911], [-75.019789, 39.630817], [-75.019748, 39.633391], [-75.017814, 39.633349], [-75.017779, 39.634425], [-75.029191, 39.63454], [-75.029236, 39.631784]]]}}, {"type": "Feature", "id": "19956", "properties": {"ZCTA5CE20": "19956", "GEOID20": "19956", "zip": "19956", "STUSPS": "DE"}, "geometry": {"type": "Polygon", "coordinates": [[[-75.701565, 38.560736], [-75.695581, 38.557387], [-75.693775, 38.557261], [-75.691682, 38.557597], [-75.685405, 38.563507], [-75.679428, 38.566485], [-75.676987, 38.568847], [-75.674212, 38.567444], [-75.674367, 38.565022], [-75.673616, 38.564727], [-75.669413, 38.56401], [-75.667432, 38.568157], [-75.667088, 38.569586], [-75.665444, 38.56969], [-75.662393, 38.568898], [-75.659944, 38.568881], [-75.657109, 38.570957], [-75.656123, 38.569721], [-75.652283, 38.567934], [-75.650911, 38.568148], [-75.64837, 38.569449], [-75.64653, 38.568526], [-75.644025, 38.568854], [-75.643038, 38.569645], [-75.642967, 38.571634], [-75.640463, 38.569391], [-75.638413, 38.569083], [-75.637916, 38.569775], [-75.635452, 38.570213], [-75.629996, 38.567629], [-75.631375, 38.566866], [-75.631545, 38.564927], [-75.630455, 38.563223], [-75.631176, 38.561773], [-75.628215, 38.563497], [-75.627129, 38.563302], [-75.624997, 38.564568], [-75.621472, 38.564613], [-75.620544, 38.567842], [-75.619124, 38.568848], [-75.617922, 38.568564], [-75.613733, 38.56575], [-75.613104, 38.565295], [-75.608582, 38.564345], [-75.606048, 38.565283], [-75.603378, 38.565447], [-75.60124, 38.563666], [-75.597274, 38.561483], [-75.594606, 38.561526], [-75.593023, 38.562563], [-75.591277, 38.562672], [-75.588452, 38.560722], [-75.587904, 38.560892], [-75.588294, 38.561816], [-75.588096, 38.56332], [-75.59689, 38.569061], [-75.59702, 38.574277], [-75.599757, 38.573003], [-75.604614, 38.572639], [-75.60738, 38.572143], [-75.612956, 38.572881], [-75.612817, 38.575462], [-75.616818, 38.576506], [-75.616209, 38.577584], [-75.613256, 38.580478], [-75.609612, 38.579087], [-75.592902, 38.580027], [-75.5808, 38.577969], [-75.58606, 38.585576], [-75.594263, 38.597525], [-75.596017, 38.600214], [-75.592595, 38.603154], [-75.587192, 38.602123], [-75.586057, 38.600123], [-75.586302, 38.599662], [-75.58592, 38.597941], [-75.580857, 38.599415], [-75.582077, 38.601392], [-75.577776, 38.60313], [-75.576607, 38.604465], [-75.572022, 38.608459], [-75.571309, 38.608726], [-75.555244, 38.612634], [-75.545386, 38.615337], [-75.541642, 38.622104], [-75.541587, 38.624189], [-75.541854, 38.628814], [-75.542324, 38.630152], [-75.540139, 38.628504], [-75.532408, 38.624653], [-75.531485, 38.619942], [-75.525761, 38.619657], [-75.523561, 38.618699], [-75.51973, 38.618923], [-75.517538, 38.620115], [-75.514864, 38.620517], [-75.512858, 38.620069], [-75.507399, 38.617903], [-75.505362, 38.616154], [-75.505329, 38.614916], [-75.503095, 38.610212], [-75.482165, 38.61133], [-75.482049, 38.611466], [-75.478414, 38.614654], [-75.468514, 38.613646], [-75.466711, 38.612896], [-75.445545, 38.604164], [-75.432787, 38.599817], [-75.432455, 38.599707], [-75.42733, 38.590628], [-75.429164, 38.590111], [-75.429941, 38.587793], [-75.437241, 38.583673], [-75.442966, 38.582289], [-75.445049, 38.58259], [-75.444773, 38.579995], [-75.442258, 38.576662], [-75.438905, 38.577419], [-75.434842, 38.575367], [-75.435149, 38.572614], [-75.43258, 38.573839], [-75.427332, 38.574872], [-75.423931, 38.572652], [-75.420306, 38.573498], [-75.419228, 38.576113], [-75.414901, 38.568415], [-75.409281, 38.558338], [-75.412175, 38.551198], [-75.412993, 38.548625], [-75.428323, 38.529759], [-75.429931, 38.526801], [-75.428364, 38.526496], [-75.426182, 38.526273], [-75.425744, 38.525649], [-75.428982, 38.52166], [-75.429822, 38.519919], [-75.431262, 38.518721], [-75.434815, 38.517293], [-75.432346, 38.515601], [-75.428095, 38.514766], [-75.426375, 38.513843], [-75.422263, 38.515139], [-75.419816, 38.517012], [-75.418288, 38.516732], [-75.419052, 38.515594], [-75.420317, 38.514572], [-75.408333, 38.502472], [-75.419876, 38.495647], [-75.41761, 38.493621], [-75.414206, 38.492096], [-75.409883, 38.491047], [-75.414683, 38.485523], [-75.427052, 38.477341], [-75.428256, 38.474708], [-75.428323, 38.474351], [-75.428466, 38.471156], [-75.456209, 38.480539], [-75.455039, 38.481684], [-75.453645, 38.486981], [-75.4601, 38.490618], [-75.462526, 38.491318], [-75.465778, 38.491577], [-75.466879, 38.49147], [-75.470408, 38.490201], [-75.471068, 38.4901], [-75.475386, 38.487676], [-75.47613, 38.488537], [-75.479014, 38.490051], [-75.478793, 38.492752], [-75.483246, 38.494979], [-75.497306, 38.497111], [-75.509971, 38.500245], [-75.515767, 38.497335], [-75.518203, 38.497367], [-75.518528, 38.496061], [-75.523178, 38.496797], [-75.533505, 38.499816], [-75.536486, 38.500438], [-75.538199, 38.500638], [-75.538222, 38.499328], [-75.541184, 38.48778], [-75.547799, 38.488725], [-75.552447, 38.490206], [-75.554931, 38.489106], [-75.557447, 38.489504], [-75.557592, 38.495113], [-75.559089, 38.498244], [-75.562396, 38.497821], [-75.564263, 38.498761], [-75.563828, 38.500154], [-75.567102, 38.502504], [-75.568133, 38.505796], [-75.568517, 38.506931], [-75.573017, 38.506762], [-75.572465, 38.510892], [-75.572164, 38.5149], [-75.573506, 38.516442], [-75.576135, 38.518144], [-75.576632, 38.51999], [-75.578219, 38.521006], [-75.578443, 38.518034], [-75.580568, 38.517062], [-75.579631, 38.516029], [-75.581224, 38.513672], [-75.581189, 38.51187], [-75.579098, 38.510382], [-75.576833, 38.509547], [-75.577376, 38.506346], [-75.579602, 38.506012], [-75.586447, 38.507855], [-75.588594, 38.508031], [-75.589997, 38.507061], [-75.591607, 38.503162], [-75.586029, 38.504043], [-75.585787, 38.498808], [-75.590824, 38.498994], [-75.597534, 38.499904], [-75.602145, 38.499903], [-75.602074, 38.501595], [-75.603228, 38.501059], [-75.620144, 38.495065], [-75.631414, 38.490635], [-75.631918, 38.493797], [-75.635001, 38.497703], [-75.637584, 38.49865], [-75.650944, 38.499399], [-75.652289, 38.494164], [-75.653771, 38.490957], [-75.654697, 38.489668], [-75.652408, 38.488876], [-75.654955, 38.488868], [-75.655296, 38.489595], [-75.659626, 38.490085], [-75.664092, 38.501164], [-75.670671, 38.502664], [-75.670329, 38.50489], [-75.678433, 38.507334], [-75.680747, 38.511907], [-75.680947, 38.514194], [-75.682201, 38.513425], [-75.686246, 38.518271], [-75.687998, 38.517734], [-75.690016, 38.519031], [-75.6982456038886, 38.5155057064101], [-75.698777, 38.522001], [-75.6987790001605, 38.5220305544398], [-75.7001723474568, 38.5426187017946], [-75.700179, 38.542717], [-75.7003946351682, 38.5455204127675], [-75.701565, 38.560736]]]}}, {"type": "Feature", "id": "21639", "properties": {"ZCTA5CE20": "21639", "GEOID20": "21639", "zip": "21639", "STUSPS": "DE"}, "geometry": {"type": "Polygon", "coordinates": [[[-75.862922, 38.988712], [-75.860298, 38.990825], [-75.855323, 38.991436], [-75.851074, 38.988681], [-75.845893, 38.98703], [-75.841629, 38.993541], [-75.841545, 38.994342], [-75.847122, 39.00222], [-75.84867, 39.01152], [-75.843147, 39.011749], [-75.834434, 39.009197], [-75.823455, 39.007953], [-75.822975, 39.009521], [-75.829467, 39.028217], [-75.821403, 39.029403], [-75.820373, 39.029289], [-75.819732, 39.026416], [-75.816886, 39.023258], [-75.812141, 39.015602], [-75.808082, 39.010135], [-75.807075, 39.007366], [-75.805702, 39.005603], [-75.801658, 39.004108], [-75.792419, 39.001396], [-75.792335, 39.002048], [-75.78894, 39.0009], [-75.786956, 38.999401], [-75.786102, 38.997467], [-75.781196, 38.997795], [-75.779869, 38.996143], [-75.774269, 39.001022], [-75.765563, 38.997108], [-75.76255, 38.997699], [-75.757759, 38.995464], [-75.75505, 38.996219], [-75.7358875572016, 38.995365263985], [-75.7346077439486, 38.9793246816626], [-75.7328559079955, 38.9573679869984], [-75.7328150919806, 38.9568564181065], [-75.7309204858354, 38.9331103084535], [-75.7309192614903, 38.9330949630837], [-75.735049, 38.930914], [-75.73838, 38.931134], [-75.73979, 38.931754], [-75.742233, 38.931673], [-75.748962, 38.929767], [-75.754318, 38.925872], [-75.75724, 38.924541], [-75.760139, 38.922309], [-75.764503, 38.921615], [-75.770233, 38.921051], [-75.771949, 38.921546], [-75.774246, 38.920795], [-75.776786, 38.921291], [-75.77893, 38.918582], [-75.782882, 38.917839], [-75.783691, 38.916919], [-75.786903, 38.915668], [-75.789527, 38.916133], [-75.790618, 38.914844], [-75.792488, 38.915283], [-75.791763, 38.915969], [-75.791206, 38.918689], [-75.797096, 38.91856], [-75.800193, 38.920322], [-75.805252, 38.920509], [-75.805938, 38.92451], [-75.807083, 38.926967], [-75.807777, 38.927001], [-75.812233, 38.925341], [-75.815956, 38.92575], [-75.818901, 38.924633], [-75.822998, 38.921371], [-75.826301, 38.920017], [-75.828483, 38.920837], [-75.831428, 38.918239], [-75.831596, 38.916957], [-75.829414, 38.915958], [-75.828971, 38.91341], [-75.830894, 38.911441], [-75.833625, 38.909545], [-75.836814, 38.909736], [-75.836898, 38.908863], [-75.83466, 38.907154], [-75.835591, 38.905636], [-75.836853, 38.906568], [-75.837776, 38.907646], [-75.838226, 38.907768], [-75.839088, 38.90953], [-75.836845, 38.911796], [-75.833091, 38.911304], [-75.830001, 38.913192], [-75.831794, 38.915122], [-75.83271, 38.917621], [-75.831451, 38.921184], [-75.828109, 38.923839], [-75.827789, 38.925205], [-75.829483, 38.926406], [-75.834487, 38.931625], [-75.835212, 38.933521], [-75.834289, 38.936122], [-75.83258, 38.937458], [-75.830039, 38.936763], [-75.827987, 38.937633], [-75.830177, 38.939727], [-75.830543, 38.941482], [-75.834136, 38.943416], [-75.836433, 38.943359], [-75.839256, 38.942508], [-75.846054, 38.943267], [-75.840188, 38.949393], [-75.840667, 38.955345], [-75.839492, 38.958839], [-75.844436, 38.960433], [-75.846565, 38.964031], [-75.85292, 38.968444], [-75.851013, 38.969871], [-75.85073, 38.971538], [-75.849273, 38.973358], [-75.848228, 38.978427], [-75.849906, 38.978775], [-75.851593, 38.981025], [-75.853553, 38.982288], [-75.85971, 38.983688], [-75.862739, 38.985893], [-75.862922, 38.988712]]]}}, {"type": "Feature", "id": "19947", "properties": {"ZCTA5CE20": "19947", "GEOID20": "19947", "zip": "19947", "STUSPS": "DE"}, "geometry": {"type": "Polygon", "coordinates": [[[-75.537508, 38.678515], [-75.533557, 38.678442], [-75.533417, 38.680713], [-75.531458, 38.685664], [-75.531308, 38.690974], [-75.530222, 38.69127], [-75.530354, 38.692908], [-75.531762, 38.694798], [-75.52921, 38.696698], [-75.530128, 38.698176], [-75.529938, 38.699829], [-75.528373, 38.701664], [-75.529186, 38.703669], [-75.527341, 38.706426], [-75.524711, 38.707403], [-75.52265, 38.707463], [-75.5211, 38.708381], [-75.51989, 38.710438], [-75.516864, 38.711839], [-75.514046, 38.712585], [-75.510637, 38.71265], [-75.506196, 38.713641], [-75.502922, 38.716021], [-75.500713, 38.716851], [-75.496251, 38.719382], [-75.493406, 38.72047], [-75.491765, 38.72351], [-75.489869, 38.724168], [-75.488243, 38.725534], [-75.486184, 38.726324], [-75.485112, 38.728461], [-75.483935, 38.729615], [-75.482275, 38.732868], [-75.481885, 38.736964], [-75.481142, 38.738725], [-75.474705, 38.74116], [-75.469867, 38.746447], [-75.466229, 38.747343], [-75.46051, 38.749827], [-75.458167, 38.753005], [-75.459122, 38.754636], [-75.457306, 38.757663], [-75.456513, 38.75829], [-75.450401, 38.759417], [-75.445486, 38.759616], [-75.439557, 38.761402], [-75.433732, 38.762593], [-75.424459, 38.761985], [-75.418614, 38.762098], [-75.418632, 38.763849], [-75.416298, 38.765847], [-75.414911, 38.768183], [-75.410558, 38.771102], [-75.406892, 38.772934], [-75.405034, 38.773597], [-75.399863, 38.775876], [-75.399662, 38.771618], [-75.399298, 38.77047], [-75.399988, 38.765163], [-75.398909, 38.763048], [-75.3983, 38.760158], [-75.398407, 38.757769], [-75.399144, 38.75595], [-75.403018, 38.75321], [-75.405393, 38.753501], [-75.405202, 38.751289], [-75.395682, 38.750203], [-75.391277, 38.748996], [-75.380751, 38.749555], [-75.37262, 38.753656], [-75.370807, 38.75395], [-75.355172, 38.750362], [-75.355329, 38.750148], [-75.358099, 38.744954], [-75.360388, 38.740482], [-75.360331, 38.736468], [-75.357873, 38.73556], [-75.355734, 38.736314], [-75.353266, 38.736694], [-75.351744, 38.73737], [-75.350214, 38.735651], [-75.358335, 38.733658], [-75.359155, 38.732096], [-75.360189, 38.732145], [-75.362046, 38.72609], [-75.362341, 38.722613], [-75.323944, 38.735242], [-75.322481, 38.731552], [-75.315763, 38.729843], [-75.292523, 38.734398], [-75.287348, 38.724509], [-75.288924, 38.72263], [-75.291778, 38.721718], [-75.29167, 38.718514], [-75.293063, 38.716472], [-75.292194, 38.714851], [-75.293261, 38.711391], [-75.294327, 38.709468], [-75.293151, 38.707927], [-75.295395, 38.706738], [-75.296216, 38.700315], [-75.302487, 38.700238], [-75.30326, 38.702874], [-75.308657, 38.701606], [-75.310457, 38.699439], [-75.308378, 38.699671], [-75.307557, 38.697007], [-75.302998, 38.697568], [-75.302877, 38.694931], [-75.295362, 38.68908], [-75.293747, 38.687192], [-75.284886, 38.691361], [-75.275, 38.692763], [-75.26962, 38.684618], [-75.260609, 38.680317], [-75.258324, 38.6772], [-75.25574, 38.676486], [-75.249719, 38.677839], [-75.250143, 38.674968], [-75.25704, 38.673699], [-75.257662, 38.674455], [-75.253519, 38.656463], [-75.25475, 38.653508], [-75.258591, 38.647896], [-75.259821, 38.645335], [-75.264758, 38.639272], [-75.268232, 38.636352], [-75.269052, 38.639502], [-75.272562, 38.641728], [-75.277852, 38.648636], [-75.287291, 38.646897], [-75.297444, 38.647058], [-75.297951, 38.646249], [-75.30278, 38.645459], [-75.305957, 38.636853], [-75.314284, 38.637679], [-75.315164, 38.638534], [-75.315962, 38.638587], [-75.316184, 38.636728], [-75.315603, 38.63541], [-75.316443, 38.634548], [-75.313844, 38.632476], [-75.31369, 38.630301], [-75.311792, 38.628939], [-75.311968, 38.627779], [-75.310448, 38.625], [-75.3104, 38.62209], [-75.309048, 38.6207], [-75.305032, 38.618119], [-75.305318, 38.616134], [-75.300055, 38.612597], [-75.298084, 38.610006], [-75.298128, 38.607536], [-75.29695, 38.60672], [-75.29767, 38.60572], [-75.300094, 38.604625], [-75.296174, 38.60307], [-75.2977, 38.602461], [-75.300963, 38.601829], [-75.303266, 38.604505], [-75.305381, 38.603484], [-75.306331, 38.604235], [-75.307389, 38.603438], [-75.309708, 38.604016], [-75.313287, 38.608346], [-75.314741, 38.610492], [-75.31545, 38.611516], [-75.320537, 38.622673], [-75.324569, 38.621491], [-75.335261, 38.618314], [-75.332596, 38.615209], [-75.335635, 38.614759], [-75.337477, 38.615325], [-75.339584, 38.61428], [-75.341971, 38.612346], [-75.346229, 38.613345], [-75.347594, 38.612971], [-75.350744, 38.611113], [-75.353145, 38.610914], [-75.353824, 38.610238], [-75.357491, 38.609672], [-75.357157, 38.606198], [-75.357575, 38.605882], [-75.358477, 38.605126], [-75.35943, 38.603014], [-75.360321, 38.600988], [-75.364241, 38.591165], [-75.364291, 38.590616], [-75.362904, 38.585434], [-75.36377, 38.584296], [-75.364924, 38.585232], [-75.368494, 38.586318], [-75.375004, 38.586051], [-75.376774, 38.586855], [-75.385686, 38.584019], [-75.387282, 38.58234], [-75.389328, 38.580395], [-75.390581, 38.579829], [-75.391373, 38.578198], [-75.393312, 38.57704], [-75.392882, 38.575449], [-75.39867, 38.575393], [-75.398286, 38.570655], [-75.414901, 38.568415], [-75.419228, 38.576113], [-75.420306, 38.573498], [-75.423931, 38.572652], [-75.427332, 38.574872], [-75.43258, 38.573839], [-75.435149, 38.572614], [-75.434842, 38.575367], [-75.438905, 38.577419], [-75.442258, 38.576662], [-75.444773, 38.579995], [-75.445049, 38.58259], [-75.442966, 38.582289], [-75.437241, 38.583673], [-75.429941, 38.587793], [-75.429164, 38.590111], [-75.42733, 38.590628], [-75.432455, 38.599707], [-75.432787, 38.599817], [-75.445545, 38.604164], [-75.466711, 38.612896], [-75.458539, 38.616586], [-75.454775, 38.617839], [-75.458507, 38.617534], [-75.462107, 38.619478], [-75.469007, 38.624464], [-75.470804, 38.626366], [-75.47332, 38.625843], [-75.473105, 38.626596], [-75.471249, 38.631849], [-75.465628, 38.635714], [-75.459091, 38.644537], [-75.467538, 38.647254], [-75.468678, 38.649184], [-75.468443, 38.650277], [-75.469248, 38.650168], [-75.472021, 38.64764], [-75.472587, 38.64503], [-75.474078, 38.642761], [-75.475129, 38.642217], [-75.479527, 38.641199], [-75.481706, 38.642011], [-75.485699, 38.642279], [-75.487869, 38.640904], [-75.490943, 38.639623], [-75.494527, 38.636325], [-75.495683, 38.636297], [-75.497937, 38.635467], [-75.498961, 38.63629], [-75.498016, 38.637812], [-75.499418, 38.639218], [-75.502269, 38.639533], [-75.503221, 38.640209], [-75.502884, 38.641697], [-75.505398, 38.642133], [-75.506342, 38.644166], [-75.509515, 38.644733], [-75.511902, 38.646393], [-75.514584, 38.647707], [-75.515963, 38.649916], [-75.517153, 38.65068], [-75.520859, 38.650665], [-75.524486, 38.654605], [-75.523343, 38.656813], [-75.525241, 38.658676], [-75.521458, 38.657834], [-75.520077, 38.658586], [-75.519178, 38.661575], [-75.51721, 38.661118], [-75.515696, 38.662057], [-75.514568, 38.665908], [-75.517966, 38.667353], [-75.519877, 38.667504], [-75.522718, 38.668931], [-75.531675, 38.670792], [-75.533706, 38.669059], [-75.530435, 38.66817], [-75.531101, 38.666205], [-75.537617, 38.665776], [-75.535836, 38.669886], [-75.538002, 38.670688], [-75.537508, 38.678515]]]}}, {"type": "Feature", "id": "19701", "properties": {"ZCTA5CE20": "19701", "GEOID20": "19701", "zip": "19701", "STUSPS": "DE"}, "geometry": {"type": "MultiPolygon", "coordinates": [[[[-75.64514, 39.65185], [-75.6426, 39.653304], [-75.641632, 39.652869], [-75.642323, 39.652047], [-75.644899, 39.651458], [-75.64514, 39.65185]]], [[[-75.764488, 39.575771], [-75.761932, 39.577069], [-75.75856, 39.576947], [-75.752085, 39.577656], [-75.752869, 39.581905], [-75.742309, 39.587934], [-75.740734, 39.587496], [-75.740366, 39.587502], [-75.740681, 39.592725], [-75.740164, 39.595087], [-75.737996, 39.597534], [-75.737218, 39.599025], [-75.737395, 39.60142], [-75.728111, 39.602204], [-75.725906, 39.603748], [-75.725761, 39.605625], [-75.723595, 39.607384], [-75.715395, 39.60807], [-75.715274, 39.608075], [-75.715655, 39.60924], [-75.714489, 39.609378], [-75.715379, 39.612526], [-75.716908, 39.614286], [-75.715279, 39.614768], [-75.707653, 39.609988], [-75.705006, 39.611122], [-75.700697, 39.614784], [-75.705436, 39.617087], [-75.712529, 39.621625], [-75.709092, 39.622949], [-75.702828, 39.622033], [-75.703577, 39.622551], [-75.702884, 39.623124], [-75.69775, 39.617072], [-75.695764, 39.618344], [-75.694762, 39.618795], [-75.696123, 39.619775], [-75.695332, 39.620104], [-75.691467, 39.620832], [-75.690796, 39.620045], [-75.689124, 39.620657], [-75.685016, 39.622128], [-75.682211, 39.619567], [-75.682879, 39.618093], [-75.681646, 39.616527], [-75.678831, 39.618043], [-75.665279, 39.62536], [-75.666881, 39.627985], [-75.668465, 39.628667], [-75.670646, 39.627833], [-75.677853, 39.633758], [-75.680701, 39.637585], [-75.677055, 39.639467], [-75.67631, 39.642238], [-75.675098, 39.643602], [-75.672085, 39.639699], [-75.665888, 39.636755], [-75.664884, 39.636021], [-75.664638, 39.635758], [-75.663598, 39.63615], [-75.663631, 39.636357], [-75.66007, 39.637697], [-75.659065, 39.636263], [-75.658947, 39.636882], [-75.657063, 39.64577], [-75.656984, 39.646129], [-75.658619, 39.647179], [-75.659514, 39.647262], [-75.662891, 39.646746], [-75.663097, 39.6469], [-75.664127, 39.646817], [-75.664366, 39.646217], [-75.665351, 39.645064], [-75.668353, 39.649187], [-75.669197, 39.650556], [-75.668222, 39.653377], [-75.669151, 39.65394], [-75.668883, 39.655698], [-75.666964, 39.657964], [-75.663645, 39.658353], [-75.662061, 39.659268], [-75.658724, 39.658644], [-75.65509, 39.660127], [-75.655039, 39.659989], [-75.652706, 39.661096], [-75.652497, 39.661188], [-75.650938, 39.655374], [-75.649948, 39.655142], [-75.649364, 39.654946], [-75.646899, 39.653411], [-75.644606, 39.649963], [-75.641607, 39.6487], [-75.634043, 39.647594], [-75.633819, 39.647449], [-75.632443, 39.645326], [-75.640521, 39.639098], [-75.643608, 39.637116], [-75.651709, 39.632714], [-75.6531, 39.631961], [-75.653077, 39.631805], [-75.6576, 39.629261], [-75.65699, 39.628666], [-75.651188, 39.625557], [-75.650957, 39.624176], [-75.655592, 39.619402], [-75.65746, 39.61647], [-75.655765, 39.614158], [-75.661594, 39.611183], [-75.66341, 39.608914], [-75.664394, 39.608419], [-75.664893, 39.607029], [-75.664926, 39.605876], [-75.664855, 39.605456], [-75.661462, 39.607663], [-75.660688, 39.607383], [-75.658054, 39.605828], [-75.65525, 39.606064], [-75.656621, 39.602653], [-75.659718, 39.6015], [-75.661923, 39.598382], [-75.662807, 39.598374], [-75.66075, 39.591213], [-75.660842, 39.59099], [-75.657712, 39.579394], [-75.658635, 39.579485], [-75.661707, 39.58011], [-75.66179, 39.574403], [-75.662869, 39.565321], [-75.663448, 39.560877], [-75.663422, 39.559824], [-75.661265, 39.559569], [-75.655705, 39.557261], [-75.652758, 39.55693], [-75.652446, 39.555227], [-75.651631, 39.55359], [-75.650874, 39.553919], [-75.648497, 39.554707], [-75.647125, 39.554004], [-75.65104, 39.552644], [-75.656077, 39.550028], [-75.656238, 39.549936], [-75.664432, 39.545544], [-75.672204, 39.544159], [-75.682741, 39.54212], [-75.686307, 39.541973], [-75.692673, 39.542418], [-75.69487, 39.542496], [-75.7031, 39.543333], [-75.711691, 39.543884], [-75.717163, 39.543347], [-75.725228, 39.542001], [-75.726615, 39.541817], [-75.727298, 39.541727], [-75.738241, 39.541148], [-75.753731, 39.540343], [-75.755627, 39.546006], [-75.757707, 39.551944], [-75.758659, 39.553622], [-75.75948, 39.555225], [-75.761318, 39.55823], [-75.762808, 39.561189], [-75.763118, 39.56207], [-75.764488, 39.575771]]]]}}, {"type": "Feature", "id": "19980", "properties": {"ZCTA5CE20": "19980", "GEOID20": "19980", "zip": "19980", "STUSPS": "DE"}, "geometry": {"type": "Polygon", "coordinates": [[[-75.575113, 39.077496], [-75.571999, 39.077258], [-75.570928, 39.079267], [-75.567775, 39.079555], [-75.568602, 39.072729], [-75.568792, 39.072692], [-75.568892, 39.071644], [-75.563102, 39.072724], [-75.564339, 39.0703], [-75.566602, 39.069332], [-75.569137, 39.068853], [-75.571593, 39.068364], [-75.574705, 39.070557], [-75.572125, 39.071042], [-75.572565, 39.071969], [-75.573524, 39.073912], [-75.574604, 39.074671], [-75.575113, 39.077496]]]}}, {"type": "Feature", "id": "08096", "properties": {"ZCTA5CE20": "08096", "GEOID20": "08096", "zip": "08096", "STUSPS": "DE"}, "geometry": {"type": "Polygon", "coordinates": [[[-75.185096, 39.833323], [-75.17843, 39.836235], [-75.181524, 39.838569], [-75.182087, 39.838649], [-75.18225, 39.839157], [-75.181702, 39.842335], [-75.178103, 39.841367], [-75.175143, 39.842268], [-75.172524, 39.839536], [-75.169207, 39.839691], [-75.168759, 39.840673], [-75.168202, 39.841889], [-75.169171, 39.842093], [-75.16752, 39.846873], [-75.169752, 39.84638], [-75.17322, 39.847596], [-75.172675, 39.847821], [-75.17634, 39.849445], [-75.165039, 39.855363], [-75.164736, 39.854879], [-75.160548, 39.856772], [-75.155154, 39.856533], [-75.152291, 39.857205], [-75.152247, 39.857293], [-75.152188, 39.857275], [-75.151062, 39.857933], [-75.148684, 39.857259], [-75.149221, 39.857968], [-75.147985, 39.858717], [-75.145791, 39.859183], [-75.147211, 39.861042], [-75.151011, 39.860895], [-75.150556, 39.861082], [-75.141938, 39.86496], [-75.135528, 39.861913], [-75.137011, 39.860067], [-75.136794, 39.860028], [-75.140728, 39.854888], [-75.142655, 39.85132], [-75.142953, 39.850702], [-75.141591, 39.850432], [-75.141306, 39.851442], [-75.14058, 39.851073], [-75.140679, 39.850761], [-75.140133, 39.850543], [-75.137732, 39.850058], [-75.137434, 39.849905], [-75.137495, 39.849613], [-75.13603, 39.849322], [-75.135201, 39.847589], [-75.135622, 39.847534], [-75.138447, 39.847146], [-75.139401, 39.844323], [-75.132438, 39.845195], [-75.131961, 39.845569], [-75.126898, 39.84189], [-75.125091, 39.841274], [-75.125, 39.837445], [-75.120741, 39.84077], [-75.116962, 39.84371], [-75.108601, 39.84999], [-75.104171, 39.852499], [-75.099536, 39.854472], [-75.098301, 39.853701], [-75.097619, 39.853402], [-75.094122, 39.851948], [-75.092609, 39.848923], [-75.08943, 39.846966], [-75.089094, 39.844238], [-75.087957, 39.844571], [-75.085098, 39.84457], [-75.083269, 39.84209], [-75.083855, 39.840502], [-75.086928, 39.838458], [-75.085211, 39.83685], [-75.08493, 39.834701], [-75.083113, 39.833636], [-75.086761, 39.831478], [-75.084952, 39.830524], [-75.082776, 39.827057], [-75.084197, 39.826175], [-75.085639, 39.82505], [-75.085457, 39.823043], [-75.087177, 39.822534], [-75.08856, 39.820451], [-75.086546, 39.815707], [-75.088621, 39.814932], [-75.085303, 39.812598], [-75.082928, 39.810641], [-75.08255, 39.809196], [-75.081756, 39.80909], [-75.080528, 39.807831], [-75.081567, 39.806645], [-75.080642, 39.805555], [-75.077338, 39.806336], [-75.075769, 39.804961], [-75.075351, 39.804089], [-75.077536, 39.801179], [-75.080848, 39.798285], [-75.081894, 39.796197], [-75.083968, 39.794695], [-75.086055, 39.794568], [-75.089187, 39.79404], [-75.093666, 39.79856], [-75.096911, 39.799175], [-75.094786, 39.805542], [-75.095691, 39.805784], [-75.098249, 39.805186], [-75.099429, 39.803816], [-75.102455, 39.804371], [-75.10442, 39.806534], [-75.105788, 39.813164], [-75.106449, 39.813506], [-75.10524, 39.807851], [-75.107204, 39.80723], [-75.111293, 39.80924], [-75.111007, 39.809603], [-75.113621, 39.8103], [-75.116932, 39.808045], [-75.117139, 39.806598], [-75.122706, 39.805862], [-75.124076, 39.803846], [-75.124592, 39.804032], [-75.125522, 39.80396], [-75.128181, 39.804007], [-75.128696, 39.807061], [-75.129679, 39.807609], [-75.12899, 39.808464], [-75.131571, 39.810953], [-75.135231, 39.8098], [-75.135721, 39.809477], [-75.135474, 39.806916], [-75.142381, 39.803499], [-75.144726, 39.803184], [-75.145894, 39.807114], [-75.145929, 39.807232], [-75.143284, 39.807686], [-75.142795, 39.808852], [-75.135764, 39.809692], [-75.136163, 39.811546], [-75.136762, 39.811843], [-75.137097, 39.813242], [-75.138464, 39.813054], [-75.138539, 39.813378], [-75.137913, 39.813799], [-75.138544, 39.813712], [-75.138732, 39.814523], [-75.138101, 39.81461], [-75.137939, 39.815472], [-75.137085, 39.815518], [-75.137334, 39.816566], [-75.138263, 39.817446], [-75.139694, 39.819065], [-75.142998, 39.819523], [-75.143254, 39.817488], [-75.148794, 39.819755], [-75.147882, 39.821004], [-75.148438, 39.82331], [-75.150372, 39.826426], [-75.151531, 39.826], [-75.151624, 39.826313], [-75.152595, 39.827412], [-75.152852, 39.83049], [-75.15388, 39.828468], [-75.156772, 39.826606], [-75.155774, 39.826319], [-75.159186, 39.82487], [-75.16034, 39.82475], [-75.160573, 39.824159], [-75.162906, 39.818103], [-75.163919, 39.815565], [-75.165729, 39.811008], [-75.16879, 39.803097], [-75.173796, 39.805653], [-75.177366, 39.809153], [-75.182024, 39.813831], [-75.182603, 39.814113], [-75.181923, 39.814849], [-75.178597, 39.816246], [-75.17407, 39.818902], [-75.174231, 39.819152], [-75.174101, 39.822605], [-75.175824, 39.824553], [-75.178099, 39.82696], [-75.180841, 39.829362], [-75.184209, 39.832312], [-75.185096, 39.833323]]]}}, {"type": "Feature", "id": "08027", "properties": {"ZCTA5CE20": "08027", "GEOID20": "08027", "zip": "08027", "STUSPS": "DE"}, "geometry": {"type": "Polygon", "coordinates": [[[-75.3456553187033, 39.844183795425], [-75.341765, 39.846082], [-75.3414653758905, 39.846159470759], [-75.330433, 39.849012], [-75.323232, 39.849812], [-75.3185417987518, 39.849938958538], [-75.3165304965796, 39.8499934022537], [-75.309674, 39.850179], [-75.3000215269778, 39.8493516282481], [-75.293376, 39.848782], [-75.2882146305769, 39.8488568623396], [-75.272141, 39.84909], [-75.2680929034666, 39.8498664844169], [-75.2567815956954, 39.8520361595091], [-75.253857, 39.847824], [-75.258297, 39.847384], [-75.264195, 39.845983], [-75.268733, 39.845175], [-75.268229, 39.842189], [-75.269808, 39.840654], [-75.274451, 39.839188], [-75.277612, 39.840181], [-75.280374, 39.840115], [-75.282983, 39.839388], [-75.282987, 39.837712], [-75.282159, 39.836917], [-75.281481, 39.837054], [-75.280797, 39.836794], [-75.280592, 39.836006], [-75.279978, 39.835458], [-75.278062, 39.835143], [-75.274836, 39.832799], [-75.273938, 39.833666], [-75.27262, 39.832119], [-75.264906, 39.830011], [-75.262943, 39.82988], [-75.252527, 39.83265], [-75.256122, 39.826206], [-75.254873, 39.826389], [-75.250796, 39.824893], [-75.249113, 39.824262], [-75.238793, 39.820537], [-75.242234, 39.819283], [-75.251067, 39.818835], [-75.251547, 39.818508], [-75.257235, 39.814681], [-75.260178, 39.812587], [-75.267107, 39.807929], [-75.271096, 39.805221], [-75.273251, 39.803508], [-75.285877, 39.793434], [-75.286282, 39.792834], [-75.288519, 39.79325], [-75.287974, 39.796953], [-75.289992, 39.800444], [-75.290085, 39.803444], [-75.292066, 39.805909], [-75.2953, 39.807908], [-75.297852, 39.808824], [-75.299512, 39.810091], [-75.301317, 39.813972], [-75.306, 39.81608], [-75.308818, 39.816679], [-75.311074, 39.819339], [-75.314133, 39.820393], [-75.314431, 39.822147], [-75.315693, 39.821416], [-75.317786, 39.821605], [-75.319736, 39.82419], [-75.320919, 39.822604], [-75.322661, 39.823275], [-75.32287, 39.825341], [-75.32438, 39.825303], [-75.326925, 39.82724], [-75.327767, 39.825143], [-75.328075, 39.825592], [-75.32904, 39.828257], [-75.330176, 39.829871], [-75.331959, 39.831282], [-75.33287, 39.830975], [-75.333953, 39.83118], [-75.334404, 39.831009], [-75.334509, 39.831126], [-75.335494, 39.830575], [-75.345184, 39.842756], [-75.3456553187033, 39.844183795425]]]}}, {"type": "Feature", "id": "19390", "properties": {"ZCTA5CE20": "19390", "GEOID20": "19390", "zip": "19390", "STUSPS": "DE"}, "geometry": {"type": "Polygon", "coordinates": [[[-75.912814, 39.815562], [-75.91093, 39.817117], [-75.900016, 39.821538], [-75.896796, 39.822047], [-75.897432, 39.823862], [-75.89894, 39.824875], [-75.895216, 39.825576], [-75.887724, 39.826081], [-75.882021, 39.826472], [-75.86995, 39.827229], [-75.870142, 39.828554], [-75.872908, 39.834253], [-75.874103, 39.838879], [-75.872352, 39.84558], [-75.870365, 39.84937], [-75.868389, 39.849295], [-75.867134, 39.849394], [-75.864336, 39.847559], [-75.863263, 39.846662], [-75.85786, 39.849073], [-75.858018, 39.850195], [-75.852087, 39.850706], [-75.850283, 39.840599], [-75.849486, 39.844448], [-75.847095, 39.848377], [-75.848086, 39.850145], [-75.845145, 39.850084], [-75.846125, 39.853512], [-75.844247, 39.853698], [-75.845603, 39.857042], [-75.846263, 39.861029], [-75.843619, 39.861253], [-75.848511, 39.862723], [-75.849008, 39.866506], [-75.852287, 39.882291], [-75.850329, 39.883284], [-75.847767, 39.883588], [-75.845499, 39.883152], [-75.841845, 39.884128], [-75.841439, 39.887494], [-75.840664, 39.888645], [-75.839171, 39.888695], [-75.838402, 39.890298], [-75.836002, 39.892494], [-75.834384, 39.895615], [-75.834003, 39.897558], [-75.831305, 39.898685], [-75.827934, 39.900978], [-75.825748, 39.901995], [-75.823014, 39.904088], [-75.823045, 39.905442], [-75.820787, 39.907503], [-75.821158, 39.909667], [-75.818253, 39.913172], [-75.816016, 39.913448], [-75.815963, 39.909781], [-75.815022, 39.908079], [-75.814015, 39.903452], [-75.810595, 39.8997], [-75.809817, 39.893677], [-75.807293, 39.893668], [-75.804669, 39.895498], [-75.802611, 39.897898], [-75.800837, 39.899172], [-75.79845, 39.902041], [-75.799006, 39.902815], [-75.798041, 39.905218], [-75.79066, 39.901608], [-75.791947, 39.898326], [-75.791774, 39.895725], [-75.7925, 39.891351], [-75.796294, 39.889364], [-75.795689, 39.884744], [-75.78267, 39.885892], [-75.783998, 39.88422], [-75.78565, 39.883537], [-75.786931, 39.881583], [-75.791323, 39.876663], [-75.791533, 39.874304], [-75.789486, 39.873625], [-75.786853, 39.871839], [-75.785846, 39.871695], [-75.784989, 39.8647], [-75.783679, 39.858064], [-75.787983, 39.856556], [-75.790405, 39.858317], [-75.80214, 39.857437], [-75.803742, 39.856871], [-75.803092, 39.85446], [-75.80151, 39.853728], [-75.801939, 39.852938], [-75.800866, 39.851046], [-75.799475, 39.850367], [-75.795887, 39.850056], [-75.796321, 39.848612], [-75.798225, 39.845873], [-75.80627, 39.84364], [-75.802998, 39.840431], [-75.802801, 39.840247], [-75.809338, 39.837037], [-75.808052, 39.836361], [-75.807536, 39.836553], [-75.798346, 39.834073], [-75.801767, 39.831279], [-75.808904, 39.830629], [-75.814546, 39.827163], [-75.812294, 39.825525], [-75.810562, 39.822295], [-75.812069, 39.821068], [-75.811047, 39.820149], [-75.810759, 39.818935], [-75.807528, 39.820285], [-75.805917, 39.820028], [-75.80286, 39.815799], [-75.8059, 39.813867], [-75.808695, 39.810546], [-75.808457, 39.808495], [-75.807176, 39.80859], [-75.803271, 39.810932], [-75.802347, 39.809612], [-75.80618, 39.808871], [-75.809005, 39.807493], [-75.810028, 39.806567], [-75.811231, 39.803033], [-75.813149, 39.799587], [-75.8086, 39.799401], [-75.80929, 39.79799], [-75.808307, 39.795622], [-75.808746, 39.793934], [-75.816773, 39.793448], [-75.823286, 39.792891], [-75.823972, 39.792832], [-75.822777, 39.789057], [-75.819806, 39.78818], [-75.818767, 39.786595], [-75.817109, 39.786452], [-75.817095, 39.786251], [-75.82067, 39.785904], [-75.822408, 39.784683], [-75.830004, 39.782735], [-75.832678, 39.783104], [-75.833155, 39.789735], [-75.841628, 39.789026], [-75.851877, 39.78813], [-75.853495, 39.789907], [-75.853821, 39.787796], [-75.856053, 39.786009], [-75.858618, 39.787961], [-75.858559, 39.786356], [-75.861396, 39.785158], [-75.861005, 39.782458], [-75.867118, 39.784779], [-75.86864, 39.783276], [-75.870989, 39.783786], [-75.874013, 39.782333], [-75.87486, 39.782963], [-75.875618, 39.782268], [-75.880663, 39.786524], [-75.881733, 39.787952], [-75.882295, 39.788749], [-75.883209, 39.78874], [-75.885563, 39.790051], [-75.890894, 39.789825], [-75.889908, 39.791875], [-75.892698, 39.792681], [-75.89587, 39.793597], [-75.8966, 39.79216], [-75.899969, 39.792226], [-75.905274, 39.793255], [-75.905408, 39.79312], [-75.905716, 39.793168], [-75.905743, 39.793234], [-75.905777, 39.793546], [-75.905733, 39.793764], [-75.905552, 39.794083], [-75.905433, 39.794406], [-75.905318, 39.794958], [-75.905301, 39.795222], [-75.905128, 39.795376], [-75.905064, 39.795718], [-75.90513, 39.795876], [-75.905458, 39.796033], [-75.905581, 39.796321], [-75.90559, 39.796629], [-75.905498, 39.796782], [-75.905481, 39.796637], [-75.905348, 39.796902], [-75.905417, 39.796897], [-75.90683, 39.801058], [-75.904744, 39.802605], [-75.903693, 39.803869], [-75.905096, 39.806019], [-75.904149, 39.806853], [-75.90357, 39.807593], [-75.903584, 39.807782], [-75.903524, 39.807875], [-75.903444, 39.807929], [-75.903271, 39.807966], [-75.903152, 39.808102], [-75.903165, 39.808167], [-75.903288, 39.808253], [-75.903286, 39.808329], [-75.903195, 39.808477], [-75.903012, 39.808677], [-75.902935, 39.808818], [-75.909147, 39.809011], [-75.908151, 39.810833], [-75.912002, 39.813597], [-75.912814, 39.815562]]]}}, {"type": "Feature", "id": "19941", "properties": {"ZCTA5CE20": "19941", "GEOID20": "19941", "zip": "19941", "STUSPS": "DE"}, "geometry": {"type": "Polygon", "coordinates": [[[-75.510967, 38.778436], [-75.508429, 38.783928], [-75.507284, 38.785697], [-75.502219, 38.79088], [-75.502, 38.792929], [-75.502887, 38.798209], [-75.501543, 38.802388], [-75.501657, 38.804044], [-75.50044, 38.806315], [-75.493062, 38.806464], [-75.497664, 38.809891], [-75.49598, 38.813152], [-75.49568, 38.818346], [-75.495, 38.822188], [-75.493739, 38.819244], [-75.48944, 38.817285], [-75.487276, 38.815033], [-75.484593, 38.814754], [-75.48608, 38.812111], [-75.486906, 38.807793], [-75.489364, 38.806568], [-75.483289, 38.806794], [-75.471772, 38.807657], [-75.465494, 38.806871], [-75.464886, 38.807547], [-75.465682, 38.807844], [-75.464756, 38.810794], [-75.462749, 38.812805], [-75.460853, 38.813602], [-75.462504, 38.816704], [-75.458078, 38.81737], [-75.447665, 38.816887], [-75.439349, 38.826543], [-75.438787, 38.826895], [-75.438069, 38.827252], [-75.437388, 38.829141], [-75.429976, 38.829131], [-75.429206, 38.828293], [-75.423716, 38.832313], [-75.423417, 38.822727], [-75.412025, 38.823534], [-75.40926, 38.821997], [-75.408111, 38.820721], [-75.403063, 38.827739], [-75.395489, 38.830519], [-75.390589, 38.832228], [-75.388444, 38.834367], [-75.38346, 38.833277], [-75.381065, 38.833163], [-75.38132, 38.832828], [-75.38024, 38.831971], [-75.371868, 38.831881], [-75.371928, 38.833464], [-75.369382, 38.833516], [-75.36701, 38.83334], [-75.365942, 38.833254], [-75.366744, 38.826696], [-75.363052, 38.821721], [-75.360097, 38.818361], [-75.357472, 38.818261], [-75.344932, 38.818834], [-75.345383, 38.81567], [-75.342387, 38.808497], [-75.341976, 38.804234], [-75.342273, 38.800454], [-75.341829, 38.79788], [-75.340734, 38.794685], [-75.340676, 38.786696], [-75.365907, 38.783521], [-75.371686, 38.781992], [-75.376808, 38.782094], [-75.380684, 38.783441], [-75.383846, 38.783335], [-75.391734, 38.778798], [-75.396953, 38.778522], [-75.398034, 38.776707], [-75.399863, 38.775876], [-75.405034, 38.773597], [-75.406892, 38.772934], [-75.410558, 38.771102], [-75.414911, 38.768183], [-75.416298, 38.765847], [-75.418632, 38.763849], [-75.418614, 38.762098], [-75.424459, 38.761985], [-75.433732, 38.762593], [-75.439557, 38.761402], [-75.445486, 38.759616], [-75.450401, 38.759417], [-75.456513, 38.75829], [-75.457306, 38.757663], [-75.459122, 38.754636], [-75.458167, 38.753005], [-75.46051, 38.749827], [-75.466229, 38.747343], [-75.475198, 38.751308], [-75.484206, 38.755613], [-75.485827, 38.756031], [-75.485103, 38.757782], [-75.485203, 38.760814], [-75.483225, 38.762276], [-75.485339, 38.764511], [-75.485277, 38.76689], [-75.488029, 38.768976], [-75.489433, 38.7687], [-75.488338, 38.769536], [-75.488983, 38.772593], [-75.48814, 38.782145], [-75.488754, 38.790268], [-75.493996, 38.789129], [-75.494845, 38.788563], [-75.50222, 38.78197], [-75.504391, 38.778977], [-75.511523, 38.776492], [-75.510967, 38.778436]]]}}, {"type": "Feature", "id": "19936", "properties": {"ZCTA5CE20": "19936", "GEOID20": "19936", "zip": "19936", "STUSPS": "DE"}, "geometry": {"type": "Polygon", "coordinates": [[[-75.592496, 39.218757], [-75.591072, 39.220514], [-75.588688, 39.221729], [-75.586164, 39.21936], [-75.582137, 39.221087], [-75.581924, 39.22118], [-75.581758, 39.221252], [-75.58171, 39.221273], [-75.581697, 39.221279], [-75.579978, 39.222033], [-75.57763, 39.2194], [-75.580576, 39.217546], [-75.583673, 39.21621], [-75.583067, 39.215564], [-75.583197, 39.215498], [-75.582099, 39.214271], [-75.582157, 39.213812], [-75.583621, 39.213148], [-75.58499, 39.215375], [-75.584691, 39.215752], [-75.586895, 39.215523], [-75.58926, 39.217984], [-75.59134, 39.217099], [-75.592496, 39.218757]]]}}, {"type": "Feature", "id": "19975", "properties": {"ZCTA5CE20": "19975", "GEOID20": "19975", "zip": "19975", "STUSPS": "DE"}, "geometry": {"type": "Polygon", "coordinates": [[[-75.303038, 38.47913], [-75.301216, 38.478678], [-75.299648, 38.475959], [-75.297376, 38.474341], [-75.292894, 38.472614], [-75.284847, 38.472543], [-75.276769, 38.471511], [-75.274981, 38.471804], [-75.267255, 38.475483], [-75.259742, 38.476934], [-75.258232, 38.476961], [-75.257661, 38.476748], [-75.255186, 38.47529], [-75.254056, 38.474632], [-75.245716, 38.471281], [-75.243745, 38.468847], [-75.245652, 38.471363], [-75.246165, 38.471672], [-75.25275, 38.474143], [-75.255064, 38.475328], [-75.255125, 38.477838], [-75.247784, 38.479495], [-75.245113, 38.473498], [-75.242799, 38.481234], [-75.242744, 38.482167], [-75.237651, 38.486121], [-75.238022, 38.487576], [-75.236528, 38.490242], [-75.235506, 38.480046], [-75.233641, 38.479479], [-75.230251, 38.479588], [-75.228257, 38.479602], [-75.228245, 38.481477], [-75.227575, 38.484659], [-75.22779, 38.486886], [-75.227885, 38.487677], [-75.227188, 38.490357], [-75.227064, 38.491192], [-75.224754, 38.496083], [-75.222892, 38.495524], [-75.217656, 38.497244], [-75.215468, 38.501977], [-75.212668, 38.505438], [-75.197672, 38.495211], [-75.195532, 38.492178], [-75.184555, 38.490912], [-75.180095, 38.49084], [-75.175673, 38.490801], [-75.173971, 38.491286], [-75.173816, 38.490517], [-75.173666, 38.488211], [-75.171186, 38.487823], [-75.168656, 38.485812], [-75.164712, 38.479298], [-75.160235, 38.480498], [-75.155314, 38.48236], [-75.1552, 38.479852], [-75.145261, 38.476565], [-75.144588, 38.476342], [-75.139635, 38.47544], [-75.140467, 38.477468], [-75.140342, 38.478203], [-75.138664, 38.480338], [-75.138618, 38.480441], [-75.136221, 38.480484], [-75.13559, 38.480413], [-75.13339, 38.480318], [-75.130269, 38.481624], [-75.128519, 38.481129], [-75.123612, 38.481817], [-75.120896, 38.482986], [-75.119204, 38.482613], [-75.118872, 38.48349], [-75.118712, 38.482799], [-75.11724, 38.483083], [-75.114205, 38.481124], [-75.111529, 38.480525], [-75.106829, 38.482005], [-75.104534, 38.483428], [-75.103556, 38.486503], [-75.098795, 38.487296], [-75.097516, 38.484181], [-75.095553, 38.48414], [-75.093715, 38.485103], [-75.091434, 38.484475], [-75.088119, 38.483808], [-75.082059, 38.483767], [-75.080893, 38.483362], [-75.079836, 38.48305], [-75.066825, 38.476241], [-75.062223, 38.474919], [-75.061904, 38.467439], [-75.061983, 38.460034], [-75.062859, 38.456383], [-75.064231, 38.452599], [-75.0653681686071, 38.4512709388414], [-75.0656429071141, 38.4512717953294], [-75.0670444349347, 38.4512761645449], [-75.0702308531733, 38.4512860980958], [-75.0703526765487, 38.451286477876], [-75.0725039651329, 38.4512931844453], [-75.0726112120745, 38.451293518784], [-75.0727589657721, 38.4512939794011], [-75.0784849880599, 38.4513118300817], [-75.082068, 38.451323], [-75.0858141847864, 38.4513150475133], [-75.0858645759882, 38.4513149405417], [-75.0882811800377, 38.4513098105194], [-75.089649173873, 38.4513069065108], [-75.1216060935478, 38.4512390676315], [-75.1216941098372, 38.4512388807885], [-75.134016196417, 38.4512127231815], [-75.1371460617296, 38.4512060790319], [-75.141894, 38.451196], [-75.1419646890339, 38.4511960161908], [-75.1847169998149, 38.4512058082913], [-75.185554, 38.451206], [-75.2051328644356, 38.4512616739434], [-75.2051497026384, 38.4512617218241], [-75.2185099036811, 38.4512997125401], [-75.2185477701817, 38.4512998202163], [-75.220252285202, 38.4513046671303], [-75.2327056756072, 38.4513400792634], [-75.2362935667214, 38.4513502816961], [-75.252723, 38.451397], [-75.26035, 38.451492], [-75.2730649580281, 38.4515671266989], [-75.308314, 38.479534], [-75.303038, 38.47913]]]}}, {"type": "Feature", "id": "21875", "properties": {"ZCTA5CE20": "21875", "GEOID20": "21875", "zip": "21875", "STUSPS": "DE"}, "geometry": {"type": "MultiPolygon", "coordinates": [[[[-75.630457, 38.457904], [-75.598069, 38.456855], [-75.5979382535903, 38.4568431759313], [-75.593082, 38.456404], [-75.589307, 38.456286], [-75.583601, 38.456424], [-75.5830567276075, 38.4563991691133], [-75.5829404033183, 38.456393862147], [-75.5818921967528, 38.4563460406906], [-75.5742232244022, 38.4559961655427], [-75.57411, 38.455991], [-75.5643518721938, 38.4557073975271], [-75.5641119031122, 38.4557004232564], [-75.5631781857331, 38.4556732864364], [-75.5599750858953, 38.4555801940878], [-75.559934, 38.455579], [-75.559212, 38.455563], [-75.5583959672761, 38.4555436004244], [-75.5581387254341, 38.4555374850048], [-75.5553433834177, 38.4554710312377], [-75.5553392853174, 38.4554709338134], [-75.5524441057999, 38.4554021066057], [-75.544057077194, 38.4552027214704], [-75.5411416766067, 38.4551334135465], [-75.5395030841749, 38.4550944592292], [-75.5380329127826, 38.4550595087914], [-75.533763, 38.454958], [-75.52273, 38.454657], [-75.521304, 38.454657], [-75.502961, 38.45422], [-75.500142, 38.454144], [-75.47915, 38.453699], [-75.4775393306164, 38.453666161792], [-75.4440966428951, 38.4529843347526], [-75.44504, 38.451505], [-75.445422, 38.446436], [-75.445221, 38.443994], [-75.449989, 38.440243], [-75.449261, 38.435909], [-75.448859, 38.431084], [-75.446917, 38.427578], [-75.445039, 38.425101], [-75.447328, 38.42161], [-75.452058, 38.419951], [-75.453151, 38.418857], [-75.457372, 38.421388], [-75.459963, 38.424059], [-75.461388, 38.424611], [-75.462713, 38.424588], [-75.465453, 38.42371], [-75.466925, 38.4239], [-75.467862, 38.427547], [-75.468763, 38.428736], [-75.471944, 38.428449], [-75.471503, 38.421462], [-75.473335, 38.418072], [-75.475653, 38.416751], [-75.475626, 38.41417], [-75.479553, 38.415095], [-75.482469, 38.414881], [-75.483515, 38.414157], [-75.487024, 38.414145], [-75.492224, 38.415092], [-75.497154, 38.414975], [-75.502177, 38.414282], [-75.507562, 38.414499], [-75.510442, 38.413439], [-75.515613, 38.413439], [-75.524068, 38.414966], [-75.527137, 38.416741], [-75.532484, 38.417632], [-75.532409, 38.422109], [-75.534915, 38.423076], [-75.540014, 38.422358], [-75.541773, 38.422924], [-75.542695, 38.422161], [-75.544596, 38.421901], [-75.547429, 38.422135], [-75.549182, 38.423233], [-75.550817, 38.422332], [-75.555628, 38.422464], [-75.557109, 38.423272], [-75.560454, 38.423409], [-75.562416, 38.422058], [-75.563764, 38.422234], [-75.564071, 38.423376], [-75.564652, 38.423415], [-75.567612, 38.423777], [-75.568436, 38.42286], [-75.569134, 38.42236], [-75.569818, 38.42192], [-75.570805, 38.421496], [-75.573638, 38.421453], [-75.574672, 38.420945], [-75.578868, 38.419321], [-75.581203, 38.420027], [-75.581355, 38.420037], [-75.586723, 38.416946], [-75.591498, 38.414879], [-75.591185, 38.417341], [-75.591968, 38.418999], [-75.591906, 38.422296], [-75.592479, 38.422559], [-75.595315, 38.420369], [-75.599379, 38.4195], [-75.599232, 38.418511], [-75.599895, 38.420363], [-75.602244, 38.424631], [-75.601033, 38.425785], [-75.608576, 38.437129], [-75.614674, 38.439013], [-75.615154, 38.437612], [-75.625772, 38.443206], [-75.626548, 38.444175], [-75.6306703432768, 38.4579096323257], [-75.630457, 38.457904]]], [[[-75.711869, 38.476376], [-75.705915, 38.47747], [-75.704168, 38.477317], [-75.702564, 38.476411], [-75.701635, 38.478456], [-75.702885, 38.48445], [-75.703191, 38.487837], [-75.705278, 38.490142], [-75.705487, 38.491178], [-75.704614, 38.496538], [-75.697765, 38.496331], [-75.696688, 38.496467], [-75.696369, 38.492373], [-75.69367, 38.46008], [-75.6916522875818, 38.4599952251859], [-75.678228907229, 38.4594312376902], [-75.68108, 38.455932], [-75.684245, 38.454915], [-75.687123, 38.455086], [-75.692579, 38.45569], [-75.69615, 38.456959], [-75.69696, 38.457695], [-75.699122, 38.458333], [-75.701348, 38.458244], [-75.707238, 38.460303], [-75.707475, 38.463829], [-75.708537, 38.464475], [-75.711003, 38.465411], [-75.711312, 38.466322], [-75.710519, 38.469084], [-75.713371, 38.472876], [-75.711436, 38.474204], [-75.7137, 38.476677], [-75.711869, 38.476376]]]]}}, {"type": "Feature", "id": "19703", "properties": {"ZCTA5CE20": "19703", "GEOID20": "19703", "zip": "19703", "STUSPS": "DE"}, "geometry": {"type": "Polygon", "coordinates": [[[-75.490472, 39.793225], [-75.486161, 39.799472], [-75.484595, 39.80107], [-75.481025, 39.804226], [-75.480879, 39.804354], [-75.476303, 39.808287], [-75.46956, 39.814175], [-75.464124, 39.81893], [-75.4599264483802, 39.822567241051], [-75.4598175446831, 39.8225275407136], [-75.4580580976641, 39.8218861424669], [-75.4577341167979, 39.8217680367454], [-75.4549971840311, 39.820770300605], [-75.45374, 39.820312], [-75.4498743837216, 39.8186425446778], [-75.4373079165898, 39.8132154267429], [-75.4370683549011, 39.8131119665163], [-75.4339085190138, 39.8117473186932], [-75.428038, 39.809212], [-75.423416, 39.806615], [-75.4276009753415, 39.8047454709144], [-75.4352256619982, 39.8013393400988], [-75.4464974318282, 39.7963039695592], [-75.4658211105146, 39.7876716177777], [-75.4682798475223, 39.786573240852], [-75.468502, 39.786474], [-75.4690045587194, 39.7857415323977], [-75.4697455653652, 39.7846615325088], [-75.471477, 39.785722], [-75.471665, 39.787109], [-75.474206, 39.788406], [-75.475257, 39.792529], [-75.476183, 39.793293], [-75.476681, 39.793583], [-75.47914, 39.793611], [-75.480665, 39.793387], [-75.481866, 39.795257], [-75.484622, 39.796831], [-75.4842, 39.799957], [-75.485658, 39.798533], [-75.490095, 39.792823], [-75.490472, 39.793225]]]}}, {"type": "Feature", "id": "19953", "properties": {"ZCTA5CE20": "19953", "GEOID20": "19953", "zip": "19953", "STUSPS": "DE"}, "geometry": {"type": "Polygon", "coordinates": [[[-75.752593183003, 39.199434938086], [-75.746228, 39.200309], [-75.74, 39.201345], [-75.735878, 39.203559], [-75.730729, 39.204855], [-75.729676, 39.204444], [-75.729216, 39.202543], [-75.729653, 39.201011], [-75.726362, 39.198979], [-75.724271, 39.196679], [-75.719924, 39.19963], [-75.718145, 39.198232], [-75.717378, 39.194423], [-75.710879, 39.193775], [-75.710757, 39.192115], [-75.709589, 39.191293], [-75.705335, 39.19256], [-75.701798, 39.193001], [-75.70042, 39.192491], [-75.695341, 39.197822], [-75.685128, 39.19257], [-75.683118, 39.190125], [-75.66838, 39.184024], [-75.670172, 39.181381], [-75.671996, 39.179246], [-75.669687, 39.175969], [-75.664569, 39.167905], [-75.661871, 39.168615], [-75.65402, 39.159483], [-75.65233, 39.156841], [-75.650156, 39.156283], [-75.650879, 39.155628], [-75.64877, 39.154149], [-75.64732, 39.154358], [-75.646473, 39.147649], [-75.638192, 39.148237], [-75.638101, 39.148172], [-75.634392, 39.143724], [-75.632242, 39.142159], [-75.630981, 39.14155], [-75.629723, 39.141673], [-75.630448, 39.137374], [-75.632434, 39.136986], [-75.626716, 39.130874], [-75.624013, 39.131416], [-75.622471, 39.129829], [-75.625585, 39.129244], [-75.629832, 39.127505], [-75.631983, 39.12583], [-75.632801, 39.124902], [-75.635339, 39.121611], [-75.632487, 39.119543], [-75.635027, 39.117369], [-75.636557, 39.114357], [-75.635368, 39.112037], [-75.636179, 39.112294], [-75.637037, 39.112674], [-75.641576, 39.109326], [-75.655916, 39.112875], [-75.663966, 39.105078], [-75.667845, 39.105173], [-75.671424, 39.111955], [-75.672309, 39.111643], [-75.67761, 39.107981], [-75.681729, 39.112523], [-75.685257, 39.117273], [-75.686729, 39.119222], [-75.693046, 39.114464], [-75.698177, 39.117517], [-75.698457, 39.116514], [-75.701809, 39.11894], [-75.701372, 39.11741], [-75.697946, 39.11391], [-75.702156, 39.107957], [-75.7051, 39.108867], [-75.706622, 39.109246], [-75.715983, 39.109403], [-75.714281, 39.111553], [-75.717183, 39.111537], [-75.717147, 39.114101], [-75.727777, 39.110212], [-75.729108, 39.113734], [-75.726531, 39.115158], [-75.728662, 39.119234], [-75.728853, 39.119597], [-75.739187, 39.124177], [-75.738999, 39.129579], [-75.741214, 39.135894], [-75.744677, 39.136903], [-75.743253, 39.145583], [-75.7476742096756, 39.1433851255407], [-75.749356, 39.164815], [-75.750426375562, 39.1731033686615], [-75.7508952073034, 39.1767337302378], [-75.751028, 39.177762], [-75.7511001813293, 39.1787614879052], [-75.7514505565989, 39.1836131004714], [-75.7525919517844, 39.1994178895202], [-75.752593183003, 39.199434938086]]]}}, {"type": "Feature", "id": "19805", "properties": {"ZCTA5CE20": "19805", "GEOID20": "19805", "zip": "19805", "STUSPS": "DE"}, "geometry": {"type": "Polygon", "coordinates": [[[-75.625438, 39.758529], [-75.620555, 39.75903], [-75.619114, 39.761278], [-75.618622, 39.761242], [-75.617638, 39.760353], [-75.617494, 39.758058], [-75.618867, 39.755955], [-75.613604, 39.751846], [-75.612574, 39.754556], [-75.61101, 39.756347], [-75.608641, 39.756617], [-75.607616, 39.757414], [-75.608446, 39.758557], [-75.60753, 39.75968], [-75.604372, 39.75877], [-75.599298, 39.763755], [-75.598827, 39.765264], [-75.598288, 39.767443], [-75.597544, 39.768488], [-75.597484, 39.768308], [-75.59625, 39.764275], [-75.596357, 39.763587], [-75.597135, 39.761298], [-75.59644, 39.760163], [-75.590992, 39.756223], [-75.590337, 39.755262], [-75.590971, 39.753472], [-75.588502, 39.752482], [-75.587601, 39.757537], [-75.587482, 39.758109], [-75.578566, 39.754466], [-75.575075, 39.759614], [-75.573144, 39.75915], [-75.573464, 39.758205], [-75.572409, 39.756752], [-75.571432, 39.758177], [-75.569106, 39.756854], [-75.568855, 39.755313], [-75.567772, 39.756035], [-75.567144, 39.755667], [-75.567705, 39.754843], [-75.56703, 39.754568], [-75.56612, 39.75524], [-75.5655, 39.754989], [-75.566221, 39.754234], [-75.564032, 39.753334], [-75.563575, 39.754001], [-75.563181, 39.753822], [-75.563636, 39.75317], [-75.564301, 39.752264], [-75.565244, 39.751533], [-75.566104, 39.750277], [-75.566305, 39.749979], [-75.565355, 39.749586], [-75.565176, 39.749895], [-75.563763, 39.7493], [-75.559873, 39.747714], [-75.560076, 39.747425], [-75.5591, 39.747009], [-75.558931, 39.747002], [-75.558758, 39.747262], [-75.558322, 39.747084], [-75.559312, 39.745586], [-75.560324, 39.744106], [-75.560724, 39.743477], [-75.561973, 39.741688], [-75.561773, 39.741605], [-75.562322, 39.740478], [-75.562451, 39.739195], [-75.561248, 39.739681], [-75.560881, 39.739106], [-75.562665, 39.738474], [-75.563041, 39.736605], [-75.563908, 39.735465], [-75.564305, 39.735695], [-75.570532, 39.729275], [-75.572594, 39.727145], [-75.575008, 39.725785], [-75.576944, 39.726301], [-75.577709, 39.727122], [-75.578217, 39.732929], [-75.578972, 39.735757], [-75.5799, 39.737066], [-75.58024, 39.737363], [-75.580748, 39.737704], [-75.584312, 39.739214], [-75.58583, 39.740129], [-75.587774, 39.739735], [-75.589321, 39.737647], [-75.591344, 39.734538], [-75.592783, 39.733743], [-75.603861, 39.731988], [-75.604032, 39.732208], [-75.618538, 39.730482], [-75.621453, 39.733768], [-75.62219, 39.734934], [-75.622708, 39.73742], [-75.621707, 39.737427], [-75.621386, 39.738068], [-75.622954, 39.738577], [-75.623357, 39.740851], [-75.623223, 39.743589], [-75.622837, 39.745302], [-75.623981, 39.746229], [-75.624011, 39.746343], [-75.624534, 39.753059], [-75.625458, 39.756756], [-75.625438, 39.758529]], [[-75.587168, 39.756336], [-75.584571, 39.755296], [-75.584194, 39.754817], [-75.583475, 39.754483], [-75.582979, 39.755233], [-75.583693, 39.755521], [-75.583909, 39.755866], [-75.584113, 39.756044], [-75.587, 39.757239], [-75.587168, 39.756336]]]}}, {"type": "Feature", "id": "19940", "properties": {"ZCTA5CE20": "19940", "GEOID20": "19940", "zip": "19940", "STUSPS": "DE"}, "geometry": {"type": "Polygon", "coordinates": [[[-75.6982456038886, 38.5155057064101], [-75.690016, 38.519031], [-75.687998, 38.517734], [-75.686246, 38.518271], [-75.682201, 38.513425], [-75.680947, 38.514194], [-75.680747, 38.511907], [-75.678433, 38.507334], [-75.670329, 38.50489], [-75.670671, 38.502664], [-75.664092, 38.501164], [-75.659626, 38.490085], [-75.655296, 38.489595], [-75.654955, 38.488868], [-75.652408, 38.488876], [-75.654697, 38.489668], [-75.653771, 38.490957], [-75.652289, 38.494164], [-75.650944, 38.499399], [-75.637584, 38.49865], [-75.635001, 38.497703], [-75.631918, 38.493797], [-75.631414, 38.490635], [-75.620144, 38.495065], [-75.603228, 38.501059], [-75.602074, 38.501595], [-75.602145, 38.499903], [-75.597534, 38.499904], [-75.590824, 38.498994], [-75.585787, 38.498808], [-75.586029, 38.504043], [-75.591607, 38.503162], [-75.589997, 38.507061], [-75.588594, 38.508031], [-75.586447, 38.507855], [-75.579602, 38.506012], [-75.577376, 38.506346], [-75.576833, 38.509547], [-75.579098, 38.510382], [-75.581189, 38.51187], [-75.581224, 38.513672], [-75.579631, 38.516029], [-75.580568, 38.517062], [-75.578443, 38.518034], [-75.578219, 38.521006], [-75.576632, 38.51999], [-75.576135, 38.518144], [-75.573506, 38.516442], [-75.572164, 38.5149], [-75.572465, 38.510892], [-75.573017, 38.506762], [-75.568517, 38.506931], [-75.568133, 38.505796], [-75.567102, 38.502504], [-75.563828, 38.500154], [-75.564263, 38.498761], [-75.562396, 38.497821], [-75.559089, 38.498244], [-75.557592, 38.495113], [-75.557447, 38.489504], [-75.554931, 38.489106], [-75.552447, 38.490206], [-75.547799, 38.488725], [-75.541184, 38.48778], [-75.538222, 38.499328], [-75.538199, 38.500638], [-75.536486, 38.500438], [-75.533505, 38.499816], [-75.523178, 38.496797], [-75.518528, 38.496061], [-75.518203, 38.497367], [-75.515767, 38.497335], [-75.509971, 38.500245], [-75.497306, 38.497111], [-75.483246, 38.494979], [-75.478793, 38.492752], [-75.479014, 38.490051], [-75.47613, 38.488537], [-75.475386, 38.487676], [-75.471068, 38.4901], [-75.470408, 38.490201], [-75.466879, 38.49147], [-75.465778, 38.491577], [-75.462526, 38.491318], [-75.4601, 38.490618], [-75.453645, 38.486981], [-75.455039, 38.481684], [-75.456209, 38.480539], [-75.428466, 38.471156], [-75.428958, 38.469031], [-75.422667, 38.469506], [-75.419059, 38.465138], [-75.417147, 38.456473], [-75.407406, 38.457998], [-75.4108201107905, 38.4523990015066], [-75.410884, 38.4524], [-75.4186632551468, 38.4525171322565], [-75.424831, 38.45261], [-75.4286445231477, 38.4526696933313], [-75.428728, 38.452671], [-75.4440966428951, 38.4529843347526], [-75.4775393306164, 38.453666161792], [-75.47915, 38.453699], [-75.500142, 38.454144], [-75.502961, 38.45422], [-75.521304, 38.454657], [-75.52273, 38.454657], [-75.533763, 38.454958], [-75.5380329127826, 38.4550595087914], [-75.5395030841749, 38.4550944592292], [-75.5411416766067, 38.4551334135465], [-75.544057077194, 38.4552027214704], [-75.5524441057999, 38.4554021066057], [-75.5553392853174, 38.4554709338134], [-75.5553433834177, 38.4554710312377], [-75.5581387254341, 38.4555374850048], [-75.5583959672761, 38.4555436004244], [-75.559212, 38.455563], [-75.559934, 38.455579], [-75.5599750858953, 38.4555801940878], [-75.5631781857331, 38.4556732864364], [-75.5641119031122, 38.4557004232564], [-75.5643518721938, 38.4557073975271], [-75.57411, 38.455991], [-75.5742232244022, 38.4559961655427], [-75.5818921967528, 38.4563460406906], [-75.5829404033183, 38.456393862147], [-75.5830567276075, 38.4563991691133], [-75.583601, 38.456424], [-75.589307, 38.456286], [-75.593082, 38.456404], [-75.5979382535903, 38.4568431759313], [-75.598069, 38.456855], [-75.630457, 38.457904], [-75.6306703432768, 38.4579096323257], [-75.6480799930221, 38.4583692522397], [-75.662843, 38.458759], [-75.665585, 38.4589], [-75.6741215559114, 38.4592586660486], [-75.678228907229, 38.4594312376902], [-75.6916522875818, 38.4599952251859], [-75.69367, 38.46008], [-75.696369, 38.492373], [-75.696688, 38.496467], [-75.6979007507769, 38.5112905415682], [-75.6982456038886, 38.5155057064101]]]}}, {"type": "Feature", "id": "21912", "properties": {"ZCTA5CE20": "21912", "GEOID20": "21912", "zip": "21912", "STUSPS": "DE"}, "geometry": {"type": "Polygon", "coordinates": [[[-75.883054, 39.369621], [-75.883318, 39.373118], [-75.880157, 39.378253], [-75.873109, 39.38618], [-75.871462, 39.389403], [-75.870867, 39.395762], [-75.871432, 39.398075], [-75.858474, 39.403307], [-75.863516, 39.410146], [-75.864126, 39.411055], [-75.862451, 39.414236], [-75.86155, 39.415876], [-75.861344, 39.416723], [-75.860787, 39.420162], [-75.860425, 39.427076], [-75.860719, 39.429237], [-75.861137, 39.433055], [-75.851241, 39.433864], [-75.848669, 39.434276], [-75.847812, 39.433718], [-75.84833, 39.43517], [-75.846821, 39.438788], [-75.847972, 39.440221], [-75.847703, 39.441997], [-75.848692, 39.443065], [-75.848061, 39.443963], [-75.847248, 39.447615], [-75.84629, 39.448008], [-75.847732, 39.448771], [-75.849502, 39.450624], [-75.850693, 39.450571], [-75.853459, 39.451996], [-75.855814, 39.450986], [-75.856105, 39.452578], [-75.860441, 39.452891], [-75.862935, 39.452651], [-75.864467, 39.454861], [-75.86278, 39.4552], [-75.861218, 39.455027], [-75.860604, 39.456426], [-75.862668, 39.459544], [-75.865565, 39.461347], [-75.864445, 39.461823], [-75.859635, 39.46102], [-75.858296, 39.461323], [-75.857316, 39.462513], [-75.854645, 39.462353], [-75.851061, 39.463538], [-75.847162, 39.463867], [-75.845085, 39.464958], [-75.842897, 39.465029], [-75.841975, 39.465221], [-75.840247, 39.464323], [-75.835602, 39.464173], [-75.8342, 39.464553], [-75.833745, 39.465713], [-75.828017, 39.465762], [-75.82697, 39.466354], [-75.827003, 39.46786], [-75.825842, 39.470162], [-75.822141, 39.469503], [-75.809469, 39.49434], [-75.801537, 39.495038], [-75.794289, 39.494773], [-75.78773, 39.495063], [-75.783372, 39.495036], [-75.776225525787, 39.4943676859086], [-75.7762226834811, 39.494332849895], [-75.7751296222804, 39.4809360180705], [-75.773359, 39.480946], [-75.772104, 39.468684], [-75.7740392473093, 39.467572109348], [-75.7738714399231, 39.4655154199966], [-75.7722499294203, 39.4456417811787], [-75.7698305587626, 39.4159893684849], [-75.767981329647, 39.3933247533183], [-75.7666931907181, 39.377537], [-75.772688, 39.379525], [-75.776369, 39.379059], [-75.776304, 39.380256], [-75.77806, 39.38029], [-75.781095, 39.382125], [-75.784224, 39.382549], [-75.784415, 39.380363], [-75.788032, 39.380353], [-75.789398, 39.381128], [-75.791182, 39.379925], [-75.794239, 39.379744], [-75.795726, 39.37724], [-75.797779, 39.377141], [-75.80182, 39.377922], [-75.803794, 39.376972], [-75.804686, 39.375434], [-75.806073, 39.375258], [-75.806165, 39.376799], [-75.807608, 39.377737], [-75.808879, 39.378048], [-75.809817, 39.379768], [-75.816313, 39.380654], [-75.818829, 39.382299], [-75.823658, 39.381413], [-75.829513, 39.376499], [-75.831173, 39.374173], [-75.834014, 39.373757], [-75.842385, 39.370978], [-75.844304, 39.369571], [-75.845476, 39.367698], [-75.848501, 39.368208], [-75.852394, 39.366527], [-75.85543, 39.364562], [-75.857246, 39.365055], [-75.861038, 39.36761], [-75.863754, 39.366436], [-75.865669, 39.366542], [-75.867614, 39.367813], [-75.874412, 39.365791], [-75.879463, 39.365467], [-75.882131, 39.364327], [-75.882979, 39.365208], [-75.88371, 39.366241], [-75.883054, 39.369621]]]}}, {"type": "Feature", "id": "21850", "properties": {"ZCTA5CE20": "21850", "GEOID20": "21850", "zip": "21850", "STUSPS": "DE"}, "geometry": {"type": "Polygon", "coordinates": [[[-75.444112, 38.369673], [-75.43423, 38.38282], [-75.433445, 38.384085], [-75.431567, 38.384798], [-75.433021, 38.384646], [-75.435706, 38.384525], [-75.434842, 38.385542], [-75.436493, 38.39159], [-75.434338, 38.391658], [-75.434492, 38.394999], [-75.4356, 38.3943], [-75.43874, 38.396717], [-75.438025, 38.40521], [-75.438078, 38.407773], [-75.43644, 38.409142], [-75.433336, 38.410142], [-75.429258, 38.410033], [-75.42912, 38.412443], [-75.436402, 38.417032], [-75.438004, 38.41906], [-75.44172, 38.424676], [-75.434127, 38.427095], [-75.429189, 38.423354], [-75.428876, 38.420981], [-75.428202, 38.424115], [-75.427758, 38.427458], [-75.427975, 38.428077], [-75.425192, 38.42907], [-75.421079, 38.434494], [-75.419696, 38.435657], [-75.417774, 38.441296], [-75.410884, 38.4524], [-75.4108201107905, 38.4523990015066], [-75.40199, 38.452261], [-75.3937694551717, 38.4521971959963], [-75.395319, 38.442038], [-75.391293, 38.441486], [-75.389715, 38.439414], [-75.388205, 38.435793], [-75.390975, 38.434598], [-75.392135, 38.433003], [-75.399198, 38.434007], [-75.40005, 38.43233], [-75.402311, 38.422973], [-75.406735, 38.415302], [-75.405708, 38.415054], [-75.400959, 38.415619], [-75.39749, 38.413239], [-75.394872, 38.412969], [-75.391277, 38.410237], [-75.386873, 38.409091], [-75.387367, 38.408378], [-75.383444, 38.405218], [-75.394123, 38.403541], [-75.397929, 38.401246], [-75.397589, 38.397922], [-75.399755, 38.395904], [-75.389633, 38.395886], [-75.389978, 38.389], [-75.391273, 38.389085], [-75.391542, 38.386706], [-75.390479, 38.386638], [-75.382344, 38.386395], [-75.382081, 38.38847], [-75.378601, 38.388239], [-75.376057, 38.385121], [-75.375084, 38.384479], [-75.373031, 38.383147], [-75.370181, 38.382061], [-75.371673, 38.37861], [-75.372011, 38.374395], [-75.373203, 38.370632], [-75.373224, 38.367795], [-75.369379, 38.367223], [-75.365146, 38.363446], [-75.366982, 38.357298], [-75.366464, 38.350249], [-75.367593, 38.349205], [-75.367933, 38.34732], [-75.369119, 38.346682], [-75.369292, 38.345243], [-75.370365, 38.343924], [-75.373704, 38.341626], [-75.370707, 38.339658], [-75.369451, 38.339243], [-75.369477, 38.339189], [-75.36192, 38.338126], [-75.361557, 38.332503], [-75.365211, 38.333095], [-75.364527, 38.32657], [-75.363647, 38.326213], [-75.358278, 38.32503], [-75.353985, 38.318675], [-75.351656, 38.318791], [-75.349807, 38.317633], [-75.354931, 38.315005], [-75.355928, 38.313884], [-75.360081, 38.300856], [-75.360875, 38.298345], [-75.361921, 38.297894], [-75.363605, 38.294333], [-75.363882, 38.290927], [-75.364641, 38.290359], [-75.372587, 38.28971], [-75.417116, 38.287575], [-75.417707, 38.288842], [-75.421979, 38.29285], [-75.426522, 38.296226], [-75.424093, 38.298487], [-75.405604, 38.303779], [-75.397248, 38.307558], [-75.408365, 38.314524], [-75.408839, 38.315118], [-75.40971, 38.321282], [-75.41005, 38.321922], [-75.413893, 38.324253], [-75.41138, 38.330489], [-75.410742, 38.334993], [-75.408284, 38.339037], [-75.408617, 38.341092], [-75.410593, 38.34349], [-75.412497, 38.344412], [-75.413588, 38.34241], [-75.415663, 38.343903], [-75.417825, 38.344652], [-75.417882, 38.346436], [-75.41971, 38.34746], [-75.419513, 38.349257], [-75.416209, 38.354971], [-75.418235, 38.356706], [-75.422469, 38.357218], [-75.426135, 38.359005], [-75.42897, 38.361455], [-75.430659, 38.362361], [-75.426633, 38.372163], [-75.428508, 38.372223], [-75.433039, 38.37389], [-75.437254, 38.374713], [-75.440002, 38.373691], [-75.43984, 38.371824], [-75.442524, 38.369586], [-75.444112, 38.369673]]]}}, {"type": "Feature", "id": "19713", "properties": {"ZCTA5CE20": "19713", "GEOID20": "19713", "zip": "19713", "STUSPS": "DE"}, "geometry": {"type": "Polygon", "coordinates": [[[-75.7880955854847, 39.6485475267544], [-75.782203, 39.654297], [-75.781757, 39.654733], [-75.776371, 39.659851], [-75.77352, 39.661961], [-75.772114, 39.662857], [-75.766394, 39.665655], [-75.755988, 39.669156], [-75.753025, 39.670109], [-75.742592, 39.673321], [-75.736245, 39.675276], [-75.729153, 39.677472], [-75.710142, 39.683335], [-75.70315, 39.6855], [-75.702125, 39.685814], [-75.687062, 39.690219], [-75.679506, 39.692448], [-75.678051, 39.695547], [-75.678327, 39.697195], [-75.679186, 39.697694], [-75.678608, 39.697515], [-75.675585, 39.699082], [-75.672633, 39.699094], [-75.669667, 39.699974], [-75.665568, 39.697963], [-75.664562, 39.699023], [-75.665098, 39.6998], [-75.663033, 39.701411], [-75.661245, 39.701312], [-75.65986, 39.700421], [-75.65796, 39.700849], [-75.655675, 39.702924], [-75.655218, 39.705596], [-75.653606, 39.706919], [-75.653266, 39.707567], [-75.648624, 39.707128], [-75.646186, 39.707704], [-75.645461, 39.707359], [-75.646893, 39.705275], [-75.64713, 39.70404], [-75.648931, 39.70294], [-75.650074, 39.701001], [-75.649284, 39.699297], [-75.645446, 39.696905], [-75.64227, 39.698012], [-75.642108, 39.699881], [-75.641282, 39.700324], [-75.638868, 39.699344], [-75.635512, 39.699704], [-75.62928, 39.701511], [-75.622765, 39.700031], [-75.621231, 39.69738], [-75.622581, 39.696884], [-75.62259, 39.694655], [-75.645818, 39.687377], [-75.656396, 39.684012], [-75.656469, 39.683743], [-75.660166, 39.68237], [-75.665979, 39.679234], [-75.675124, 39.672028], [-75.681952, 39.668402], [-75.684596, 39.666917], [-75.68861, 39.662973], [-75.690413, 39.661475], [-75.690908, 39.66116], [-75.696917, 39.658182], [-75.701117, 39.655684], [-75.703752, 39.654615], [-75.706728, 39.653787], [-75.732038, 39.648676], [-75.73492, 39.6481], [-75.731705, 39.641702], [-75.73305, 39.641354], [-75.735433, 39.641257], [-75.740995, 39.643343], [-75.742307, 39.644636], [-75.742322, 39.646663], [-75.742455, 39.647068], [-75.746086, 39.647022], [-75.746325, 39.647025], [-75.757101, 39.646975], [-75.758787, 39.6468], [-75.760115, 39.64657], [-75.762193, 39.646035], [-75.763974, 39.645498], [-75.783756, 39.639433], [-75.7875417024712, 39.6390306427924], [-75.787787176812, 39.6432484121769], [-75.7880955854847, 39.6485475267544]], [[-75.752818, 39.66714], [-75.751575, 39.658648], [-75.748237, 39.658398], [-75.745802, 39.658715], [-75.741569, 39.659993], [-75.738466, 39.661381], [-75.740473, 39.669138], [-75.751981, 39.668417], [-75.752065, 39.6684], [-75.752818, 39.66714]]]}}, {"type": "Feature", "id": "19720", "properties": {"ZCTA5CE20": "19720", "GEOID20": "19720", "zip": "19720", "STUSPS": "DE"}, "geometry": {"type": "Polygon", "coordinates": [[[-75.664893, 39.607029], [-75.664394, 39.608419], [-75.66341, 39.608914], [-75.661594, 39.611183], [-75.655765, 39.614158], [-75.65746, 39.61647], [-75.655592, 39.619402], [-75.650957, 39.624176], [-75.651188, 39.625557], [-75.65699, 39.628666], [-75.6576, 39.629261], [-75.653077, 39.631805], [-75.6531, 39.631961], [-75.651709, 39.632714], [-75.643608, 39.637116], [-75.640521, 39.639098], [-75.632443, 39.645326], [-75.633819, 39.647449], [-75.634043, 39.647594], [-75.641607, 39.6487], [-75.644606, 39.649963], [-75.646899, 39.653411], [-75.649364, 39.654946], [-75.649948, 39.655142], [-75.650938, 39.655374], [-75.652497, 39.661188], [-75.652706, 39.661096], [-75.655039, 39.659989], [-75.65509, 39.660127], [-75.655768, 39.662934], [-75.656672, 39.663983], [-75.656773, 39.664514], [-75.654853, 39.665538], [-75.650168, 39.664862], [-75.64867, 39.66561], [-75.643759, 39.666241], [-75.642039, 39.666811], [-75.643827, 39.6699], [-75.642094, 39.672682], [-75.638974, 39.672081], [-75.638518, 39.672383], [-75.638628, 39.673813], [-75.63643, 39.674237], [-75.636949, 39.67691], [-75.639078, 39.677408], [-75.639834, 39.678438], [-75.63737, 39.679433], [-75.637171, 39.681008], [-75.635006, 39.68081], [-75.635611, 39.679053], [-75.633916, 39.678216], [-75.631673, 39.680131], [-75.630756, 39.682122], [-75.633828, 39.684002], [-75.632762, 39.68487], [-75.629879, 39.684908], [-75.628626, 39.687957], [-75.624526, 39.688293], [-75.620991, 39.69118], [-75.62259, 39.694655], [-75.622581, 39.696884], [-75.621231, 39.69738], [-75.620448, 39.697565], [-75.615585, 39.704865], [-75.612471, 39.708401], [-75.611, 39.709572], [-75.608786, 39.710506], [-75.608241, 39.710692], [-75.606219, 39.711068], [-75.604639, 39.711046], [-75.603379, 39.711092], [-75.600195, 39.709361], [-75.599586, 39.708988], [-75.597992, 39.708801], [-75.597244, 39.70892], [-75.591563, 39.712222], [-75.590226, 39.715606], [-75.585947, 39.716773], [-75.582464, 39.718541], [-75.580165, 39.718574], [-75.572214, 39.717073], [-75.56375, 39.718612], [-75.561515, 39.719395], [-75.559936, 39.721441], [-75.560091, 39.723839], [-75.555785, 39.724503], [-75.555684, 39.721576], [-75.556036, 39.719274], [-75.561165, 39.713166], [-75.556665, 39.711769], [-75.559198, 39.708746], [-75.554819, 39.70351], [-75.554458, 39.703868], [-75.553333, 39.704963], [-75.55393, 39.707229], [-75.552899, 39.708059], [-75.554806, 39.711378], [-75.549894, 39.713139], [-75.551193, 39.714664], [-75.55456, 39.718736], [-75.549894, 39.72046], [-75.547709, 39.723558], [-75.544844, 39.722411], [-75.535661, 39.718755], [-75.533205, 39.71375], [-75.532534, 39.711403], [-75.532585, 39.706638], [-75.530236, 39.704563], [-75.525533030886, 39.7005032002623], [-75.5319118207207, 39.6928945848377], [-75.5350761193986, 39.6891202118998], [-75.5508077933438, 39.6703554837718], [-75.5537715895688, 39.6668202699997], [-75.5565726400012, 39.6634791792793], [-75.5568440176045, 39.6631554802906], [-75.5582831376135, 39.6614388990923], [-75.5613567608041, 39.6577726838033], [-75.5615437520028, 39.6575496408507], [-75.562246, 39.656712], [-75.5680124583168, 39.6565268891307], [-75.569037, 39.656494], [-75.587147, 39.651012], [-75.587155878479, 39.6510016113712], [-75.5917467759147, 39.6456298433782], [-75.5976026951042, 39.6387778847552], [-75.5998234626564, 39.636179384522], [-75.5999571451611, 39.6360229638199], [-75.6004949488643, 39.6353936845212], [-75.611969, 39.621968], [-75.613153, 39.62096], [-75.613377, 39.620288], [-75.614065, 39.61832], [-75.614929, 39.615952], [-75.614273, 39.61464], [-75.613345, 39.613056], [-75.613665, 39.61256], [-75.611344, 39.610183], [-75.613233, 39.607408], [-75.613477, 39.606861], [-75.613473, 39.606832], [-75.613793, 39.606192], [-75.6137525285849, 39.6060071348075], [-75.612591459275, 39.6007036063495], [-75.611905, 39.597568], [-75.611873, 39.597408], [-75.60464, 39.58992], [-75.603584, 39.58896], [-75.6011493716961, 39.5890415401665], [-75.599122, 39.588918], [-75.613682, 39.584239], [-75.615672, 39.581777], [-75.61402, 39.581582], [-75.606668, 39.578506], [-75.602034, 39.577023], [-75.602087, 39.576924], [-75.602248, 39.576232], [-75.602635, 39.575086], [-75.603079, 39.573824], [-75.60445, 39.569518], [-75.603733, 39.568387], [-75.603439, 39.566487], [-75.600602, 39.564262], [-75.595188, 39.560671], [-75.595149, 39.560646], [-75.593993, 39.559636], [-75.594715, 39.557884], [-75.594505, 39.557915], [-75.594842, 39.557547], [-75.582555, 39.559035], [-75.582273, 39.558248], [-75.59547, 39.556366], [-75.61113, 39.5537], [-75.618807, 39.552808], [-75.620568, 39.552827], [-75.633716, 39.555058], [-75.637719, 39.555254], [-75.642411, 39.55497], [-75.647125, 39.554004], [-75.648497, 39.554707], [-75.648457, 39.555853], [-75.648677, 39.556486], [-75.651978, 39.559683], [-75.652225, 39.56199], [-75.650381, 39.561952], [-75.648833, 39.564321], [-75.654112, 39.564603], [-75.652758, 39.55693], [-75.655705, 39.557261], [-75.661265, 39.559569], [-75.663422, 39.559824], [-75.663448, 39.560877], [-75.662869, 39.565321], [-75.66179, 39.574403], [-75.661707, 39.58011], [-75.658635, 39.579485], [-75.657712, 39.579394], [-75.660842, 39.59099], [-75.66075, 39.591213], [-75.662807, 39.598374], [-75.661923, 39.598382], [-75.659718, 39.6015], [-75.656621, 39.602653], [-75.65525, 39.606064], [-75.658054, 39.605828], [-75.660688, 39.607383], [-75.661462, 39.607663], [-75.664855, 39.605456], [-75.664926, 39.605876], [-75.664893, 39.607029]], [[-75.644899, 39.651458], [-75.642323, 39.652047], [-75.641632, 39.652869], [-75.6426, 39.653304], [-75.64514, 39.65185], [-75.644899, 39.651458]]]}}, {"type": "Feature", "id": "19952", "properties": {"ZCTA5CE20": "19952", "GEOID20": "19952", "zip": "19952", "STUSPS": "DE"}, "geometry": {"type": "Polygon", "coordinates": [[[-75.7346077439486, 38.9793246816626], [-75.73238, 38.980409], [-75.72991, 38.980295], [-75.727185, 38.979093], [-75.725583, 38.979075], [-75.726162, 38.977721], [-75.725491, 38.97663], [-75.72253, 38.976257], [-75.715908, 38.976626], [-75.709101, 38.975597], [-75.707795, 38.97296], [-75.703699, 38.968878], [-75.701576, 38.969938], [-75.696815, 38.970977], [-75.694965, 38.975499], [-75.692566, 38.977585], [-75.691869, 38.979756], [-75.691758, 38.98271], [-75.688901, 38.98473], [-75.687353, 38.986691], [-75.686586, 38.986356], [-75.685284, 38.987763], [-75.681226, 38.989012], [-75.681241, 38.990025], [-75.675497, 38.98737], [-75.672443, 38.986458], [-75.666121, 38.98554], [-75.661569, 38.983248], [-75.649115, 38.989129], [-75.644392, 38.98441], [-75.643852, 38.981625], [-75.642571, 38.981641], [-75.640841, 38.979256], [-75.638768, 38.975185], [-75.635173, 38.973154], [-75.630335, 38.971785], [-75.630405, 38.97048], [-75.625911, 38.968703], [-75.619278, 38.96846], [-75.616291, 38.968858], [-75.612055, 38.970892], [-75.610902, 38.963036], [-75.609531, 38.958619], [-75.608589, 38.957467], [-75.600567, 38.958537], [-75.593224, 38.956888], [-75.593107, 38.957763], [-75.589887, 38.957417], [-75.581988, 38.954682], [-75.578377, 38.954739], [-75.578683, 38.962598], [-75.568765, 38.963367], [-75.568853, 38.964594], [-75.565795, 38.964767], [-75.564566, 38.953253], [-75.54869, 38.954084], [-75.54651, 38.953273], [-75.544906, 38.951769], [-75.539381, 38.955215], [-75.538352, 38.956225], [-75.53668, 38.959011], [-75.537638, 38.968701], [-75.540857, 38.973823], [-75.537195, 38.974212], [-75.538644, 38.976557], [-75.53829, 38.977297], [-75.539318, 38.979577], [-75.538516, 38.980109], [-75.536067, 38.979922], [-75.534321, 38.981482], [-75.53176, 38.979773], [-75.529471, 38.98136], [-75.527289, 38.983276], [-75.527323, 38.984853], [-75.524725, 38.986604], [-75.51609, 38.977247], [-75.522023, 38.976219], [-75.522066, 38.974412], [-75.52332, 38.967226], [-75.525907, 38.964764], [-75.525837, 38.964496], [-75.525787, 38.964283], [-75.520438, 38.962471], [-75.516902, 38.96584], [-75.500244, 38.978229], [-75.500489, 38.978444], [-75.49924, 38.97909], [-75.495131, 38.982859], [-75.486196, 38.97478], [-75.485678, 38.974515], [-75.484519, 38.973656], [-75.489243, 38.97109], [-75.491922, 38.967686], [-75.493039, 38.967379], [-75.492098, 38.966813], [-75.492065, 38.965733], [-75.49289, 38.964118], [-75.495479, 38.962949], [-75.497506, 38.961444], [-75.497598, 38.959925], [-75.49645, 38.957958], [-75.496411, 38.954766], [-75.494935, 38.953029], [-75.489744, 38.952828], [-75.487896, 38.952061], [-75.48794, 38.945837], [-75.496894, 38.940449], [-75.500698, 38.937169], [-75.500393, 38.93705], [-75.499183, 38.936675], [-75.490172, 38.934074], [-75.489403, 38.932619], [-75.491412, 38.931775], [-75.495544, 38.929925], [-75.492831, 38.924003], [-75.492683, 38.922708], [-75.492556, 38.92015], [-75.496901, 38.919978], [-75.496994, 38.921268], [-75.500495, 38.921128], [-75.501811, 38.921814], [-75.501985, 38.924659], [-75.505327, 38.924511], [-75.505569, 38.927506], [-75.510948, 38.927597], [-75.517037, 38.927669], [-75.523065, 38.92096], [-75.522868, 38.920229], [-75.519719, 38.917904], [-75.518737, 38.91672], [-75.543619, 38.915651], [-75.542802, 38.914544], [-75.543961, 38.907148], [-75.543987, 38.904925], [-75.54862, 38.902332], [-75.551279, 38.905255], [-75.550449, 38.908282], [-75.553036, 38.909364], [-75.552199, 38.911885], [-75.54933, 38.913577], [-75.548614, 38.915516], [-75.551897, 38.915395], [-75.554085, 38.91516], [-75.554653, 38.906768], [-75.556742, 38.906593], [-75.558903, 38.906776], [-75.55651, 38.905418], [-75.555049, 38.901685], [-75.558256, 38.899776], [-75.558792, 38.900527], [-75.562775, 38.898976], [-75.565154, 38.896577], [-75.56669, 38.893888], [-75.565401, 38.893705], [-75.564681, 38.890338], [-75.566225, 38.887969], [-75.558577, 38.888128], [-75.554683, 38.886862], [-75.552591, 38.886504], [-75.543866, 38.88766], [-75.534384, 38.887509], [-75.529462, 38.888246], [-75.528949, 38.887154], [-75.532046, 38.882367], [-75.535188, 38.879387], [-75.5362, 38.871747], [-75.535741, 38.869621], [-75.531293, 38.861398], [-75.530298, 38.860858], [-75.531777, 38.857306], [-75.53319, 38.856719], [-75.535249, 38.85406], [-75.536297, 38.851336], [-75.53622, 38.849939], [-75.522404, 38.855019], [-75.518868, 38.849679], [-75.5219, 38.84177], [-75.523281, 38.839512], [-75.526642, 38.83534], [-75.528711, 38.834551], [-75.531287, 38.834493], [-75.538351, 38.836209], [-75.544207, 38.832057], [-75.54715, 38.833844], [-75.551493, 38.835852], [-75.554069, 38.835176], [-75.555299, 38.835639], [-75.560282, 38.8375], [-75.560659, 38.840648], [-75.566549, 38.840407], [-75.566889, 38.843341], [-75.570853, 38.843844], [-75.570024, 38.847806], [-75.570354, 38.850591], [-75.569343, 38.851684], [-75.569786, 38.854393], [-75.567475, 38.857469], [-75.56902, 38.857787], [-75.570939, 38.859237], [-75.572794, 38.861775], [-75.575106, 38.862231], [-75.5752, 38.865598], [-75.575998, 38.865411], [-75.575707, 38.866963], [-75.576869, 38.86776], [-75.576075, 38.871464], [-75.579365, 38.871892], [-75.579347, 38.871168], [-75.579662, 38.869672], [-75.580849, 38.869657], [-75.580872, 38.87001], [-75.581555, 38.870026], [-75.581769, 38.869203], [-75.583106, 38.869613], [-75.583825, 38.871114], [-75.586694, 38.870497], [-75.589352, 38.873522], [-75.594114, 38.871526], [-75.596693, 38.873975], [-75.600564, 38.872835], [-75.596215, 38.863928], [-75.598751, 38.862792], [-75.605575, 38.860689], [-75.611173, 38.859746], [-75.614665, 38.858813], [-75.615694, 38.860824], [-75.614599, 38.86217], [-75.618847, 38.866034], [-75.624581, 38.861024], [-75.6273, 38.864768], [-75.630447, 38.861821], [-75.632562, 38.862523], [-75.633464, 38.860985], [-75.635189, 38.861478], [-75.638195, 38.860163], [-75.639805, 38.860904], [-75.639707, 38.859421], [-75.641495, 38.859437], [-75.644395, 38.857587], [-75.649407, 38.858611], [-75.650728, 38.858452], [-75.655055, 38.860639], [-75.656347, 38.86181], [-75.668189, 38.852437], [-75.673683, 38.849494], [-75.681307, 38.861729], [-75.683187, 38.858964], [-75.684044, 38.856792], [-75.684164, 38.853881], [-75.687683, 38.852508], [-75.687227, 38.849569], [-75.687999, 38.848053], [-75.690844, 38.849514], [-75.692238, 38.851347], [-75.695116, 38.850599], [-75.700245, 38.850991], [-75.703048, 38.850037], [-75.703665, 38.850425], [-75.705133, 38.850249], [-75.708716, 38.852511], [-75.717216, 38.851312], [-75.722408, 38.851645], [-75.7242944140281, 38.8509424874773], [-75.7246423465392, 38.8556550760299], [-75.725565, 38.868152], [-75.725829, 38.869296], [-75.7279177693366, 38.8954756605248], [-75.7309192614903, 38.9330949630837], [-75.7309204858354, 38.9331103084535], [-75.7328150919806, 38.9568564181065], [-75.7328559079955, 38.9573679869984], [-75.7346077439486, 38.9793246816626]]]}}, {"type": "Feature", "id": "21801", "properties": {"ZCTA5CE20": "21801", "GEOID20": "21801", "zip": "21801", "STUSPS": "DE"}, "geometry": {"type": "Polygon", "coordinates": [[[-75.719937, 38.349469], [-75.718922, 38.355041], [-75.714059, 38.35491], [-75.711522, 38.355175], [-75.711894, 38.357037], [-75.708711, 38.35973], [-75.712179, 38.364975], [-75.709086, 38.382989], [-75.705451, 38.384881], [-75.698235, 38.387903], [-75.694315, 38.388509], [-75.693701, 38.387172], [-75.690744, 38.384755], [-75.690801, 38.380603], [-75.691463, 38.378837], [-75.691557, 38.376758], [-75.693333, 38.375182], [-75.693481, 38.373513], [-75.68573, 38.374084], [-75.675968, 38.374083], [-75.677151, 38.378434], [-75.677003, 38.379346], [-75.676434, 38.379234], [-75.676703, 38.378839], [-75.674997, 38.373927], [-75.673142, 38.375097], [-75.670117, 38.374851], [-75.6665, 38.376509], [-75.667086, 38.377671], [-75.667732, 38.381171], [-75.664465, 38.386456], [-75.662047, 38.385462], [-75.658767, 38.389328], [-75.65673, 38.390879], [-75.653095, 38.387918], [-75.638046, 38.373677], [-75.641936, 38.389746], [-75.660657, 38.401165], [-75.658904, 38.403696], [-75.657196, 38.407386], [-75.655606, 38.412501], [-75.65549, 38.412662], [-75.645394, 38.411175], [-75.643229, 38.409973], [-75.638817, 38.413791], [-75.63878, 38.419266], [-75.639397, 38.422185], [-75.642013, 38.428546], [-75.642734, 38.428482], [-75.651056, 38.425917], [-75.655569, 38.426536], [-75.664561, 38.425435], [-75.664635, 38.426866], [-75.665964, 38.429792], [-75.664037, 38.437817], [-75.663862, 38.443772], [-75.671552, 38.445883], [-75.673752, 38.446932], [-75.67378, 38.449047], [-75.677056, 38.450026], [-75.676706, 38.452937], [-75.678376, 38.455366], [-75.68108, 38.455932], [-75.678228907229, 38.4594312376902], [-75.6741215559114, 38.4592586660486], [-75.665585, 38.4589], [-75.662843, 38.458759], [-75.6480799930221, 38.4583692522397], [-75.6306703432768, 38.4579096323257], [-75.626548, 38.444175], [-75.625772, 38.443206], [-75.615154, 38.437612], [-75.614674, 38.439013], [-75.608576, 38.437129], [-75.601033, 38.425785], [-75.602244, 38.424631], [-75.599895, 38.420363], [-75.599232, 38.418511], [-75.599379, 38.4195], [-75.595315, 38.420369], [-75.592479, 38.422559], [-75.591906, 38.422296], [-75.591968, 38.418999], [-75.591185, 38.417341], [-75.591498, 38.414879], [-75.586723, 38.416946], [-75.581355, 38.420037], [-75.581203, 38.420027], [-75.578868, 38.419321], [-75.574672, 38.420945], [-75.573638, 38.421453], [-75.570805, 38.421496], [-75.569818, 38.42192], [-75.569134, 38.42236], [-75.568436, 38.42286], [-75.567612, 38.423777], [-75.564652, 38.423415], [-75.564706, 38.422175], [-75.564932, 38.420821], [-75.564587, 38.420745], [-75.563308, 38.420791], [-75.564691, 38.415704], [-75.565952, 38.415951], [-75.566332, 38.416032], [-75.566983, 38.413972], [-75.56757, 38.411772], [-75.567722, 38.410014], [-75.56466, 38.409038], [-75.562674, 38.405948], [-75.562495, 38.404564], [-75.562953, 38.395743], [-75.565771, 38.395541], [-75.567073, 38.396109], [-75.569213, 38.397541], [-75.569431, 38.39937], [-75.568404, 38.401091], [-75.569474, 38.40215], [-75.568761, 38.403641], [-75.56766, 38.403568], [-75.56888, 38.403063], [-75.56781, 38.402823], [-75.568065, 38.402192], [-75.563949, 38.401808], [-75.563696, 38.406053], [-75.56664, 38.406975], [-75.567387, 38.405674], [-75.568138, 38.405858], [-75.571623, 38.398088], [-75.57163, 38.398072], [-75.573301, 38.394715], [-75.574529, 38.392987], [-75.57397, 38.392523], [-75.573678, 38.389835], [-75.575441, 38.389993], [-75.577827, 38.387536], [-75.579009, 38.38826], [-75.579689, 38.387564], [-75.579743, 38.387507], [-75.578503, 38.386193], [-75.573789, 38.383515], [-75.575342, 38.383628], [-75.579823, 38.382897], [-75.580008, 38.383066], [-75.581054, 38.383872], [-75.582076, 38.384052], [-75.582831, 38.384028], [-75.583208, 38.384139], [-75.583344, 38.384017], [-75.588385, 38.380548], [-75.589585, 38.377544], [-75.592241, 38.372046], [-75.59389, 38.371677], [-75.593167, 38.37049], [-75.595511, 38.367607], [-75.594315, 38.367507], [-75.595112, 38.365207], [-75.595841, 38.363163], [-75.597255, 38.360065], [-75.598976, 38.359055], [-75.598639, 38.358193], [-75.598999, 38.357184], [-75.599328, 38.355566], [-75.598576, 38.355324], [-75.599286, 38.353292], [-75.600981, 38.348491], [-75.603284, 38.342512], [-75.607955, 38.336154], [-75.609297, 38.334391], [-75.610102, 38.333055], [-75.610581, 38.333281], [-75.610706, 38.333119], [-75.612651, 38.330971], [-75.614149, 38.333056], [-75.617405, 38.330773], [-75.618324, 38.331699], [-75.617602, 38.332302], [-75.622258, 38.33571], [-75.623939, 38.336229], [-75.625197, 38.338724], [-75.629102, 38.336993], [-75.630128, 38.336999], [-75.629738, 38.336611], [-75.633323, 38.33489], [-75.634792, 38.334612], [-75.63615, 38.336172], [-75.640249, 38.336601], [-75.641694, 38.336779], [-75.64213, 38.336563], [-75.639291, 38.334692], [-75.642024, 38.333719], [-75.642192, 38.334005], [-75.64818, 38.328464], [-75.642718, 38.324349], [-75.642531, 38.323111], [-75.646648, 38.320093], [-75.647453, 38.320727], [-75.650858, 38.318354], [-75.648446, 38.316434], [-75.647875, 38.316927], [-75.644104, 38.313649], [-75.635292, 38.318756], [-75.634241, 38.31451], [-75.635258, 38.314439], [-75.640869, 38.313283], [-75.642767, 38.313058], [-75.645223, 38.313028], [-75.648302, 38.311808], [-75.652122, 38.314454], [-75.656775, 38.316429], [-75.658048, 38.314103], [-75.662102, 38.314093], [-75.656272, 38.305935], [-75.661105, 38.309403], [-75.666023, 38.308774], [-75.674478, 38.313389], [-75.676489, 38.316476], [-75.676821, 38.31787], [-75.675887, 38.319699], [-75.678851, 38.319023], [-75.689063, 38.315622], [-75.694192, 38.319464], [-75.701646, 38.325638], [-75.696164, 38.330877], [-75.693954, 38.330457], [-75.692352, 38.32919], [-75.690743, 38.329974], [-75.687437, 38.327575], [-75.682349, 38.328699], [-75.682792, 38.331384], [-75.685848, 38.332943], [-75.68778, 38.335045], [-75.689463, 38.335013], [-75.693312, 38.337169], [-75.695481, 38.338868], [-75.695369, 38.340712], [-75.69799, 38.33944], [-75.702475, 38.339632], [-75.704031, 38.342521], [-75.707638, 38.34357], [-75.708538, 38.343465], [-75.710036, 38.340345], [-75.711498, 38.340353], [-75.711189, 38.343542], [-75.709898, 38.344503], [-75.709175, 38.345881], [-75.709215, 38.346273], [-75.707429, 38.348241], [-75.71251, 38.347841], [-75.719121, 38.347532], [-75.719937, 38.349469]]]}}, {"type": "Feature", "id": "19711", "properties": {"ZCTA5CE20": "19711", "GEOID20": "19711", "zip": "19711", "STUSPS": "DE"}, "geometry": {"type": "Polygon", "coordinates": [[[-75.7886554614804, 39.6595727948766], [-75.7886334113892, 39.6714016188322], [-75.7886332036449, 39.671513063759], [-75.7886244496118, 39.6762091856248], [-75.7886244256362, 39.6762220473959], [-75.788616, 39.680742], [-75.788658, 39.681911], [-75.788603655612, 39.685655183688], [-75.7885803744806, 39.6872591916782], [-75.7885717063591, 39.6878564021777], [-75.7885224929041, 39.6912470782359], [-75.7884791766983, 39.6942314495293], [-75.7884665379611, 39.6951022248818], [-75.7884659859341, 39.695140258074], [-75.7884408482613, 39.6968721768263], [-75.788395, 39.700031], [-75.788395, 39.700287], [-75.7883976120459, 39.7005717519929], [-75.78857321813, 39.7197154361476], [-75.7885733261137, 39.7197272079888], [-75.788596, 39.722199], [-75.773786, 39.7222], [-75.7735771766673, 39.7226218350215], [-75.7685355938002, 39.7328061194598], [-75.766058, 39.737811], [-75.765959924236, 39.737972742594], [-75.7658791814134, 39.7381059004001], [-75.760346, 39.747231], [-75.7601016113381, 39.7475801266599], [-75.7592137517567, 39.7488484974904], [-75.7544659060403, 39.7556311342282], [-75.753066, 39.757631], [-75.751436564661, 39.7595520501506], [-75.744394, 39.767855], [-75.7393235590979, 39.77292479948], [-75.736489, 39.775759], [-75.7322719210417, 39.7794967436064], [-75.721121, 39.775396], [-75.720667, 39.769887], [-75.721291, 39.769335], [-75.717307, 39.76787], [-75.706664, 39.766482], [-75.705512, 39.764571], [-75.70428, 39.762005], [-75.703908, 39.75971], [-75.703743, 39.758484], [-75.70568, 39.758355], [-75.7057, 39.756946], [-75.70848, 39.756782], [-75.707289, 39.750324], [-75.704558, 39.750565], [-75.703083, 39.750802], [-75.707467, 39.747909], [-75.710776, 39.74584], [-75.715821, 39.746528], [-75.717304, 39.745807], [-75.71821, 39.745398], [-75.716185, 39.742123], [-75.715893, 39.741427], [-75.711625, 39.740319], [-75.709307, 39.736932], [-75.708913, 39.735458], [-75.708592, 39.73581], [-75.706352, 39.732855], [-75.70357, 39.731735], [-75.703193, 39.730264], [-75.702716, 39.730055], [-75.701941, 39.729478], [-75.702006, 39.728561], [-75.701149, 39.723923], [-75.699127, 39.721848], [-75.698647, 39.721973], [-75.698802, 39.720579], [-75.697394, 39.718139], [-75.695077, 39.716655], [-75.696784, 39.715685], [-75.696266, 39.714947], [-75.695615, 39.713547], [-75.695021, 39.713488], [-75.694784, 39.713462], [-75.693232, 39.710672], [-75.692805, 39.710955], [-75.688384, 39.713074], [-75.68804, 39.713044], [-75.683813, 39.712751], [-75.681588, 39.709251], [-75.682877, 39.706874], [-75.680333, 39.704494], [-75.681283, 39.704554], [-75.682302, 39.706189], [-75.684399, 39.707059], [-75.686833, 39.705309], [-75.684164, 39.702694], [-75.683377, 39.700309], [-75.682692, 39.699438], [-75.681138, 39.698972], [-75.679186, 39.697694], [-75.678327, 39.697195], [-75.678051, 39.695547], [-75.679506, 39.692448], [-75.687062, 39.690219], [-75.702125, 39.685814], [-75.70315, 39.6855], [-75.710142, 39.683335], [-75.729153, 39.677472], [-75.736245, 39.675276], [-75.735916, 39.676624], [-75.735916, 39.678547], [-75.742552, 39.676593], [-75.743716, 39.676379], [-75.743057, 39.674528], [-75.741981, 39.674557], [-75.742592, 39.673321], [-75.753025, 39.670109], [-75.755988, 39.669156], [-75.766394, 39.665655], [-75.772114, 39.662857], [-75.77352, 39.661961], [-75.776371, 39.659851], [-75.781757, 39.654733], [-75.782203, 39.654297], [-75.7880955854847, 39.6485475267544], [-75.7881146121039, 39.6488744443938], [-75.7884309006792, 39.6543089523983], [-75.7884314346714, 39.6543181275155], [-75.788658, 39.658211], [-75.7886554614804, 39.6595727948766]], [[-75.764014, 39.678924], [-75.760353, 39.6802], [-75.759102, 39.680949], [-75.757525, 39.682306], [-75.759782, 39.682983], [-75.760078, 39.682307], [-75.760959, 39.680877], [-75.761314, 39.680482], [-75.764715, 39.679644], [-75.764014, 39.678924]], [[-75.761081, 39.690684], [-75.760547, 39.689753], [-75.759839, 39.687888], [-75.758823, 39.688104], [-75.756799, 39.687493], [-75.755944, 39.687703], [-75.755422, 39.688902], [-75.755622, 39.689833], [-75.757501, 39.690617], [-75.756229, 39.690672], [-75.756229, 39.691137], [-75.758748, 39.691737], [-75.761563, 39.691231], [-75.761081, 39.690684]], [[-75.75731, 39.684236], [-75.756201, 39.683002], [-75.755966, 39.682964], [-75.75695, 39.68235], [-75.755756, 39.681659], [-75.756293, 39.679435], [-75.754399, 39.678994], [-75.754326, 39.677474], [-75.753552, 39.677479], [-75.753501, 39.674511], [-75.753513, 39.674431], [-75.750577, 39.67433], [-75.750403, 39.675259], [-75.747111, 39.675166], [-75.745138, 39.676384], [-75.745394, 39.676719], [-75.746921, 39.67914], [-75.747177, 39.681151], [-75.747812, 39.681156], [-75.74785, 39.681496], [-75.748055, 39.681486], [-75.748104, 39.682089], [-75.749501, 39.681976], [-75.751481, 39.681827], [-75.752052, 39.683124], [-75.753672, 39.683014], [-75.754113, 39.683002], [-75.754451, 39.68576], [-75.756261, 39.684319], [-75.75731, 39.684236]]]}}, {"type": "Feature", "id": "19810", "properties": {"ZCTA5CE20": "19810", "GEOID20": "19810", "zip": "19810", "STUSPS": "DE"}, "geometry": {"type": "Polygon", "coordinates": [[[-75.54878, 39.809177], [-75.548493, 39.809161], [-75.548652, 39.810647], [-75.54584, 39.812063], [-75.545845, 39.814968], [-75.542965, 39.819038], [-75.544101, 39.819368], [-75.54514, 39.819671], [-75.545513, 39.81821], [-75.548253, 39.81835], [-75.544968, 39.825752], [-75.544178, 39.828729], [-75.540217, 39.829044], [-75.534331, 39.830757], [-75.532653, 39.833594], [-75.5327980290377, 39.8376157868707], [-75.5284896165002, 39.8372241504808], [-75.5281893535546, 39.8371968564613], [-75.5188176150883, 39.8363449617581], [-75.5186973569293, 39.8363340302443], [-75.518444, 39.836311], [-75.5118601881407, 39.8353036609986], [-75.4999386451523, 39.8334796363355], [-75.4989861331738, 39.8333338997188], [-75.4989819702025, 39.8333332627742], [-75.498843, 39.833312], [-75.4884055185848, 39.8308213789021], [-75.481242, 39.829112], [-75.4754870028189, 39.8274081016111], [-75.4726776290824, 39.826576322336], [-75.472547501842, 39.8265377951937], [-75.4634568729552, 39.8238463068355], [-75.463341, 39.823812], [-75.4599264483802, 39.822567241051], [-75.464124, 39.81893], [-75.46956, 39.814175], [-75.476303, 39.808287], [-75.480879, 39.804354], [-75.481025, 39.804226], [-75.484595, 39.80107], [-75.486161, 39.799472], [-75.490472, 39.793225], [-75.493752, 39.796589], [-75.500849, 39.799812], [-75.502848, 39.800886], [-75.505244, 39.80003], [-75.505891, 39.799799], [-75.506375, 39.801922], [-75.50955, 39.803653], [-75.508843, 39.804446], [-75.509272, 39.804688], [-75.511253, 39.805865], [-75.511625, 39.80545], [-75.514093, 39.806902], [-75.513693, 39.807317], [-75.515238, 39.808244], [-75.515801, 39.808599], [-75.516345, 39.807935], [-75.522681, 39.811582], [-75.524923, 39.811658], [-75.531861, 39.80888], [-75.535727, 39.808402], [-75.543326, 39.808821], [-75.543501, 39.807393], [-75.544866, 39.808118], [-75.548607, 39.808205], [-75.54878, 39.809177]]]}}, {"type": "Feature", "id": "19803", "properties": {"ZCTA5CE20": "19803", "GEOID20": "19803", "zip": "19803", "STUSPS": "DE"}, "geometry": {"type": "Polygon", "coordinates": [[[-75.5793939947411, 39.8385493199286], [-75.570464, 39.839007], [-75.5641953501892, 39.8388466476236], [-75.5513215785919, 39.8385173359007], [-75.5408864120625, 39.8382504038178], [-75.5400582754622, 39.838229220042], [-75.5397340102655, 39.838220925322], [-75.539346, 39.838211], [-75.5327980290377, 39.8376157868707], [-75.532653, 39.833594], [-75.534331, 39.830757], [-75.540217, 39.829044], [-75.544178, 39.828729], [-75.544968, 39.825752], [-75.548253, 39.81835], [-75.545513, 39.81821], [-75.54514, 39.819671], [-75.544101, 39.819368], [-75.542965, 39.819038], [-75.545845, 39.814968], [-75.54584, 39.812063], [-75.548652, 39.810647], [-75.548493, 39.809161], [-75.54878, 39.809177], [-75.548607, 39.808205], [-75.544866, 39.808118], [-75.543501, 39.807393], [-75.543326, 39.808821], [-75.535727, 39.808402], [-75.531861, 39.80888], [-75.524923, 39.811658], [-75.522681, 39.811582], [-75.516345, 39.807935], [-75.515801, 39.808599], [-75.515238, 39.808244], [-75.513693, 39.807317], [-75.514093, 39.806902], [-75.511625, 39.80545], [-75.511253, 39.805865], [-75.509272, 39.804688], [-75.508843, 39.804446], [-75.50955, 39.803653], [-75.506375, 39.801922], [-75.505891, 39.799799], [-75.505244, 39.80003], [-75.502848, 39.800886], [-75.500849, 39.799812], [-75.493752, 39.796589], [-75.490472, 39.793225], [-75.490095, 39.792823], [-75.492678, 39.790289], [-75.503549, 39.781431], [-75.506481, 39.779762], [-75.506377, 39.780922], [-75.510759, 39.778917], [-75.516934, 39.777214], [-75.521583, 39.776183], [-75.521435, 39.775396], [-75.522346, 39.775249], [-75.524508, 39.775201], [-75.525656, 39.77475], [-75.526683, 39.774254], [-75.527191, 39.774951], [-75.528623, 39.774403], [-75.53693, 39.767897], [-75.538369, 39.767411], [-75.543083, 39.766773], [-75.542753, 39.764613], [-75.549115, 39.76277], [-75.552327, 39.76188], [-75.556078, 39.760814], [-75.557008, 39.760933], [-75.557149, 39.76146], [-75.553497, 39.761809], [-75.551188, 39.763982], [-75.549614, 39.76672], [-75.551561, 39.766571], [-75.553981, 39.768329], [-75.5543, 39.769202], [-75.55676, 39.770825], [-75.559299, 39.771291], [-75.560667, 39.772228], [-75.561379, 39.773897], [-75.564216, 39.7748], [-75.564418, 39.776554], [-75.570048, 39.770965], [-75.574297, 39.769097], [-75.576116, 39.769004], [-75.578332, 39.769888], [-75.578862, 39.770426], [-75.579041, 39.770921], [-75.578195, 39.773231], [-75.577436, 39.774398], [-75.573665, 39.77739], [-75.570559, 39.780941], [-75.570671, 39.78245], [-75.575659, 39.783998], [-75.575583, 39.785908], [-75.572927, 39.785815], [-75.56691, 39.788635], [-75.56519, 39.794673], [-75.562907, 39.797117], [-75.567752, 39.798244], [-75.56836, 39.798733], [-75.565038, 39.80033], [-75.565528, 39.804616], [-75.563584, 39.806356], [-75.560914, 39.806619], [-75.558044, 39.808865], [-75.566304, 39.808874], [-75.566294, 39.809681], [-75.569803, 39.817056], [-75.571739, 39.819431], [-75.575027, 39.821621], [-75.575676, 39.822563], [-75.57518, 39.825993], [-75.573044, 39.82911], [-75.573646, 39.831225], [-75.577237, 39.834496], [-75.579254, 39.838116], [-75.5793939947411, 39.8385493199286]]]}}, {"type": "Feature", "id": "19806", "properties": {"ZCTA5CE20": "19806", "GEOID20": "19806", "zip": "19806", "STUSPS": "DE"}, "geometry": {"type": "Polygon", "coordinates": [[[-75.579956, 39.763371], [-75.577848, 39.766438], [-75.577592, 39.766819], [-75.577113, 39.766591], [-75.577106, 39.766796], [-75.576611, 39.767563], [-75.576981, 39.767757], [-75.576116, 39.769004], [-75.574297, 39.769097], [-75.570048, 39.770965], [-75.564418, 39.776554], [-75.564216, 39.7748], [-75.561379, 39.773897], [-75.560667, 39.772228], [-75.559299, 39.771291], [-75.55676, 39.770825], [-75.5543, 39.769202], [-75.553981, 39.768329], [-75.551561, 39.766571], [-75.549614, 39.76672], [-75.551188, 39.763982], [-75.553497, 39.761809], [-75.557149, 39.76146], [-75.557008, 39.760933], [-75.556078, 39.760814], [-75.552327, 39.76188], [-75.551116, 39.760907], [-75.551948, 39.759001], [-75.552509, 39.756534], [-75.551659, 39.755665], [-75.552753, 39.755079], [-75.551055, 39.753487], [-75.552057, 39.752999], [-75.554645, 39.750942], [-75.554707, 39.750993], [-75.554987, 39.751244], [-75.555094, 39.751144], [-75.556246, 39.75008], [-75.556845, 39.74922], [-75.557419, 39.748356], [-75.558322, 39.747084], [-75.558758, 39.747262], [-75.558931, 39.747002], [-75.5591, 39.747009], [-75.560076, 39.747425], [-75.559873, 39.747714], [-75.563763, 39.7493], [-75.565176, 39.749895], [-75.565355, 39.749586], [-75.566305, 39.749979], [-75.566104, 39.750277], [-75.565244, 39.751533], [-75.564301, 39.752264], [-75.563636, 39.75317], [-75.563181, 39.753822], [-75.563575, 39.754001], [-75.564032, 39.753334], [-75.566221, 39.754234], [-75.5655, 39.754989], [-75.56612, 39.75524], [-75.56703, 39.754568], [-75.567705, 39.754843], [-75.567144, 39.755667], [-75.567772, 39.756035], [-75.568855, 39.755313], [-75.569106, 39.756854], [-75.571432, 39.758177], [-75.572409, 39.756752], [-75.573464, 39.758205], [-75.573144, 39.75915], [-75.575075, 39.759614], [-75.580198, 39.762839], [-75.579956, 39.763371]]]}}, {"type": "Feature", "id": "21649", "properties": {"ZCTA5CE20": "21649", "GEOID20": "21649", "zip": "21649", "STUSPS": "DE"}, "geometry": {"type": "Polygon", "coordinates": [[[-75.814147, 39.143287], [-75.813477, 39.144563], [-75.81014, 39.144423], [-75.808803, 39.145311], [-75.80546, 39.144853], [-75.802542, 39.142636], [-75.798642, 39.142661], [-75.797493, 39.144409], [-75.800528, 39.147387], [-75.801884, 39.149226], [-75.797892, 39.150505], [-75.798556, 39.151593], [-75.797467, 39.153261], [-75.792786, 39.157096], [-75.789605, 39.159165], [-75.794953, 39.161906], [-75.795822, 39.165272], [-75.795127, 39.166193], [-75.79799, 39.170804], [-75.798608, 39.172353], [-75.799671, 39.171957], [-75.801063, 39.174276], [-75.80477, 39.181792], [-75.801579, 39.183131], [-75.797552, 39.185749], [-75.798435, 39.188509], [-75.795602, 39.190823], [-75.794109, 39.193279], [-75.789007, 39.196024], [-75.78419, 39.19569], [-75.773283, 39.19144], [-75.766935, 39.19038], [-75.76416, 39.190775], [-75.762663, 39.1918], [-75.763838, 39.190043], [-75.7589, 39.189279], [-75.758495, 39.189014], [-75.753031, 39.179941], [-75.7511001813293, 39.1787614879052], [-75.751028, 39.177762], [-75.7508952073034, 39.1767337302378], [-75.750426375562, 39.1731033686615], [-75.749356, 39.164815], [-75.7476742096756, 39.1433851255407], [-75.7476710652218, 39.1433450579713], [-75.747668, 39.143306], [-75.746121, 39.120318], [-75.7458049066368, 39.1151304067866], [-75.7457938936236, 39.1149496657796], [-75.745793, 39.114935], [-75.7453782544137, 39.1106952621982], [-75.7442992214186, 39.0996648446834], [-75.745323, 39.099651], [-75.746437, 39.097209], [-75.748039, 39.095726], [-75.75106, 39.094524], [-75.7509, 39.091033], [-75.751586, 39.089885], [-75.74768, 39.084125], [-75.749809, 39.081817], [-75.74942, 39.079605], [-75.752426, 39.080036], [-75.755393, 39.079376], [-75.757247, 39.079483], [-75.754821, 39.07777], [-75.758033, 39.075119], [-75.759742, 39.076957], [-75.7615, 39.077451], [-75.76403, 39.078083], [-75.765327, 39.075542], [-75.766983, 39.07526], [-75.76813, 39.077073], [-75.768396, 39.076155], [-75.772664, 39.075514], [-75.77562, 39.077679], [-75.776611, 39.080101], [-75.780587, 39.083636], [-75.783013, 39.085153], [-75.781589, 39.091154], [-75.782495, 39.091181], [-75.781855, 39.094081], [-75.787597, 39.093669], [-75.788085, 39.096755], [-75.786361, 39.098911], [-75.789161, 39.102634], [-75.796924, 39.107733], [-75.801059, 39.109254], [-75.803989, 39.110887], [-75.80681, 39.113505], [-75.805328, 39.115024], [-75.80754, 39.116058], [-75.809819, 39.120403], [-75.810141, 39.128642], [-75.811057, 39.133981], [-75.812208, 39.137956], [-75.810375, 39.139702], [-75.816002, 39.143857], [-75.814147, 39.143287]]]}}, {"type": "Feature", "id": "08311", "properties": {"ZCTA5CE20": "08311", "GEOID20": "08311", "zip": "08311", "STUSPS": "DE"}, "geometry": {"type": "Polygon", "coordinates": [[[-75.281169, 39.314198], [-75.279706, 39.318446], [-75.279832, 39.322121], [-75.279419, 39.323659], [-75.279508, 39.327441], [-75.278753, 39.329265], [-75.276349, 39.330676], [-75.272256, 39.331841], [-75.271399, 39.332928], [-75.272088, 39.33475], [-75.275022, 39.336372], [-75.275005, 39.338104], [-75.273596, 39.338353], [-75.271827, 39.340724], [-75.271864, 39.342706], [-75.271284, 39.34321], [-75.2687, 39.343112], [-75.268196, 39.344919], [-75.267169, 39.345367], [-75.263425, 39.345022], [-75.261447, 39.347668], [-75.259252, 39.348585], [-75.258332, 39.350626], [-75.258244, 39.349612], [-75.25626, 39.350504], [-75.253605, 39.347488], [-75.252694, 39.347854], [-75.250522, 39.347104], [-75.245922, 39.346594], [-75.245347, 39.34667], [-75.23765, 39.34965], [-75.234277, 39.352135], [-75.2318, 39.352603], [-75.230802, 39.356381], [-75.230488, 39.357539], [-75.22524, 39.361574], [-75.223391, 39.359473], [-75.210431, 39.36023], [-75.207769, 39.356463], [-75.19715, 39.360944], [-75.17941, 39.368316], [-75.170952, 39.368805], [-75.170598, 39.352911], [-75.164044, 39.35223], [-75.161511, 39.352866], [-75.16066, 39.354047], [-75.160086, 39.35531], [-75.135978, 39.35444], [-75.131993, 39.351404], [-75.137268, 39.348909], [-75.13629, 39.347686], [-75.138044, 39.346847], [-75.138204, 39.344399], [-75.140516, 39.341381], [-75.143974, 39.341523], [-75.140696, 39.340075], [-75.142368, 39.338031], [-75.138248, 39.338015], [-75.113353, 39.338292], [-75.113049, 39.337086], [-75.11261, 39.336503], [-75.114346, 39.334739], [-75.142673, 39.328078], [-75.144157, 39.325775], [-75.150377, 39.320451], [-75.15189, 39.318085], [-75.154126, 39.316087], [-75.156266, 39.312246], [-75.158857, 39.313537], [-75.161336, 39.314177], [-75.165065, 39.309426], [-75.167143, 39.307653], [-75.173319, 39.302874], [-75.175659, 39.302255], [-75.175383, 39.300196], [-75.173643, 39.299918], [-75.17359, 39.30042], [-75.173136, 39.300705], [-75.173271, 39.299912], [-75.173372, 39.299814], [-75.173636, 39.299784], [-75.17388, 39.29981], [-75.174249, 39.299769], [-75.174674, 39.299565], [-75.174731, 39.299491], [-75.175168, 39.29924], [-75.177015, 39.29914], [-75.179791, 39.298638], [-75.187216, 39.298971], [-75.189738, 39.298145], [-75.193288, 39.297536], [-75.195956, 39.297944], [-75.201013, 39.295971], [-75.20209, 39.294623], [-75.200839, 39.292881], [-75.19789, 39.292376], [-75.198271, 39.290522], [-75.202876, 39.289879], [-75.202624, 39.288656], [-75.203672, 39.28726], [-75.205765, 39.287804], [-75.206714, 39.288781], [-75.208267, 39.288185], [-75.210157, 39.288692], [-75.213563, 39.287793], [-75.214829, 39.288609], [-75.216766, 39.288059], [-75.219642, 39.289365], [-75.220096, 39.288131], [-75.219274, 39.28652], [-75.216706, 39.285035], [-75.217287, 39.284322], [-75.219874, 39.28488], [-75.223131, 39.284865], [-75.224542, 39.283462], [-75.2264, 39.283205], [-75.227423, 39.284857], [-75.224449, 39.285922], [-75.224375, 39.286593], [-75.225112, 39.287137], [-75.228388, 39.286478], [-75.232411, 39.284677], [-75.233051, 39.285581], [-75.233093, 39.289194], [-75.233915, 39.290487], [-75.236163, 39.290792], [-75.237937, 39.289386], [-75.23619, 39.28595], [-75.2382681637707, 39.284487427834], [-75.23931, 39.285418], [-75.24335, 39.285901], [-75.24816, 39.292957], [-75.252709, 39.296432], [-75.251699, 39.300341], [-75.2680124532504, 39.3033324742329], [-75.2719514487547, 39.3040547862642], [-75.272258, 39.304111], [-75.275942, 39.302732], [-75.277338, 39.303329], [-75.276495, 39.304951], [-75.2780220626555, 39.3052363183179], [-75.276153, 39.306561], [-75.276049, 39.30917], [-75.276692, 39.310673], [-75.280499, 39.31306], [-75.281169, 39.314198]]]}}, {"type": "Feature", "id": "08080", "properties": {"ZCTA5CE20": "08080", "GEOID20": "08080", "zip": "08080", "STUSPS": "DE"}, "geometry": {"type": "MultiPolygon", "coordinates": [[[[-75.070851, 39.754599], [-75.070629, 39.754759], [-75.070146, 39.754777], [-75.06928, 39.754689], [-75.068958, 39.754449], [-75.068391, 39.753405], [-75.069216, 39.753139], [-75.070014, 39.752858], [-75.070921, 39.754258], [-75.070851, 39.754599]]], [[[-75.217094, 39.773504], [-75.213427, 39.774322], [-75.212515, 39.774215], [-75.207695, 39.778944], [-75.196293, 39.774636], [-75.194545, 39.774972], [-75.194784, 39.774314], [-75.19298, 39.772159], [-75.190335, 39.76906], [-75.188242, 39.768676], [-75.182733, 39.769243], [-75.181031, 39.768255], [-75.179448, 39.767786], [-75.179984, 39.766968], [-75.172179, 39.764277], [-75.163988, 39.765095], [-75.165866, 39.767453], [-75.171565, 39.772653], [-75.178848, 39.779263], [-75.177773, 39.780776], [-75.176055, 39.779611], [-75.172425, 39.782053], [-75.169158, 39.782189], [-75.168668, 39.779572], [-75.16878, 39.776044], [-75.167929, 39.775834], [-75.162042, 39.774554], [-75.157817, 39.774425], [-75.157322, 39.774403], [-75.157073, 39.776795], [-75.159383, 39.778026], [-75.161344, 39.782218], [-75.163455, 39.782909], [-75.162491, 39.785822], [-75.162659, 39.787757], [-75.159935, 39.789537], [-75.158619, 39.788163], [-75.156478, 39.787847], [-75.155266, 39.785982], [-75.152826, 39.786047], [-75.153368, 39.783394], [-75.152091, 39.782958], [-75.150177, 39.783885], [-75.147312, 39.782856], [-75.146898, 39.783057], [-75.138059, 39.780734], [-75.139689, 39.786243], [-75.137199, 39.7892], [-75.135619, 39.789193], [-75.133871, 39.791625], [-75.132878, 39.792211], [-75.131646, 39.792392], [-75.126186, 39.795655], [-75.125748, 39.796367], [-75.128322, 39.798916], [-75.130504, 39.80222], [-75.128181, 39.804007], [-75.125522, 39.80396], [-75.124592, 39.804032], [-75.124076, 39.803846], [-75.122706, 39.805862], [-75.117139, 39.806598], [-75.116932, 39.808045], [-75.113621, 39.8103], [-75.111007, 39.809603], [-75.111293, 39.80924], [-75.107204, 39.80723], [-75.10524, 39.807851], [-75.106449, 39.813506], [-75.105788, 39.813164], [-75.10442, 39.806534], [-75.102455, 39.804371], [-75.099429, 39.803816], [-75.098249, 39.805186], [-75.095691, 39.805784], [-75.094786, 39.805542], [-75.096911, 39.799175], [-75.093666, 39.79856], [-75.089187, 39.79404], [-75.090446, 39.794029], [-75.091543, 39.793019], [-75.090813, 39.790559], [-75.092934, 39.786916], [-75.081796, 39.791559], [-75.081939, 39.79133], [-75.084898, 39.786403], [-75.08707, 39.779576], [-75.080858, 39.780046], [-75.077986, 39.780864], [-75.074413, 39.773962], [-75.072881, 39.775475], [-75.069696, 39.776103], [-75.072003, 39.779785], [-75.07096, 39.780218], [-75.065893, 39.782321], [-75.059652, 39.77822], [-75.059074, 39.777857], [-75.060442, 39.776668], [-75.059872, 39.775495], [-75.05901, 39.77455], [-75.058014, 39.771981], [-75.058555, 39.771075], [-75.059708, 39.770034], [-75.062272, 39.767933], [-75.065394, 39.769002], [-75.064977, 39.768028], [-75.068403, 39.763546], [-75.071276, 39.761922], [-75.070029, 39.760956], [-75.069645, 39.760815], [-75.069125, 39.760623], [-75.071925, 39.758086], [-75.07923, 39.754674], [-75.078421, 39.753683], [-75.076159, 39.750846], [-75.070921, 39.75255], [-75.071821, 39.7504], [-75.074728, 39.750359], [-75.075288, 39.749739], [-75.070696, 39.74384], [-75.069769, 39.74261], [-75.061915, 39.732582], [-75.062445, 39.732265], [-75.058822, 39.730043], [-75.057509, 39.729196], [-75.05032, 39.724825], [-75.048829, 39.7318], [-75.047068, 39.731574], [-75.045211, 39.731957], [-75.039123, 39.735617], [-75.035106, 39.731683], [-75.038168, 39.728166], [-75.034879, 39.723898], [-75.032443, 39.722969], [-75.031705, 39.72294], [-75.032519, 39.726985], [-75.030671, 39.727211], [-75.029171, 39.725666], [-75.029914, 39.725623], [-75.028892, 39.720742], [-75.031197, 39.720466], [-75.030825, 39.718456], [-75.026082, 39.717564], [-75.023874, 39.718564], [-75.029758, 39.713295], [-75.029851, 39.713349], [-75.03, 39.713407], [-75.031661, 39.714314], [-75.031906, 39.714182], [-75.032258, 39.71388], [-75.032821, 39.713866], [-75.033334, 39.713654], [-75.033865, 39.713577], [-75.034343, 39.712998], [-75.039669, 39.712523], [-75.045723, 39.711922], [-75.051106, 39.71144], [-75.056329, 39.710951], [-75.069648, 39.709664], [-75.080097, 39.708703], [-75.080633, 39.709819], [-75.086348, 39.709785], [-75.087303, 39.714875], [-75.081729, 39.716069], [-75.08167, 39.717162], [-75.091822, 39.714713], [-75.094479, 39.716163], [-75.096231, 39.717632], [-75.097005, 39.721286], [-75.100944, 39.725416], [-75.104813, 39.7275], [-75.105227, 39.729072], [-75.111244, 39.732358], [-75.112476, 39.733978], [-75.113287, 39.737312], [-75.113823, 39.73748], [-75.113787, 39.737656], [-75.113469, 39.739269], [-75.114514, 39.73892], [-75.115427, 39.740323], [-75.120832, 39.743897], [-75.121215, 39.744726], [-75.12208, 39.744271], [-75.124745, 39.743533], [-75.127291, 39.749441], [-75.132483, 39.745526], [-75.133703, 39.744607], [-75.137052, 39.747799], [-75.140193, 39.749343], [-75.14237, 39.74721], [-75.139735, 39.744806], [-75.140451, 39.744394], [-75.138335, 39.741639], [-75.139147, 39.741102], [-75.143969, 39.746142], [-75.146198, 39.743864], [-75.148283, 39.741011], [-75.149142, 39.739049], [-75.150235, 39.734078], [-75.15052, 39.732921], [-75.15238, 39.732064], [-75.155905, 39.728741], [-75.157234, 39.728597], [-75.158052, 39.726293], [-75.158875, 39.726404], [-75.164654, 39.729912], [-75.174181, 39.735605], [-75.18005, 39.739057], [-75.184868, 39.741874], [-75.193472, 39.746985], [-75.187076, 39.747905], [-75.184641, 39.747341], [-75.184852, 39.750598], [-75.185127, 39.75608], [-75.190905, 39.755006], [-75.194462, 39.755997], [-75.199465, 39.756196], [-75.200731, 39.754887], [-75.200177, 39.753468], [-75.20354, 39.752952], [-75.209218, 39.756375], [-75.212653, 39.756745], [-75.212616, 39.762232], [-75.213091, 39.764321], [-75.215659, 39.768696], [-75.216237, 39.770571], [-75.217094, 39.773504]], [[-75.073628, 39.731873], [-75.074861, 39.730585], [-75.07442, 39.730313], [-75.07289, 39.729372], [-75.072159, 39.728328], [-75.0713, 39.72706], [-75.066944, 39.730495], [-75.068127, 39.731979], [-75.065614, 39.73408], [-75.066575, 39.734625], [-75.070383, 39.736722], [-75.071108, 39.735897], [-75.07291, 39.736917], [-75.074278, 39.735498], [-75.07299, 39.734769], [-75.074899, 39.732695], [-75.073628, 39.731873]]]]}}, {"type": "Feature", "id": "08081", "properties": {"ZCTA5CE20": "08081", "GEOID20": "08081", "zip": "08081", "STUSPS": "DE"}, "geometry": {"type": "Polygon", "coordinates": [[[-75.04877, 39.771672], [-75.045902, 39.769949], [-75.04219, 39.771363], [-75.044328, 39.774887], [-75.046388, 39.774904], [-75.046826, 39.776599], [-75.048191, 39.776596], [-75.048165, 39.784397], [-75.044094, 39.787481], [-75.042739, 39.788098], [-75.041371, 39.787494], [-75.041139, 39.787367], [-75.040405, 39.787844], [-75.04016, 39.788066], [-75.039866, 39.788218], [-75.039005, 39.78849], [-75.03834, 39.788539], [-75.038147, 39.788916], [-75.036435, 39.789668], [-75.032526, 39.774926], [-75.025767, 39.777402], [-75.020521, 39.778074], [-75.012047, 39.779126], [-75.008019, 39.779617], [-75.003246, 39.780154], [-74.9973, 39.779428], [-74.98747, 39.778306], [-74.986634, 39.778239], [-74.98144, 39.77681], [-74.978647, 39.774691], [-74.97272, 39.771519], [-74.96844, 39.767092], [-74.981095, 39.756158], [-74.98308, 39.754461], [-74.984164, 39.753527], [-74.984551, 39.753187], [-74.983466, 39.752616], [-74.979755, 39.752601], [-74.980174, 39.75399], [-74.980542, 39.754638], [-74.980019, 39.75491], [-74.973487, 39.755809], [-74.969114, 39.755736], [-74.966743, 39.75421], [-74.96436, 39.75346], [-74.960868, 39.753546], [-74.955719, 39.750397], [-74.955663, 39.750143], [-74.953829, 39.746904], [-74.953902, 39.746442], [-74.953366, 39.742678], [-74.953303, 39.74218], [-74.953012, 39.741594], [-74.95272, 39.740702], [-74.952, 39.739683], [-74.95225, 39.738918], [-74.952241, 39.738538], [-74.952086, 39.737386], [-74.951125, 39.734065], [-74.947533, 39.73724], [-74.944575, 39.731873], [-74.941976, 39.731537], [-74.940581, 39.732147], [-74.940777, 39.728719], [-74.942409, 39.725538], [-74.940549, 39.724506], [-74.939196, 39.720634], [-74.936956, 39.721839], [-74.93338, 39.721501], [-74.933151, 39.723385], [-74.932292, 39.723319], [-74.925914, 39.726754], [-74.918249, 39.733929], [-74.913604, 39.728269], [-74.911403, 39.726048], [-74.911937, 39.725172], [-74.910451, 39.723188], [-74.906788, 39.720987], [-74.90386, 39.716957], [-74.90066, 39.715386], [-74.900522, 39.716083], [-74.898969, 39.715841], [-74.896946, 39.714692], [-74.896258, 39.713825], [-74.895803, 39.71233], [-74.896513, 39.710375], [-74.897474, 39.708678], [-74.896617, 39.70518], [-74.900234, 39.703335], [-74.898742, 39.701614], [-74.899199, 39.700146], [-74.89688, 39.700344], [-74.892901, 39.691091], [-74.891522, 39.69073], [-74.890527, 39.687908], [-74.892798, 39.687513], [-74.893128, 39.68857], [-74.899933, 39.687268], [-74.899429, 39.685088], [-74.900466, 39.684932], [-74.899953, 39.682222], [-74.905405, 39.680871], [-74.911887, 39.686067], [-74.919054, 39.690106], [-74.923114, 39.692021], [-74.923548, 39.691815], [-74.930067, 39.688738], [-74.929937, 39.69031], [-74.933064, 39.691445], [-74.934193, 39.69323], [-74.939981, 39.696608], [-74.943677, 39.698361], [-74.947216, 39.698679], [-74.948933, 39.698385], [-74.949399, 39.698825], [-74.95161, 39.698775], [-74.953554, 39.69949], [-74.954284, 39.700498], [-74.959345, 39.703059], [-74.964383, 39.702621], [-74.967639, 39.703204], [-74.969399, 39.702245], [-74.971803, 39.702239], [-74.979862, 39.704015], [-74.981384, 39.704632], [-74.981675, 39.704667], [-74.987551, 39.706701], [-74.989563, 39.708829], [-74.993663, 39.710405], [-74.994386, 39.71602], [-74.997834, 39.717259], [-74.999556, 39.719982], [-75.006626, 39.722188], [-75.015671, 39.726035], [-75.015747, 39.725967], [-75.022944, 39.719437], [-75.023874, 39.718564], [-75.026082, 39.717564], [-75.030825, 39.718456], [-75.031197, 39.720466], [-75.028892, 39.720742], [-75.029914, 39.725623], [-75.029171, 39.725666], [-75.030671, 39.727211], [-75.032519, 39.726985], [-75.033037, 39.729616], [-75.033886, 39.741797], [-75.029416, 39.738798], [-75.028941, 39.740042], [-75.023896, 39.744237], [-75.022897, 39.745858], [-75.02208, 39.746195], [-75.023766, 39.747397], [-75.024217, 39.74778], [-75.02564, 39.748598], [-75.027084, 39.749643], [-75.028953, 39.750424], [-75.030226, 39.750693], [-75.031061, 39.752178], [-75.03503, 39.754846], [-75.035817, 39.756729], [-75.038733, 39.758629], [-75.040591, 39.760859], [-75.04258, 39.760675], [-75.043774, 39.761648], [-75.044273, 39.761976], [-75.043071, 39.763804], [-75.043157, 39.763929], [-75.044273, 39.766984], [-75.045752, 39.767946], [-75.046787, 39.769416], [-75.047858, 39.769983], [-75.048767, 39.771201], [-75.04877, 39.771672]], [[-74.922073, 39.717758], [-74.918238, 39.719046], [-74.916628, 39.716704], [-74.912402, 39.718054], [-74.91498, 39.72478], [-74.924904, 39.719961], [-74.922073, 39.717758]], [[-74.91313, 39.715959], [-74.910507, 39.711808], [-74.908956, 39.712394], [-74.911495, 39.716543], [-74.91313, 39.715959]]]}}, {"type": "Feature", "id": "21629", "properties": {"ZCTA5CE20": "21629", "GEOID20": "21629", "zip": "21629", "STUSPS": "DE"}, "geometry": {"type": "Polygon", "coordinates": [[[-75.949638, 38.884807], [-75.94548, 38.884029], [-75.941535, 38.884075], [-75.94046, 38.884555], [-75.944587, 38.890068], [-75.94831, 38.891323], [-75.948616, 38.89225], [-75.945945, 38.893913], [-75.944358, 38.897548], [-75.944908, 38.900348], [-75.945968, 38.901374], [-75.948677, 38.902389], [-75.949188, 38.903518], [-75.94812, 38.90456], [-75.943084, 38.906677], [-75.944641, 38.908817], [-75.94799, 38.910366], [-75.949153, 38.913468], [-75.948243, 38.914515], [-75.943976, 38.914294], [-75.944256, 38.916517], [-75.946224, 38.917296], [-75.947109, 38.917632], [-75.948576, 38.917851], [-75.949095, 38.918115], [-75.949335, 38.918333], [-75.949345, 38.919063], [-75.949521, 38.922211], [-75.949501, 38.922717], [-75.935974, 38.920528], [-75.911903, 38.921554], [-75.908462, 38.921382], [-75.902671, 38.92181], [-75.895309, 38.921268], [-75.895248, 38.919521], [-75.899551, 38.919357], [-75.899444, 38.9183], [-75.904357, 38.917465], [-75.8992, 38.916809], [-75.894393, 38.915199], [-75.888473, 38.911849], [-75.878395, 38.905132], [-75.874114, 38.903507], [-75.860345, 38.905743], [-75.860422, 38.90692], [-75.851348, 38.907218], [-75.838226, 38.907768], [-75.837776, 38.907646], [-75.836853, 38.906568], [-75.835591, 38.905636], [-75.83466, 38.907154], [-75.836898, 38.908863], [-75.836814, 38.909736], [-75.833625, 38.909545], [-75.830894, 38.911441], [-75.828971, 38.91341], [-75.829414, 38.915958], [-75.831596, 38.916957], [-75.831428, 38.918239], [-75.828483, 38.920837], [-75.826301, 38.920017], [-75.822998, 38.921371], [-75.818901, 38.924633], [-75.815956, 38.92575], [-75.812233, 38.925341], [-75.807777, 38.927001], [-75.807083, 38.926967], [-75.805938, 38.92451], [-75.805252, 38.920509], [-75.800193, 38.920322], [-75.797096, 38.91856], [-75.791206, 38.918689], [-75.791763, 38.915969], [-75.792488, 38.915283], [-75.790618, 38.914844], [-75.789527, 38.916133], [-75.786903, 38.915668], [-75.783691, 38.916919], [-75.782882, 38.917839], [-75.77893, 38.918582], [-75.776786, 38.921291], [-75.774246, 38.920795], [-75.771949, 38.921546], [-75.770233, 38.921051], [-75.764503, 38.921615], [-75.760139, 38.922309], [-75.75724, 38.924541], [-75.754318, 38.925872], [-75.748962, 38.929767], [-75.742233, 38.931673], [-75.73979, 38.931754], [-75.73838, 38.931134], [-75.735049, 38.930914], [-75.7309192614903, 38.9330949630837], [-75.7279177693366, 38.8954756605248], [-75.725829, 38.869296], [-75.725565, 38.868152], [-75.7246423465392, 38.8556550760299], [-75.7242944140281, 38.8509424874773], [-75.724061, 38.847781], [-75.7240040703519, 38.8467205646906], [-75.724002, 38.846682], [-75.722882, 38.833156], [-75.72261, 38.830008], [-75.7225990918529, 38.8298593718107], [-75.722028, 38.822078], [-75.7218945098151, 38.8203796142512], [-75.72499, 38.82014], [-75.724838, 38.822158], [-75.732849, 38.822589], [-75.750625, 38.826675], [-75.75492, 38.825195], [-75.759462, 38.82493], [-75.765708, 38.828063], [-75.767875, 38.827537], [-75.775726, 38.826499], [-75.777641, 38.825912], [-75.777696, 38.823388], [-75.780075, 38.818481], [-75.783195, 38.814086], [-75.784225, 38.812374], [-75.78688, 38.805252], [-75.787048, 38.802532], [-75.786462, 38.795519], [-75.787681, 38.780487], [-75.790771, 38.7821], [-75.792526, 38.782409], [-75.796257, 38.784278], [-75.797859, 38.780838], [-75.797622, 38.779712], [-75.79988, 38.777107], [-75.800468, 38.774208], [-75.801437, 38.772617], [-75.799133, 38.76939], [-75.804588, 38.769054], [-75.806434, 38.770225], [-75.809768, 38.771045], [-75.811614, 38.770874], [-75.812965, 38.771648], [-75.819244, 38.770156], [-75.819056, 38.767497], [-75.821495, 38.767742], [-75.824768, 38.76707], [-75.825004, 38.763721], [-75.827362, 38.762077], [-75.829765, 38.762252], [-75.83303, 38.763687], [-75.840637, 38.763717], [-75.841674, 38.767395], [-75.846206, 38.767917], [-75.853221, 38.766634], [-75.853012, 38.771415], [-75.849597, 38.789637], [-75.849084, 38.79375], [-75.844818, 38.792343], [-75.845008, 38.795234], [-75.844337, 38.796401], [-75.84441, 38.800253], [-75.843644, 38.802066], [-75.852252, 38.813118], [-75.855224, 38.816062], [-75.848976, 38.819335], [-75.847854, 38.820312], [-75.845691, 38.824096], [-75.846695, 38.826988], [-75.84675, 38.82836], [-75.846434, 38.829163], [-75.847459, 38.828959], [-75.84895, 38.82735], [-75.85252, 38.827447], [-75.852052, 38.825378], [-75.855099, 38.824906], [-75.856827, 38.82568], [-75.858278, 38.82637], [-75.860328, 38.82492], [-75.86782, 38.825725], [-75.867729, 38.826305], [-75.870468, 38.825553], [-75.872825, 38.824333], [-75.876472, 38.82336], [-75.88092, 38.821479], [-75.883224, 38.820156], [-75.885986, 38.816478], [-75.888206, 38.814552], [-75.895393, 38.815559], [-75.897178, 38.815212], [-75.903251, 38.816764], [-75.906455, 38.819705], [-75.905494, 38.821567], [-75.901747, 38.822883], [-75.901267, 38.824737], [-75.904341, 38.826431], [-75.912918, 38.829532], [-75.913723, 38.83124], [-75.913711, 38.832965], [-75.915183, 38.834835], [-75.919432, 38.835205], [-75.927771, 38.838893], [-75.928099, 38.841068], [-75.919348, 38.845016], [-75.919455, 38.846897], [-75.926772, 38.847038], [-75.929312, 38.849021], [-75.930373, 38.850872], [-75.928336, 38.852428], [-75.922797, 38.854785], [-75.922569, 38.855747], [-75.922187, 38.857257], [-75.924331, 38.860389], [-75.930229, 38.861286], [-75.931503, 38.86288], [-75.932914, 38.866035], [-75.934707, 38.867511], [-75.939292, 38.866558], [-75.941551, 38.868022], [-75.943077, 38.870494], [-75.944396, 38.875087], [-75.943572, 38.87638], [-75.938919, 38.876392], [-75.937583, 38.877994], [-75.937644, 38.879802], [-75.939224, 38.881332], [-75.941482, 38.881179], [-75.943847, 38.879344], [-75.945777, 38.878627], [-75.948753, 38.878444], [-75.951469, 38.880237], [-75.949638, 38.884807]], [[-75.948964, 38.918143], [-75.947509, 38.91814], [-75.944607, 38.916998], [-75.943529, 38.916018], [-75.943609, 38.914292], [-75.937972, 38.914128], [-75.939122, 38.916215], [-75.936573, 38.916847], [-75.936858, 38.918591], [-75.948878, 38.919168], [-75.948964, 38.918143]]]}}, {"type": "Feature", "id": "21635", "properties": {"ZCTA5CE20": "21635", "GEOID20": "21635", "zip": "21635", "STUSPS": "DE"}, "geometry": {"type": "Polygon", "coordinates": [[[-75.921716, 39.360322], [-75.921298, 39.363376], [-75.919789, 39.366948], [-75.915008, 39.366584], [-75.912002, 39.365413], [-75.908035, 39.364501], [-75.903793, 39.364345], [-75.90036, 39.364757], [-75.89598, 39.365871], [-75.892288, 39.36462], [-75.888542, 39.361907], [-75.885101, 39.360843], [-75.882131, 39.364327], [-75.879463, 39.365467], [-75.874412, 39.365791], [-75.867614, 39.367813], [-75.865669, 39.366542], [-75.863754, 39.366436], [-75.861038, 39.36761], [-75.857246, 39.365055], [-75.85543, 39.364562], [-75.852394, 39.366527], [-75.848501, 39.368208], [-75.845476, 39.367698], [-75.844304, 39.369571], [-75.842385, 39.370978], [-75.834014, 39.373757], [-75.831173, 39.374173], [-75.829513, 39.376499], [-75.823658, 39.381413], [-75.818829, 39.382299], [-75.816313, 39.380654], [-75.809817, 39.379768], [-75.808879, 39.378048], [-75.807608, 39.377737], [-75.806165, 39.376799], [-75.806073, 39.375258], [-75.804686, 39.375434], [-75.803794, 39.376972], [-75.80182, 39.377922], [-75.797779, 39.377141], [-75.795726, 39.37724], [-75.794239, 39.379744], [-75.791182, 39.379925], [-75.789398, 39.381128], [-75.788032, 39.380353], [-75.784415, 39.380363], [-75.784224, 39.382549], [-75.781095, 39.382125], [-75.77806, 39.38029], [-75.776304, 39.380256], [-75.776369, 39.379059], [-75.772688, 39.379525], [-75.7666931907181, 39.377537], [-75.766667, 39.377216], [-75.765847374248, 39.3671747047822], [-75.7643882360415, 39.3492986955694], [-75.7604691694169, 39.3012859228405], [-75.765152, 39.301698], [-75.77038, 39.3013], [-75.77448, 39.30026], [-75.77596, 39.30024], [-75.783488, 39.302308], [-75.777116, 39.309932], [-75.77576, 39.31654], [-75.77826, 39.316728], [-75.779783, 39.318391], [-75.779533, 39.320873], [-75.780955, 39.322077], [-75.784781, 39.321877], [-75.785813, 39.322913], [-75.786221, 39.328365], [-75.789139, 39.330337], [-75.78928, 39.332268], [-75.78825, 39.33337], [-75.80116, 39.34196], [-75.80369, 39.34193], [-75.80631, 39.33949], [-75.80924, 39.33982], [-75.80906, 39.33735], [-75.80964, 39.33559], [-75.81314, 39.32965], [-75.8178, 39.33251], [-75.833234, 39.331578], [-75.832559, 39.334409], [-75.834596, 39.338181], [-75.843668, 39.326848], [-75.84559, 39.32321], [-75.84851, 39.311842], [-75.838265, 39.312177], [-75.8363, 39.31089], [-75.83269, 39.31048], [-75.83308, 39.30698], [-75.8272, 39.306574], [-75.82917, 39.30313], [-75.83075, 39.29625], [-75.85195, 39.295], [-75.85274, 39.29425], [-75.85433, 39.288], [-75.85419, 39.28446], [-75.855147, 39.283088], [-75.854762, 39.281354], [-75.85666, 39.27283], [-75.86142, 39.27409], [-75.86329, 39.27013], [-75.863941, 39.264136], [-75.86398, 39.26862], [-75.86331, 39.27107], [-75.86174, 39.27415], [-75.8652, 39.27483], [-75.869155, 39.276226], [-75.869646, 39.278794], [-75.872078, 39.28066], [-75.873151, 39.28635], [-75.87292, 39.289064], [-75.874554, 39.290408], [-75.875001, 39.292341], [-75.872486, 39.294837], [-75.870536, 39.29559], [-75.865496, 39.296288], [-75.86576, 39.30193], [-75.86986, 39.30248], [-75.87229, 39.3034], [-75.87607, 39.30585], [-75.881909, 39.310591], [-75.89044, 39.310315], [-75.88678, 39.31421], [-75.89504, 39.31679], [-75.89644, 39.31684], [-75.905216, 39.319455], [-75.90288, 39.323373], [-75.904398, 39.327713], [-75.906733, 39.330111], [-75.909559, 39.331795], [-75.911086, 39.333982], [-75.911164, 39.335629], [-75.913264, 39.336283], [-75.913447, 39.339178], [-75.914218, 39.340876], [-75.91629, 39.341277], [-75.916448, 39.342698], [-75.914742, 39.343902], [-75.917728, 39.346988], [-75.917479, 39.349944], [-75.919439, 39.353187], [-75.920838, 39.354316], [-75.921825, 39.356585], [-75.921716, 39.360322]]]}}, {"type": "Feature", "id": "21643", "properties": {"ZCTA5CE20": "21643", "GEOID20": "21643", "zip": "21643", "STUSPS": "DE"}, "geometry": {"type": "Polygon", "coordinates": [[[-75.97055, 38.637016], [-75.965196, 38.641036], [-75.957923, 38.648036], [-75.956331, 38.650383], [-75.955321, 38.653494], [-75.955691, 38.660559], [-75.955578, 38.663465], [-75.954368, 38.665691], [-75.949001, 38.671804], [-75.945248, 38.674109], [-75.943229, 38.6758], [-75.940643, 38.676658], [-75.937835, 38.676452], [-75.937728, 38.677112], [-75.937873, 38.67926], [-75.936851, 38.680137], [-75.933708, 38.680809], [-75.931503, 38.678344], [-75.931999, 38.676807], [-75.929847, 38.675987], [-75.92733, 38.67736], [-75.926681, 38.67995], [-75.925872, 38.680099], [-75.922424, 38.678504], [-75.921554, 38.679248], [-75.92369, 38.680908], [-75.922721, 38.682003], [-75.918533, 38.680896], [-75.917572, 38.680114], [-75.916419, 38.681011], [-75.9178, 38.682743], [-75.917404, 38.683887], [-75.914505, 38.683879], [-75.91407, 38.684463], [-75.915, 38.687088], [-75.913027, 38.689059], [-75.910877, 38.686706], [-75.908775, 38.687938], [-75.904861, 38.687648], [-75.902168, 38.690959], [-75.901954, 38.693912], [-75.900268, 38.693897], [-75.897109, 38.699398], [-75.897089, 38.701322], [-75.894065, 38.69976], [-75.894838, 38.699209], [-75.892295, 38.697158], [-75.890487, 38.696151], [-75.888985, 38.695474], [-75.888748, 38.695386], [-75.884605, 38.694214], [-75.878349, 38.693531], [-75.870467, 38.694252], [-75.868156, 38.695125], [-75.864318, 38.697937], [-75.863313, 38.697768], [-75.859346, 38.699062], [-75.857419, 38.698769], [-75.848098, 38.699123], [-75.841793, 38.695965], [-75.840894, 38.696246], [-75.837041, 38.691658], [-75.83955, 38.689542], [-75.83691, 38.688557], [-75.837386, 38.68802], [-75.832847, 38.68596], [-75.832313, 38.68394], [-75.835586, 38.68003], [-75.836143, 38.679588], [-75.834312, 38.677841], [-75.831184, 38.675743], [-75.828849, 38.675472], [-75.825233, 38.67572], [-75.823333, 38.674644], [-75.822349, 38.675155], [-75.823524, 38.676742], [-75.824813, 38.677177], [-75.826957, 38.680206], [-75.829826, 38.682559], [-75.824226, 38.678928], [-75.821624, 38.675468], [-75.818038, 38.677463], [-75.817237, 38.679439], [-75.804542, 38.676727], [-75.806278, 38.674561], [-75.802375, 38.672627], [-75.800219, 38.673324], [-75.797545, 38.67129], [-75.796796, 38.671968], [-75.794115, 38.670426], [-75.794273, 38.675304], [-75.795196, 38.676609], [-75.786491, 38.677291], [-75.779891, 38.676486], [-75.776013, 38.676995], [-75.775017, 38.678652], [-75.77381, 38.676383], [-75.773149, 38.673262], [-75.774618, 38.671538], [-75.777505, 38.671217], [-75.779056, 38.67034], [-75.778995, 38.669073], [-75.780755, 38.666399], [-75.781348, 38.662604], [-75.782235, 38.661284], [-75.785673, 38.659761], [-75.788849, 38.659604], [-75.790138, 38.660583], [-75.794064, 38.660064], [-75.79617, 38.661224], [-75.798807, 38.659428], [-75.802468, 38.656443], [-75.804157, 38.654547], [-75.805283, 38.652518], [-75.808368, 38.651716], [-75.809821, 38.649552], [-75.813367, 38.647957], [-75.813558, 38.646869], [-75.81059, 38.644411], [-75.810716, 38.641322], [-75.811378, 38.637738], [-75.814914, 38.636341], [-75.816543, 38.633888], [-75.817001, 38.632686], [-75.818878, 38.630825], [-75.815238, 38.630107], [-75.809188, 38.631763], [-75.796661, 38.633026], [-75.795547, 38.629871], [-75.796455, 38.628715], [-75.798042, 38.628368], [-75.797447, 38.625141], [-75.796936, 38.619209], [-75.799125, 38.618762], [-75.79734, 38.612365], [-75.798904, 38.612373], [-75.800079, 38.611248], [-75.803215, 38.611686], [-75.805686, 38.613029], [-75.810363, 38.613559], [-75.812278, 38.612113], [-75.814666, 38.611301], [-75.815216, 38.608264], [-75.818489, 38.607048], [-75.819435, 38.604248], [-75.818923, 38.602096], [-75.816825, 38.602085], [-75.814125, 38.600849], [-75.811828, 38.597656], [-75.810981, 38.594932], [-75.808547, 38.592609], [-75.804611, 38.591808], [-75.802825, 38.590587], [-75.800849, 38.590175], [-75.798873, 38.588111], [-75.795898, 38.586463], [-75.795463, 38.585613], [-75.795227, 38.582508], [-75.795578, 38.580017], [-75.794906, 38.577919], [-75.794036, 38.577171], [-75.795013, 38.576232], [-75.795089, 38.576271], [-75.795242, 38.576374], [-75.795288, 38.576389], [-75.79544, 38.576404], [-75.795524, 38.576431], [-75.795593, 38.576461], [-75.796974, 38.578151], [-75.796791, 38.582687], [-75.797096, 38.585342], [-75.799163, 38.586303], [-75.803009, 38.589195], [-75.805389, 38.5899], [-75.809394, 38.590309], [-75.811523, 38.592037], [-75.814048, 38.595623], [-75.815452, 38.598194], [-75.817291, 38.598289], [-75.817161, 38.597896], [-75.816986, 38.596473], [-75.821006, 38.594741], [-75.821777, 38.593421], [-75.824165, 38.591838], [-75.824417, 38.590034], [-75.82563, 38.5885], [-75.826171, 38.595153], [-75.826522, 38.595027], [-75.82682, 38.594738], [-75.827217, 38.594932], [-75.8283, 38.59423], [-75.829231, 38.593982], [-75.830039, 38.593402], [-75.831726, 38.592761], [-75.832763, 38.592761], [-75.8339, 38.5923], [-75.834411, 38.591468], [-75.83493, 38.590652], [-75.836135, 38.589908], [-75.839645, 38.590309], [-75.841949, 38.589275], [-75.842304, 38.589934], [-75.847908, 38.587554], [-75.847801, 38.58773], [-75.845184, 38.58876], [-75.847129, 38.590431], [-75.850944, 38.590614], [-75.8535, 38.590133], [-75.854545, 38.599773], [-75.864707, 38.60012], [-75.866333, 38.597774], [-75.8694, 38.590831], [-75.870925, 38.588684], [-75.873291, 38.589431], [-75.877822, 38.584236], [-75.880348, 38.577468], [-75.88681, 38.582099], [-75.888999, 38.58665], [-75.89344, 38.592758], [-75.893615, 38.593528], [-75.899871, 38.596763], [-75.905029, 38.597675], [-75.908065, 38.59737], [-75.913824, 38.596805], [-75.913789, 38.597507], [-75.915471, 38.59824], [-75.913116, 38.599819], [-75.91703, 38.601947], [-75.916679, 38.60358], [-75.917602, 38.607612], [-75.921203, 38.608055], [-75.920104, 38.609378], [-75.918457, 38.61137], [-75.914413, 38.614902], [-75.913352, 38.617145], [-75.912551, 38.62014], [-75.913414, 38.623779], [-75.913124, 38.625843], [-75.913176, 38.627091], [-75.915184, 38.62704], [-75.91893, 38.629135], [-75.919876, 38.63005], [-75.922223, 38.630568], [-75.923019, 38.630384], [-75.923672, 38.629922], [-75.926713, 38.63052], [-75.928754, 38.632752], [-75.930019, 38.633015], [-75.932356, 38.63241], [-75.933643, 38.632841], [-75.935673, 38.632538], [-75.938214, 38.630816], [-75.940694, 38.630298], [-75.943061, 38.630601], [-75.945265, 38.631637], [-75.949394, 38.631954], [-75.954254, 38.631786], [-75.958862, 38.63248], [-75.966445, 38.634971], [-75.97055, 38.637016]]]}}, {"type": "Feature", "id": "08094", "properties": {"ZCTA5CE20": "08094", "GEOID20": "08094", "zip": "08094", "STUSPS": "DE"}, "geometry": {"type": "MultiPolygon", "coordinates": [[[[-75.029191, 39.63454], [-75.017779, 39.634425], [-75.017814, 39.633349], [-75.019748, 39.633391], [-75.019789, 39.630817], [-75.028112, 39.630911], [-75.029236, 39.631784], [-75.029191, 39.63454]]], [[[-75.051107, 39.644092], [-75.044831, 39.638261], [-75.041798, 39.636559], [-75.038724, 39.634745], [-75.038327, 39.634628], [-75.040753, 39.634661], [-75.042596, 39.635119], [-75.046254, 39.638593], [-75.04823, 39.636595], [-75.052326, 39.639031], [-75.051107, 39.644092]]], [[[-75.091664, 39.707601], [-75.080097, 39.708703], [-75.069648, 39.709664], [-75.056329, 39.710951], [-75.051106, 39.71144], [-75.045723, 39.711922], [-75.039669, 39.712523], [-75.034343, 39.712998], [-75.033865, 39.713577], [-75.033334, 39.713654], [-75.032821, 39.713866], [-75.032258, 39.71388], [-75.031906, 39.714182], [-75.031661, 39.714314], [-75.03, 39.713407], [-75.029851, 39.713349], [-75.029758, 39.713295], [-75.023874, 39.718564], [-75.022944, 39.719437], [-75.015747, 39.725967], [-75.015671, 39.726035], [-75.006626, 39.722188], [-74.999556, 39.719982], [-74.997834, 39.717259], [-74.994386, 39.71602], [-74.993663, 39.710405], [-74.989563, 39.708829], [-74.987551, 39.706701], [-74.981675, 39.704667], [-74.981384, 39.704632], [-74.979862, 39.704015], [-74.971803, 39.702239], [-74.969399, 39.702245], [-74.967639, 39.703204], [-74.964383, 39.702621], [-74.959345, 39.703059], [-74.954284, 39.700498], [-74.953554, 39.69949], [-74.95161, 39.698775], [-74.949399, 39.698825], [-74.948933, 39.698385], [-74.947216, 39.698679], [-74.943677, 39.698361], [-74.939981, 39.696608], [-74.934193, 39.69323], [-74.933064, 39.691445], [-74.929937, 39.69031], [-74.930067, 39.688738], [-74.927258, 39.687488], [-74.927093, 39.684972], [-74.926232, 39.683989], [-74.923485, 39.682773], [-74.921719, 39.680586], [-74.921491, 39.679443], [-74.918585, 39.679128], [-74.918563, 39.677791], [-74.916712, 39.674746], [-74.916887, 39.673463], [-74.915168, 39.672077], [-74.914927, 39.670523], [-74.913418, 39.669476], [-74.910254, 39.667111], [-74.910405, 39.666299], [-74.90886, 39.665302], [-74.910071, 39.662939], [-74.909157, 39.661769], [-74.90877, 39.658262], [-74.909287, 39.656958], [-74.90841, 39.655999], [-74.909156, 39.654218], [-74.910506, 39.653498], [-74.909965, 39.651952], [-74.9085, 39.650679], [-74.908632, 39.648362], [-74.908138, 39.646252], [-74.907162, 39.645679], [-74.907261, 39.642527], [-74.906515, 39.641724], [-74.907442, 39.640749], [-74.905307, 39.639297], [-74.905225, 39.636283], [-74.903923, 39.634014], [-74.903091, 39.634027], [-74.902725, 39.631879], [-74.900093, 39.630285], [-74.899838, 39.62943], [-74.897271, 39.628595], [-74.896577, 39.627018], [-74.895556, 39.627015], [-74.892438, 39.625003], [-74.892002, 39.623517], [-74.893249, 39.622092], [-74.892642, 39.620602], [-74.892607, 39.618733], [-74.891389, 39.618474], [-74.888839, 39.615988], [-74.885353, 39.614346], [-74.884024, 39.614208], [-74.881262, 39.610576], [-74.87726, 39.608352], [-74.874079, 39.60787], [-74.871955, 39.604872], [-74.871075, 39.605114], [-74.865663, 39.604216], [-74.86567, 39.603405], [-74.863801, 39.601691], [-74.861174, 39.601886], [-74.86086, 39.600255], [-74.857757, 39.600377], [-74.858701, 39.598883], [-74.856248, 39.596883], [-74.856902, 39.593958], [-74.858073, 39.588762], [-74.861204, 39.585996], [-74.868461, 39.579984], [-74.874001, 39.57524], [-74.874815, 39.574515], [-74.871129, 39.571974], [-74.874997, 39.568554], [-74.871586, 39.566188], [-74.873444, 39.564597], [-74.870038, 39.562189], [-74.8649, 39.558576], [-74.865517, 39.555886], [-74.879226, 39.551925], [-74.89011, 39.556029], [-74.892463, 39.557326], [-74.891436, 39.558706], [-74.893489, 39.556522], [-74.894514, 39.557121], [-74.887327, 39.56477], [-74.910863, 39.565547], [-74.900587, 39.583965], [-74.902302, 39.586206], [-74.902606, 39.586468], [-74.911882, 39.578462], [-74.936219, 39.595557], [-74.95721, 39.610339], [-74.959498, 39.611949], [-74.968008, 39.617973], [-74.973996, 39.616628], [-74.974988, 39.615408], [-74.979528, 39.617042], [-74.981967, 39.619576], [-74.983318, 39.628811], [-74.986244, 39.630886], [-74.990232, 39.633704], [-74.995206, 39.632818], [-75.000375, 39.633116], [-75.004586, 39.631187], [-75.00721, 39.631004], [-75.006463, 39.629533], [-75.007951, 39.630732], [-75.01251, 39.630701], [-75.012461, 39.632559], [-75.015766, 39.632574], [-75.015735, 39.634403], [-75.017069, 39.634412], [-75.016251, 39.635358], [-75.014784, 39.635331], [-75.014807, 39.638009], [-75.012695, 39.638127], [-75.01271, 39.63983], [-75.014446, 39.63974], [-75.014404, 39.642806], [-75.014993, 39.644663], [-75.015511, 39.644076], [-75.015083, 39.646319], [-75.014434, 39.648117], [-75.014393, 39.650611], [-75.018818, 39.653698], [-75.031669, 39.662675], [-75.042279, 39.669897], [-75.04482, 39.67163], [-75.053492, 39.677529], [-75.053747, 39.673749], [-75.055009, 39.656462], [-75.067431, 39.659201], [-75.06759, 39.665047], [-75.069871, 39.668271], [-75.071685, 39.670811], [-75.070612, 39.672469], [-75.067356, 39.674264], [-75.065139, 39.6745], [-75.068943, 39.678202], [-75.069433, 39.678661], [-75.065857, 39.682293], [-75.067804, 39.685095], [-75.065837, 39.68617], [-75.068729, 39.688193], [-75.071554, 39.69017], [-75.080005, 39.696068], [-75.086498, 39.700651], [-75.091664, 39.707601]]]]}}, {"type": "Feature", "id": "08069", "properties": {"ZCTA5CE20": "08069", "GEOID20": "08069", "zip": "08069", "STUSPS": "DE"}, "geometry": {"type": "Polygon", "coordinates": [[[-75.5034094250563, 39.6985643757628], [-75.496241, 39.701413], [-75.491341, 39.711113], [-75.488553, 39.714833], [-75.485241, 39.715813], [-75.483141, 39.715513], [-75.481741, 39.714546], [-75.47894, 39.713813], [-75.47764, 39.715013], [-75.476888, 39.718337], [-75.4773573285149, 39.7202557253992], [-75.477432, 39.720561], [-75.4774229877638, 39.7207558896076], [-75.47724, 39.724713], [-75.47544, 39.728713], [-75.475384, 39.731057], [-75.4747856584769, 39.7332299244785], [-75.474168, 39.735473], [-75.472040800305, 39.7389859652094], [-75.469239, 39.743613], [-75.466263, 39.750737], [-75.466249, 39.750769], [-75.4662373282833, 39.7507960062508], [-75.4650272305875, 39.7535959544205], [-75.4645850399634, 39.7546191039009], [-75.460901, 39.752256], [-75.457691, 39.752592], [-75.455628, 39.754319], [-75.45063, 39.750785], [-75.44871, 39.749469], [-75.453223, 39.745762], [-75.451025, 39.744768], [-75.450358, 39.744296], [-75.441954, 39.728505], [-75.438583, 39.72208], [-75.433168, 39.716677], [-75.429711, 39.713298], [-75.413297, 39.704163], [-75.41068, 39.701836], [-75.405357, 39.696038], [-75.411526, 39.693395], [-75.408651, 39.689617], [-75.404427, 39.68949], [-75.401062, 39.691351], [-75.396839, 39.685386], [-75.389367, 39.681624], [-75.396783, 39.673844], [-75.400365, 39.675834], [-75.40182, 39.672457], [-75.404991, 39.66959], [-75.407381, 39.665246], [-75.415893, 39.670337], [-75.428822, 39.670609], [-75.429912, 39.671252], [-75.430917, 39.673796], [-75.431116, 39.676508], [-75.433882, 39.67645], [-75.435929, 39.677444], [-75.44018, 39.677416], [-75.44158, 39.676422], [-75.44362, 39.67679], [-75.445099, 39.678416], [-75.449513, 39.679986], [-75.451454, 39.680129], [-75.458093, 39.678974], [-75.461461, 39.676733], [-75.463376, 39.677267], [-75.463572, 39.677261], [-75.464975, 39.675487], [-75.46462, 39.67358], [-75.46175, 39.67306], [-75.463058, 39.669943], [-75.465213, 39.669561], [-75.46784, 39.670666], [-75.470222, 39.67063], [-75.471738, 39.67065], [-75.473458, 39.673285], [-75.476226, 39.672747], [-75.476258, 39.673252], [-75.478618, 39.673856], [-75.479081, 39.675799], [-75.484467, 39.678456], [-75.484163, 39.678901], [-75.48305, 39.680526], [-75.480704, 39.683174], [-75.487978, 39.687353], [-75.488541, 39.686498], [-75.501291, 39.696631], [-75.5034094250563, 39.6985643757628]]]}}, {"type": "Feature", "id": "08071", "properties": {"ZCTA5CE20": "08071", "GEOID20": "08071", "zip": "08071", "STUSPS": "DE"}, "geometry": {"type": "Polygon", "coordinates": [[[-75.158052, 39.726293], [-75.157234, 39.728597], [-75.155905, 39.728741], [-75.15238, 39.732064], [-75.15052, 39.732921], [-75.150235, 39.734078], [-75.149142, 39.739049], [-75.148283, 39.741011], [-75.146198, 39.743864], [-75.143969, 39.746142], [-75.139147, 39.741102], [-75.138335, 39.741639], [-75.140451, 39.744394], [-75.139735, 39.744806], [-75.14237, 39.74721], [-75.140193, 39.749343], [-75.137052, 39.747799], [-75.133703, 39.744607], [-75.132483, 39.745526], [-75.127291, 39.749441], [-75.124745, 39.743533], [-75.12208, 39.744271], [-75.121215, 39.744726], [-75.120832, 39.743897], [-75.115427, 39.740323], [-75.114514, 39.73892], [-75.113469, 39.739269], [-75.113787, 39.737656], [-75.113823, 39.73748], [-75.115335, 39.729138], [-75.117801, 39.727502], [-75.116512, 39.724512], [-75.121524, 39.722763], [-75.120559, 39.721778], [-75.123031, 39.720392], [-75.124147, 39.718533], [-75.12593, 39.719929], [-75.127851, 39.721478], [-75.13064, 39.723653], [-75.135368, 39.71913], [-75.136487, 39.718025], [-75.139513, 39.715024], [-75.152861, 39.722846], [-75.158875, 39.726404], [-75.158052, 39.726293]]]}}, {"type": "Feature", "id": "08324", "properties": {"ZCTA5CE20": "08324", "GEOID20": "08324", "zip": "08324", "STUSPS": "DE"}, "geometry": {"type": "Polygon", "coordinates": [[[-75.035373, 39.226748], [-75.034673, 39.229196], [-75.030693, 39.233275], [-75.026578, 39.236249], [-75.024314, 39.236942], [-75.022419, 39.236595], [-75.015589, 39.233347], [-75.013094, 39.233558], [-75.010908, 39.235646], [-75.011171, 39.238089], [-75.011855, 39.238722], [-75.016384, 39.240824], [-75.017942, 39.242529], [-75.017819, 39.244242], [-75.015404, 39.246853], [-75.01279, 39.247198], [-75.006874, 39.245667], [-75.005012, 39.246484], [-75.003978, 39.248273], [-75.004418, 39.251439], [-75.002961, 39.253593], [-74.997916, 39.253566], [-74.997292, 39.252554], [-75.002492, 39.252724], [-75.00249, 39.247608], [-75.001402, 39.247252], [-75.001754, 39.244015], [-74.999796, 39.242545], [-74.995555, 39.237854], [-74.993346, 39.239781], [-74.992572, 39.239256], [-74.988472, 39.244816], [-74.99011, 39.247094], [-74.989164, 39.248485], [-74.986868, 39.248167], [-74.985381, 39.248292], [-74.977711, 39.245333], [-74.975963, 39.247736], [-74.974312, 39.244556], [-74.97114, 39.243416], [-74.97003, 39.242007], [-74.968177, 39.239755], [-74.973786, 39.230158], [-74.978123, 39.22517], [-74.980008, 39.224774], [-74.979449, 39.222687], [-74.982181, 39.221785], [-74.980613, 39.220544], [-74.9784, 39.216876], [-74.978815, 39.214377], [-74.977154, 39.210262], [-74.977837, 39.207812], [-74.977307, 39.206554], [-74.97797, 39.205098], [-74.977298, 39.203637], [-74.974078, 39.202204], [-74.973202, 39.202474], [-74.968846, 39.200833], [-74.969678, 39.198706], [-74.969169, 39.196861], [-74.971879, 39.195283], [-74.973722, 39.197645], [-74.974038, 39.196317], [-74.97593, 39.196112], [-74.9775888910136, 39.1922090427378], [-74.9857547127709, 39.1918265985646], [-74.998002, 39.191253], [-74.9987654273657, 39.1912069078025], [-75.00365, 39.190912], [-75.007275, 39.192431], [-75.026179, 39.193621], [-75.028885, 39.19456], [-75.027824, 39.199482], [-75.023586, 39.202594], [-75.023437, 39.204791], [-75.024006, 39.20804], [-75.026383, 39.213196], [-75.021328, 39.218745], [-75.023556, 39.222244], [-75.029795, 39.225466], [-75.0307484405684, 39.2232056110584], [-75.034737, 39.225215], [-75.035373, 39.226748]]]}}, {"type": "Feature", "id": "08070", "properties": {"ZCTA5CE20": "08070", "GEOID20": "08070", "zip": "08070", "STUSPS": "DE"}, "geometry": {"type": "Polygon", "coordinates": [[[-75.558895, 39.628767], [-75.559446, 39.629812], [-75.556246, 39.634912], [-75.550645, 39.637912], [-75.5491436771977, 39.6390510546551], [-75.547197, 39.640528], [-75.5470599340304, 39.6406738986369], [-75.5442961937489, 39.6436157370887], [-75.542045, 39.646012], [-75.539245, 39.646112], [-75.5351866835456, 39.6472005511094], [-75.535144, 39.647212], [-75.5317233142202, 39.6504294807555], [-75.5290203758035, 39.6529718517592], [-75.526744, 39.655113], [-75.526844, 39.655713], [-75.526344, 39.656413], [-75.5251369566613, 39.6577404158186], [-75.522343, 39.660813], [-75.5188455224522, 39.6635235450996], [-75.518343, 39.663913], [-75.5154738868083, 39.6675575491895], [-75.514643, 39.668613], [-75.511743, 39.674313], [-75.5113987156251, 39.6758903128378], [-75.509342, 39.685313], [-75.509538, 39.685705], [-75.508616, 39.685836], [-75.506198, 39.685626], [-75.498607, 39.684431], [-75.489019, 39.68077], [-75.488247, 39.680459], [-75.484467, 39.678456], [-75.479081, 39.675799], [-75.478618, 39.673856], [-75.476258, 39.673252], [-75.476226, 39.672747], [-75.477107, 39.671978], [-75.477092, 39.669657], [-75.473271, 39.666201], [-75.470303, 39.664642], [-75.470737, 39.663158], [-75.470847, 39.658893], [-75.471867, 39.658384], [-75.475473, 39.65836], [-75.477769, 39.657103], [-75.480528, 39.657214], [-75.481376, 39.658012], [-75.479702, 39.659689], [-75.480361, 39.660585], [-75.482515, 39.660819], [-75.484248, 39.660366], [-75.483372, 39.657129], [-75.485755, 39.656873], [-75.488676, 39.655454], [-75.491031, 39.653342], [-75.489146, 39.650701], [-75.487331, 39.650449], [-75.485924, 39.653313], [-75.483376, 39.65278], [-75.481273, 39.651413], [-75.48169, 39.64974], [-75.484851, 39.650504], [-75.486531, 39.649636], [-75.48716, 39.647096], [-75.482139, 39.646445], [-75.4787, 39.644093], [-75.478406, 39.643094], [-75.479641, 39.640001], [-75.479098, 39.635313], [-75.47849, 39.634855], [-75.475528, 39.635018], [-75.473876, 39.636606], [-75.47088, 39.636036], [-75.470436, 39.632561], [-75.469082, 39.630448], [-75.469288, 39.629649], [-75.471368, 39.628802], [-75.474308, 39.631269], [-75.476924, 39.630794], [-75.478819, 39.629128], [-75.4796, 39.627689], [-75.477117, 39.624925], [-75.476572, 39.62319], [-75.477386, 39.621388], [-75.476409, 39.620924], [-75.47381, 39.622242], [-75.469762, 39.622125], [-75.464279, 39.620434], [-75.46348, 39.619058], [-75.464573, 39.617763], [-75.464891, 39.616022], [-75.463557, 39.612466], [-75.46572, 39.610143], [-75.466903, 39.609838], [-75.471078, 39.611787], [-75.473845, 39.611593], [-75.47618, 39.610631], [-75.477731, 39.609222], [-75.477779, 39.608117], [-75.4768, 39.602368], [-75.473662, 39.600413], [-75.469549, 39.602026], [-75.466282, 39.602216], [-75.464361, 39.60111], [-75.463384, 39.5989], [-75.465221, 39.593087], [-75.46642, 39.591629], [-75.468389, 39.592268], [-75.470323, 39.595289], [-75.472704, 39.596291], [-75.478378, 39.595939], [-75.479709, 39.595396], [-75.480262, 39.592314], [-75.47926, 39.590253], [-75.475979, 39.589578], [-75.473513, 39.588089], [-75.474959, 39.583165], [-75.475365, 39.57848], [-75.476467, 39.577783], [-75.47825, 39.577161], [-75.480206, 39.575451], [-75.482506, 39.575091], [-75.483038, 39.576243], [-75.481347, 39.579193], [-75.481316, 39.581221], [-75.488955, 39.583839], [-75.491311, 39.584003], [-75.493633, 39.583018], [-75.494969, 39.57983], [-75.494487, 39.576098], [-75.496004, 39.573068], [-75.504442, 39.569514], [-75.507441, 39.572795], [-75.508445, 39.575259], [-75.511531, 39.577177], [-75.515228, 39.580752], [-75.519628, 39.583248], [-75.521596, 39.583088], [-75.526157, 39.585365], [-75.531627, 39.588916], [-75.534045, 39.59098], [-75.537213, 39.592944], [-75.53954, 39.594251], [-75.539949, 39.594384], [-75.543965, 39.596], [-75.545405, 39.596784], [-75.553502, 39.602], [-75.55617, 39.606386], [-75.556889, 39.610442], [-75.557184, 39.613149], [-75.558705, 39.617933], [-75.559537, 39.624934], [-75.558895, 39.628767]]]}}, {"type": "Feature", "id": "08344", "properties": {"ZCTA5CE20": "08344", "GEOID20": "08344", "zip": "08344", "STUSPS": "DE"}, "geometry": {"type": "MultiPolygon", "coordinates": [[[[-75.074087, 39.54609], [-75.072546, 39.548604], [-75.07158, 39.548629], [-75.069871, 39.553119], [-75.067942, 39.555519], [-75.066661, 39.556226], [-75.065917, 39.558511], [-75.066286, 39.560475], [-75.063326, 39.565397], [-75.061854, 39.568746], [-75.057142, 39.565439], [-75.055214, 39.565484], [-75.055234, 39.566038], [-75.049357, 39.566973], [-75.045255, 39.563354], [-75.043357, 39.564259], [-75.044669, 39.565874], [-75.040859, 39.567495], [-75.03928, 39.565657], [-75.039215, 39.56569], [-75.040831, 39.567643], [-75.040167, 39.567529], [-75.0411, 39.568233], [-75.042411, 39.569747], [-75.043717, 39.571364], [-75.045506, 39.573417], [-75.045744, 39.574022], [-75.046136, 39.575674], [-75.046481, 39.576697], [-75.047717, 39.578039], [-75.045951, 39.579179], [-75.044822, 39.58008], [-75.040725, 39.580434], [-75.036525, 39.579665], [-75.035578, 39.578994], [-75.031145, 39.577553], [-75.030294, 39.577729], [-75.028907, 39.575988], [-75.007797, 39.578485], [-75.003325, 39.575212], [-74.999779, 39.575511], [-74.995471, 39.574308], [-74.989895, 39.574417], [-74.986748, 39.574131], [-74.986327, 39.576801], [-74.98505, 39.576607], [-74.985357, 39.578429], [-74.98367, 39.578684], [-74.984116, 39.581279], [-74.975827, 39.582254], [-74.976585, 39.586912], [-74.972878, 39.585478], [-74.970837, 39.588238], [-74.971779, 39.588619], [-74.967201, 39.589944], [-74.965639, 39.591397], [-74.964761, 39.594405], [-74.96177, 39.603613], [-74.960036, 39.610048], [-74.95721, 39.610339], [-74.936219, 39.595557], [-74.911882, 39.578462], [-74.902606, 39.586468], [-74.902302, 39.586206], [-74.900587, 39.583965], [-74.910863, 39.565547], [-74.915333, 39.557501], [-74.915367, 39.557135], [-74.915333, 39.55372], [-74.926946, 39.550059], [-74.954511, 39.541534], [-74.954582, 39.54153], [-74.954104, 39.541946], [-74.955745, 39.543261], [-74.954946, 39.544464], [-74.956026, 39.545392], [-74.952505, 39.549894], [-74.96655, 39.554644], [-74.970453, 39.55547], [-74.970695, 39.555938], [-74.975638, 39.546865], [-74.978749, 39.545163], [-74.979661, 39.544568], [-74.979349, 39.540938], [-74.987624, 39.540471], [-74.989048, 39.544334], [-74.99335, 39.543446], [-74.994962, 39.545129], [-75.003374, 39.545938], [-75.003885, 39.541358], [-75.002983, 39.541233], [-75.002738, 39.541135], [-75.002571, 39.540618], [-75.00284, 39.538683], [-75.004136, 39.539106], [-75.004315, 39.53749], [-75.018679, 39.538441], [-75.022941, 39.541436], [-75.025773, 39.543425], [-75.034592, 39.541212], [-75.035598, 39.540709], [-75.037488, 39.541194], [-75.038142, 39.541448], [-75.039887, 39.540022], [-75.042666, 39.540173], [-75.042051, 39.54102], [-75.044722, 39.541713], [-75.044666, 39.542792], [-75.045744, 39.543042], [-75.046448, 39.54212], [-75.046994, 39.543845], [-75.047693, 39.543712], [-75.047493, 39.544474], [-75.048831, 39.544824], [-75.058781, 39.54744], [-75.061748, 39.542008], [-75.062483, 39.539923], [-75.063526, 39.533886], [-75.066558, 39.527727], [-75.067298, 39.527037], [-75.071037, 39.52461], [-75.072298, 39.524329], [-75.07355, 39.527447], [-75.071992, 39.529146], [-75.072426, 39.530598], [-75.071063, 39.532445], [-75.072253, 39.53263], [-75.072641, 39.536075], [-75.07143, 39.536384], [-75.072138, 39.537571], [-75.071024, 39.540091], [-75.073272, 39.543586], [-75.074457, 39.544564], [-75.074087, 39.54609]]], [[[-75.135923, 39.602135], [-75.130354, 39.599624], [-75.125516, 39.599731], [-75.125175, 39.599849], [-75.117625, 39.599353], [-75.113264, 39.599621], [-75.105893, 39.60039], [-75.105086, 39.600649], [-75.100154, 39.601085], [-75.095493, 39.60036], [-75.094307, 39.600757], [-75.089975, 39.59986], [-75.090485, 39.596634], [-75.08827, 39.596415], [-75.086314, 39.594663], [-75.089887, 39.595167], [-75.08995, 39.592947], [-75.084949, 39.592215], [-75.084674, 39.593931], [-75.082892, 39.594499], [-75.081589, 39.594921], [-75.081237, 39.593221], [-75.0821, 39.592049], [-75.080898, 39.590342], [-75.08185, 39.588134], [-75.081728, 39.585584], [-75.077054, 39.579384], [-75.086167, 39.586166], [-75.087081, 39.586835], [-75.093396, 39.588372], [-75.112828, 39.593091], [-75.137986, 39.596819], [-75.135923, 39.602135]]]]}}, {"type": "Feature", "id": "08349", "properties": {"ZCTA5CE20": "08349", "GEOID20": "08349", "zip": "08349", "STUSPS": "DE"}, "geometry": {"type": "Polygon", "coordinates": [[[-75.141013, 39.284992], [-75.132809, 39.297096], [-75.133067, 39.298007], [-75.13236, 39.297758], [-75.129812, 39.301813], [-75.130504, 39.303148], [-75.128862, 39.30292], [-75.125992, 39.307155], [-75.0692, 39.301214], [-75.068886, 39.30112], [-75.067311, 39.300169], [-75.069267, 39.319397], [-75.036697, 39.316524], [-75.035798, 39.308678], [-75.036899, 39.305562], [-75.031147, 39.30475], [-75.02856, 39.303729], [-75.026758, 39.301498], [-75.025575, 39.290891], [-75.019941, 39.289929], [-75.017111, 39.293307], [-75.013967, 39.29604], [-75.000832, 39.298994], [-74.995091, 39.289263], [-74.997252, 39.288988], [-75.003642, 39.289954], [-75.005837, 39.289784], [-75.009725, 39.287635], [-75.014874, 39.287131], [-75.017035, 39.286313], [-75.017841, 39.285293], [-75.018181, 39.282777], [-75.019028, 39.281378], [-75.018245, 39.281114], [-75.004007, 39.284347], [-74.999931, 39.285029], [-74.997148, 39.282299], [-74.99644, 39.280985], [-74.99459, 39.280913], [-74.991538, 39.281922], [-74.989158, 39.279125], [-74.986141, 39.279609], [-74.980909, 39.282546], [-74.979164, 39.281665], [-74.978857, 39.277616], [-74.979961, 39.274931], [-74.981514, 39.271353], [-74.983437, 39.270152], [-74.984768, 39.270094], [-74.989471, 39.272445], [-74.991761, 39.272317], [-74.993134, 39.271838], [-74.995958, 39.268485], [-74.999622, 39.266932], [-75.00101, 39.265728], [-75.002285, 39.263275], [-75.001663, 39.262015], [-74.993117, 39.260761], [-74.992093, 39.25924], [-74.992356, 39.25719], [-74.994503, 39.254596], [-74.997916, 39.253566], [-75.002961, 39.253593], [-75.004418, 39.251439], [-75.003978, 39.248273], [-75.005012, 39.246484], [-75.006874, 39.245667], [-75.01279, 39.247198], [-75.015404, 39.246853], [-75.017819, 39.244242], [-75.017942, 39.242529], [-75.016384, 39.240824], [-75.011855, 39.238722], [-75.011171, 39.238089], [-75.010908, 39.235646], [-75.013094, 39.233558], [-75.015589, 39.233347], [-75.022419, 39.236595], [-75.024314, 39.236942], [-75.026578, 39.236249], [-75.030693, 39.233275], [-75.034673, 39.229196], [-75.035373, 39.226748], [-75.034737, 39.225215], [-75.0307484405684, 39.2232056110584], [-75.031923, 39.220421], [-75.037554, 39.221667], [-75.043496, 39.22093], [-75.048487, 39.215222], [-75.0498529784946, 39.215222], [-75.052528, 39.215222], [-75.063699, 39.214853], [-75.073681, 39.214117], [-75.0825, 39.212392], [-75.094065, 39.212081], [-75.098217, 39.213704], [-75.100089, 39.215223], [-75.100148, 39.217019], [-75.102881, 39.218193], [-75.107427, 39.218354], [-75.1082891965489, 39.2173376325142], [-75.1090719371538, 39.2164149286346], [-75.111063, 39.21768], [-75.111566, 39.220605], [-75.114111, 39.220141], [-75.115949, 39.221134], [-75.117019, 39.222523], [-75.115448, 39.223999], [-75.112553, 39.223675], [-75.11518, 39.224696], [-75.11921, 39.223142], [-75.115348, 39.22488], [-75.11633, 39.225824], [-75.115526, 39.227126], [-75.11388, 39.227034], [-75.111711, 39.225833], [-75.109904, 39.22713], [-75.110188, 39.227959], [-75.112879, 39.227508], [-75.114073, 39.228809], [-75.113333, 39.230012], [-75.11471, 39.231011], [-75.114528, 39.232017], [-75.113949, 39.232231], [-75.111024, 39.232116], [-75.111717, 39.233061], [-75.111612, 39.234297], [-75.109755, 39.234644], [-75.108757, 39.232331], [-75.107782, 39.232469], [-75.107875, 39.233831], [-75.106929, 39.23498], [-75.108053, 39.235902], [-75.107417, 39.236809], [-75.105142, 39.236184], [-75.103392, 39.237266], [-75.103449, 39.237986], [-75.10575, 39.237167], [-75.107375, 39.237798], [-75.106324, 39.23949], [-75.107533, 39.240896], [-75.107379, 39.242979], [-75.10569, 39.243407], [-75.106031, 39.244858], [-75.105395, 39.245769], [-75.103543, 39.245469], [-75.102949, 39.244233], [-75.100441, 39.243805], [-75.09985, 39.245997], [-75.100326, 39.248265], [-75.102346, 39.247413], [-75.104365, 39.248192], [-75.103787, 39.249945], [-75.104501, 39.251589], [-75.104206, 39.252652], [-75.101962, 39.25174], [-75.100124, 39.252101], [-75.099933, 39.253134], [-75.102469, 39.254097], [-75.10035, 39.255557], [-75.098895, 39.254607], [-75.098527, 39.255662], [-75.099756, 39.256969], [-75.097284, 39.256767], [-75.096189, 39.257558], [-75.098804, 39.257986], [-75.098549, 39.259139], [-75.101489, 39.259549], [-75.10442, 39.257232], [-75.10685, 39.256374], [-75.106773, 39.257686], [-75.108611, 39.258789], [-75.108195, 39.259811], [-75.110513, 39.262007], [-75.111118, 39.263883], [-75.113102, 39.263196], [-75.117695, 39.262537], [-75.12034, 39.263038], [-75.123387, 39.262341], [-75.123704, 39.269769], [-75.123324, 39.27412], [-75.124066, 39.275494], [-75.128966, 39.279433], [-75.132655, 39.283006], [-75.140761, 39.284903], [-75.141013, 39.284992]]]}}, {"type": "Feature", "id": "08360", "properties": {"ZCTA5CE20": "08360", "GEOID20": "08360", "zip": "08360", "STUSPS": "DE"}, "geometry": {"type": "Polygon", "coordinates": [[[-75.086613, 39.447807], [-75.082306, 39.449236], [-75.083013, 39.450699], [-75.081525, 39.454883], [-75.083823, 39.457354], [-75.082683, 39.459186], [-75.080309, 39.460648], [-75.08045, 39.462331], [-75.081958, 39.464623], [-75.081222, 39.467584], [-75.079624, 39.468385], [-75.080743, 39.469584], [-75.080352, 39.472023], [-75.078687, 39.472404], [-75.077979, 39.473461], [-75.078762, 39.474036], [-75.077037, 39.476604], [-75.077328, 39.478553], [-75.075736, 39.479771], [-75.076003, 39.481342], [-75.07472, 39.482061], [-75.073296, 39.485128], [-75.075129, 39.488469], [-75.075267, 39.488854], [-75.075189, 39.488968], [-75.074623, 39.488996], [-75.074342, 39.489183], [-75.07449, 39.489393], [-75.074888, 39.489394], [-75.075142, 39.489557], [-75.075334, 39.489584], [-75.075421, 39.489733], [-75.075281, 39.489911], [-75.075019, 39.489882], [-75.07483, 39.489919], [-75.07465, 39.490211], [-75.074652, 39.490458], [-75.074829, 39.49064], [-75.075062, 39.490728], [-75.075149, 39.490827], [-75.075154, 39.490989], [-75.075099, 39.491155], [-75.074826, 39.491358], [-75.07435, 39.491397], [-75.074145, 39.491373], [-75.073835, 39.491371], [-75.073697, 39.491471], [-75.07404, 39.491711], [-75.074236, 39.492054], [-75.074107, 39.492108], [-75.074426, 39.493495], [-75.076277, 39.495637], [-75.076891, 39.496785], [-75.078377, 39.496974], [-75.079722, 39.500952], [-75.077789, 39.504227], [-75.077127, 39.505981], [-75.077995, 39.506778], [-75.076642, 39.507825], [-75.077804, 39.509919], [-75.077151, 39.511104], [-75.078015, 39.511984], [-75.076715, 39.51328], [-75.077141, 39.51426], [-75.075451, 39.515123], [-75.075076, 39.517381], [-75.075658, 39.518892], [-75.074712, 39.520157], [-75.072891, 39.522062], [-75.072197, 39.523857], [-75.072298, 39.524329], [-75.071037, 39.52461], [-75.067298, 39.527037], [-75.066558, 39.527727], [-75.063526, 39.533886], [-75.062483, 39.539923], [-75.061748, 39.542008], [-75.058781, 39.54744], [-75.048831, 39.544824], [-75.047493, 39.544474], [-75.047693, 39.543712], [-75.046994, 39.543845], [-75.046448, 39.54212], [-75.045744, 39.543042], [-75.044666, 39.542792], [-75.044722, 39.541713], [-75.042051, 39.54102], [-75.042666, 39.540173], [-75.039887, 39.540022], [-75.038142, 39.541448], [-75.037488, 39.541194], [-75.035598, 39.540709], [-75.034592, 39.541212], [-75.025773, 39.543425], [-75.022941, 39.541436], [-75.018679, 39.538441], [-75.004315, 39.53749], [-75.004136, 39.539106], [-75.00284, 39.538683], [-75.002571, 39.540618], [-75.002738, 39.541135], [-75.002983, 39.541233], [-75.003885, 39.541358], [-75.003374, 39.545938], [-74.994962, 39.545129], [-74.99335, 39.543446], [-74.989048, 39.544334], [-74.987624, 39.540471], [-74.979349, 39.540938], [-74.979661, 39.544568], [-74.978749, 39.545163], [-74.975638, 39.546865], [-74.970695, 39.555938], [-74.970453, 39.55547], [-74.96655, 39.554644], [-74.952505, 39.549894], [-74.956026, 39.545392], [-74.954946, 39.544464], [-74.955745, 39.543261], [-74.954104, 39.541946], [-74.954582, 39.54153], [-74.954511, 39.541534], [-74.953304, 39.539867], [-74.94917, 39.541326], [-74.947774, 39.539807], [-74.950049, 39.539092], [-74.947051, 39.536595], [-74.948367, 39.533778], [-74.947487, 39.533011], [-74.948324, 39.533064], [-74.948502, 39.531721], [-74.951879, 39.531995], [-74.95209, 39.530662], [-74.947492, 39.530292], [-74.947296, 39.532849], [-74.940624, 39.527039], [-74.947717, 39.527619], [-74.958448, 39.528504], [-74.959147, 39.525298], [-74.963082, 39.523435], [-74.967063, 39.519879], [-74.965413, 39.518608], [-74.965602, 39.515634], [-74.964735, 39.515114], [-74.954818, 39.518874], [-74.955102, 39.515633], [-74.954437, 39.512927], [-74.955762, 39.512005], [-74.94899, 39.511687], [-74.949279, 39.508061], [-74.934925, 39.507359], [-74.934437, 39.507824], [-74.932053, 39.506282], [-74.929597, 39.502918], [-74.92418, 39.502464], [-74.923091, 39.510933], [-74.921631, 39.510833], [-74.915769, 39.508413], [-74.913653, 39.506832], [-74.912081, 39.506454], [-74.914408, 39.504071], [-74.912665, 39.503031], [-74.91016, 39.505596], [-74.904915, 39.502815], [-74.902459, 39.502007], [-74.90708, 39.498158], [-74.90611, 39.497113], [-74.908477, 39.495066], [-74.905917, 39.49235], [-74.904689, 39.491067], [-74.9029, 39.489164], [-74.87681, 39.479713], [-74.872479, 39.488144], [-74.868827, 39.476806], [-74.867851, 39.473841], [-74.864012, 39.462075], [-74.866135, 39.461777], [-74.866555, 39.464045], [-74.871554, 39.463472], [-74.871805, 39.46514], [-74.875225, 39.464847], [-74.877929, 39.462758], [-74.88108, 39.46605], [-74.881078, 39.461371], [-74.885794, 39.461387], [-74.885816, 39.468481], [-74.888252, 39.468624], [-74.888275, 39.466811], [-74.890434, 39.466812], [-74.890428, 39.467653], [-74.893002, 39.465038], [-74.895052, 39.461391], [-74.895373, 39.458876], [-74.894508, 39.458434], [-74.896788, 39.452664], [-74.910511, 39.462332], [-74.921614, 39.470157], [-74.927346, 39.474184], [-74.944076, 39.485983], [-74.951318, 39.491095], [-74.960705, 39.497694], [-74.963357, 39.499557], [-74.971829, 39.505516], [-74.97211, 39.505711], [-74.974336, 39.50728], [-74.982621, 39.513103], [-74.985271, 39.514967], [-74.989848, 39.518184], [-74.991177, 39.513533], [-74.993155, 39.506519], [-74.988171, 39.506289], [-74.993764, 39.504161], [-74.995026, 39.499329], [-74.994577, 39.497124], [-74.991868, 39.496649], [-74.991991, 39.49503], [-74.995381, 39.495631], [-74.995876, 39.494213], [-74.996749, 39.493496], [-74.997136, 39.492144], [-74.987834, 39.491698], [-74.988224, 39.486886], [-74.989, 39.488029], [-74.996362, 39.488403], [-74.997658, 39.490374], [-74.999266, 39.48492], [-74.993935, 39.484666], [-74.993285, 39.48186], [-74.993436, 39.480121], [-74.988779, 39.47986], [-74.988986, 39.477168], [-75.00071, 39.477782], [-75.00093, 39.474627], [-74.99812, 39.473389], [-74.998706, 39.472051], [-75.001549, 39.472291], [-74.999249, 39.470685], [-75.003388, 39.471793], [-75.003786, 39.470913], [-75.00647, 39.464899], [-75.005928, 39.464885], [-75.00485, 39.464069], [-75.004138, 39.461421], [-75.006747, 39.461291], [-75.007544, 39.460917], [-75.008253, 39.460912], [-75.015131, 39.445368], [-75.020353, 39.433562], [-75.019229, 39.432139], [-75.019759, 39.430573], [-75.021065, 39.428144], [-75.022584, 39.428798], [-75.024005, 39.426071], [-75.024368, 39.423752], [-75.025155, 39.423017], [-75.028271, 39.424935], [-75.03219, 39.42648], [-75.037572, 39.427621], [-75.040218, 39.4293], [-75.062114, 39.44319], [-75.067399, 39.446541], [-75.07119, 39.446724], [-75.075979, 39.446956], [-75.08447, 39.444104], [-75.085343, 39.445612], [-75.086613, 39.447807]]]}}, {"type": "Feature", "id": "21842", "properties": {"ZCTA5CE20": "21842", "GEOID20": "21842", "zip": "21842", "STUSPS": "DE"}, "geometry": {"type": "Polygon", "coordinates": [[[-75.156099, 38.339611], [-75.155143, 38.340601], [-75.154997, 38.340773], [-75.14936, 38.338278], [-75.146903, 38.337634], [-75.146545, 38.338363], [-75.142035, 38.338248], [-75.141994, 38.337493], [-75.13444, 38.338472], [-75.135148, 38.33958], [-75.133209, 38.339605], [-75.131214, 38.341311], [-75.131227, 38.3429], [-75.129457, 38.343852], [-75.129012, 38.340605], [-75.130896, 38.339587], [-75.129691, 38.339144], [-75.128181, 38.340998], [-75.129454, 38.352171], [-75.130928, 38.354479], [-75.133956, 38.358309], [-75.133343, 38.358692], [-75.131462, 38.360322], [-75.13141, 38.360378], [-75.127166, 38.364909], [-75.124625, 38.36804], [-75.124625, 38.369051], [-75.122344, 38.371359], [-75.11766, 38.376307], [-75.115951, 38.377562], [-75.106558, 38.382296], [-75.100967, 38.385462], [-75.097404, 38.389845], [-75.091217, 38.393309], [-75.08782, 38.396407], [-75.092742, 38.398997], [-75.090392, 38.404807], [-75.088043, 38.412741], [-75.087088, 38.417563], [-75.085151, 38.42187], [-75.081338, 38.426797], [-75.080304, 38.427821], [-75.078672, 38.448964], [-75.0784849880599, 38.4513118300817], [-75.0727589657721, 38.4512939794011], [-75.0726112120745, 38.451293518784], [-75.0725039651329, 38.4512931844453], [-75.0703526765487, 38.451286477876], [-75.0702308531733, 38.4512860980958], [-75.0670444349347, 38.4512761645449], [-75.0656429071141, 38.4512717953294], [-75.0653681686071, 38.4512709388414], [-75.0647189192114, 38.4512689148283], [-75.0646860176691, 38.4512688122589], [-75.0626999419505, 38.4512626207351], [-75.05801, 38.451248], [-75.0535840104491, 38.4512553189111], [-75.052404222416, 38.4512572698339], [-75.048939, 38.451263], [-75.0533039427421, 38.4231264184497], [-75.0540262151022, 38.418470624236], [-75.054591, 38.41483], [-75.0552675213776, 38.4122987581911], [-75.0562011554434, 38.4088055151692], [-75.0580477816109, 38.4018962621657], [-75.0608538494528, 38.3913972055582], [-75.06137, 38.389466], [-75.065863, 38.377154], [-75.0662398814452, 38.3756068965605], [-75.067339, 38.371095], [-75.0702429550026, 38.3621536224885], [-75.0705768034494, 38.3611256916179], [-75.0708860492937, 38.3601735130078], [-75.072476, 38.355278], [-75.081428, 38.335967], [-75.085518, 38.32427], [-75.0855937499233, 38.3242116321176], [-75.090935, 38.32601], [-75.09127, 38.32878], [-75.089225, 38.32976], [-75.089782, 38.332095], [-75.093109, 38.332963], [-75.094226, 38.333257], [-75.093607, 38.329496], [-75.0931, 38.327708], [-75.097419, 38.326922], [-75.107744, 38.318042], [-75.109732, 38.315371], [-75.111434, 38.31544], [-75.109771, 38.31872], [-75.110762, 38.320284], [-75.109534, 38.319658], [-75.109485, 38.322799], [-75.111054, 38.325172], [-75.113309, 38.325648], [-75.114353, 38.32651], [-75.118415, 38.327368], [-75.11798, 38.328051], [-75.120941, 38.3282], [-75.124031, 38.328223], [-75.131194, 38.328219], [-75.134021, 38.328274], [-75.154997, 38.328406], [-75.155845, 38.330042], [-75.156099, 38.339611]]]}}, {"type": "Feature", "id": "21872", "properties": {"ZCTA5CE20": "21872", "GEOID20": "21872", "zip": "21872", "STUSPS": "DE"}, "geometry": {"type": "Polygon", "coordinates": [[[-75.34125, 38.45197], [-75.3403903727049, 38.4519649208671], [-75.3314875816092, 38.4519123184673], [-75.331021, 38.449002], [-75.331843, 38.446681], [-75.329531, 38.444931], [-75.329657, 38.443942], [-75.321365, 38.443022], [-75.314956, 38.444693], [-75.312103, 38.446047], [-75.3068, 38.445563], [-75.292342, 38.443411], [-75.28907, 38.442275], [-75.287894, 38.444231], [-75.286482, 38.449095], [-75.278007, 38.448321], [-75.273544, 38.44546], [-75.263267, 38.441523], [-75.256813, 38.446333], [-75.252685, 38.447127], [-75.252615, 38.444563], [-75.251632, 38.439852], [-75.248931, 38.437281], [-75.245657, 38.434969], [-75.24163, 38.433257], [-75.2471, 38.429308], [-75.250152, 38.427908], [-75.250807, 38.425833], [-75.253723, 38.421664], [-75.2545, 38.422072], [-75.255073, 38.418745], [-75.252433, 38.404337], [-75.255676, 38.401717], [-75.258445, 38.401682], [-75.266502, 38.402274], [-75.27732, 38.401923], [-75.278999, 38.400927], [-75.279922, 38.399527], [-75.27935, 38.397063], [-75.280363, 38.390566], [-75.281004, 38.390982], [-75.286254, 38.39094], [-75.288451, 38.391634], [-75.292053, 38.387003], [-75.292762, 38.384272], [-75.295822, 38.3814], [-75.296049, 38.381114], [-75.288416, 38.378094], [-75.285156, 38.376303], [-75.28826, 38.375018], [-75.298255, 38.374323], [-75.305236, 38.37567], [-75.312156, 38.37303], [-75.315154, 38.36748], [-75.316292, 38.369282], [-75.319224, 38.37123], [-75.321885, 38.370964], [-75.323079, 38.373135], [-75.32663, 38.376131], [-75.326672, 38.378248], [-75.329157, 38.380414], [-75.329748, 38.3821], [-75.326616, 38.384915], [-75.325227, 38.385934], [-75.323112, 38.390879], [-75.321028, 38.393858], [-75.319416, 38.394242], [-75.319182, 38.398002], [-75.317808, 38.402324], [-75.317104, 38.404243], [-75.318634, 38.407676], [-75.319915, 38.412613], [-75.32343, 38.418492], [-75.325827, 38.420515], [-75.326895, 38.42177], [-75.330402, 38.424232], [-75.331957, 38.427093], [-75.331972, 38.429268], [-75.334086, 38.435071], [-75.33667, 38.436381], [-75.336351, 38.440127], [-75.335792, 38.442286], [-75.338428, 38.446755], [-75.340799, 38.448907], [-75.34125, 38.45197]]]}}, {"type": "Feature", "id": "21915", "properties": {"ZCTA5CE20": "21915", "GEOID20": "21915", "zip": "21915", "STUSPS": "DE"}, "geometry": {"type": "Polygon", "coordinates": [[[-75.939035, 39.484716], [-75.932598, 39.490014], [-75.928982, 39.493437], [-75.922489, 39.500114], [-75.923989, 39.500114], [-75.919082, 39.505589], [-75.914173, 39.510617], [-75.913282, 39.51086], [-75.90995, 39.510061], [-75.902981, 39.510326], [-75.898772, 39.511008], [-75.893301, 39.511465], [-75.888938, 39.51275], [-75.886846, 39.515333], [-75.885913, 39.516601], [-75.884846, 39.518904], [-75.881168, 39.520459], [-75.874662, 39.522874], [-75.870355, 39.525957], [-75.866852, 39.527385], [-75.864169, 39.529498], [-75.8566, 39.530912], [-75.846168, 39.53124], [-75.835309, 39.531092], [-75.829922, 39.531699], [-75.824544, 39.531379], [-75.818399, 39.530259], [-75.815151, 39.531084], [-75.818095, 39.531713], [-75.818829, 39.531637], [-75.823653, 39.532219], [-75.824533, 39.533729], [-75.823609, 39.533345], [-75.818562, 39.532571], [-75.814857, 39.532011], [-75.812932, 39.531586], [-75.812398, 39.532528], [-75.807756, 39.538873], [-75.803753, 39.539827], [-75.799893, 39.542009], [-75.796084, 39.540485], [-75.790364, 39.536618], [-75.785831, 39.538388], [-75.784664, 39.537962], [-75.78129, 39.540416], [-75.7800164445771, 39.5408301360074], [-75.7796634388864, 39.5365036098544], [-75.7795846104508, 39.5355374688062], [-75.7795181992453, 39.5347235164389], [-75.776225525787, 39.4943676859086], [-75.783372, 39.495036], [-75.78773, 39.495063], [-75.794289, 39.494773], [-75.801537, 39.495038], [-75.809469, 39.49434], [-75.822141, 39.469503], [-75.825842, 39.470162], [-75.827003, 39.46786], [-75.82697, 39.466354], [-75.828017, 39.465762], [-75.833745, 39.465713], [-75.8342, 39.464553], [-75.835602, 39.464173], [-75.840247, 39.464323], [-75.841975, 39.465221], [-75.842897, 39.465029], [-75.845085, 39.464958], [-75.847162, 39.463867], [-75.851061, 39.463538], [-75.854645, 39.462353], [-75.857316, 39.462513], [-75.858296, 39.461323], [-75.859635, 39.46102], [-75.864445, 39.461823], [-75.865565, 39.461347], [-75.862668, 39.459544], [-75.860604, 39.456426], [-75.861218, 39.455027], [-75.86278, 39.4552], [-75.863295, 39.455485], [-75.869799, 39.461013], [-75.871112, 39.462206], [-75.874009, 39.467054], [-75.877063, 39.469808], [-75.881599, 39.472423], [-75.885845, 39.475639], [-75.889342, 39.477414], [-75.894982, 39.479212], [-75.898694, 39.480039], [-75.906358, 39.481093], [-75.909969, 39.481236], [-75.916569, 39.480983], [-75.925307, 39.481097], [-75.932709, 39.482412], [-75.935703, 39.483305], [-75.939035, 39.484716]]]}}, {"type": "Feature", "id": "08323", "properties": {"ZCTA5CE20": "08323", "GEOID20": "08323", "zip": "08323", "STUSPS": "DE"}, "geometry": {"type": "Polygon", "coordinates": [[[-75.419562, 39.413255], [-75.418304, 39.415445], [-75.415422, 39.415298], [-75.414271, 39.415956], [-75.414906, 39.419149], [-75.411189, 39.420423], [-75.409514, 39.419698], [-75.409334, 39.417447], [-75.408347, 39.416577], [-75.407166, 39.416446], [-75.404595, 39.41811], [-75.40204, 39.417783], [-75.400363, 39.416465], [-75.3965, 39.416949], [-75.394452, 39.417912], [-75.390157, 39.417947], [-75.386148, 39.417554], [-75.385259, 39.417638], [-75.383125, 39.419789], [-75.378793, 39.422843], [-75.376171, 39.423217], [-75.375485, 39.422456], [-75.373745, 39.422614], [-75.370867, 39.423877], [-75.366836, 39.423798], [-75.362079, 39.424289], [-75.359712, 39.424867], [-75.356298, 39.424426], [-75.35486, 39.426036], [-75.35354, 39.426139], [-75.350013, 39.428465], [-75.348761, 39.43003], [-75.343282, 39.429957], [-75.338776, 39.432702], [-75.335594, 39.432743], [-75.323234, 39.425685], [-75.318423, 39.422697], [-75.314369, 39.419302], [-75.309545, 39.415265], [-75.310282, 39.41354], [-75.31092, 39.412996], [-75.312263, 39.412483], [-75.313123, 39.411503], [-75.314329, 39.410667], [-75.315122, 39.409664], [-75.316494, 39.408447], [-75.317887, 39.405279], [-75.31926, 39.404195], [-75.320238, 39.402501], [-75.321418, 39.402292], [-75.323572, 39.398242], [-75.32382, 39.39695], [-75.325743, 39.394739], [-75.32719, 39.394031], [-75.330683, 39.38779], [-75.329966, 39.386932], [-75.333176, 39.386721], [-75.334115, 39.384778], [-75.331624, 39.382399], [-75.330803, 39.379864], [-75.332292, 39.378364], [-75.33425, 39.377662], [-75.338445, 39.377936], [-75.340406, 39.378522], [-75.343184, 39.380139], [-75.346064, 39.382375], [-75.347365, 39.38294], [-75.349449, 39.382681], [-75.354604, 39.377835], [-75.353665, 39.376635], [-75.348856, 39.375285], [-75.347651, 39.372668], [-75.348395, 39.369733], [-75.35071, 39.368317], [-75.356067, 39.368256], [-75.356518, 39.367079], [-75.354689, 39.363242], [-75.355484, 39.361144], [-75.357189, 39.360015], [-75.364165, 39.358625], [-75.365622, 39.357231], [-75.366188, 39.35577], [-75.365364, 39.353349], [-75.36262, 39.352421], [-75.357753, 39.352275], [-75.35675, 39.350847], [-75.358472, 39.349434], [-75.363088, 39.347877], [-75.36366, 39.344993], [-75.361609, 39.343698], [-75.359134, 39.343596], [-75.357297909199, 39.3440582802589], [-75.357644, 39.341711], [-75.360297, 39.339893], [-75.364389, 39.341574], [-75.368281, 39.350764], [-75.376335, 39.354446], [-75.382665, 39.354484], [-75.39003, 39.358259], [-75.3927250560313, 39.3617016035425], [-75.394331, 39.363753], [-75.395181, 39.371398], [-75.3964388750293, 39.373866766611], [-75.399304, 39.37949], [-75.402136, 39.381258], [-75.404394, 39.381024], [-75.4070457388058, 39.381106999364], [-75.407538, 39.382788], [-75.40824, 39.386776], [-75.409435, 39.387667], [-75.411304, 39.387169], [-75.4127239958821, 39.3843703989058], [-75.412719, 39.385041], [-75.413791, 39.386016], [-75.416125, 39.387625], [-75.4168418163419, 39.3873779046746], [-75.417288, 39.388671], [-75.414797, 39.390786], [-75.417798, 39.393225], [-75.417746, 39.395217], [-75.416865, 39.395862], [-75.413509, 39.394871], [-75.409361, 39.394913], [-75.407456, 39.395951], [-75.407372, 39.398032], [-75.411113, 39.400237], [-75.411162, 39.401093], [-75.406682, 39.403631], [-75.405096, 39.405544], [-75.405354, 39.407636], [-75.409767, 39.408702], [-75.411722, 39.407866], [-75.411675, 39.405453], [-75.413008, 39.40445], [-75.415116, 39.405623], [-75.415618, 39.408717], [-75.418911, 39.410417], [-75.419407, 39.411212], [-75.419562, 39.413255]]]}}, {"type": "Feature", "id": "08352", "properties": {"ZCTA5CE20": "08352", "GEOID20": "08352", "zip": "08352", "STUSPS": "DE"}, "geometry": {"type": "Polygon", "coordinates": [[[-75.131364, 39.478393], [-75.131329, 39.478308], [-75.121988, 39.480611], [-75.12038, 39.47672], [-75.124649, 39.475659], [-75.124082, 39.474305], [-75.127436, 39.473488], [-75.126091, 39.47022], [-75.127793, 39.469732], [-75.126964, 39.467728], [-75.128585, 39.467324], [-75.129495, 39.469519], [-75.129877, 39.470217], [-75.133094, 39.477965], [-75.131364, 39.478393]]]}}, {"type": "Feature", "id": "19311", "properties": {"ZCTA5CE20": "19311", "GEOID20": "19311", "zip": "19311", "STUSPS": "DE"}, "geometry": {"type": "MultiPolygon", "coordinates": [[[[-75.753181, 39.823384], [-75.753165, 39.82434], [-75.749506, 39.825087], [-75.749832, 39.825813], [-75.744943, 39.827438], [-75.744872, 39.826955], [-75.742722, 39.827425], [-75.740588, 39.829014], [-75.73678, 39.829496], [-75.736675, 39.82866], [-75.731228, 39.829699], [-75.725625, 39.83079], [-75.725134, 39.830959], [-75.722852, 39.815685], [-75.721246, 39.81505], [-75.720318, 39.814902], [-75.717346, 39.812148], [-75.713979, 39.811772], [-75.709928, 39.809482], [-75.709789, 39.807052], [-75.708724, 39.805221], [-75.709871, 39.799855], [-75.706422, 39.799806], [-75.7059339012799, 39.7994252144675], [-75.7061437532126, 39.7992839728393], [-75.7095005457238, 39.7970246710844], [-75.7137269172829, 39.7941800958989], [-75.716969, 39.791998], [-75.7193345673559, 39.7901506045411], [-75.7233991238184, 39.7869763794942], [-75.7248646462336, 39.7858318762746], [-75.725268, 39.786426], [-75.726729, 39.795452], [-75.724964, 39.798219], [-75.737864, 39.801759], [-75.739641, 39.80261], [-75.744228, 39.805171], [-75.747518, 39.807027], [-75.747263, 39.811052], [-75.747512, 39.811551], [-75.75005, 39.814058], [-75.752257, 39.815349], [-75.753972, 39.823216], [-75.753181, 39.823384]]], [[[-75.814546, 39.827163], [-75.808904, 39.830629], [-75.801767, 39.831279], [-75.798346, 39.834073], [-75.807536, 39.836553], [-75.808052, 39.836361], [-75.809338, 39.837037], [-75.802801, 39.840247], [-75.802998, 39.840431], [-75.80627, 39.84364], [-75.798225, 39.845873], [-75.796321, 39.848612], [-75.795887, 39.850056], [-75.799475, 39.850367], [-75.800866, 39.851046], [-75.801939, 39.852938], [-75.80151, 39.853728], [-75.803092, 39.85446], [-75.803742, 39.856871], [-75.80214, 39.857437], [-75.790405, 39.858317], [-75.787983, 39.856556], [-75.783679, 39.858064], [-75.77887, 39.861562], [-75.777688, 39.863785], [-75.773971, 39.865267], [-75.773602, 39.862534], [-75.775522, 39.86239], [-75.775111, 39.860655], [-75.780579, 39.859319], [-75.780393, 39.857806], [-75.783592, 39.857446], [-75.783494, 39.855143], [-75.781155, 39.855337], [-75.780467, 39.84927], [-75.767878, 39.85052], [-75.766385, 39.846445], [-75.766289, 39.84621], [-75.763921, 39.843842], [-75.761824, 39.838375], [-75.760757, 39.837031], [-75.759171, 39.833364], [-75.757636, 39.832585], [-75.761777, 39.830639], [-75.76091, 39.829298], [-75.761235, 39.829175], [-75.759895, 39.821849], [-75.758341, 39.820898], [-75.75589, 39.821387], [-75.754952, 39.81981], [-75.754225, 39.81991], [-75.753269, 39.815894], [-75.752257, 39.815349], [-75.751258, 39.809116], [-75.760323, 39.81299], [-75.761133, 39.81246], [-75.762763, 39.807905], [-75.761619, 39.80755], [-75.761112, 39.804826], [-75.762148, 39.804328], [-75.763171, 39.805532], [-75.766519, 39.805972], [-75.766514, 39.808887], [-75.767261, 39.81187], [-75.767788, 39.816288], [-75.768913, 39.815974], [-75.770246, 39.812927], [-75.772807, 39.812732], [-75.774092, 39.811066], [-75.776915, 39.810761], [-75.777418, 39.806896], [-75.775965, 39.802863], [-75.776575, 39.802134], [-75.779301, 39.802065], [-75.779008, 39.799931], [-75.782673, 39.799799], [-75.783536, 39.799687], [-75.78274, 39.797956], [-75.787408, 39.796738], [-75.789095, 39.797389], [-75.789214, 39.799186], [-75.797369, 39.796566], [-75.798198, 39.796496], [-75.807369, 39.795733], [-75.807101, 39.794034], [-75.808746, 39.793934], [-75.808307, 39.795622], [-75.80929, 39.79799], [-75.8086, 39.799401], [-75.813149, 39.799587], [-75.811231, 39.803033], [-75.810028, 39.806567], [-75.809005, 39.807493], [-75.80618, 39.808871], [-75.802347, 39.809612], [-75.803271, 39.810932], [-75.807176, 39.80859], [-75.808457, 39.808495], [-75.808695, 39.810546], [-75.8059, 39.813867], [-75.80286, 39.815799], [-75.805917, 39.820028], [-75.807528, 39.820285], [-75.810759, 39.818935], [-75.811047, 39.820149], [-75.812069, 39.821068], [-75.810562, 39.822295], [-75.812294, 39.825525], [-75.814546, 39.827163]]]]}}, {"type": "Feature", "id": "19348", "properties": {"ZCTA5CE20": "19348", "GEOID20": "19348", "zip": "19348", "STUSPS": "DE"}, "geometry": {"type": "Polygon", "coordinates": [[[-75.796294, 39.889364], [-75.7925, 39.891351], [-75.791774, 39.895725], [-75.791947, 39.898326], [-75.79066, 39.901608], [-75.790001, 39.903311], [-75.787075, 39.903014], [-75.772787, 39.900779], [-75.773932, 39.91158], [-75.770416, 39.912129], [-75.741809, 39.906177], [-75.746373, 39.900952], [-75.748612, 39.900819], [-75.750983, 39.898878], [-75.742668, 39.896666], [-75.741196, 39.896323], [-75.738529, 39.895908], [-75.737712, 39.895796], [-75.738139, 39.892889], [-75.739481, 39.890953], [-75.735441, 39.891321], [-75.735275, 39.892119], [-75.734693, 39.89487], [-75.732128, 39.894972], [-75.734591, 39.895352], [-75.733793, 39.90177], [-75.734542, 39.904663], [-75.733418, 39.904446], [-75.729558, 39.906166], [-75.727561, 39.909065], [-75.722919, 39.909719], [-75.719968, 39.909421], [-75.717831, 39.910204], [-75.719259, 39.910907], [-75.720459, 39.914688], [-75.722805, 39.917639], [-75.720685, 39.91874], [-75.718607, 39.918913], [-75.718911, 39.919951], [-75.715508, 39.920165], [-75.713568, 39.921229], [-75.714248, 39.922788], [-75.715452, 39.923107], [-75.714304, 39.925891], [-75.715684, 39.927232], [-75.716111, 39.929671], [-75.714458, 39.929517], [-75.717771, 39.933666], [-75.720024, 39.934355], [-75.724108, 39.932464], [-75.73226, 39.930389], [-75.734322, 39.93245], [-75.735697, 39.933033], [-75.736014, 39.93456], [-75.733948, 39.935483], [-75.732981, 39.936764], [-75.729064, 39.937555], [-75.726676, 39.939119], [-75.721393, 39.936315], [-75.720285, 39.936339], [-75.71869, 39.935457], [-75.714204, 39.931364], [-75.712838, 39.928284], [-75.708583, 39.925058], [-75.705916, 39.923648], [-75.702201, 39.923759], [-75.699011, 39.922076], [-75.69724, 39.92004], [-75.691613, 39.920175], [-75.689946, 39.920594], [-75.689918, 39.920517], [-75.690001, 39.920281], [-75.700324, 39.919228], [-75.701719, 39.918432], [-75.700406, 39.917443], [-75.703031, 39.911817], [-75.704556, 39.910325], [-75.703527, 39.907932], [-75.697779, 39.908923], [-75.693586, 39.910147], [-75.695688, 39.904203], [-75.693206, 39.903881], [-75.691147, 39.904587], [-75.686089, 39.903464], [-75.685539, 39.902528], [-75.686434, 39.899255], [-75.685462, 39.900116], [-75.682369, 39.907447], [-75.677775, 39.907083], [-75.678576, 39.905374], [-75.678719, 39.902042], [-75.67766, 39.900556], [-75.678388, 39.899651], [-75.681478, 39.897916], [-75.685108, 39.897378], [-75.688769, 39.892891], [-75.685279, 39.891163], [-75.684629, 39.890841], [-75.685219, 39.890567], [-75.684844, 39.888144], [-75.683834, 39.885955], [-75.683304, 39.882368], [-75.6758, 39.886492], [-75.668072, 39.886901], [-75.666712, 39.886273], [-75.666913, 39.885585], [-75.666347, 39.884033], [-75.660999, 39.886172], [-75.658608, 39.886474], [-75.658636, 39.887947], [-75.652897, 39.888323], [-75.651381, 39.890553], [-75.647089, 39.891108], [-75.64587, 39.889062], [-75.644807, 39.887566], [-75.644841, 39.884807], [-75.64318, 39.883204], [-75.638775, 39.883487], [-75.637934, 39.88112], [-75.635311, 39.882736], [-75.632789, 39.881265], [-75.631021, 39.880117], [-75.637532, 39.87823], [-75.637622, 39.876253], [-75.643296, 39.874649], [-75.643424, 39.872668], [-75.637188, 39.874617], [-75.636512, 39.874715], [-75.635834, 39.872896], [-75.635886, 39.870805], [-75.638802, 39.870689], [-75.640786, 39.872249], [-75.642213, 39.871809], [-75.639665, 39.870329], [-75.639038, 39.866285], [-75.63858, 39.863336], [-75.639315, 39.863203], [-75.639621, 39.862689], [-75.645305, 39.860619], [-75.646253, 39.864714], [-75.647613, 39.86597], [-75.648736, 39.866995], [-75.649637, 39.867014], [-75.650095, 39.86754], [-75.65005, 39.867836], [-75.650162, 39.868081], [-75.650001, 39.868569], [-75.650228, 39.868871], [-75.650487, 39.869067], [-75.650732, 39.869435], [-75.652655, 39.868438], [-75.653622, 39.868214], [-75.654102, 39.868185], [-75.655695, 39.868259], [-75.662204, 39.868672], [-75.668415, 39.868916], [-75.670364, 39.867916], [-75.670777, 39.8677], [-75.665699, 39.861378], [-75.659415, 39.853549], [-75.664255, 39.847908], [-75.664848, 39.847206], [-75.676242, 39.84521], [-75.675783, 39.843464], [-75.673783, 39.839968], [-75.673186, 39.838433], [-75.666164, 39.837693], [-75.664335, 39.837845], [-75.663847, 39.835385], [-75.665817, 39.834983], [-75.664961, 39.833626], [-75.664509, 39.829315], [-75.667609, 39.82857], [-75.667722, 39.824397], [-75.670568, 39.822646], [-75.673997, 39.821364], [-75.674154, 39.817868], [-75.673050248141, 39.8166929930842], [-75.6807940567878, 39.8133185922858], [-75.6815568950873, 39.8129861819327], [-75.685991, 39.811054], [-75.6945623184092, 39.8062954734888], [-75.701208, 39.802606], [-75.705787295543, 39.7995238880071], [-75.7059339012799, 39.7994252144675], [-75.706422, 39.799806], [-75.709871, 39.799855], [-75.708724, 39.805221], [-75.709789, 39.807052], [-75.709928, 39.809482], [-75.713979, 39.811772], [-75.717346, 39.812148], [-75.720318, 39.814902], [-75.721246, 39.81505], [-75.722852, 39.815685], [-75.725134, 39.830959], [-75.725625, 39.83079], [-75.731228, 39.829699], [-75.736675, 39.82866], [-75.73678, 39.829496], [-75.735269, 39.832868], [-75.738438, 39.83533], [-75.738657, 39.836584], [-75.741205, 39.835366], [-75.743431, 39.835846], [-75.744255, 39.835537], [-75.753647, 39.832019], [-75.753119, 39.832765], [-75.754029, 39.834164], [-75.747644, 39.837343], [-75.748131, 39.837906], [-75.749009, 39.839823], [-75.751611, 39.842034], [-75.751038, 39.845673], [-75.751006, 39.8502], [-75.758184, 39.84786], [-75.766289, 39.84621], [-75.766385, 39.846445], [-75.767878, 39.85052], [-75.780467, 39.84927], [-75.781155, 39.855337], [-75.783494, 39.855143], [-75.783592, 39.857446], [-75.780393, 39.857806], [-75.780579, 39.859319], [-75.775111, 39.860655], [-75.775522, 39.86239], [-75.773602, 39.862534], [-75.773971, 39.865267], [-75.777688, 39.863785], [-75.77887, 39.861562], [-75.783679, 39.858064], [-75.784989, 39.8647], [-75.785846, 39.871695], [-75.786853, 39.871839], [-75.789486, 39.873625], [-75.791533, 39.874304], [-75.791323, 39.876663], [-75.786931, 39.881583], [-75.78565, 39.883537], [-75.783998, 39.88422], [-75.78267, 39.885892], [-75.795689, 39.884744], [-75.796294, 39.889364]]]}}, {"type": "Feature", "id": "19707", "properties": {"ZCTA5CE20": "19707", "GEOID20": "19707", "zip": "19707", "STUSPS": "DE"}, "geometry": {"type": "Polygon", "coordinates": [[[-75.727049, 39.784126], [-75.7248662643848, 39.7858306125756], [-75.7248646462336, 39.7858318762746], [-75.7233991238184, 39.7869763794942], [-75.7193345673559, 39.7901506045411], [-75.716969, 39.791998], [-75.7137269172829, 39.7941800958989], [-75.7095005457238, 39.7970246710844], [-75.7061437532126, 39.7992839728393], [-75.7059339012799, 39.7994252144675], [-75.705787295543, 39.7995238880071], [-75.701208, 39.802606], [-75.6945623184092, 39.8062954734888], [-75.685991, 39.811054], [-75.6815568950873, 39.8129861819327], [-75.6807940567878, 39.8133185922858], [-75.673050248141, 39.8166929930842], [-75.667142678086, 39.819267244337], [-75.6646133305438, 39.8203694193461], [-75.664283, 39.818772], [-75.659708, 39.819151], [-75.658114, 39.818085], [-75.659535, 39.815287], [-75.658055, 39.814705], [-75.656273, 39.816024], [-75.65467, 39.81347], [-75.650707, 39.816421], [-75.648293, 39.820083], [-75.646916, 39.819754], [-75.64345, 39.818532], [-75.644796, 39.817223], [-75.646796, 39.8167], [-75.648395, 39.813952], [-75.652194, 39.808603], [-75.657831, 39.801904], [-75.658146, 39.800458], [-75.657483, 39.8002], [-75.654287, 39.801331], [-75.653943, 39.802526], [-75.650071, 39.800198], [-75.648687, 39.797933], [-75.646911, 39.797334], [-75.64596, 39.795536], [-75.645505, 39.79415], [-75.642069, 39.792746], [-75.643259, 39.79156], [-75.64388, 39.788698], [-75.642235, 39.788711], [-75.640148, 39.786122], [-75.64029, 39.783005], [-75.642792, 39.780961], [-75.644205, 39.783168], [-75.645807, 39.783525], [-75.647312, 39.779669], [-75.645001, 39.776705], [-75.652414, 39.772553], [-75.651667, 39.770717], [-75.648041, 39.772157], [-75.647314, 39.769578], [-75.649131, 39.767795], [-75.650027, 39.764632], [-75.646406, 39.764006], [-75.6412, 39.762215], [-75.639898, 39.76219], [-75.640405, 39.761484], [-75.646912, 39.762083], [-75.648045, 39.75952], [-75.655443, 39.76156], [-75.655556, 39.764767], [-75.656242, 39.765629], [-75.657264, 39.766213], [-75.654757, 39.76581], [-75.65438, 39.766199], [-75.657566, 39.768045], [-75.657958, 39.766829], [-75.660806, 39.767327], [-75.663878, 39.769089], [-75.663691, 39.768405], [-75.662951, 39.76474], [-75.662776, 39.763348], [-75.663921, 39.766934], [-75.666893, 39.76952], [-75.670957, 39.767772], [-75.671639, 39.767696], [-75.671703, 39.763492], [-75.670044, 39.763717], [-75.667793, 39.762189], [-75.670821, 39.760629], [-75.677998, 39.753772], [-75.677338, 39.752435], [-75.679329, 39.750506], [-75.679195, 39.756984], [-75.678846, 39.757055], [-75.681522, 39.760477], [-75.683623, 39.759404], [-75.691347, 39.756634], [-75.698084, 39.756099], [-75.697763, 39.75344], [-75.699767, 39.75332], [-75.699486, 39.751462], [-75.702694, 39.750902], [-75.703083, 39.750802], [-75.704558, 39.750565], [-75.707289, 39.750324], [-75.70848, 39.756782], [-75.7057, 39.756946], [-75.70568, 39.758355], [-75.703743, 39.758484], [-75.703908, 39.75971], [-75.70428, 39.762005], [-75.705512, 39.764571], [-75.706664, 39.766482], [-75.717307, 39.76787], [-75.721291, 39.769335], [-75.720667, 39.769887], [-75.721121, 39.775396], [-75.7322719210417, 39.7794967436064], [-75.727049, 39.784126]]]}}, {"type": "Feature", "id": "19809", "properties": {"ZCTA5CE20": "19809", "GEOID20": "19809", "zip": "19809", "STUSPS": "DE"}, "geometry": {"type": "Polygon", "coordinates": [[[-75.53359, 39.728605], [-75.532076, 39.731283], [-75.529764, 39.731832], [-75.526554, 39.73405], [-75.526481, 39.738032], [-75.524503, 39.738854], [-75.52437, 39.738879], [-75.525927, 39.74058], [-75.525426, 39.742874], [-75.526688, 39.744424], [-75.528202, 39.744475], [-75.52625, 39.745657], [-75.518477, 39.749537], [-75.515828, 39.746128], [-75.513287, 39.745078], [-75.511272, 39.747275], [-75.510074, 39.748219], [-75.503364, 39.751283], [-75.504822, 39.75325], [-75.508731, 39.756706], [-75.509964, 39.758369], [-75.511115, 39.760114], [-75.512079, 39.761363], [-75.515453, 39.762185], [-75.515953, 39.763553], [-75.517044, 39.763049], [-75.518071, 39.764847], [-75.517937, 39.76721], [-75.518308, 39.768004], [-75.519459, 39.768446], [-75.517335, 39.771055], [-75.517614, 39.772781], [-75.51704, 39.776472], [-75.516934, 39.777214], [-75.510759, 39.778917], [-75.506377, 39.780922], [-75.506481, 39.779762], [-75.503549, 39.781431], [-75.492678, 39.790289], [-75.490095, 39.792823], [-75.485658, 39.798533], [-75.4842, 39.799957], [-75.484622, 39.796831], [-75.481866, 39.795257], [-75.480665, 39.793387], [-75.47914, 39.793611], [-75.476681, 39.793583], [-75.476183, 39.793293], [-75.475257, 39.792529], [-75.474206, 39.788406], [-75.471665, 39.787109], [-75.471477, 39.785722], [-75.4697455653652, 39.7846615325088], [-75.4719915820485, 39.7813880156216], [-75.4780526822642, 39.7725541035414], [-75.4785004437579, 39.7719015016165], [-75.4811645587775, 39.7680186161638], [-75.4841706278779, 39.7636373406206], [-75.4897514259047, 39.7555034577691], [-75.490243, 39.754787], [-75.496490535766, 39.7432990828824], [-75.509113, 39.720089], [-75.5126823485899, 39.7158314838503], [-75.525823, 39.720577], [-75.53042, 39.723042], [-75.532429, 39.725305], [-75.53359, 39.728605]]]}}, {"type": "Feature", "id": "19902", "properties": {"ZCTA5CE20": "19902", "GEOID20": "19902", "zip": "19902", "STUSPS": "DE"}, "geometry": {"type": "Polygon", "coordinates": [[[-75.494606, 39.136084], [-75.487282, 39.143838], [-75.478802, 39.139176], [-75.473385, 39.135971], [-75.470085, 39.135749], [-75.469425, 39.139337], [-75.466853, 39.138775], [-75.466469, 39.143659], [-75.466173, 39.145482], [-75.465926, 39.148814], [-75.462475, 39.148677], [-75.46211, 39.148664], [-75.459004, 39.148543], [-75.459839, 39.146123], [-75.458885, 39.144197], [-75.459212, 39.138849], [-75.45848, 39.136925], [-75.457217, 39.135592], [-75.456403, 39.135119], [-75.454437, 39.134615], [-75.449355, 39.134821], [-75.450756, 39.133132], [-75.44713, 39.131461], [-75.44615, 39.131949], [-75.445236, 39.130797], [-75.446865, 39.129291], [-75.446077, 39.12838], [-75.445581, 39.126643], [-75.446368, 39.124229], [-75.448996, 39.121854], [-75.444087, 39.119097], [-75.444368, 39.118218], [-75.450307, 39.111841], [-75.452234, 39.1084], [-75.453293, 39.107519], [-75.455043, 39.106369], [-75.455884, 39.107116], [-75.471421, 39.116585], [-75.479757, 39.121398], [-75.487761, 39.125932], [-75.489215, 39.127295], [-75.491856, 39.13122], [-75.493075, 39.133196], [-75.494606, 39.136084]]]}}, {"type": "Feature", "id": "19946", "properties": {"ZCTA5CE20": "19946", "GEOID20": "19946", "zip": "19946", "STUSPS": "DE"}, "geometry": {"type": "Polygon", "coordinates": [[[-75.52892, 39.010188], [-75.525365, 39.012787], [-75.524266, 39.014622], [-75.52111, 39.017329], [-75.519413, 39.017509], [-75.518257, 39.018377], [-75.517178, 39.020899], [-75.515061, 39.022038], [-75.513373, 39.023808], [-75.508547, 39.02477], [-75.508862, 39.025743], [-75.514406, 39.027118], [-75.510467, 39.035064], [-75.510483, 39.036314], [-75.509996, 39.037037], [-75.509085, 39.038666], [-75.507552, 39.040618], [-75.507442, 39.041064], [-75.507617, 39.043525], [-75.506588, 39.043592], [-75.506336, 39.040652], [-75.503561, 39.040287], [-75.493775, 39.038409], [-75.493303, 39.040484], [-75.484129, 39.03926], [-75.484101, 39.03909], [-75.480354, 39.040311], [-75.479615, 39.040883], [-75.478088, 39.042866], [-75.476884, 39.044745], [-75.47687, 39.044806], [-75.468641, 39.048576], [-75.467996, 39.049245], [-75.468574, 39.049667], [-75.461736, 39.051324], [-75.460892, 39.051572], [-75.460394, 39.050952], [-75.459969, 39.0504], [-75.458225, 39.047356], [-75.459183, 39.051256], [-75.461024, 39.05798], [-75.462071, 39.063987], [-75.461577, 39.067387], [-75.458638, 39.080776], [-75.457292, 39.085619], [-75.454811, 39.086008], [-75.452133, 39.085172], [-75.449815, 39.082895], [-75.444015, 39.080835], [-75.441802, 39.080403], [-75.439613, 39.077469], [-75.428593, 39.070994], [-75.426116, 39.070013], [-75.418828, 39.070021], [-75.416827, 39.070348], [-75.412897, 39.070098], [-75.411546, 39.070583], [-75.409824, 39.072371], [-75.408625, 39.072542], [-75.406304, 39.071191], [-75.404526, 39.069356], [-75.404592, 39.066558], [-75.4009969889253, 39.066145692859], [-75.40073776993, 39.0659610681869], [-75.400294, 39.065645], [-75.4001178062302, 39.065392408486], [-75.395806, 39.059211], [-75.3960059264758, 39.0586477251945], [-75.398068, 39.057902], [-75.400787, 39.055133], [-75.400431, 39.053025], [-75.399369, 39.05177], [-75.397566, 39.05105], [-75.393812, 39.051676], [-75.392922, 39.050929], [-75.394301, 39.048802], [-75.394595, 39.045769], [-75.397127, 39.045653], [-75.399021, 39.044483], [-75.400618, 39.044162], [-75.403168, 39.046002], [-75.404118, 39.047612], [-75.40605, 39.047346], [-75.407434, 39.043804], [-75.404402, 39.04216], [-75.402368, 39.041984], [-75.401632, 39.040918], [-75.404046, 39.037923], [-75.406065, 39.036616], [-75.405988, 39.035054], [-75.41005, 39.032686], [-75.410487, 39.027216], [-75.412867, 39.023799], [-75.416267, 39.021348], [-75.418659, 39.020783], [-75.42344, 39.021325], [-75.43118, 39.017968], [-75.435866, 39.01452], [-75.439654, 39.010173], [-75.440583, 39.008173], [-75.435078, 39.004992], [-75.431755, 39.002075], [-75.43056, 38.999437], [-75.43013, 38.996998], [-75.431383, 38.99451], [-75.433517, 38.993499], [-75.433587, 38.990659], [-75.437512, 38.989912], [-75.438137, 38.988776], [-75.44, 38.989599], [-75.443351, 38.988813], [-75.446739, 38.989218], [-75.447596, 38.986659], [-75.450274, 38.982532], [-75.451286, 38.978472], [-75.458395, 38.982406], [-75.462594, 38.980305], [-75.465039, 38.98221], [-75.467638, 38.983041], [-75.468962, 38.984875], [-75.474084, 38.988831], [-75.474731, 38.992077], [-75.474083, 38.993968], [-75.470594, 38.995208], [-75.473338, 38.997564], [-75.480936, 39.001408], [-75.487666, 39.001004], [-75.489307, 39.001482], [-75.485266, 39.003503], [-75.484267, 39.004321], [-75.48494, 39.004122], [-75.486144, 39.004538], [-75.488776, 39.007396], [-75.491649, 39.007481], [-75.494259, 39.010722], [-75.49202, 39.011488], [-75.492123, 39.012372], [-75.497028, 39.013624], [-75.506208, 39.017622], [-75.508778, 39.01331], [-75.512404, 39.012711], [-75.513487, 39.011517], [-75.525191, 39.006952], [-75.528793, 39.010072], [-75.52892, 39.010188]]]}}, {"type": "Feature", "id": "19950", "properties": {"ZCTA5CE20": "19950", "GEOID20": "19950", "zip": "19950", "STUSPS": "DE"}, "geometry": {"type": "Polygon", "coordinates": [[[-75.7242944140281, 38.8509424874773], [-75.722408, 38.851645], [-75.717216, 38.851312], [-75.708716, 38.852511], [-75.705133, 38.850249], [-75.703665, 38.850425], [-75.703048, 38.850037], [-75.700245, 38.850991], [-75.695116, 38.850599], [-75.692238, 38.851347], [-75.690844, 38.849514], [-75.687999, 38.848053], [-75.687227, 38.849569], [-75.687683, 38.852508], [-75.684164, 38.853881], [-75.684044, 38.856792], [-75.683187, 38.858964], [-75.681307, 38.861729], [-75.673683, 38.849494], [-75.668189, 38.852437], [-75.656347, 38.86181], [-75.655055, 38.860639], [-75.650728, 38.858452], [-75.649407, 38.858611], [-75.644395, 38.857587], [-75.641495, 38.859437], [-75.639707, 38.859421], [-75.639805, 38.860904], [-75.638195, 38.860163], [-75.635189, 38.861478], [-75.633464, 38.860985], [-75.632562, 38.862523], [-75.630447, 38.861821], [-75.6273, 38.864768], [-75.624581, 38.861024], [-75.618847, 38.866034], [-75.614599, 38.86217], [-75.615694, 38.860824], [-75.614665, 38.858813], [-75.611173, 38.859746], [-75.605575, 38.860689], [-75.598751, 38.862792], [-75.596215, 38.863928], [-75.600564, 38.872835], [-75.596693, 38.873975], [-75.594114, 38.871526], [-75.589352, 38.873522], [-75.586694, 38.870497], [-75.583825, 38.871114], [-75.583106, 38.869613], [-75.581769, 38.869203], [-75.581555, 38.870026], [-75.580872, 38.87001], [-75.580849, 38.869657], [-75.579662, 38.869672], [-75.579347, 38.871168], [-75.579365, 38.871892], [-75.576075, 38.871464], [-75.576869, 38.86776], [-75.575707, 38.866963], [-75.575998, 38.865411], [-75.5752, 38.865598], [-75.575106, 38.862231], [-75.572794, 38.861775], [-75.570939, 38.859237], [-75.56902, 38.857787], [-75.567475, 38.857469], [-75.569786, 38.854393], [-75.569343, 38.851684], [-75.570354, 38.850591], [-75.570024, 38.847806], [-75.570853, 38.843844], [-75.566889, 38.843341], [-75.566549, 38.840407], [-75.560659, 38.840648], [-75.560282, 38.8375], [-75.555299, 38.835639], [-75.554069, 38.835176], [-75.551493, 38.835852], [-75.54715, 38.833844], [-75.544207, 38.832057], [-75.538351, 38.836209], [-75.531287, 38.834493], [-75.528711, 38.834551], [-75.526642, 38.83534], [-75.523281, 38.839512], [-75.5219, 38.84177], [-75.518868, 38.849679], [-75.522404, 38.855019], [-75.520439, 38.855742], [-75.517764, 38.861012], [-75.516306, 38.864002], [-75.516897, 38.86662], [-75.515806, 38.870021], [-75.522947, 38.877487], [-75.528949, 38.887154], [-75.520546, 38.882849], [-75.515152, 38.893879], [-75.509449, 38.895464], [-75.508483, 38.895718], [-75.505501, 38.895884], [-75.499574, 38.895216], [-75.497957, 38.897714], [-75.495894, 38.897419], [-75.492516, 38.899634], [-75.48846, 38.899871], [-75.488458, 38.897428], [-75.487654, 38.894777], [-75.488046, 38.892712], [-75.490453, 38.889664], [-75.478761, 38.886475], [-75.478464, 38.885493], [-75.481442, 38.881283], [-75.48859, 38.872598], [-75.489456, 38.870609], [-75.477535, 38.872324], [-75.477353, 38.86836], [-75.483406, 38.851427], [-75.479624, 38.847884], [-75.481891, 38.846646], [-75.4836, 38.843819], [-75.483435, 38.84074], [-75.487521, 38.836158], [-75.489627, 38.832123], [-75.48994, 38.831517], [-75.486895, 38.829078], [-75.48805, 38.827942], [-75.486299, 38.824043], [-75.484401, 38.821846], [-75.485375, 38.817973], [-75.484593, 38.814754], [-75.487276, 38.815033], [-75.48944, 38.817285], [-75.493739, 38.819244], [-75.495, 38.822188], [-75.49568, 38.818346], [-75.49598, 38.813152], [-75.497664, 38.809891], [-75.493062, 38.806464], [-75.50044, 38.806315], [-75.501657, 38.804044], [-75.501543, 38.802388], [-75.502887, 38.798209], [-75.502, 38.792929], [-75.502219, 38.79088], [-75.507284, 38.785697], [-75.508429, 38.783928], [-75.510967, 38.778436], [-75.511523, 38.776492], [-75.513042, 38.771147], [-75.514854, 38.769082], [-75.516091, 38.768496], [-75.519107, 38.767453], [-75.52136, 38.767184], [-75.52477, 38.767411], [-75.527338, 38.767994], [-75.532784, 38.766248], [-75.536608, 38.765947], [-75.540917, 38.764454], [-75.545078, 38.764416], [-75.54632, 38.763971], [-75.548853, 38.761417], [-75.548664, 38.760346], [-75.550734, 38.75839], [-75.551092, 38.754507], [-75.552542, 38.751897], [-75.554215, 38.752827], [-75.555795, 38.753204], [-75.5626, 38.753242], [-75.565724, 38.752418], [-75.566639, 38.752543], [-75.58379, 38.759964], [-75.579899, 38.763632], [-75.582014, 38.769434], [-75.580953, 38.776181], [-75.587128, 38.776856], [-75.587877, 38.779433], [-75.586474, 38.782653], [-75.587093, 38.785152], [-75.587169, 38.789337], [-75.588324, 38.791585], [-75.590285, 38.791792], [-75.59064, 38.790396], [-75.590812, 38.789005], [-75.593584, 38.789035], [-75.59407, 38.786694], [-75.59355, 38.785244], [-75.594679, 38.783205], [-75.594409, 38.781861], [-75.595541, 38.780233], [-75.59691, 38.781244], [-75.598275, 38.780753], [-75.600206, 38.771546], [-75.602672, 38.770305], [-75.604687, 38.771793], [-75.606862, 38.771512], [-75.610773, 38.77402], [-75.610682, 38.775059], [-75.612304, 38.776349], [-75.617996, 38.777308], [-75.624033, 38.779667], [-75.626729, 38.782486], [-75.626432, 38.785211], [-75.624447, 38.787324], [-75.625003, 38.789351], [-75.627636, 38.788985], [-75.630352, 38.789448], [-75.63331, 38.79121], [-75.63826, 38.788748], [-75.649233, 38.78408], [-75.651839, 38.78448], [-75.655124, 38.784475], [-75.656808, 38.783728], [-75.658753, 38.78363], [-75.661315, 38.782867], [-75.664416, 38.784219], [-75.666753, 38.784566], [-75.668901, 38.785527], [-75.671933, 38.785165], [-75.673771, 38.78611], [-75.678768, 38.790368], [-75.679283, 38.791263], [-75.682424, 38.788148], [-75.682794, 38.787281], [-75.685657, 38.781863], [-75.685142, 38.780646], [-75.687993, 38.781762], [-75.692125, 38.782535], [-75.695956, 38.781974], [-75.698504, 38.780612], [-75.701199, 38.782534], [-75.703592, 38.782149], [-75.703767, 38.781259], [-75.706715, 38.77966], [-75.706988, 38.778193], [-75.708503, 38.775479], [-75.708187, 38.774496], [-75.709323, 38.772733], [-75.711561, 38.771458], [-75.713511, 38.768766], [-75.715721, 38.76821], [-75.7175997769968, 38.7657380462784], [-75.7204375941124, 38.8018433835316], [-75.7204403501056, 38.80187844783], [-75.7218945098151, 38.8203796142512], [-75.722028, 38.822078], [-75.7225990918529, 38.8298593718107], [-75.72261, 38.830008], [-75.722882, 38.833156], [-75.724002, 38.846682], [-75.7240040703519, 38.8467205646906], [-75.724061, 38.847781], [-75.7242944140281, 38.8509424874773]]]}}, {"type": "Feature", "id": "19951", "properties": {"ZCTA5CE20": "19951", "GEOID20": "19951", "zip": "19951", "STUSPS": "DE"}, "geometry": {"type": "Polygon", "coordinates": [[[-75.308657, 38.701606], [-75.30326, 38.702874], [-75.302487, 38.700238], [-75.296216, 38.700315], [-75.295395, 38.706738], [-75.293151, 38.707927], [-75.294327, 38.709468], [-75.293261, 38.711391], [-75.292194, 38.714851], [-75.293063, 38.716472], [-75.29167, 38.718514], [-75.291778, 38.721718], [-75.288924, 38.72263], [-75.287348, 38.724509], [-75.285646, 38.724854], [-75.285978, 38.725769], [-75.284463, 38.725854], [-75.283591, 38.730001], [-75.28021, 38.731654], [-75.276402, 38.731933], [-75.273399, 38.73336], [-75.269797, 38.736667], [-75.270613, 38.734506], [-75.27197, 38.733325], [-75.270558, 38.731584], [-75.270907, 38.729432], [-75.267432, 38.729733], [-75.266574, 38.728642], [-75.266018, 38.726771], [-75.269583, 38.725624], [-75.279124, 38.722559], [-75.276809, 38.716171], [-75.27946, 38.715173], [-75.27839, 38.713014], [-75.27588, 38.709375], [-75.266354, 38.710125], [-75.263717, 38.700277], [-75.258682, 38.697587], [-75.257224, 38.698404], [-75.252845, 38.697438], [-75.243753, 38.682768], [-75.238552, 38.681415], [-75.23731, 38.679622], [-75.239459, 38.675829], [-75.236452, 38.674536], [-75.235001, 38.673636], [-75.227665, 38.675539], [-75.221716, 38.675408], [-75.221677, 38.677934], [-75.217722, 38.685475], [-75.213454, 38.68463], [-75.210369, 38.681856], [-75.207116, 38.677775], [-75.205322, 38.677259], [-75.199742, 38.671805], [-75.198866, 38.671618], [-75.196764, 38.671442], [-75.194381, 38.670322], [-75.187451, 38.670564], [-75.185959, 38.671637], [-75.183955, 38.67052], [-75.182871, 38.668908], [-75.182339, 38.667556], [-75.182297, 38.667013], [-75.181999, 38.665557], [-75.177976, 38.663669], [-75.176279, 38.663651], [-75.173311, 38.661578], [-75.173131, 38.660436], [-75.166798, 38.657136], [-75.173175, 38.654752], [-75.174814, 38.654545], [-75.176823, 38.65491], [-75.184509, 38.65876], [-75.188901, 38.658923], [-75.18708, 38.659439], [-75.183723, 38.659428], [-75.18244, 38.662196], [-75.186322, 38.663883], [-75.185166, 38.665626], [-75.189056, 38.667261], [-75.189438, 38.66576], [-75.189343, 38.659033], [-75.193056, 38.660966], [-75.194317, 38.661559], [-75.196027, 38.661966], [-75.202067, 38.664377], [-75.206174, 38.664959], [-75.211415, 38.664853], [-75.215731, 38.663682], [-75.218421, 38.663956], [-75.220222, 38.663038], [-75.222241, 38.662773], [-75.224987, 38.66374], [-75.227433, 38.66558], [-75.229472, 38.66543], [-75.231806, 38.666605], [-75.23519, 38.666357], [-75.236922, 38.667142], [-75.239227, 38.666498], [-75.242632, 38.667024], [-75.248454, 38.65952], [-75.247055, 38.65944], [-75.247293, 38.656534], [-75.253231, 38.657115], [-75.253519, 38.656463], [-75.257662, 38.674455], [-75.25704, 38.673699], [-75.250143, 38.674968], [-75.249719, 38.677839], [-75.25574, 38.676486], [-75.258324, 38.6772], [-75.260609, 38.680317], [-75.26962, 38.684618], [-75.275, 38.692763], [-75.284886, 38.691361], [-75.293747, 38.687192], [-75.295362, 38.68908], [-75.302877, 38.694931], [-75.302998, 38.697568], [-75.307557, 38.697007], [-75.308378, 38.699671], [-75.310457, 38.699439], [-75.308657, 38.701606]]]}}, {"type": "Feature", "id": "19954", "properties": {"ZCTA5CE20": "19954", "GEOID20": "19954", "zip": "19954", "STUSPS": "DE"}, "geometry": {"type": "MultiPolygon", "coordinates": [[[[-75.536297, 38.851336], [-75.535249, 38.85406], [-75.53319, 38.856719], [-75.531777, 38.857306], [-75.530298, 38.860858], [-75.531293, 38.861398], [-75.535741, 38.869621], [-75.5362, 38.871747], [-75.535188, 38.879387], [-75.532046, 38.882367], [-75.528949, 38.887154], [-75.522947, 38.877487], [-75.515806, 38.870021], [-75.516897, 38.86662], [-75.516306, 38.864002], [-75.517764, 38.861012], [-75.520439, 38.855742], [-75.522404, 38.855019], [-75.53622, 38.849939], [-75.536297, 38.851336]]], [[[-75.56669, 38.893888], [-75.565154, 38.896577], [-75.562775, 38.898976], [-75.558792, 38.900527], [-75.558256, 38.899776], [-75.555049, 38.901685], [-75.55651, 38.905418], [-75.558903, 38.906776], [-75.556742, 38.906593], [-75.554653, 38.906768], [-75.554085, 38.91516], [-75.551897, 38.915395], [-75.548614, 38.915516], [-75.54933, 38.913577], [-75.552199, 38.911885], [-75.553036, 38.909364], [-75.550449, 38.908282], [-75.551279, 38.905255], [-75.54862, 38.902332], [-75.543987, 38.904925], [-75.543961, 38.907148], [-75.542802, 38.914544], [-75.543619, 38.915651], [-75.518737, 38.91672], [-75.519719, 38.917904], [-75.522868, 38.920229], [-75.523065, 38.92096], [-75.517037, 38.927669], [-75.510948, 38.927597], [-75.505569, 38.927506], [-75.505327, 38.924511], [-75.501985, 38.924659], [-75.501811, 38.921814], [-75.500495, 38.921128], [-75.496994, 38.921268], [-75.496901, 38.919978], [-75.492556, 38.92015], [-75.474572, 38.920883], [-75.47432, 38.918554], [-75.479661, 38.918403], [-75.476708, 38.916713], [-75.474031, 38.91597], [-75.47386, 38.915315], [-75.471848, 38.910675], [-75.47924, 38.906604], [-75.485, 38.904887], [-75.484819, 38.903753], [-75.485657, 38.903617], [-75.488156, 38.898983], [-75.488458, 38.897428], [-75.48846, 38.899871], [-75.492516, 38.899634], [-75.495894, 38.897419], [-75.497957, 38.897714], [-75.499574, 38.895216], [-75.505501, 38.895884], [-75.508483, 38.895718], [-75.509449, 38.895464], [-75.515152, 38.893879], [-75.520546, 38.882849], [-75.528949, 38.887154], [-75.529462, 38.888246], [-75.534384, 38.887509], [-75.543866, 38.88766], [-75.552591, 38.886504], [-75.554683, 38.886862], [-75.558577, 38.888128], [-75.566225, 38.887969], [-75.564681, 38.890338], [-75.565401, 38.893705], [-75.56669, 38.893888]]]]}}, {"type": "Feature", "id": "19955", "properties": {"ZCTA5CE20": "19955", "GEOID20": "19955", "zip": "19955", "STUSPS": "DE"}, "geometry": {"type": "Polygon", "coordinates": [[[-75.667945, 39.228525], [-75.667694, 39.229683], [-75.666119, 39.230007], [-75.664178, 39.228745], [-75.664764, 39.228133], [-75.665806, 39.228722], [-75.666933, 39.227211], [-75.665715, 39.226453], [-75.663797, 39.227565], [-75.659695, 39.225255], [-75.661301, 39.223919], [-75.662692, 39.224864], [-75.665652, 39.225246], [-75.667434, 39.224055], [-75.669753, 39.225946], [-75.667945, 39.228525]]]}}, {"type": "Feature", "id": "19958", "properties": {"ZCTA5CE20": "19958", "GEOID20": "19958", "zip": "19958", "STUSPS": "DE"}, "geometry": {"type": "Polygon", "coordinates": [[[-75.25792, 38.740392], [-75.240726, 38.741893], [-75.23682, 38.749768], [-75.244633, 38.755233], [-75.245405, 38.756633], [-75.24436, 38.75678], [-75.234359, 38.752016], [-75.232903, 38.752597], [-75.231663, 38.754146], [-75.226763, 38.752218], [-75.225703, 38.753652], [-75.221886, 38.751866], [-75.217534, 38.755051], [-75.217212, 38.755903], [-75.21957, 38.757226], [-75.221415, 38.757462], [-75.224146, 38.759455], [-75.217606, 38.757034], [-75.214469, 38.757414], [-75.213144, 38.758035], [-75.215249, 38.759606], [-75.213328, 38.759117], [-75.208594, 38.760037], [-75.206376, 38.762136], [-75.207787, 38.763073], [-75.207637, 38.763245], [-75.216851, 38.769356], [-75.192659, 38.798333], [-75.194897, 38.79998], [-75.193048, 38.801252], [-75.193396, 38.802218], [-75.195846, 38.802631], [-75.195754, 38.803441], [-75.194015, 38.804793], [-75.192644, 38.805149], [-75.192035, 38.806014], [-75.184194, 38.801162], [-75.181534, 38.798634], [-75.176306, 38.79738], [-75.171718, 38.795123], [-75.169576, 38.793615], [-75.16171, 38.790255], [-75.160894, 38.791032], [-75.1593914590396, 38.7904136907705], [-75.15911293172, 38.7902473166879], [-75.159022, 38.790193], [-75.157174226289, 38.7896053340489], [-75.1359278093826, 38.782848123616], [-75.134022, 38.782242], [-75.1207416281938, 38.7827272332456], [-75.113331, 38.782998], [-75.103087190465, 38.7865992406579], [-75.097103, 38.788703], [-75.093654, 38.793992], [-75.093295, 38.797618], [-75.099144, 38.803531], [-75.09748, 38.805939], [-75.092014, 38.803902], [-75.089473, 38.797198], [-75.082153, 38.772157], [-75.080217, 38.750112], [-75.079221, 38.738238], [-75.0792136286666, 38.7381964912907], [-75.080478, 38.737854], [-75.082745, 38.737301], [-75.085417, 38.739366], [-75.087747, 38.738203], [-75.087919, 38.738112], [-75.089448, 38.740588], [-75.089881, 38.74105], [-75.090083, 38.741768], [-75.090512, 38.741647], [-75.091619, 38.743155], [-75.093071, 38.744539], [-75.097575, 38.747736], [-75.108836, 38.756866], [-75.111787, 38.759111], [-75.112893, 38.756398], [-75.11447, 38.754679], [-75.117088, 38.755139], [-75.118923, 38.753092], [-75.123982, 38.749097], [-75.125656, 38.746952], [-75.126533, 38.743881], [-75.135524, 38.745894], [-75.138911, 38.743605], [-75.140254, 38.741861], [-75.143391, 38.740068], [-75.143283, 38.737947], [-75.145188, 38.73705], [-75.141865, 38.73477], [-75.140975, 38.732829], [-75.143468, 38.731349], [-75.145754, 38.73316], [-75.14792, 38.731764], [-75.151168, 38.734733], [-75.154004, 38.732938], [-75.153836, 38.732853], [-75.154596, 38.731566], [-75.155014, 38.729608], [-75.161041, 38.724918], [-75.148987, 38.717302], [-75.147248, 38.713724], [-75.147685, 38.712682], [-75.147133, 38.702721], [-75.14261, 38.69639], [-75.139804, 38.695849], [-75.138135, 38.694541], [-75.136534, 38.692139], [-75.134959, 38.691661], [-75.13652, 38.691094], [-75.135803, 38.690357], [-75.136387, 38.690328], [-75.132769, 38.687842], [-75.127956, 38.686655], [-75.126748, 38.683133], [-75.124778, 38.680439], [-75.12124, 38.675842], [-75.116886, 38.672162], [-75.113988, 38.670433], [-75.109951, 38.66749], [-75.102385, 38.663159], [-75.102701, 38.652255], [-75.102462, 38.646225], [-75.102708, 38.644499], [-75.110027, 38.644082], [-75.124627, 38.640472], [-75.126252, 38.640489], [-75.129392, 38.640972], [-75.133268, 38.642425], [-75.141067, 38.643644], [-75.144067, 38.645649], [-75.14572, 38.647386], [-75.147073, 38.650237], [-75.148875, 38.651064], [-75.149955, 38.652977], [-75.154965, 38.654562], [-75.156605, 38.655693], [-75.164882, 38.657078], [-75.166798, 38.657136], [-75.173131, 38.660436], [-75.173311, 38.661578], [-75.176279, 38.663651], [-75.177976, 38.663669], [-75.181999, 38.665557], [-75.182297, 38.667013], [-75.182339, 38.667556], [-75.182871, 38.668908], [-75.183955, 38.67052], [-75.185959, 38.671637], [-75.187451, 38.670564], [-75.194381, 38.670322], [-75.196764, 38.671442], [-75.198866, 38.671618], [-75.199742, 38.671805], [-75.205322, 38.677259], [-75.207116, 38.677775], [-75.210369, 38.681856], [-75.213454, 38.68463], [-75.217722, 38.685475], [-75.218411, 38.688848], [-75.219934, 38.692163], [-75.215997, 38.691797], [-75.217568, 38.693158], [-75.221283, 38.694672], [-75.226253, 38.694844], [-75.227772, 38.693644], [-75.234325, 38.69363], [-75.234259, 38.695541], [-75.232391, 38.695399], [-75.231534, 38.699294], [-75.234364, 38.699493], [-75.233883, 38.700834], [-75.232489, 38.701256], [-75.232315, 38.705902], [-75.232891, 38.707691], [-75.2388, 38.70811], [-75.241154, 38.706904], [-75.241529, 38.708413], [-75.245533, 38.712046], [-75.248973, 38.716937], [-75.245927, 38.719414], [-75.241783, 38.720312], [-75.23777, 38.717506], [-75.234164, 38.716425], [-75.232321, 38.715767], [-75.229832, 38.716828], [-75.225636, 38.716811], [-75.225396, 38.718322], [-75.233387, 38.720866], [-75.241118, 38.723328], [-75.23938, 38.730818], [-75.236019, 38.731923], [-75.237224, 38.732], [-75.238263, 38.734249], [-75.238636, 38.734185], [-75.248509, 38.732241], [-75.24483, 38.73343], [-75.244466, 38.734682], [-75.241456, 38.737479], [-75.25792, 38.740392]]]}}, {"type": "Feature", "id": "19962", "properties": {"ZCTA5CE20": "19962", "GEOID20": "19962", "zip": "19962", "STUSPS": "DE"}, "geometry": {"type": "Polygon", "coordinates": [[[-75.548397, 39.06556], [-75.548439, 39.070761], [-75.542819, 39.070521], [-75.541138, 39.071454], [-75.539892, 39.070228], [-75.539123, 39.070683], [-75.537943, 39.070956], [-75.538171, 39.071557], [-75.537071, 39.072265], [-75.537574, 39.073808], [-75.535704, 39.075025], [-75.530034, 39.078678], [-75.525206, 39.080435], [-75.524328, 39.081453], [-75.523716, 39.082895], [-75.522407, 39.085845], [-75.520039, 39.088801], [-75.518753, 39.091405], [-75.517419, 39.094846], [-75.506386, 39.089429], [-75.502591, 39.08605], [-75.505881, 39.083041], [-75.504437, 39.080939], [-75.501822, 39.079338], [-75.498442, 39.082196], [-75.49296, 39.083965], [-75.48856, 39.08368], [-75.490098, 39.085128], [-75.492222, 39.086572], [-75.490253, 39.092761], [-75.488071, 39.092772], [-75.486733, 39.092969], [-75.486521, 39.096483], [-75.48889, 39.096839], [-75.492206, 39.095187], [-75.494598, 39.09523], [-75.496757, 39.095719], [-75.497308, 39.097575], [-75.499512, 39.099143], [-75.498191, 39.10255], [-75.498498, 39.104877], [-75.50151, 39.109184], [-75.497791, 39.110687], [-75.500524, 39.111746], [-75.499534, 39.113284], [-75.501382, 39.116034], [-75.500625, 39.116096], [-75.498578, 39.114997], [-75.498661, 39.112098], [-75.496425, 39.111432], [-75.492913, 39.111744], [-75.490812, 39.109717], [-75.489263, 39.11139], [-75.486616, 39.111401], [-75.484889, 39.109112], [-75.483269, 39.108503], [-75.482833, 39.108508], [-75.480645, 39.108094], [-75.477999, 39.106564], [-75.475371, 39.105945], [-75.470707, 39.101278], [-75.468304, 39.100119], [-75.467577, 39.098546], [-75.464778, 39.096485], [-75.461966, 39.091005], [-75.464351, 39.089496], [-75.465685, 39.087467], [-75.465346, 39.086187], [-75.461894, 39.084982], [-75.461072, 39.084985], [-75.457292, 39.085619], [-75.458638, 39.080776], [-75.461577, 39.067387], [-75.462071, 39.063987], [-75.461024, 39.05798], [-75.459183, 39.051256], [-75.458225, 39.047356], [-75.459969, 39.0504], [-75.460394, 39.050952], [-75.460892, 39.051572], [-75.461736, 39.051324], [-75.468574, 39.049667], [-75.467996, 39.049245], [-75.468641, 39.048576], [-75.47687, 39.044806], [-75.476884, 39.044745], [-75.478088, 39.042866], [-75.479615, 39.040883], [-75.480354, 39.040311], [-75.484101, 39.03909], [-75.484129, 39.03926], [-75.493303, 39.040484], [-75.493775, 39.038409], [-75.503561, 39.040287], [-75.506336, 39.040652], [-75.506588, 39.043592], [-75.507617, 39.043525], [-75.507944, 39.045644], [-75.512364, 39.045529], [-75.513496, 39.043862], [-75.519745, 39.043479], [-75.52586, 39.045281], [-75.526098, 39.046803], [-75.527833, 39.049615], [-75.529433, 39.048993], [-75.531084, 39.04834], [-75.533312, 39.052987], [-75.533834, 39.050845], [-75.536874, 39.050514], [-75.537043, 39.048296], [-75.537777, 39.049628], [-75.540536, 39.04864], [-75.541808, 39.050895], [-75.543489, 39.050187], [-75.54404, 39.056841], [-75.547825, 39.060344], [-75.547807, 39.060594], [-75.548866, 39.06073], [-75.548397, 39.06556]]]}}, {"type": "Feature", "id": "19971", "properties": {"ZCTA5CE20": "19971", "GEOID20": "19971", "zip": "19971", "STUSPS": "DE"}, "geometry": {"type": "Polygon", "coordinates": [[[-75.155014, 38.729608], [-75.154596, 38.731566], [-75.153836, 38.732853], [-75.154004, 38.732938], [-75.151168, 38.734733], [-75.14792, 38.731764], [-75.145754, 38.73316], [-75.143468, 38.731349], [-75.140975, 38.732829], [-75.141865, 38.73477], [-75.145188, 38.73705], [-75.143283, 38.737947], [-75.143391, 38.740068], [-75.140254, 38.741861], [-75.138911, 38.743605], [-75.135524, 38.745894], [-75.126533, 38.743881], [-75.125656, 38.746952], [-75.123982, 38.749097], [-75.118923, 38.753092], [-75.117088, 38.755139], [-75.11447, 38.754679], [-75.112893, 38.756398], [-75.111787, 38.759111], [-75.108836, 38.756866], [-75.097575, 38.747736], [-75.093071, 38.744539], [-75.091619, 38.743155], [-75.090512, 38.741647], [-75.090083, 38.741768], [-75.089881, 38.74105], [-75.089448, 38.740588], [-75.087919, 38.738112], [-75.087747, 38.738203], [-75.085417, 38.739366], [-75.082745, 38.737301], [-75.080478, 38.737854], [-75.0792136286666, 38.7381964912907], [-75.078872711932, 38.7362767553679], [-75.0782324651114, 38.7326714620617], [-75.0781116325687, 38.7319910420368], [-75.0777167462944, 38.7297673982858], [-75.0771160572487, 38.7263848587308], [-75.0764512077668, 38.7226410253997], [-75.0753980054082, 38.7167103385283], [-75.0749827428339, 38.7143719538125], [-75.0736826951588, 38.7070512564962], [-75.0731710800086, 38.7041703008756], [-75.0719980386965, 38.6975647889782], [-75.0703588382139, 38.6883342885873], [-75.06551, 38.66103], [-75.065217, 38.632394], [-75.06192, 38.608869], [-75.061259, 38.608602], [-75.0610007060148, 38.608406873942], [-75.103195, 38.606862], [-75.102665, 38.609861], [-75.101028, 38.612695], [-75.099405, 38.614499], [-75.094043, 38.618396], [-75.088555, 38.621765], [-75.085294, 38.625112], [-75.085208, 38.628429], [-75.088535, 38.637516], [-75.090541, 38.641539], [-75.09351, 38.644281], [-75.095294, 38.644753], [-75.102708, 38.644499], [-75.102462, 38.646225], [-75.102701, 38.652255], [-75.102385, 38.663159], [-75.109951, 38.66749], [-75.113988, 38.670433], [-75.116886, 38.672162], [-75.12124, 38.675842], [-75.124778, 38.680439], [-75.126748, 38.683133], [-75.127956, 38.686655], [-75.132769, 38.687842], [-75.136387, 38.690328], [-75.135803, 38.690357], [-75.13652, 38.691094], [-75.134959, 38.691661], [-75.136534, 38.692139], [-75.138135, 38.694541], [-75.139804, 38.695849], [-75.14261, 38.69639], [-75.147133, 38.702721], [-75.147685, 38.712682], [-75.147248, 38.713724], [-75.148987, 38.717302], [-75.161041, 38.724918], [-75.155014, 38.729608]]]}}, {"type": "Feature", "id": "19930", "properties": {"ZCTA5CE20": "19930", "GEOID20": "19930", "zip": "19930", "STUSPS": "DE"}, "geometry": {"type": "Polygon", "coordinates": [[[-75.103195, 38.606862], [-75.0610007060148, 38.608406873942], [-75.060478, 38.608012], [-75.0600407305032, 38.6077149312611], [-75.060032, 38.607709], [-75.0599547543382, 38.6067977205199], [-75.0594010598469, 38.6002656976606], [-75.056248737495, 38.5630772444934], [-75.0559841896789, 38.5599563314101], [-75.0555780751535, 38.5551653331172], [-75.0548617836202, 38.5467151268347], [-75.0547831439634, 38.5457874021713], [-75.0541713282225, 38.5385697135952], [-75.0536281853726, 38.5321621701452], [-75.053586558094, 38.5316710864526], [-75.0530517411971, 38.5253617656086], [-75.0526975777814, 38.5211836429014], [-75.052611728966, 38.5201708706361], [-75.0525736309254, 38.5197214219314], [-75.0516234760595, 38.5085122923477], [-75.054756, 38.509222], [-75.054659, 38.507051], [-75.054961, 38.501946], [-75.056984, 38.50218], [-75.057319, 38.502089], [-75.058044, 38.500686], [-75.056194, 38.497837], [-75.056601, 38.496721], [-75.05952, 38.49625], [-75.059783, 38.49637], [-75.061173, 38.495757], [-75.062429, 38.502089], [-75.064356, 38.506358], [-75.064516, 38.507974], [-75.064068, 38.508499], [-75.06415, 38.510012], [-75.064231, 38.510201], [-75.063653, 38.512858], [-75.064337, 38.514503], [-75.066196, 38.517618], [-75.066636, 38.518504], [-75.068695, 38.521814], [-75.06913, 38.522588], [-75.074447, 38.531758], [-75.075251, 38.533121], [-75.080242, 38.541761], [-75.080713, 38.542599], [-75.081721, 38.544296], [-75.081736, 38.544409], [-75.083024, 38.546443], [-75.086461, 38.552286], [-75.086396, 38.55238], [-75.084086, 38.55585], [-75.082994, 38.55933], [-75.080775, 38.558881], [-75.08024, 38.560541], [-75.075401, 38.559219], [-75.073203, 38.561713], [-75.073103, 38.563858], [-75.072272, 38.563465], [-75.064772, 38.575387], [-75.063201, 38.578219], [-75.062466, 38.581579], [-75.062904, 38.586068], [-75.063773, 38.587206], [-75.063179, 38.589733], [-75.063716, 38.589014], [-75.068402, 38.589191], [-75.070413, 38.586793], [-75.072742, 38.587317], [-75.07452, 38.586291], [-75.0755, 38.588643], [-75.077579, 38.587388], [-75.077476, 38.585262], [-75.078745, 38.582729], [-75.081131, 38.583414], [-75.083396, 38.583452], [-75.085236, 38.583174], [-75.087924, 38.582585], [-75.089665, 38.582139], [-75.094878, 38.580425], [-75.09428, 38.582435], [-75.094906, 38.586814], [-75.097019, 38.590695], [-75.098194, 38.592205], [-75.101143, 38.597668], [-75.102693, 38.601637], [-75.103195, 38.606862]]]}}, {"type": "Feature", "id": "19938", "properties": {"ZCTA5CE20": "19938", "GEOID20": "19938", "zip": "19938", "STUSPS": "DE"}, "geometry": {"type": "Polygon", "coordinates": [[[-75.7604684365328, 39.3012769442242], [-75.751031, 39.300808], [-75.750249, 39.300614], [-75.749875, 39.300976], [-75.747984, 39.304756], [-75.741409, 39.304671], [-75.737046, 39.305824], [-75.73542, 39.316394], [-75.726495, 39.316357], [-75.713565, 39.318849], [-75.711437, 39.317194], [-75.708836, 39.311584], [-75.707075, 39.311921], [-75.70462, 39.314275], [-75.70131, 39.316359], [-75.69824, 39.319431], [-75.691334, 39.321597], [-75.685877, 39.322015], [-75.68518, 39.324214], [-75.68444, 39.32652], [-75.679783, 39.3272], [-75.676232, 39.309004], [-75.673401, 39.308347], [-75.666133, 39.309374], [-75.662971, 39.308379], [-75.647577, 39.308772], [-75.646435, 39.308883], [-75.64683, 39.310121], [-75.644592, 39.310685], [-75.638983, 39.301466], [-75.634711, 39.301652], [-75.634285, 39.301707], [-75.633919, 39.301591], [-75.632663, 39.301251], [-75.63117, 39.300403], [-75.630064, 39.299694], [-75.63087, 39.299092], [-75.62883, 39.297143], [-75.631032, 39.294848], [-75.629947, 39.293769], [-75.628546, 39.292657], [-75.624758, 39.293663], [-75.625196, 39.29296], [-75.627121, 39.29204], [-75.626586, 39.291331], [-75.627145, 39.291], [-75.628783, 39.287317], [-75.629894, 39.289169], [-75.63129, 39.288653], [-75.629438, 39.285511], [-75.629626, 39.285251], [-75.629901, 39.28487], [-75.630721, 39.283737], [-75.629159, 39.28308], [-75.628029, 39.282607], [-75.624143, 39.276172], [-75.625039, 39.274644], [-75.625571, 39.270254], [-75.626462, 39.268562], [-75.627207, 39.268228], [-75.630457, 39.267568], [-75.633467, 39.268147], [-75.632738, 39.266012], [-75.635509, 39.264257], [-75.638245, 39.266103], [-75.640454, 39.264405], [-75.649786, 39.272225], [-75.643901, 39.276018], [-75.635988, 39.27072], [-75.634504, 39.271894], [-75.634641, 39.277874], [-75.634037, 39.279087], [-75.637628, 39.278662], [-75.635996, 39.281312], [-75.638787, 39.280362], [-75.643511, 39.279992], [-75.646573, 39.277219], [-75.65043, 39.276216], [-75.649899, 39.274821], [-75.654132, 39.271967], [-75.653691, 39.269467], [-75.654517, 39.26889], [-75.655325, 39.268322], [-75.654078, 39.266605], [-75.662389, 39.259759], [-75.661098, 39.253411], [-75.663041, 39.252802], [-75.665118, 39.253253], [-75.667604, 39.254621], [-75.670247, 39.254462], [-75.672414, 39.253644], [-75.672455, 39.252369], [-75.664635, 39.248233], [-75.662331, 39.24671], [-75.661092, 39.244937], [-75.654758, 39.238963], [-75.649775, 39.238294], [-75.645341, 39.231261], [-75.646177, 39.231212], [-75.64783, 39.229389], [-75.650324, 39.228994], [-75.651821, 39.228066], [-75.65534, 39.224909], [-75.658288, 39.224463], [-75.656524, 39.22375], [-75.629671, 39.215867], [-75.631657, 39.212884], [-75.636691, 39.207862], [-75.646637, 39.205324], [-75.649162, 39.203015], [-75.648633, 39.202272], [-75.649751, 39.199773], [-75.666196, 39.194643], [-75.666625, 39.191924], [-75.673175, 39.192517], [-75.672997, 39.187761], [-75.669036, 39.185028], [-75.667862, 39.185308], [-75.66838, 39.184024], [-75.683118, 39.190125], [-75.685128, 39.19257], [-75.695341, 39.197822], [-75.70042, 39.192491], [-75.701798, 39.193001], [-75.705335, 39.19256], [-75.709589, 39.191293], [-75.710757, 39.192115], [-75.710879, 39.193775], [-75.717378, 39.194423], [-75.718145, 39.198232], [-75.719924, 39.19963], [-75.724271, 39.196679], [-75.726362, 39.198979], [-75.729653, 39.201011], [-75.729216, 39.202543], [-75.729676, 39.204444], [-75.730729, 39.204855], [-75.735878, 39.203559], [-75.74, 39.201345], [-75.746228, 39.200309], [-75.752593183003, 39.199434938086], [-75.754888950595, 39.2312242105134], [-75.755953, 39.245958], [-75.7559620947571, 39.2460694205364], [-75.7569417784571, 39.2580715974161], [-75.7584730885686, 39.2768317899318], [-75.7601043523729, 39.2968165224723], [-75.7601316135501, 39.2971505011536], [-75.7604684365328, 39.3012769442242]], [[-75.669753, 39.225946], [-75.667434, 39.224055], [-75.665652, 39.225246], [-75.662692, 39.224864], [-75.661301, 39.223919], [-75.659695, 39.225255], [-75.663797, 39.227565], [-75.665715, 39.226453], [-75.666933, 39.227211], [-75.665806, 39.228722], [-75.664764, 39.228133], [-75.664178, 39.228745], [-75.666119, 39.230007], [-75.667694, 39.229683], [-75.667945, 39.228525], [-75.669753, 39.225946]], [[-75.633134, 39.278882], [-75.631314, 39.281449], [-75.632121, 39.281777], [-75.633928, 39.279245], [-75.633134, 39.278882]], [[-75.631189, 39.281646], [-75.630004, 39.283285], [-75.630793, 39.283635], [-75.631968, 39.281988], [-75.631189, 39.281646]]]}}, {"type": "Feature", "id": "08051", "properties": {"ZCTA5CE20": "08051", "GEOID20": "08051", "zip": "08051", "STUSPS": "DE"}, "geometry": {"type": "Polygon", "coordinates": [[[-75.197789, 39.785685], [-75.197174, 39.786897], [-75.197683, 39.788158], [-75.198354, 39.788229], [-75.193835, 39.792767], [-75.192525, 39.7916], [-75.189947, 39.794081], [-75.187822, 39.796904], [-75.188191, 39.798434], [-75.187764, 39.79949], [-75.192777, 39.801277], [-75.192407, 39.801804], [-75.18536, 39.805356], [-75.177366, 39.809153], [-75.173796, 39.805653], [-75.16879, 39.803097], [-75.169374, 39.801637], [-75.170129, 39.799778], [-75.171726, 39.795816], [-75.169429, 39.797858], [-75.170078, 39.799761], [-75.168225, 39.799426], [-75.168174, 39.798844], [-75.165919, 39.80066], [-75.165538, 39.80057], [-75.166471, 39.799258], [-75.168112, 39.793809], [-75.164583, 39.794432], [-75.163417, 39.794289], [-75.163479, 39.794238], [-75.161532, 39.791956], [-75.160302, 39.791744], [-75.160273, 39.790925], [-75.159935, 39.789537], [-75.162659, 39.787757], [-75.162491, 39.785822], [-75.163455, 39.782909], [-75.161344, 39.782218], [-75.159383, 39.778026], [-75.157073, 39.776795], [-75.157322, 39.774403], [-75.157817, 39.774425], [-75.162042, 39.774554], [-75.167929, 39.775834], [-75.16878, 39.776044], [-75.168668, 39.779572], [-75.169158, 39.782189], [-75.172425, 39.782053], [-75.176055, 39.779611], [-75.177773, 39.780776], [-75.178848, 39.779263], [-75.171565, 39.772653], [-75.165866, 39.767453], [-75.163988, 39.765095], [-75.172179, 39.764277], [-75.179984, 39.766968], [-75.179448, 39.767786], [-75.181031, 39.768255], [-75.182733, 39.769243], [-75.188242, 39.768676], [-75.190335, 39.76906], [-75.19298, 39.772159], [-75.194784, 39.774314], [-75.194545, 39.774972], [-75.195283, 39.777278], [-75.197647, 39.779571], [-75.197347, 39.782752], [-75.198665, 39.783696], [-75.197789, 39.785685]]]}}, {"type": "Feature", "id": "08012", "properties": {"ZCTA5CE20": "08012", "GEOID20": "08012", "zip": "08012", "STUSPS": "DE"}, "geometry": {"type": "MultiPolygon", "coordinates": [[[[-75.074899, 39.732695], [-75.07299, 39.734769], [-75.074278, 39.735498], [-75.07291, 39.736917], [-75.071108, 39.735897], [-75.070383, 39.736722], [-75.066575, 39.734625], [-75.065614, 39.73408], [-75.068127, 39.731979], [-75.066944, 39.730495], [-75.0713, 39.72706], [-75.072159, 39.728328], [-75.07289, 39.729372], [-75.07442, 39.730313], [-75.074861, 39.730585], [-75.073628, 39.731873], [-75.074899, 39.732695]]], [[[-75.090813, 39.790559], [-75.091543, 39.793019], [-75.090446, 39.794029], [-75.089187, 39.79404], [-75.086055, 39.794568], [-75.083968, 39.794695], [-75.081894, 39.796197], [-75.080848, 39.798285], [-75.077536, 39.801179], [-75.075351, 39.804089], [-75.075769, 39.804961], [-75.077338, 39.806336], [-75.080642, 39.805555], [-75.081567, 39.806645], [-75.080528, 39.807831], [-75.081756, 39.80909], [-75.08255, 39.809196], [-75.082928, 39.810641], [-75.085303, 39.812598], [-75.088621, 39.814932], [-75.086546, 39.815707], [-75.08856, 39.820451], [-75.087177, 39.822534], [-75.085457, 39.823043], [-75.085639, 39.82505], [-75.084197, 39.826175], [-75.082776, 39.827057], [-75.084952, 39.830524], [-75.086761, 39.831478], [-75.083113, 39.833636], [-75.08493, 39.834701], [-75.085211, 39.83685], [-75.085182, 39.837878], [-75.084148, 39.838225], [-75.082644, 39.835964], [-75.080076, 39.835635], [-75.074234, 39.833725], [-75.070504, 39.833436], [-75.067778, 39.833793], [-75.067413, 39.834875], [-75.066688, 39.834562], [-75.063932, 39.83575], [-75.060328, 39.836095], [-75.05989, 39.836435], [-75.05725, 39.838087], [-75.056659, 39.841223], [-75.054363, 39.843339], [-75.05353, 39.844315], [-75.052476, 39.847442], [-75.051737, 39.844853], [-75.048279, 39.845651], [-75.044445, 39.845815], [-75.038153, 39.845273], [-75.037446, 39.842543], [-75.038455, 39.842639], [-75.038633, 39.840773], [-75.036962, 39.840978], [-75.036962, 39.838347], [-75.041827, 39.838397], [-75.043399, 39.838402], [-75.044043, 39.839896], [-75.046135, 39.839819], [-75.046928, 39.842577], [-75.053894, 39.839399], [-75.058336, 39.836502], [-75.056101, 39.835529], [-75.05539, 39.83536], [-75.053902, 39.834332], [-75.053313, 39.833335], [-75.050767, 39.833802], [-75.047194, 39.832393], [-75.050968, 39.828004], [-75.052946, 39.826809], [-75.054659, 39.827631], [-75.054836, 39.826865], [-75.051672, 39.820721], [-75.050943, 39.819329], [-75.050818, 39.819328], [-75.047332, 39.816616], [-75.047994, 39.813669], [-75.045621, 39.809166], [-75.044735, 39.807493], [-75.04252, 39.803255], [-75.039189, 39.796875], [-75.037572, 39.793799], [-75.033721, 39.791723], [-75.029897, 39.789587], [-75.028474, 39.791608], [-75.023411, 39.790771], [-75.022101, 39.790118], [-75.020933, 39.792615], [-75.023482, 39.792427], [-75.021543, 39.796946], [-75.019421, 39.797542], [-75.01662, 39.797032], [-75.014025, 39.79514], [-75.010715, 39.785392], [-75.010625, 39.785203], [-75.008367, 39.780958], [-75.008019, 39.779617], [-75.012047, 39.779126], [-75.020521, 39.778074], [-75.025767, 39.777402], [-75.032526, 39.774926], [-75.036435, 39.789668], [-75.038147, 39.788916], [-75.03834, 39.788539], [-75.039005, 39.78849], [-75.039866, 39.788218], [-75.04016, 39.788066], [-75.040405, 39.787844], [-75.041139, 39.787367], [-75.041371, 39.787494], [-75.042739, 39.788098], [-75.044094, 39.787481], [-75.048165, 39.784397], [-75.048191, 39.776596], [-75.046826, 39.776599], [-75.046388, 39.774904], [-75.044328, 39.774887], [-75.04219, 39.771363], [-75.045902, 39.769949], [-75.04877, 39.771672], [-75.048767, 39.771201], [-75.047858, 39.769983], [-75.046787, 39.769416], [-75.045752, 39.767946], [-75.044273, 39.766984], [-75.043157, 39.763929], [-75.043071, 39.763804], [-75.044273, 39.761976], [-75.043774, 39.761648], [-75.04258, 39.760675], [-75.040591, 39.760859], [-75.038733, 39.758629], [-75.035817, 39.756729], [-75.03503, 39.754846], [-75.031061, 39.752178], [-75.030226, 39.750693], [-75.028953, 39.750424], [-75.027084, 39.749643], [-75.02564, 39.748598], [-75.024217, 39.74778], [-75.023766, 39.747397], [-75.02208, 39.746195], [-75.022897, 39.745858], [-75.023896, 39.744237], [-75.028941, 39.740042], [-75.029416, 39.738798], [-75.033886, 39.741797], [-75.033037, 39.729616], [-75.032519, 39.726985], [-75.031705, 39.72294], [-75.032443, 39.722969], [-75.034879, 39.723898], [-75.038168, 39.728166], [-75.035106, 39.731683], [-75.039123, 39.735617], [-75.045211, 39.731957], [-75.047068, 39.731574], [-75.048829, 39.7318], [-75.05032, 39.724825], [-75.057509, 39.729196], [-75.058822, 39.730043], [-75.062445, 39.732265], [-75.061915, 39.732582], [-75.069769, 39.74261], [-75.070696, 39.74384], [-75.075288, 39.749739], [-75.074728, 39.750359], [-75.071821, 39.7504], [-75.070921, 39.75255], [-75.076159, 39.750846], [-75.078421, 39.753683], [-75.07923, 39.754674], [-75.071925, 39.758086], [-75.069125, 39.760623], [-75.069645, 39.760815], [-75.070029, 39.760956], [-75.071276, 39.761922], [-75.068403, 39.763546], [-75.064977, 39.768028], [-75.065394, 39.769002], [-75.062272, 39.767933], [-75.059708, 39.770034], [-75.058555, 39.771075], [-75.058014, 39.771981], [-75.05901, 39.77455], [-75.059872, 39.775495], [-75.057931, 39.777138], [-75.05506, 39.77537], [-75.054365, 39.776427], [-75.054534, 39.779209], [-75.055558, 39.782058], [-75.057026, 39.781956], [-75.058335, 39.782963], [-75.058438, 39.782977], [-75.064264, 39.784682], [-75.063449, 39.785974], [-75.066629, 39.782811], [-75.065893, 39.782321], [-75.07096, 39.780218], [-75.072003, 39.779785], [-75.069696, 39.776103], [-75.072881, 39.775475], [-75.074413, 39.773962], [-75.077986, 39.780864], [-75.080858, 39.780046], [-75.08707, 39.779576], [-75.084898, 39.786403], [-75.081939, 39.79133], [-75.081796, 39.791559], [-75.092934, 39.786916], [-75.090813, 39.790559]], [[-75.070921, 39.754258], [-75.070014, 39.752858], [-75.069216, 39.753139], [-75.068391, 39.753405], [-75.068958, 39.754449], [-75.06928, 39.754689], [-75.070146, 39.754777], [-75.070629, 39.754759], [-75.070851, 39.754599], [-75.070921, 39.754258]]]]}}, {"type": "Feature", "id": "08028", "properties": {"ZCTA5CE20": "08028", "GEOID20": "08028", "zip": "08028", "STUSPS": "DE"}, "geometry": {"type": "Polygon", "coordinates": [[[-75.176799, 39.686142], [-75.172931, 39.686912], [-75.167545, 39.685468], [-75.159013, 39.694477], [-75.152607, 39.701223], [-75.151075, 39.702837], [-75.146672, 39.707477], [-75.142213, 39.71218], [-75.139513, 39.715024], [-75.136487, 39.718025], [-75.135368, 39.71913], [-75.13064, 39.723653], [-75.127851, 39.721478], [-75.12593, 39.719929], [-75.124147, 39.718533], [-75.123031, 39.720392], [-75.120559, 39.721778], [-75.121524, 39.722763], [-75.116512, 39.724512], [-75.117801, 39.727502], [-75.115335, 39.729138], [-75.113823, 39.73748], [-75.113287, 39.737312], [-75.112476, 39.733978], [-75.111244, 39.732358], [-75.105227, 39.729072], [-75.104813, 39.7275], [-75.100944, 39.725416], [-75.097005, 39.721286], [-75.096231, 39.717632], [-75.094479, 39.716163], [-75.091822, 39.714713], [-75.08167, 39.717162], [-75.081729, 39.716069], [-75.087303, 39.714875], [-75.086348, 39.709785], [-75.080633, 39.709819], [-75.080097, 39.708703], [-75.091664, 39.707601], [-75.086498, 39.700651], [-75.080005, 39.696068], [-75.071554, 39.69017], [-75.068729, 39.688193], [-75.065837, 39.68617], [-75.067804, 39.685095], [-75.065857, 39.682293], [-75.069433, 39.678661], [-75.068943, 39.678202], [-75.085401, 39.678933], [-75.092664, 39.679262], [-75.097475, 39.679294], [-75.097153, 39.678095], [-75.102428, 39.676735], [-75.101808, 39.674485], [-75.105098, 39.673933], [-75.103102, 39.669116], [-75.102173, 39.662544], [-75.104098, 39.66251], [-75.121026, 39.662073], [-75.122301, 39.65628], [-75.126419, 39.657524], [-75.126646, 39.6622], [-75.127284, 39.665411], [-75.128627, 39.668361], [-75.131997, 39.672934], [-75.137193, 39.673182], [-75.137443, 39.673196], [-75.140079, 39.673344], [-75.142527, 39.672834], [-75.144153, 39.674423], [-75.145014, 39.673662], [-75.147673, 39.673296], [-75.149752, 39.675643], [-75.152502, 39.674052], [-75.153215, 39.674822], [-75.155488, 39.672765], [-75.158548, 39.672481], [-75.168834, 39.672393], [-75.168905, 39.673584], [-75.170445, 39.674159], [-75.171477, 39.677469], [-75.172771, 39.678043], [-75.172146, 39.679306], [-75.17352, 39.681795], [-75.17348, 39.6839], [-75.17689, 39.684948], [-75.176799, 39.686142]]]}}, {"type": "Feature", "id": "08001", "properties": {"ZCTA5CE20": "08001", "GEOID20": "08001", "zip": "08001", "STUSPS": "DE"}, "geometry": {"type": "Polygon", "coordinates": [[[-75.386725, 39.565476], [-75.383507, 39.569518], [-75.381286, 39.56872], [-75.378241, 39.569048], [-75.375524, 39.568415], [-75.373079, 39.568959], [-75.372657, 39.57085], [-75.36898, 39.569294], [-75.366045, 39.567626], [-75.364119, 39.565019], [-75.362636, 39.564844], [-75.360308, 39.565241], [-75.360882, 39.563856], [-75.35771, 39.56461], [-75.351957, 39.563456], [-75.350436, 39.562445], [-75.34903, 39.562235], [-75.347129, 39.564087], [-75.344319, 39.564576], [-75.344772, 39.563269], [-75.339527, 39.559842], [-75.337079, 39.560188], [-75.33739, 39.559904], [-75.339135, 39.558651], [-75.340966, 39.557244], [-75.34166, 39.557048], [-75.341598, 39.556448], [-75.339724, 39.554888], [-75.337826, 39.551276], [-75.333538, 39.550316], [-75.330015, 39.546938], [-75.336515, 39.540098], [-75.341235, 39.537997], [-75.343235, 39.538299], [-75.345989, 39.540297], [-75.347698, 39.538825], [-75.350388, 39.541543], [-75.35466, 39.542897], [-75.352622, 39.539506], [-75.345699, 39.531696], [-75.349604, 39.534776], [-75.365257, 39.547261], [-75.373804, 39.554116], [-75.373885, 39.554182], [-75.373124, 39.555534], [-75.372876, 39.556715], [-75.373992, 39.558137], [-75.374003, 39.559112], [-75.378686, 39.558035], [-75.388982, 39.566285], [-75.386725, 39.565476]]]}}, {"type": "Feature", "id": "08345", "properties": {"ZCTA5CE20": "08345", "GEOID20": "08345", "zip": "08345", "STUSPS": "DE"}, "geometry": {"type": "Polygon", "coordinates": [[[-75.2430298153005, 39.2802087375942], [-75.242881, 39.280574], [-75.240052, 39.282337], [-75.237765, 39.284038], [-75.2382681637707, 39.284487427834], [-75.23619, 39.28595], [-75.237937, 39.289386], [-75.236163, 39.290792], [-75.233915, 39.290487], [-75.233093, 39.289194], [-75.233051, 39.285581], [-75.232411, 39.284677], [-75.228388, 39.286478], [-75.225112, 39.287137], [-75.224375, 39.286593], [-75.224449, 39.285922], [-75.227423, 39.284857], [-75.2264, 39.283205], [-75.224542, 39.283462], [-75.223131, 39.284865], [-75.219874, 39.28488], [-75.217287, 39.284322], [-75.216706, 39.285035], [-75.219274, 39.28652], [-75.220096, 39.288131], [-75.219642, 39.289365], [-75.216766, 39.288059], [-75.214829, 39.288609], [-75.213563, 39.287793], [-75.210157, 39.288692], [-75.208267, 39.288185], [-75.206714, 39.288781], [-75.205765, 39.287804], [-75.203672, 39.28726], [-75.202624, 39.288656], [-75.202876, 39.289879], [-75.198271, 39.290522], [-75.19789, 39.292376], [-75.200839, 39.292881], [-75.20209, 39.294623], [-75.201013, 39.295971], [-75.195956, 39.297944], [-75.193288, 39.297536], [-75.189738, 39.298145], [-75.187216, 39.298971], [-75.179791, 39.298638], [-75.177015, 39.29914], [-75.175168, 39.29924], [-75.174731, 39.299491], [-75.174674, 39.299565], [-75.174249, 39.299769], [-75.17388, 39.29981], [-75.173636, 39.299784], [-75.173372, 39.299814], [-75.173271, 39.299912], [-75.173136, 39.300705], [-75.17359, 39.30042], [-75.173643, 39.299918], [-75.175383, 39.300196], [-75.175659, 39.302255], [-75.173319, 39.302874], [-75.167143, 39.307653], [-75.165065, 39.309426], [-75.161336, 39.314177], [-75.158857, 39.313537], [-75.156266, 39.312246], [-75.154126, 39.316087], [-75.15189, 39.318085], [-75.150377, 39.320451], [-75.144157, 39.325775], [-75.142673, 39.328078], [-75.114346, 39.334739], [-75.11261, 39.336503], [-75.110853, 39.337811], [-75.107609, 39.338796], [-75.103888, 39.342067], [-75.10064, 39.343358], [-75.095974, 39.346033], [-75.0928, 39.348421], [-75.09048, 39.348354], [-75.08953, 39.349385], [-75.085613, 39.348364], [-75.080751, 39.349012], [-75.077271, 39.349396], [-75.07248, 39.348904], [-75.0684, 39.347877], [-75.062527, 39.347675], [-75.083385, 39.319625], [-75.078518, 39.320227], [-75.069267, 39.319397], [-75.067311, 39.300169], [-75.068886, 39.30112], [-75.0692, 39.301214], [-75.125992, 39.307155], [-75.128862, 39.30292], [-75.130504, 39.303148], [-75.129812, 39.301813], [-75.13236, 39.297758], [-75.133067, 39.298007], [-75.132809, 39.297096], [-75.141013, 39.284992], [-75.140761, 39.284903], [-75.132655, 39.283006], [-75.128966, 39.279433], [-75.124066, 39.275494], [-75.123324, 39.27412], [-75.123704, 39.269769], [-75.123387, 39.262341], [-75.12034, 39.263038], [-75.117695, 39.262537], [-75.113102, 39.263196], [-75.111118, 39.263883], [-75.110513, 39.262007], [-75.108195, 39.259811], [-75.108611, 39.258789], [-75.106773, 39.257686], [-75.10685, 39.256374], [-75.10442, 39.257232], [-75.101489, 39.259549], [-75.098549, 39.259139], [-75.098804, 39.257986], [-75.096189, 39.257558], [-75.097284, 39.256767], [-75.099756, 39.256969], [-75.098527, 39.255662], [-75.098895, 39.254607], [-75.10035, 39.255557], [-75.102469, 39.254097], [-75.099933, 39.253134], [-75.100124, 39.252101], [-75.101962, 39.25174], [-75.104206, 39.252652], [-75.104501, 39.251589], [-75.103787, 39.249945], [-75.104365, 39.248192], [-75.102346, 39.247413], [-75.100326, 39.248265], [-75.09985, 39.245997], [-75.100441, 39.243805], [-75.102949, 39.244233], [-75.103543, 39.245469], [-75.105395, 39.245769], [-75.106031, 39.244858], [-75.10569, 39.243407], [-75.107379, 39.242979], [-75.107533, 39.240896], [-75.106324, 39.23949], [-75.107375, 39.237798], [-75.10575, 39.237167], [-75.103449, 39.237986], [-75.103392, 39.237266], [-75.105142, 39.236184], [-75.107417, 39.236809], [-75.108053, 39.235902], [-75.110427, 39.236429], [-75.109665, 39.238379], [-75.111869, 39.238318], [-75.113615, 39.239113], [-75.113715, 39.240843], [-75.115466, 39.241248], [-75.118355, 39.240919], [-75.119507, 39.241962], [-75.119, 39.243736], [-75.121205, 39.245141], [-75.122118, 39.246641], [-75.124103, 39.246744], [-75.127243, 39.247998], [-75.129961, 39.250315], [-75.131585, 39.250227], [-75.133714, 39.249035], [-75.136603, 39.249047], [-75.137719, 39.250069], [-75.137075, 39.25156], [-75.140289, 39.252318], [-75.142698, 39.25105], [-75.14147, 39.250231], [-75.140714, 39.248391], [-75.141432, 39.247438], [-75.144659, 39.248047], [-75.14477, 39.24739], [-75.142955, 39.245041], [-75.143586, 39.24416], [-75.140847, 39.242572], [-75.141632, 39.241259], [-75.141329, 39.240386], [-75.138794, 39.23804], [-75.139777, 39.234139], [-75.140619, 39.233721], [-75.140775, 39.233183], [-75.140005, 39.232029], [-75.142513, 39.232398], [-75.143735, 39.231525], [-75.144159, 39.230729], [-75.143764, 39.230306], [-75.144477, 39.230361], [-75.146419, 39.23107], [-75.148038, 39.22962], [-75.150156, 39.230367], [-75.151647, 39.228787], [-75.152055, 39.230221], [-75.155387, 39.231941], [-75.153191, 39.232941], [-75.151905, 39.234407], [-75.150218, 39.233781], [-75.149257, 39.235664], [-75.151255, 39.236522], [-75.148174, 39.23707], [-75.15061, 39.238615], [-75.15314, 39.23899], [-75.157512, 39.238897], [-75.159349, 39.240232], [-75.16048, 39.239919], [-75.160847, 39.241802], [-75.163474, 39.242947], [-75.167711, 39.244021], [-75.173625, 39.243086], [-75.174938, 39.244009], [-75.17771, 39.243639], [-75.1781694558653, 39.2430072626604], [-75.182005, 39.246168], [-75.187607, 39.247101], [-75.190768, 39.246276], [-75.195849, 39.252042], [-75.197983, 39.253838], [-75.199142, 39.256691], [-75.205857, 39.262619], [-75.2123808197731, 39.2627523593099], [-75.21251, 39.262755], [-75.2239551530799, 39.2672114154702], [-75.2266413484515, 39.2682573431679], [-75.2271069086862, 39.2684386190161], [-75.2367757945628, 39.2722034068087], [-75.2394919083659, 39.2732609838884], [-75.241639, 39.274097], [-75.244056, 39.27769], [-75.2430298153005, 39.2802087375942]]]}}, {"type": "Feature", "id": "08361", "properties": {"ZCTA5CE20": "08361", "GEOID20": "08361", "zip": "08361", "STUSPS": "DE"}, "geometry": {"type": "Polygon", "coordinates": [[[-75.024368, 39.423752], [-75.024005, 39.426071], [-75.022584, 39.428798], [-75.021065, 39.428144], [-75.019759, 39.430573], [-75.019229, 39.432139], [-75.020353, 39.433562], [-75.015131, 39.445368], [-75.008253, 39.460912], [-75.007544, 39.460917], [-75.006747, 39.461291], [-75.004138, 39.461421], [-75.00485, 39.464069], [-75.005928, 39.464885], [-75.00647, 39.464899], [-75.003786, 39.470913], [-75.003388, 39.471793], [-74.999249, 39.470685], [-75.001549, 39.472291], [-74.998706, 39.472051], [-74.99812, 39.473389], [-75.00093, 39.474627], [-75.00071, 39.477782], [-74.988986, 39.477168], [-74.988779, 39.47986], [-74.993436, 39.480121], [-74.993285, 39.48186], [-74.993935, 39.484666], [-74.999266, 39.48492], [-74.997658, 39.490374], [-74.996362, 39.488403], [-74.989, 39.488029], [-74.988224, 39.486886], [-74.987834, 39.491698], [-74.997136, 39.492144], [-74.996749, 39.493496], [-74.995876, 39.494213], [-74.995381, 39.495631], [-74.991991, 39.49503], [-74.991868, 39.496649], [-74.994577, 39.497124], [-74.995026, 39.499329], [-74.993764, 39.504161], [-74.988171, 39.506289], [-74.993155, 39.506519], [-74.991177, 39.513533], [-74.989848, 39.518184], [-74.985271, 39.514967], [-74.982621, 39.513103], [-74.974336, 39.50728], [-74.97211, 39.505711], [-74.971829, 39.505516], [-74.963357, 39.499557], [-74.960705, 39.497694], [-74.951318, 39.491095], [-74.944076, 39.485983], [-74.927346, 39.474184], [-74.921614, 39.470157], [-74.910511, 39.462332], [-74.896788, 39.452664], [-74.898122, 39.448017], [-74.899526, 39.445251], [-74.901386, 39.443033], [-74.904754, 39.440892], [-74.907497, 39.437983], [-74.908611, 39.43634], [-74.908462, 39.434342], [-74.909773, 39.431182], [-74.910988, 39.430288], [-74.912898, 39.426675], [-74.913265, 39.424021], [-74.912954, 39.423333], [-74.908714, 39.421988], [-74.908228, 39.421101], [-74.909054, 39.419877], [-74.907937, 39.415891], [-74.907607, 39.413277], [-74.909326, 39.410459], [-74.914088, 39.407713], [-74.920829, 39.405502], [-74.922046, 39.404587], [-74.921789, 39.401817], [-74.922078, 39.399651], [-74.923524, 39.398215], [-74.924633, 39.393786], [-74.927757, 39.390804], [-74.933141, 39.387342], [-74.935309, 39.387817], [-74.938432, 39.386078], [-74.941844, 39.389324], [-74.94062, 39.392562], [-74.971737, 39.410893], [-74.970583, 39.411376], [-74.969571, 39.413579], [-74.968813, 39.413794], [-74.9663, 39.416409], [-74.965664, 39.418975], [-74.966905, 39.421682], [-74.966693, 39.425072], [-74.967877, 39.42561], [-74.969854, 39.428092], [-74.970386, 39.430443], [-74.970232, 39.434041], [-74.971487, 39.436045], [-74.972535, 39.43921], [-74.979064, 39.434699], [-74.992073, 39.425629], [-74.994311, 39.424175], [-74.999188, 39.420654], [-75.01229, 39.41157], [-75.019705, 39.41628], [-75.021691, 39.41966], [-75.025155, 39.423017], [-75.024368, 39.423752]]]}}, {"type": "Feature", "id": "21668", "properties": {"ZCTA5CE20": "21668", "GEOID20": "21668", "zip": "21668", "STUSPS": "DE"}, "geometry": {"type": "Polygon", "coordinates": [[[-75.975083, 39.154528], [-75.973373, 39.157925], [-75.967336, 39.166458], [-75.963002, 39.170594], [-75.962341, 39.172356], [-75.957577, 39.174986], [-75.952877, 39.178468], [-75.948165, 39.18111], [-75.945155, 39.182234], [-75.942519, 39.184327], [-75.941114, 39.184923], [-75.937384, 39.185377], [-75.931544, 39.182874], [-75.927063, 39.181228], [-75.919171, 39.177717], [-75.917117, 39.176536], [-75.915531, 39.184299], [-75.91437, 39.188154], [-75.911974, 39.192134], [-75.907996, 39.196005], [-75.90484, 39.198028], [-75.900845, 39.199907], [-75.895742, 39.202201], [-75.892501, 39.204045], [-75.889682, 39.206783], [-75.881933, 39.217332], [-75.8811, 39.218012], [-75.877613, 39.222753], [-75.875865, 39.225758], [-75.874943, 39.228994], [-75.874869, 39.231904], [-75.875315, 39.235324], [-75.855659, 39.240474], [-75.855968, 39.238069], [-75.85538, 39.23607], [-75.853784, 39.235423], [-75.853317, 39.233599], [-75.855993, 39.232428], [-75.856202, 39.231481], [-75.839237, 39.230462], [-75.835464, 39.233259], [-75.833671, 39.230513], [-75.82605, 39.225181], [-75.823433, 39.232368], [-75.821282, 39.237507], [-75.817038, 39.23931], [-75.80955, 39.238489], [-75.806742, 39.238674], [-75.801383, 39.23837], [-75.797254, 39.237554], [-75.79529, 39.237539], [-75.793018, 39.238517], [-75.788653, 39.239265], [-75.781553, 39.239556], [-75.772962, 39.237973], [-75.7657, 39.235972], [-75.758153, 39.234444], [-75.754888950595, 39.2312242105134], [-75.752593183003, 39.199434938086], [-75.7525919517844, 39.1994178895202], [-75.7514505565989, 39.1836131004714], [-75.7511001813293, 39.1787614879052], [-75.753031, 39.179941], [-75.758495, 39.189014], [-75.7589, 39.189279], [-75.763838, 39.190043], [-75.762663, 39.1918], [-75.76416, 39.190775], [-75.766935, 39.19038], [-75.773283, 39.19144], [-75.78419, 39.19569], [-75.789007, 39.196024], [-75.794109, 39.193279], [-75.795602, 39.190823], [-75.798435, 39.188509], [-75.797552, 39.185749], [-75.801579, 39.183131], [-75.80477, 39.181792], [-75.801063, 39.174276], [-75.799671, 39.171957], [-75.798608, 39.172353], [-75.79799, 39.170804], [-75.795127, 39.166193], [-75.795822, 39.165272], [-75.794953, 39.161906], [-75.789605, 39.159165], [-75.792786, 39.157096], [-75.797467, 39.153261], [-75.798556, 39.151593], [-75.797892, 39.150505], [-75.801884, 39.149226], [-75.800528, 39.147387], [-75.797493, 39.144409], [-75.798642, 39.142661], [-75.802542, 39.142636], [-75.80546, 39.144853], [-75.808803, 39.145311], [-75.81014, 39.144423], [-75.813477, 39.144563], [-75.814147, 39.143287], [-75.816002, 39.143857], [-75.826187, 39.144512], [-75.830175, 39.144376], [-75.834396, 39.144996], [-75.838529, 39.148172], [-75.839731, 39.152083], [-75.840662, 39.153667], [-75.838793, 39.158422], [-75.832729, 39.1594], [-75.829978, 39.16006], [-75.832545, 39.167487], [-75.844476, 39.162584], [-75.848041, 39.163392], [-75.850657, 39.163456], [-75.855033, 39.164234], [-75.855713, 39.163129], [-75.858156, 39.162689], [-75.863369, 39.164011], [-75.868662, 39.166157], [-75.871032, 39.167503], [-75.87825, 39.168341], [-75.884158, 39.168737], [-75.891626, 39.170302], [-75.891014, 39.16399], [-75.893006, 39.161191], [-75.893515, 39.157441], [-75.892398, 39.146138], [-75.898297, 39.145701], [-75.902405, 39.150902], [-75.90337, 39.151596], [-75.902568, 39.1473], [-75.903077, 39.143977], [-75.902756, 39.142601], [-75.90509, 39.140992], [-75.906998, 39.140667], [-75.917153, 39.141424], [-75.922367, 39.140594], [-75.924292, 39.140578], [-75.935189, 39.142118], [-75.941842, 39.145352], [-75.947969, 39.144862], [-75.950355, 39.145212], [-75.9545, 39.147376], [-75.961669, 39.146706], [-75.96656, 39.145174], [-75.967931, 39.145252], [-75.970301, 39.147087], [-75.972024, 39.147902], [-75.972426, 39.148959], [-75.975023, 39.148815], [-75.977854, 39.150086], [-75.975083, 39.154528]]]}}, {"type": "Feature", "id": "21830", "properties": {"ZCTA5CE20": "21830", "GEOID20": "21830", "zip": "21830", "STUSPS": "DE"}, "geometry": {"type": "Polygon", "coordinates": [[[-75.85236, 38.375107], [-75.851849, 38.377843], [-75.849225, 38.376632], [-75.847243, 38.376663], [-75.843649, 38.380391], [-75.844055, 38.384543], [-75.840348, 38.384784], [-75.838282, 38.385878], [-75.838369, 38.387476], [-75.8393, 38.388771], [-75.838322, 38.389394], [-75.832829, 38.389453], [-75.829511, 38.387608], [-75.828, 38.387428], [-75.824825, 38.390465], [-75.823957, 38.390415], [-75.823717, 38.387435], [-75.822456, 38.386532], [-75.819391, 38.3868], [-75.811975, 38.390024], [-75.809711, 38.392093], [-75.805117, 38.394578], [-75.802686, 38.397407], [-75.8026, 38.398786], [-75.798094, 38.397506], [-75.79495, 38.398062], [-75.79335, 38.399924], [-75.790975, 38.400829], [-75.788249, 38.401184], [-75.786504, 38.40389], [-75.783376, 38.402452], [-75.781562, 38.404619], [-75.7802, 38.404813], [-75.778552, 38.40366], [-75.777283, 38.403811], [-75.776399, 38.40567], [-75.774519, 38.4069], [-75.773599, 38.40999], [-75.772713, 38.411309], [-75.772488, 38.415412], [-75.770793, 38.419676], [-75.772415, 38.422327], [-75.77002, 38.422885], [-75.765349, 38.422618], [-75.76322, 38.423856], [-75.76027, 38.429641], [-75.759677, 38.430154], [-75.758958, 38.430329], [-75.754712, 38.422296], [-75.753907, 38.421859], [-75.750503, 38.422303], [-75.734218, 38.418513], [-75.733001, 38.419753], [-75.729279, 38.420974], [-75.729147, 38.422006], [-75.72671, 38.422057], [-75.725344, 38.424406], [-75.724642, 38.428563], [-75.72245, 38.428449], [-75.722119, 38.429518], [-75.71682, 38.429955], [-75.713689, 38.429317], [-75.708004, 38.430468], [-75.707867, 38.430495], [-75.712022, 38.433101], [-75.712638, 38.439269], [-75.714197, 38.442412], [-75.705359, 38.448409], [-75.699404, 38.447767], [-75.6986, 38.447158], [-75.698612, 38.447401], [-75.699122, 38.458333], [-75.69696, 38.457695], [-75.69615, 38.456959], [-75.692579, 38.45569], [-75.687123, 38.455086], [-75.684245, 38.454915], [-75.68108, 38.455932], [-75.678376, 38.455366], [-75.676706, 38.452937], [-75.677056, 38.450026], [-75.67378, 38.449047], [-75.673752, 38.446932], [-75.671552, 38.445883], [-75.663862, 38.443772], [-75.664037, 38.437817], [-75.665964, 38.429792], [-75.664635, 38.426866], [-75.664561, 38.425435], [-75.655569, 38.426536], [-75.651056, 38.425917], [-75.642734, 38.428482], [-75.642013, 38.428546], [-75.639397, 38.422185], [-75.63878, 38.419266], [-75.638817, 38.413791], [-75.643229, 38.409973], [-75.645394, 38.411175], [-75.65549, 38.412662], [-75.655606, 38.412501], [-75.657196, 38.407386], [-75.658904, 38.403696], [-75.660657, 38.401165], [-75.641936, 38.389746], [-75.638046, 38.373677], [-75.653095, 38.387918], [-75.65673, 38.390879], [-75.658767, 38.389328], [-75.662047, 38.385462], [-75.664465, 38.386456], [-75.667732, 38.381171], [-75.667086, 38.377671], [-75.6665, 38.376509], [-75.670117, 38.374851], [-75.673142, 38.375097], [-75.674997, 38.373927], [-75.676703, 38.378839], [-75.676434, 38.379234], [-75.677003, 38.379346], [-75.677151, 38.378434], [-75.675968, 38.374083], [-75.68573, 38.374084], [-75.693481, 38.373513], [-75.693333, 38.375182], [-75.691557, 38.376758], [-75.691463, 38.378837], [-75.690801, 38.380603], [-75.690744, 38.384755], [-75.693701, 38.387172], [-75.694315, 38.388509], [-75.698235, 38.387903], [-75.705451, 38.384881], [-75.709086, 38.382989], [-75.711892, 38.381468], [-75.713784, 38.381973], [-75.718737, 38.382071], [-75.719352, 38.381147], [-75.728767, 38.379689], [-75.730134, 38.378392], [-75.73206, 38.377469], [-75.733929, 38.375298], [-75.736608, 38.37522], [-75.737434, 38.374382], [-75.741088, 38.377787], [-75.739281, 38.378938], [-75.741022, 38.381938], [-75.742389, 38.37984], [-75.744381, 38.377804], [-75.742265, 38.374617], [-75.754884, 38.370757], [-75.755866, 38.370668], [-75.767927, 38.373565], [-75.769337, 38.369524], [-75.767757, 38.36569], [-75.771428, 38.366014], [-75.773931, 38.366627], [-75.775098, 38.366148], [-75.773367, 38.363877], [-75.775655, 38.362237], [-75.776861, 38.362588], [-75.779795, 38.364683], [-75.779685, 38.366547], [-75.780921, 38.366899], [-75.782276, 38.365295], [-75.784776, 38.364773], [-75.787669, 38.36108], [-75.78919, 38.360886], [-75.79044, 38.363142], [-75.791476, 38.362967], [-75.793897, 38.360835], [-75.796077, 38.360647], [-75.79912, 38.361198], [-75.798135, 38.364714], [-75.801639, 38.366257], [-75.80059, 38.369121], [-75.805788, 38.368733], [-75.808953, 38.371151], [-75.813618, 38.370046], [-75.819089, 38.370403], [-75.828552, 38.367312], [-75.830737, 38.367906], [-75.830811, 38.371201], [-75.832785, 38.371716], [-75.834464, 38.369558], [-75.836742, 38.369049], [-75.839265, 38.370785], [-75.84069, 38.372869], [-75.842526, 38.372921], [-75.844792, 38.369196], [-75.845893, 38.368556], [-75.847912, 38.369361], [-75.848318, 38.372078], [-75.845472, 38.375125], [-75.84644, 38.375537], [-75.847433, 38.375116], [-75.849964, 38.372151], [-75.852204, 38.372695], [-75.85236, 38.375107]]]}}, {"type": "Feature", "id": "19801", "properties": {"ZCTA5CE20": "19801", "GEOID20": "19801", "zip": "19801", "STUSPS": "DE"}, "geometry": {"type": "Polygon", "coordinates": [[[-75.578071, 39.720371], [-75.578215, 39.72078], [-75.57741, 39.721358], [-75.576436, 39.723184], [-75.575827, 39.723782], [-75.572594, 39.727145], [-75.570532, 39.729275], [-75.564305, 39.735695], [-75.563908, 39.735465], [-75.563041, 39.736605], [-75.562665, 39.738474], [-75.560881, 39.739106], [-75.561248, 39.739681], [-75.562451, 39.739195], [-75.562322, 39.740478], [-75.561773, 39.741605], [-75.561973, 39.741688], [-75.560724, 39.743477], [-75.560324, 39.744106], [-75.559312, 39.745586], [-75.558322, 39.747084], [-75.557419, 39.748356], [-75.556845, 39.74922], [-75.556246, 39.75008], [-75.555094, 39.751144], [-75.554987, 39.751244], [-75.554707, 39.750993], [-75.554645, 39.750942], [-75.552057, 39.752999], [-75.551055, 39.753487], [-75.552753, 39.755079], [-75.551659, 39.755665], [-75.549181, 39.753846], [-75.548336, 39.75227], [-75.546071, 39.750673], [-75.543855, 39.750278], [-75.540808, 39.749634], [-75.539978, 39.748346], [-75.539743, 39.746609], [-75.53753, 39.743324], [-75.537034, 39.739702], [-75.534957, 39.738797], [-75.531978, 39.73988], [-75.526481, 39.738032], [-75.526554, 39.73405], [-75.529764, 39.731832], [-75.532076, 39.731283], [-75.53359, 39.728605], [-75.532429, 39.725305], [-75.53042, 39.723042], [-75.525823, 39.720577], [-75.5126823485899, 39.7158314838503], [-75.525533030886, 39.7005032002623], [-75.530236, 39.704563], [-75.532585, 39.706638], [-75.532534, 39.711403], [-75.533205, 39.71375], [-75.535661, 39.718755], [-75.544844, 39.722411], [-75.547709, 39.723558], [-75.549894, 39.72046], [-75.55456, 39.718736], [-75.551193, 39.714664], [-75.549894, 39.713139], [-75.554806, 39.711378], [-75.552899, 39.708059], [-75.55393, 39.707229], [-75.553333, 39.704963], [-75.554458, 39.703868], [-75.554819, 39.70351], [-75.559198, 39.708746], [-75.556665, 39.711769], [-75.561165, 39.713166], [-75.556036, 39.719274], [-75.555684, 39.721576], [-75.555785, 39.724503], [-75.560091, 39.723839], [-75.559936, 39.721441], [-75.561515, 39.719395], [-75.56375, 39.718612], [-75.572214, 39.717073], [-75.580165, 39.718574], [-75.578071, 39.720371]]]}}, {"type": "Feature", "id": "19804", "properties": {"ZCTA5CE20": "19804", "GEOID20": "19804", "zip": "19804", "STUSPS": "DE"}, "geometry": {"type": "Polygon", "coordinates": [[[-75.682692, 39.699438], [-75.671374, 39.704541], [-75.668328, 39.706128], [-75.65768, 39.714542], [-75.653022, 39.718194], [-75.650168, 39.720181], [-75.645444, 39.721865], [-75.638962, 39.724056], [-75.635007, 39.72537], [-75.622162, 39.72973], [-75.62022, 39.730216], [-75.618538, 39.730482], [-75.604032, 39.732208], [-75.603861, 39.731988], [-75.592783, 39.733743], [-75.591344, 39.734538], [-75.589321, 39.737647], [-75.587774, 39.739735], [-75.58583, 39.740129], [-75.584312, 39.739214], [-75.580748, 39.737704], [-75.58024, 39.737363], [-75.5799, 39.737066], [-75.578972, 39.735757], [-75.578217, 39.732929], [-75.577709, 39.727122], [-75.576944, 39.726301], [-75.575008, 39.725785], [-75.572594, 39.727145], [-75.575827, 39.723782], [-75.576436, 39.723184], [-75.57741, 39.721358], [-75.578215, 39.72078], [-75.578071, 39.720371], [-75.580165, 39.718574], [-75.582464, 39.718541], [-75.585947, 39.716773], [-75.590226, 39.715606], [-75.591563, 39.712222], [-75.597244, 39.70892], [-75.597992, 39.708801], [-75.599586, 39.708988], [-75.600195, 39.709361], [-75.603379, 39.711092], [-75.604639, 39.711046], [-75.606219, 39.711068], [-75.608241, 39.710692], [-75.608786, 39.710506], [-75.611, 39.709572], [-75.612471, 39.708401], [-75.615585, 39.704865], [-75.620448, 39.697565], [-75.621231, 39.69738], [-75.622765, 39.700031], [-75.62928, 39.701511], [-75.635512, 39.699704], [-75.638868, 39.699344], [-75.641282, 39.700324], [-75.642108, 39.699881], [-75.64227, 39.698012], [-75.645446, 39.696905], [-75.649284, 39.699297], [-75.650074, 39.701001], [-75.648931, 39.70294], [-75.64713, 39.70404], [-75.646893, 39.705275], [-75.645461, 39.707359], [-75.646186, 39.707704], [-75.648624, 39.707128], [-75.653266, 39.707567], [-75.653606, 39.706919], [-75.655218, 39.705596], [-75.655675, 39.702924], [-75.65796, 39.700849], [-75.65986, 39.700421], [-75.661245, 39.701312], [-75.663033, 39.701411], [-75.665098, 39.6998], [-75.664562, 39.699023], [-75.665568, 39.697963], [-75.669667, 39.699974], [-75.672633, 39.699094], [-75.675585, 39.699082], [-75.678608, 39.697515], [-75.679186, 39.697694], [-75.681138, 39.698972], [-75.682692, 39.699438]]]}}, {"type": "Feature", "id": "08090", "properties": {"ZCTA5CE20": "08090", "GEOID20": "08090", "zip": "08090", "STUSPS": "DE"}, "geometry": {"type": "Polygon", "coordinates": [[[-75.170129, 39.799778], [-75.169374, 39.801637], [-75.16879, 39.803097], [-75.165729, 39.811008], [-75.161369, 39.809064], [-75.159572, 39.808778], [-75.159389, 39.812704], [-75.156975, 39.812821], [-75.151923, 39.813065], [-75.151164, 39.806163], [-75.151092, 39.805939], [-75.151003, 39.80333], [-75.149096, 39.803229], [-75.147053, 39.80464], [-75.146632, 39.803004], [-75.144726, 39.803184], [-75.142381, 39.803499], [-75.135474, 39.806916], [-75.135721, 39.809477], [-75.135231, 39.8098], [-75.131571, 39.810953], [-75.12899, 39.808464], [-75.129679, 39.807609], [-75.128696, 39.807061], [-75.128181, 39.804007], [-75.130504, 39.80222], [-75.128322, 39.798916], [-75.125748, 39.796367], [-75.126186, 39.795655], [-75.131646, 39.792392], [-75.132878, 39.792211], [-75.133871, 39.791625], [-75.135619, 39.789193], [-75.137199, 39.7892], [-75.139689, 39.786243], [-75.138059, 39.780734], [-75.146898, 39.783057], [-75.147312, 39.782856], [-75.150177, 39.783885], [-75.152091, 39.782958], [-75.153368, 39.783394], [-75.152826, 39.786047], [-75.155266, 39.785982], [-75.156478, 39.787847], [-75.158619, 39.788163], [-75.159935, 39.789537], [-75.160273, 39.790925], [-75.160302, 39.791744], [-75.161532, 39.791956], [-75.163479, 39.794238], [-75.163417, 39.794289], [-75.164583, 39.794432], [-75.168112, 39.793809], [-75.166471, 39.799258], [-75.165538, 39.80057], [-75.165919, 39.80066], [-75.168174, 39.798844], [-75.168225, 39.799426], [-75.170078, 39.799761], [-75.169429, 39.797858], [-75.171726, 39.795816], [-75.170129, 39.799778]]]}}, {"type": "Feature", "id": "19709", "properties": {"ZCTA5CE20": "19709", "GEOID20": "19709", "zip": "19709", "STUSPS": "DE"}, "geometry": {"type": "MultiPolygon", "coordinates": [[[[-75.567522, 39.510205], [-75.564766, 39.515949], [-75.562578, 39.519112], [-75.561325, 39.519471], [-75.560378, 39.518553], [-75.561438, 39.515523], [-75.565454, 39.509407], [-75.566813, 39.509189], [-75.567522, 39.510205]]], [[[-75.7795846104508, 39.5355374688062], [-75.774678, 39.535099], [-75.767947, 39.536294], [-75.760675, 39.539055], [-75.755896, 39.54023], [-75.753731, 39.540343], [-75.738241, 39.541148], [-75.727298, 39.541727], [-75.726615, 39.541817], [-75.725228, 39.542001], [-75.717163, 39.543347], [-75.711691, 39.543884], [-75.7031, 39.543333], [-75.69487, 39.542496], [-75.692673, 39.542418], [-75.686307, 39.541973], [-75.682741, 39.54212], [-75.672204, 39.544159], [-75.664432, 39.545544], [-75.656238, 39.549936], [-75.656077, 39.550028], [-75.65104, 39.552644], [-75.647125, 39.554004], [-75.642411, 39.55497], [-75.637719, 39.555254], [-75.633716, 39.555058], [-75.620568, 39.552827], [-75.618807, 39.552808], [-75.61113, 39.5537], [-75.59547, 39.556366], [-75.582273, 39.558248], [-75.568868, 39.560248], [-75.5641182880885, 39.5606837276848], [-75.564649, 39.559922], [-75.565636, 39.558509], [-75.569359, 39.540589], [-75.569418, 39.539124], [-75.570362, 39.527223], [-75.572364, 39.517101], [-75.5726162362816, 39.516560443144], [-75.573942, 39.518265], [-75.577126, 39.518003], [-75.57833, 39.519283], [-75.577857, 39.522891], [-75.582827, 39.523825], [-75.584494, 39.518245], [-75.590856, 39.519452], [-75.592988, 39.519736], [-75.59803, 39.51916], [-75.615329, 39.515039], [-75.621927, 39.511956], [-75.62088, 39.510453], [-75.620917, 39.506856], [-75.620228, 39.50545], [-75.615298, 39.503599], [-75.612092, 39.503461], [-75.608189, 39.503842], [-75.605396, 39.501272], [-75.594477, 39.499468], [-75.59137, 39.496652], [-75.588301, 39.49599], [-75.587655, 39.500433], [-75.583888, 39.501958], [-75.5814, 39.504025], [-75.579206, 39.507583], [-75.578046, 39.511622], [-75.5754113409274, 39.5109559505635], [-75.576436, 39.509195], [-75.5811408591293, 39.5038448006784], [-75.5865544015337, 39.497688711813], [-75.587729, 39.496353], [-75.587729, 39.4957407450199], [-75.587729, 39.495369], [-75.587814, 39.490327], [-75.593068, 39.479186], [-75.593068, 39.478952972973], [-75.593068, 39.477996], [-75.592329, 39.467578], [-75.589901, 39.462022], [-75.589439, 39.460812], [-75.580185, 39.450786], [-75.5795930686755, 39.4494326149262], [-75.58, 39.449258], [-75.579434, 39.447601], [-75.582797, 39.446035], [-75.587379, 39.442403], [-75.584326, 39.442574], [-75.587698, 39.442139], [-75.583186, 39.445947], [-75.585858, 39.448182], [-75.590073, 39.447527], [-75.59008, 39.445687], [-75.59173, 39.445005], [-75.595452, 39.445182], [-75.597169, 39.447962], [-75.599505, 39.446587], [-75.600761, 39.446539], [-75.602032, 39.447367], [-75.603391, 39.446029], [-75.606436, 39.445271], [-75.607181, 39.442181], [-75.608678, 39.439793], [-75.611303, 39.437927], [-75.612663, 39.434865], [-75.614822, 39.434327], [-75.617595, 39.432812], [-75.62435, 39.43615], [-75.628202, 39.437311], [-75.633718, 39.434413], [-75.634991, 39.436654], [-75.637882, 39.439181], [-75.637354, 39.441001], [-75.641311, 39.438273], [-75.643707, 39.439755], [-75.643971, 39.439841], [-75.643816, 39.440946], [-75.644793, 39.440489], [-75.649971, 39.442863], [-75.655625, 39.448234], [-75.655357, 39.448531], [-75.653836, 39.448299], [-75.65439, 39.45119], [-75.654146, 39.451416], [-75.654693, 39.45251], [-75.655251, 39.452862], [-75.652004, 39.45343], [-75.649271, 39.455191], [-75.658227, 39.460299], [-75.658676, 39.460557], [-75.66141, 39.462108], [-75.663699, 39.46153], [-75.670092, 39.459794], [-75.67259, 39.458219], [-75.673784, 39.456878], [-75.674514, 39.455264], [-75.674568, 39.45512], [-75.674744, 39.453957], [-75.674652, 39.452881], [-75.673935, 39.450897], [-75.672996, 39.44971], [-75.665005, 39.442904], [-75.665269, 39.442695], [-75.664121, 39.441715], [-75.666019, 39.43953], [-75.665516, 39.4382], [-75.668718, 39.439345], [-75.670357, 39.439541], [-75.672073, 39.440647], [-75.672981, 39.44062], [-75.676393, 39.438736], [-75.675991, 39.438407], [-75.678291, 39.437804], [-75.679364, 39.437525], [-75.680806, 39.437468], [-75.680913, 39.434375], [-75.682605, 39.433925], [-75.683132, 39.434684], [-75.684158, 39.436267], [-75.686894, 39.436098], [-75.687452, 39.433641], [-75.689219, 39.433249], [-75.689144, 39.431937], [-75.695303, 39.433242], [-75.695862, 39.434682], [-75.693682, 39.435034], [-75.693537, 39.437598], [-75.693377, 39.437978], [-75.693542, 39.437974], [-75.694371, 39.436902], [-75.701482, 39.436539], [-75.70627, 39.433951], [-75.706596, 39.433379], [-75.709593, 39.431005], [-75.709881, 39.430556], [-75.709902, 39.429485], [-75.711945, 39.427684], [-75.71539, 39.430006], [-75.716927, 39.432833], [-75.717018, 39.433089], [-75.720147, 39.429366], [-75.724651, 39.426338], [-75.725271, 39.426983], [-75.725783, 39.426661], [-75.725136, 39.426049], [-75.727698, 39.425418], [-75.727261, 39.424113], [-75.719835, 39.413658], [-75.728961, 39.409792], [-75.729122, 39.409722], [-75.730614, 39.409069], [-75.733313, 39.407983], [-75.73349, 39.407861], [-75.734459, 39.406386], [-75.736694, 39.403045], [-75.741337, 39.406042], [-75.749789, 39.408411], [-75.753921, 39.399987], [-75.755902, 39.398033], [-75.760982, 39.395789], [-75.767981329647, 39.3933247533183], [-75.7698305587626, 39.4159893684849], [-75.7722499294203, 39.4456417811787], [-75.7738714399231, 39.4655154199966], [-75.7740392473093, 39.467572109348], [-75.772104, 39.468684], [-75.773359, 39.480946], [-75.7751296222804, 39.4809360180705], [-75.7762226834811, 39.494332849895], [-75.776225525787, 39.4943676859086], [-75.7795181992453, 39.5347235164389], [-75.7795846104508, 39.5355374688062]]]]}}, {"type": "Feature", "id": "08038", "properties": {"ZCTA5CE20": "08038", "GEOID20": "08038", "zip": "08038", "STUSPS": "DE"}, "geometry": {"type": "Polygon", "coordinates": [[[-75.544368, 39.479602], [-75.542693, 39.496568], [-75.527835, 39.49813], [-75.528019, 39.500414], [-75.525822, 39.500059], [-75.523783, 39.498283], [-75.521836, 39.498973], [-75.521689, 39.501098], [-75.519474, 39.502347], [-75.517952, 39.50116], [-75.518146, 39.498225], [-75.516589, 39.497361], [-75.513443, 39.499238], [-75.511179, 39.497685], [-75.510684, 39.494988], [-75.508537, 39.494531], [-75.505657, 39.49609], [-75.505095, 39.497946], [-75.506399, 39.498847], [-75.50898, 39.4987], [-75.510684, 39.500475], [-75.508841, 39.501523], [-75.502985, 39.50065], [-75.499336, 39.502506], [-75.494609, 39.503302], [-75.492616, 39.505319], [-75.49068, 39.50601], [-75.48718, 39.504558], [-75.482294, 39.505812], [-75.481093, 39.506795], [-75.480423, 39.511114], [-75.478858, 39.511872], [-75.476012, 39.511011], [-75.475679, 39.509182], [-75.476829, 39.507189], [-75.473341, 39.506193], [-75.471056, 39.505087], [-75.469454, 39.50478], [-75.467078, 39.505489], [-75.463541, 39.507698], [-75.460351, 39.508839], [-75.459782, 39.508074], [-75.459008, 39.50728], [-75.456333, 39.504717], [-75.454607, 39.503062], [-75.454129, 39.502361], [-75.452563, 39.502734], [-75.451388, 39.50314], [-75.449103, 39.499177], [-75.447458, 39.497419], [-75.447947, 39.494525], [-75.446777, 39.492102], [-75.44616, 39.489449], [-75.447762, 39.488911], [-75.44713, 39.485961], [-75.448569, 39.485406], [-75.448809, 39.480007], [-75.446681, 39.469241], [-75.448006, 39.46505], [-75.451179, 39.462363], [-75.453449, 39.461526], [-75.453826, 39.459942], [-75.456473, 39.459688], [-75.453991, 39.4577], [-75.455694, 39.457484], [-75.456565, 39.456233], [-75.458686, 39.455209], [-75.45825, 39.453809], [-75.455639, 39.453702], [-75.454715, 39.452775], [-75.453002, 39.452922], [-75.448735, 39.450388], [-75.448364, 39.446013], [-75.452437, 39.444118], [-75.452793, 39.441021], [-75.450856, 39.439026], [-75.447568, 39.438976], [-75.446924, 39.435306], [-75.447275, 39.432125], [-75.451281, 39.427253], [-75.451205, 39.42523], [-75.453299, 39.421607], [-75.451015, 39.4211], [-75.450588, 39.418049], [-75.451735562978, 39.4171182351665], [-75.456732, 39.422671], [-75.465212, 39.43893], [-75.47278, 39.437129], [-75.476279, 39.438126], [-75.483572, 39.440824], [-75.488208, 39.443363], [-75.488433, 39.447967], [-75.493724, 39.449489], [-75.498923, 39.448824], [-75.505672, 39.452927], [-75.508383, 39.459131], [-75.536431, 39.460559], [-75.542894, 39.470447], [-75.544368, 39.479602]]]}}, {"type": "Feature", "id": "19350", "properties": {"ZCTA5CE20": "19350", "GEOID20": "19350", "zip": "19350", "STUSPS": "DE"}, "geometry": {"type": "Polygon", "coordinates": [[[-75.874786, 39.735334], [-75.868251, 39.740316], [-75.867563, 39.74013], [-75.865939, 39.736833], [-75.86329, 39.737618], [-75.863997, 39.740224], [-75.862902, 39.74099], [-75.861417, 39.740231], [-75.860491, 39.740607], [-75.8556, 39.738656], [-75.854555, 39.73696], [-75.855573, 39.735562], [-75.855625, 39.735388], [-75.855278, 39.734168], [-75.854751, 39.733328], [-75.854655, 39.732942], [-75.853793, 39.73255], [-75.850119, 39.731596], [-75.848061, 39.730484], [-75.848276, 39.729991], [-75.84802, 39.73052], [-75.850706, 39.731951], [-75.854468, 39.732859], [-75.855547, 39.735462], [-75.854457, 39.736988], [-75.855614, 39.738709], [-75.856086, 39.739049], [-75.855324, 39.740985], [-75.853428, 39.743209], [-75.852516, 39.743467], [-75.848426, 39.742542], [-75.848479, 39.744988], [-75.849233, 39.748592], [-75.846527, 39.749167], [-75.840401, 39.749428], [-75.835887, 39.750543], [-75.835971, 39.751818], [-75.83386, 39.753831], [-75.834484, 39.758311], [-75.835323, 39.758748], [-75.833247, 39.761105], [-75.832254, 39.763444], [-75.829408, 39.766184], [-75.833488, 39.767634], [-75.836541, 39.767724], [-75.83785, 39.766617], [-75.838312, 39.766488], [-75.842259, 39.769954], [-75.849193, 39.770176], [-75.849484, 39.771971], [-75.847392, 39.775224], [-75.846696, 39.775533], [-75.845623, 39.774984], [-75.84325, 39.775131], [-75.841787, 39.776384], [-75.839613, 39.776248], [-75.840559, 39.782238], [-75.842332, 39.781554], [-75.843064, 39.781957], [-75.840963, 39.785225], [-75.841628, 39.789026], [-75.833155, 39.789735], [-75.832678, 39.783104], [-75.830004, 39.782735], [-75.822408, 39.784683], [-75.82067, 39.785904], [-75.817095, 39.786251], [-75.817109, 39.786452], [-75.818767, 39.786595], [-75.819806, 39.78818], [-75.822777, 39.789057], [-75.823972, 39.792832], [-75.823286, 39.792891], [-75.816773, 39.793448], [-75.808746, 39.793934], [-75.807101, 39.794034], [-75.807369, 39.795733], [-75.798198, 39.796496], [-75.797369, 39.796566], [-75.789214, 39.799186], [-75.789095, 39.797389], [-75.787408, 39.796738], [-75.78274, 39.797956], [-75.783536, 39.799687], [-75.782673, 39.799799], [-75.779008, 39.799931], [-75.779301, 39.802065], [-75.776575, 39.802134], [-75.775965, 39.802863], [-75.777418, 39.806896], [-75.776915, 39.810761], [-75.774092, 39.811066], [-75.772807, 39.812732], [-75.770246, 39.812927], [-75.768913, 39.815974], [-75.767788, 39.816288], [-75.767261, 39.81187], [-75.766514, 39.808887], [-75.766519, 39.805972], [-75.763171, 39.805532], [-75.762148, 39.804328], [-75.761112, 39.804826], [-75.761619, 39.80755], [-75.762763, 39.807905], [-75.761133, 39.81246], [-75.760323, 39.81299], [-75.751258, 39.809116], [-75.747518, 39.807027], [-75.744228, 39.805171], [-75.739641, 39.80261], [-75.737864, 39.801759], [-75.724964, 39.798219], [-75.726729, 39.795452], [-75.725268, 39.786426], [-75.7248646462336, 39.7858318762746], [-75.7248662643848, 39.7858306125756], [-75.727049, 39.784126], [-75.7322719210417, 39.7794967436064], [-75.736489, 39.775759], [-75.7393235590979, 39.77292479948], [-75.744394, 39.767855], [-75.751436564661, 39.7595520501506], [-75.753066, 39.757631], [-75.7544659060403, 39.7556311342282], [-75.7592137517567, 39.7488484974904], [-75.7601016113381, 39.7475801266599], [-75.760346, 39.747231], [-75.7658791814134, 39.7381059004001], [-75.765959924236, 39.737972742594], [-75.766058, 39.737811], [-75.7685355938002, 39.7328061194598], [-75.7735771766673, 39.7226218350215], [-75.773786, 39.7222], [-75.788596, 39.722199], [-75.7908918505936, 39.7221326386762], [-75.799563, 39.721882], [-75.810068, 39.721906], [-75.8120795108649, 39.7219024800347], [-75.8214599480481, 39.7218860651028], [-75.8418617906471, 39.7218503636904], [-75.8751267412808, 39.7217921529814], [-75.874879, 39.722545], [-75.873843, 39.726419], [-75.875437, 39.735609], [-75.874786, 39.735334]]]}}, {"type": "Feature", "id": "19904", "properties": {"ZCTA5CE20": "19904", "GEOID20": "19904", "zip": "19904", "STUSPS": "DE"}, "geometry": {"type": "MultiPolygon", "coordinates": [[[[-75.547057, 39.108836], [-75.546785, 39.109112], [-75.541056, 39.105645], [-75.542504, 39.102612], [-75.548765, 39.106051], [-75.547057, 39.108836]]], [[[-75.561748, 39.072718], [-75.559785, 39.072541], [-75.554782, 39.071456], [-75.554533, 39.071408], [-75.554729, 39.069052], [-75.553857, 39.068921], [-75.554275, 39.066426], [-75.561323, 39.070336], [-75.561748, 39.072718]]], [[[-75.582458, 39.08361], [-75.576548, 39.085283], [-75.573403, 39.08571], [-75.569772, 39.089587], [-75.568125, 39.091066], [-75.567615, 39.091284], [-75.568672, 39.092112], [-75.571296, 39.09859], [-75.571223, 39.098622], [-75.569565, 39.096115], [-75.565662, 39.097084], [-75.556245, 39.099525], [-75.555269, 39.101498], [-75.55638, 39.102263], [-75.55377, 39.104842], [-75.552236, 39.103599], [-75.554339, 39.10138], [-75.55562, 39.099145], [-75.556045, 39.096106], [-75.554595, 39.095472], [-75.551621, 39.095382], [-75.551111, 39.094899], [-75.551186, 39.092655], [-75.547169, 39.092608], [-75.55011, 39.086305], [-75.551695, 39.085659], [-75.554663, 39.085786], [-75.556269, 39.084552], [-75.559001, 39.08525], [-75.559254, 39.08438], [-75.560153, 39.082358], [-75.562796, 39.076293], [-75.563222, 39.075251], [-75.563226, 39.073903], [-75.56185, 39.073739], [-75.563208, 39.073727], [-75.563102, 39.072724], [-75.568892, 39.071644], [-75.568792, 39.072692], [-75.568602, 39.072729], [-75.567775, 39.079555], [-75.570928, 39.079267], [-75.571999, 39.077258], [-75.575113, 39.077496], [-75.574604, 39.074671], [-75.573524, 39.073912], [-75.572565, 39.071969], [-75.572125, 39.071042], [-75.574705, 39.070557], [-75.575695, 39.071366], [-75.576447, 39.071906], [-75.581681, 39.075762], [-75.582458, 39.08361]]], [[[-75.673175, 39.192517], [-75.666625, 39.191924], [-75.666196, 39.194643], [-75.649751, 39.199773], [-75.648633, 39.202272], [-75.649162, 39.203015], [-75.646637, 39.205324], [-75.636691, 39.207862], [-75.631657, 39.212884], [-75.629671, 39.215867], [-75.656524, 39.22375], [-75.658288, 39.224463], [-75.65534, 39.224909], [-75.651821, 39.228066], [-75.650324, 39.228994], [-75.64783, 39.229389], [-75.646177, 39.231212], [-75.645341, 39.231261], [-75.641592, 39.232875], [-75.639629, 39.232215], [-75.633365, 39.231481], [-75.632374, 39.232709], [-75.631042, 39.232152], [-75.628266, 39.229077], [-75.626848, 39.23077], [-75.631703, 39.233837], [-75.630869, 39.234787], [-75.626737, 39.23529], [-75.622463, 39.239102], [-75.61802, 39.238824], [-75.617484, 39.23972], [-75.615076, 39.240303], [-75.614139, 39.242762], [-75.611519, 39.244957], [-75.605299, 39.244473], [-75.59984, 39.243689], [-75.595586, 39.244072], [-75.588101, 39.244031], [-75.583045, 39.2355], [-75.58374, 39.235175], [-75.583305, 39.234568], [-75.583361, 39.234129], [-75.582483, 39.234325], [-75.582131, 39.233743], [-75.582923, 39.233396], [-75.581808, 39.232276], [-75.581318, 39.23264], [-75.57981, 39.2302], [-75.579959, 39.230019], [-75.580474, 39.229491], [-75.581132, 39.228548], [-75.582451, 39.227879], [-75.582833, 39.225825], [-75.578089, 39.226827], [-75.577798, 39.226216], [-75.577324, 39.223213], [-75.578228, 39.222809], [-75.575638, 39.221465], [-75.575376, 39.220891], [-75.57763, 39.2194], [-75.579978, 39.222033], [-75.581697, 39.221279], [-75.58171, 39.221273], [-75.581758, 39.221252], [-75.581924, 39.22118], [-75.582137, 39.221087], [-75.586164, 39.21936], [-75.588688, 39.221729], [-75.591072, 39.220514], [-75.592496, 39.218757], [-75.59134, 39.217099], [-75.58926, 39.217984], [-75.586895, 39.215523], [-75.584691, 39.215752], [-75.58499, 39.215375], [-75.583621, 39.213148], [-75.582157, 39.213812], [-75.582099, 39.214271], [-75.579445, 39.211536], [-75.575259, 39.210995], [-75.573044, 39.211712], [-75.571674, 39.211046], [-75.574437, 39.209052], [-75.570034, 39.204167], [-75.569863, 39.20548], [-75.568516, 39.206322], [-75.566323, 39.206514], [-75.565653, 39.204686], [-75.562613, 39.201734], [-75.559913, 39.202868], [-75.559177, 39.202321], [-75.555891, 39.200037], [-75.557607, 39.198183], [-75.558866, 39.191663], [-75.55573, 39.18935], [-75.553222, 39.186342], [-75.55045, 39.18542], [-75.548193, 39.183402], [-75.545152, 39.182867], [-75.544075, 39.183654], [-75.543267, 39.183796], [-75.539078, 39.182192], [-75.534314, 39.184547], [-75.529561, 39.181], [-75.529871, 39.174467], [-75.529919, 39.174027], [-75.529962, 39.172948], [-75.529603, 39.171877], [-75.530247, 39.171726], [-75.527753, 39.165112], [-75.527587, 39.163877], [-75.527793, 39.164487], [-75.529385, 39.164077], [-75.528383, 39.161429], [-75.527623, 39.161258], [-75.526389, 39.161538], [-75.52571, 39.159711], [-75.524378, 39.158047], [-75.524105, 39.157242], [-75.525629, 39.156291], [-75.524908, 39.154354], [-75.523903, 39.154591], [-75.523074, 39.152706], [-75.524941, 39.152256], [-75.524907, 39.150104], [-75.522983, 39.150036], [-75.522822, 39.143154], [-75.524126, 39.143705], [-75.524405, 39.141372], [-75.524949, 39.141265], [-75.524522, 39.139982], [-75.525274, 39.139852], [-75.524666, 39.139078], [-75.525042, 39.138782], [-75.525675, 39.138141], [-75.527939, 39.133606], [-75.528368, 39.132753], [-75.528559, 39.13235], [-75.532097, 39.124813], [-75.53252, 39.123896], [-75.535087, 39.125186], [-75.539023, 39.124346], [-75.542335, 39.122474], [-75.54467, 39.124163], [-75.548275, 39.12311], [-75.550543, 39.125486], [-75.550515, 39.127548], [-75.554439, 39.123305], [-75.554824, 39.122733], [-75.555218, 39.122935], [-75.555554, 39.123121], [-75.557329, 39.122933], [-75.557995, 39.123387], [-75.560047, 39.122609], [-75.560313, 39.121637], [-75.562148, 39.122298], [-75.562705, 39.123468], [-75.56559, 39.124864], [-75.568354, 39.124441], [-75.575645, 39.125412], [-75.578418, 39.124335], [-75.581838, 39.124637], [-75.586393, 39.123191], [-75.587627, 39.123641], [-75.588749, 39.123865], [-75.588581, 39.12453], [-75.586975, 39.127224], [-75.586535, 39.131255], [-75.586492, 39.139695], [-75.588255, 39.139022], [-75.592157, 39.137539], [-75.597406, 39.136299], [-75.595067, 39.13061], [-75.598487, 39.129859], [-75.598295, 39.128919], [-75.603498, 39.128977], [-75.604512, 39.133447], [-75.605191, 39.133214], [-75.607729, 39.132355], [-75.616452, 39.128324], [-75.617714, 39.128291], [-75.61968, 39.129097], [-75.621587, 39.129755], [-75.622471, 39.129829], [-75.624013, 39.131416], [-75.626716, 39.130874], [-75.632434, 39.136986], [-75.630448, 39.137374], [-75.629723, 39.141673], [-75.630981, 39.14155], [-75.632242, 39.142159], [-75.634392, 39.143724], [-75.638101, 39.148172], [-75.638192, 39.148237], [-75.646473, 39.147649], [-75.64732, 39.154358], [-75.64877, 39.154149], [-75.650879, 39.155628], [-75.650156, 39.156283], [-75.65233, 39.156841], [-75.65402, 39.159483], [-75.661871, 39.168615], [-75.664569, 39.167905], [-75.669687, 39.175969], [-75.671996, 39.179246], [-75.670172, 39.181381], [-75.66838, 39.184024], [-75.667862, 39.185308], [-75.669036, 39.185028], [-75.672997, 39.187761], [-75.673175, 39.192517]]]]}}, {"type": "Feature", "id": "19979", "properties": {"ZCTA5CE20": "19979", "GEOID20": "19979", "zip": "19979", "STUSPS": "DE"}, "geometry": {"type": "Polygon", "coordinates": [[[-75.593051, 39.049415], [-75.592778, 39.052506], [-75.591528, 39.066722], [-75.581136, 39.069343], [-75.57903, 39.065515], [-75.582235, 39.061439], [-75.579324, 39.055501], [-75.578253, 39.054716], [-75.574568, 39.055277], [-75.574707, 39.053761], [-75.573229, 39.054045], [-75.571122, 39.054066], [-75.569137, 39.068853], [-75.566602, 39.069332], [-75.564755, 39.069674], [-75.562236, 39.059594], [-75.561072, 39.059819], [-75.560785, 39.058753], [-75.560287, 39.057051], [-75.557312, 39.047657], [-75.557676, 39.045473], [-75.558722, 39.041945], [-75.560172, 39.037014], [-75.563084, 39.036634], [-75.568543, 39.037397], [-75.571149, 39.034815], [-75.572975, 39.034755], [-75.573088, 39.033549], [-75.573104, 39.033544], [-75.573358, 39.033507], [-75.573213, 39.034736], [-75.575192, 39.035622], [-75.577199, 39.037885], [-75.579805, 39.036896], [-75.581841, 39.038961], [-75.586307, 39.03829], [-75.586645, 39.037043], [-75.590159, 39.036619], [-75.590403, 39.035923], [-75.591452, 39.036186], [-75.594807, 39.040624], [-75.593051, 39.049415]]]}}, {"type": "Feature", "id": "19933", "properties": {"ZCTA5CE20": "19933", "GEOID20": "19933", "zip": "19933", "STUSPS": "DE"}, "geometry": {"type": "Polygon", "coordinates": [[[-75.7175997769968, 38.7657380462784], [-75.715721, 38.76821], [-75.713511, 38.768766], [-75.711561, 38.771458], [-75.709323, 38.772733], [-75.708187, 38.774496], [-75.708503, 38.775479], [-75.706988, 38.778193], [-75.706715, 38.77966], [-75.703767, 38.781259], [-75.703592, 38.782149], [-75.701199, 38.782534], [-75.698504, 38.780612], [-75.695956, 38.781974], [-75.692125, 38.782535], [-75.687993, 38.781762], [-75.685142, 38.780646], [-75.685657, 38.781863], [-75.682794, 38.787281], [-75.682424, 38.788148], [-75.679283, 38.791263], [-75.678768, 38.790368], [-75.673771, 38.78611], [-75.671933, 38.785165], [-75.668901, 38.785527], [-75.666753, 38.784566], [-75.664416, 38.784219], [-75.661315, 38.782867], [-75.658753, 38.78363], [-75.656808, 38.783728], [-75.655124, 38.784475], [-75.651839, 38.78448], [-75.649233, 38.78408], [-75.63826, 38.788748], [-75.63331, 38.79121], [-75.630352, 38.789448], [-75.627636, 38.788985], [-75.625003, 38.789351], [-75.624447, 38.787324], [-75.626432, 38.785211], [-75.626729, 38.782486], [-75.624033, 38.779667], [-75.617996, 38.777308], [-75.612304, 38.776349], [-75.610682, 38.775059], [-75.610773, 38.77402], [-75.606862, 38.771512], [-75.604687, 38.771793], [-75.602672, 38.770305], [-75.600206, 38.771546], [-75.598275, 38.780753], [-75.59691, 38.781244], [-75.595541, 38.780233], [-75.594409, 38.781861], [-75.594679, 38.783205], [-75.59355, 38.785244], [-75.59407, 38.786694], [-75.593584, 38.789035], [-75.590812, 38.789005], [-75.59064, 38.790396], [-75.590285, 38.791792], [-75.588324, 38.791585], [-75.587169, 38.789337], [-75.587093, 38.785152], [-75.586474, 38.782653], [-75.587877, 38.779433], [-75.587128, 38.776856], [-75.580953, 38.776181], [-75.582014, 38.769434], [-75.579899, 38.763632], [-75.58379, 38.759964], [-75.566639, 38.752543], [-75.565724, 38.752418], [-75.5626, 38.753242], [-75.555795, 38.753204], [-75.554215, 38.752827], [-75.552542, 38.751897], [-75.551092, 38.754507], [-75.550734, 38.75839], [-75.548664, 38.760346], [-75.548853, 38.761417], [-75.54632, 38.763971], [-75.545078, 38.764416], [-75.540917, 38.764454], [-75.536608, 38.765947], [-75.532784, 38.766248], [-75.527338, 38.767994], [-75.52477, 38.767411], [-75.52136, 38.767184], [-75.519107, 38.767453], [-75.516091, 38.768496], [-75.514854, 38.769082], [-75.513042, 38.771147], [-75.511523, 38.776492], [-75.504391, 38.778977], [-75.50222, 38.78197], [-75.494845, 38.788563], [-75.493996, 38.789129], [-75.488754, 38.790268], [-75.48814, 38.782145], [-75.488983, 38.772593], [-75.488338, 38.769536], [-75.489433, 38.7687], [-75.488029, 38.768976], [-75.485277, 38.76689], [-75.485339, 38.764511], [-75.483225, 38.762276], [-75.485203, 38.760814], [-75.485103, 38.757782], [-75.485827, 38.756031], [-75.484206, 38.755613], [-75.475198, 38.751308], [-75.466229, 38.747343], [-75.469867, 38.746447], [-75.474705, 38.74116], [-75.481142, 38.738725], [-75.481885, 38.736964], [-75.482275, 38.732868], [-75.483935, 38.729615], [-75.485112, 38.728461], [-75.486184, 38.726324], [-75.488243, 38.725534], [-75.489869, 38.724168], [-75.491765, 38.72351], [-75.493406, 38.72047], [-75.496251, 38.719382], [-75.500713, 38.716851], [-75.502922, 38.716021], [-75.506196, 38.713641], [-75.510637, 38.71265], [-75.514046, 38.712585], [-75.516864, 38.711839], [-75.51989, 38.710438], [-75.5211, 38.708381], [-75.52265, 38.707463], [-75.524711, 38.707403], [-75.527341, 38.706426], [-75.529186, 38.703669], [-75.528373, 38.701664], [-75.529938, 38.699829], [-75.530128, 38.698176], [-75.52921, 38.696698], [-75.531762, 38.694798], [-75.530354, 38.692908], [-75.530222, 38.69127], [-75.531308, 38.690974], [-75.537027, 38.692629], [-75.541276, 38.691147], [-75.543463, 38.689763], [-75.546968, 38.68884], [-75.547241, 38.687417], [-75.548994, 38.686544], [-75.552463, 38.68644], [-75.554755, 38.687632], [-75.555617, 38.686781], [-75.558126, 38.684534], [-75.554861, 38.682457], [-75.559474, 38.680188], [-75.567403, 38.683227], [-75.568475, 38.683861], [-75.572314, 38.677602], [-75.576189, 38.678601], [-75.577027, 38.677111], [-75.577298, 38.675546], [-75.581557, 38.678868], [-75.58225, 38.679411], [-75.583779, 38.680607], [-75.581339, 38.683703], [-75.581635, 38.686376], [-75.580903, 38.688733], [-75.584175, 38.692222], [-75.587357, 38.692864], [-75.586566, 38.69847], [-75.589076, 38.699672], [-75.590503, 38.698988], [-75.589938, 38.702086], [-75.589896, 38.702548], [-75.59144, 38.701917], [-75.590701, 38.703816], [-75.592102, 38.706992], [-75.606032, 38.699345], [-75.605942, 38.698595], [-75.603691, 38.697464], [-75.603311, 38.695981], [-75.602033, 38.695115], [-75.60233, 38.694767], [-75.604192, 38.695161], [-75.603108, 38.693821], [-75.610068, 38.685501], [-75.611735, 38.683261], [-75.612597, 38.683391], [-75.617784, 38.686408], [-75.617951, 38.68642], [-75.622068, 38.686414], [-75.625511, 38.689116], [-75.62464, 38.693796], [-75.626147, 38.699829], [-75.625928, 38.701905], [-75.628482, 38.703649], [-75.627732, 38.703585], [-75.6269, 38.70734], [-75.627416, 38.707671], [-75.630372, 38.709559], [-75.630561, 38.707981], [-75.641131, 38.708262], [-75.644672, 38.706678], [-75.643417, 38.705621], [-75.642555, 38.702965], [-75.646933, 38.702141], [-75.652365, 38.702216], [-75.652121, 38.699583], [-75.652921, 38.697856], [-75.657652, 38.698234], [-75.656922, 38.701969], [-75.663188, 38.701579], [-75.665365, 38.700824], [-75.669302, 38.698529], [-75.671128, 38.696085], [-75.678775, 38.698684], [-75.688081, 38.695773], [-75.689904, 38.697597], [-75.691993, 38.693269], [-75.694194, 38.692153], [-75.695533, 38.690719], [-75.700271, 38.6914], [-75.705682, 38.691009], [-75.707862, 38.692146], [-75.709327, 38.691212], [-75.7117447752711, 38.6912452924057], [-75.7122765948478, 38.6980115935414], [-75.712876155396, 38.7056397580475], [-75.7175894770882, 38.7656070013029], [-75.7175997769968, 38.7657380462784]]]}}, {"type": "Feature", "id": "08085", "properties": {"ZCTA5CE20": "08085", "GEOID20": "08085", "zip": "08085", "STUSPS": "DE"}, "geometry": {"type": "Polygon", "coordinates": [[[-75.428302, 39.784373], [-75.421683, 39.787303], [-75.419329, 39.789725], [-75.4156, 39.791477], [-75.413018, 39.792357], [-75.411302, 39.793538], [-75.407687, 39.794088], [-75.404274, 39.795567], [-75.403553, 39.796874], [-75.395872, 39.799756], [-75.391038, 39.798529], [-75.390044, 39.801249], [-75.388977, 39.801699], [-75.380875, 39.807397], [-75.378239, 39.807622], [-75.371066, 39.806992], [-75.366684, 39.807529], [-75.364321, 39.806941], [-75.361787, 39.805206], [-75.360593, 39.803466], [-75.35569, 39.803067], [-75.356025, 39.800819], [-75.355323, 39.801153], [-75.35531, 39.800443], [-75.354024, 39.798391], [-75.354343, 39.797192], [-75.358779, 39.793766], [-75.357771, 39.792227], [-75.356538, 39.793983], [-75.354569, 39.794036], [-75.353017, 39.792732], [-75.354009, 39.791186], [-75.356273, 39.789544], [-75.354993, 39.788075], [-75.356039, 39.785338], [-75.353, 39.783407], [-75.351306, 39.783856], [-75.350273, 39.783275], [-75.350022, 39.78164], [-75.3534, 39.778755], [-75.353547, 39.77782], [-75.355208, 39.776904], [-75.354495, 39.773704], [-75.351643, 39.772684], [-75.350618, 39.773599], [-75.349854, 39.772386], [-75.348261, 39.771539], [-75.339639, 39.778476], [-75.341335, 39.783509], [-75.345384, 39.793876], [-75.347195, 39.798115], [-75.347396, 39.799155], [-75.339641, 39.799558], [-75.338711, 39.800635], [-75.339022, 39.802882], [-75.341453, 39.80288], [-75.341504, 39.803146], [-75.340127, 39.8031], [-75.340439, 39.806176], [-75.336201, 39.807336], [-75.337579, 39.809321], [-75.339249, 39.813048], [-75.340537, 39.812987], [-75.341171, 39.816053], [-75.339199, 39.818581], [-75.344031, 39.824138], [-75.347825, 39.827391], [-75.346274, 39.827224], [-75.343754, 39.828529], [-75.342696, 39.826807], [-75.336955, 39.829441], [-75.334404, 39.831009], [-75.333953, 39.83118], [-75.33287, 39.830975], [-75.331959, 39.831282], [-75.330176, 39.829871], [-75.32904, 39.828257], [-75.328075, 39.825592], [-75.327767, 39.825143], [-75.326925, 39.82724], [-75.32438, 39.825303], [-75.32287, 39.825341], [-75.322661, 39.823275], [-75.320919, 39.822604], [-75.319736, 39.82419], [-75.317786, 39.821605], [-75.315693, 39.821416], [-75.314431, 39.822147], [-75.314133, 39.820393], [-75.311074, 39.819339], [-75.308818, 39.816679], [-75.306, 39.81608], [-75.301317, 39.813972], [-75.299512, 39.810091], [-75.297852, 39.808824], [-75.2953, 39.807908], [-75.292066, 39.805909], [-75.290085, 39.803444], [-75.289992, 39.800444], [-75.287974, 39.796953], [-75.288519, 39.79325], [-75.286282, 39.792834], [-75.285339, 39.791216], [-75.285803, 39.78913], [-75.287346, 39.788645], [-75.287463, 39.787121], [-75.286265, 39.785857], [-75.284876, 39.785873], [-75.282435, 39.784868], [-75.281884, 39.782358], [-75.282884, 39.781268], [-75.282825, 39.779323], [-75.280731, 39.777476], [-75.276871, 39.7764], [-75.27647, 39.77551], [-75.274587, 39.77484], [-75.274218, 39.772086], [-75.275257, 39.769216], [-75.274993, 39.768702], [-75.27304, 39.767866], [-75.265003, 39.762216], [-75.265814, 39.755784], [-75.267068, 39.744132], [-75.268145, 39.743434], [-75.269842, 39.742944], [-75.275977, 39.73656], [-75.271091, 39.733794], [-75.277957, 39.730327], [-75.286173, 39.723364], [-75.274843, 39.707463], [-75.268277, 39.701892], [-75.266282, 39.703222], [-75.265897, 39.699853], [-75.264734, 39.698862], [-75.269772, 39.694118], [-75.272594, 39.691763], [-75.276816, 39.693851], [-75.277574, 39.689774], [-75.27847, 39.689051], [-75.280972, 39.68973], [-75.285444, 39.688503], [-75.285436, 39.685377], [-75.286473, 39.680411], [-75.286963, 39.680244], [-75.287775, 39.681496], [-75.291052, 39.682759], [-75.291989, 39.684185], [-75.293254, 39.684725], [-75.295291, 39.686149], [-75.297033, 39.685757], [-75.301543, 39.688209], [-75.304622, 39.687882], [-75.306451, 39.689532], [-75.310409, 39.689018], [-75.312198, 39.690822], [-75.312612, 39.691298], [-75.313625, 39.691784], [-75.314722, 39.691512], [-75.3149, 39.691319], [-75.315988, 39.691016], [-75.319479, 39.691221], [-75.321784, 39.69125], [-75.32442, 39.689457], [-75.326608, 39.690222], [-75.326822, 39.694111], [-75.325522, 39.695135], [-75.326701, 39.696287], [-75.330903, 39.696779], [-75.330926, 39.698131], [-75.333285, 39.699303], [-75.335241, 39.700244], [-75.336052, 39.70388], [-75.340297, 39.705213], [-75.34159, 39.704329], [-75.343588, 39.705802], [-75.347428, 39.707108], [-75.348118, 39.70919], [-75.350252, 39.711247], [-75.353076, 39.711708], [-75.355534, 39.711725], [-75.357225, 39.712963], [-75.35891, 39.712298], [-75.359372, 39.713627], [-75.360354, 39.713245], [-75.36712, 39.705635], [-75.369949, 39.7072], [-75.370671, 39.707756], [-75.370849, 39.707973], [-75.37554, 39.716013], [-75.369458, 39.723364], [-75.370445, 39.723177], [-75.372342, 39.724774], [-75.372951, 39.724028], [-75.375263, 39.725329], [-75.374971, 39.726398], [-75.376589, 39.726421], [-75.376342, 39.728534], [-75.3747, 39.728406], [-75.375795, 39.729966], [-75.377964, 39.730462], [-75.377541, 39.731701], [-75.37563, 39.73189], [-75.375298, 39.734002], [-75.374102, 39.735374], [-75.374809, 39.737154], [-75.377, 39.738024], [-75.37735, 39.739055], [-75.375081, 39.740289], [-75.37765, 39.740363], [-75.376699, 39.741723], [-75.377618, 39.743044], [-75.376758, 39.744944], [-75.378228, 39.74587], [-75.378627, 39.74703], [-75.379961, 39.748121], [-75.381343, 39.747969], [-75.381165, 39.746795], [-75.383135, 39.745784], [-75.383985, 39.746977], [-75.385847, 39.746969], [-75.387259, 39.749505], [-75.386366, 39.750837], [-75.38865, 39.750971], [-75.388124, 39.752411], [-75.390106, 39.75185], [-75.390673, 39.750075], [-75.391839, 39.750008], [-75.394662, 39.753117], [-75.395129, 39.754343], [-75.394312, 39.755553], [-75.39117, 39.755309], [-75.389334, 39.756416], [-75.392749, 39.757975], [-75.391337, 39.759386], [-75.389659, 39.759918], [-75.389947, 39.76051], [-75.396577, 39.761281], [-75.39782, 39.757473], [-75.399591, 39.758717], [-75.399585, 39.761465], [-75.403204, 39.761253], [-75.405959, 39.763484], [-75.405016, 39.766363], [-75.404922, 39.769043], [-75.403278, 39.770037], [-75.40165, 39.767883], [-75.400232, 39.767827], [-75.397367, 39.769234], [-75.395215, 39.772609], [-75.394998, 39.773846], [-75.396601, 39.774141], [-75.397928, 39.772945], [-75.399378, 39.772565], [-75.400521, 39.773578], [-75.400859, 39.776274], [-75.400168, 39.778433], [-75.402481, 39.78258], [-75.404011, 39.782874], [-75.405928, 39.781122], [-75.407787, 39.781208], [-75.407993, 39.782034], [-75.406423, 39.783378], [-75.406774, 39.784854], [-75.407517, 39.78724], [-75.409172, 39.787749], [-75.411476, 39.785725], [-75.41351, 39.785011], [-75.417398, 39.785626], [-75.420792, 39.784631], [-75.424715, 39.783881], [-75.429061, 39.78382], [-75.428302, 39.784373]]]}}, {"type": "Feature", "id": "21862", "properties": {"ZCTA5CE20": "21862", "GEOID20": "21862", "zip": "21862", "STUSPS": "DE"}, "geometry": {"type": "Polygon", "coordinates": [[[-75.231429, 38.398679], [-75.231731, 38.400324], [-75.230224, 38.400832], [-75.227912, 38.403342], [-75.224594, 38.402514], [-75.223609, 38.400351], [-75.220596, 38.399733], [-75.2192, 38.400416], [-75.217124, 38.400263], [-75.215797, 38.401534], [-75.216254, 38.405466], [-75.2127, 38.404958], [-75.212214, 38.405168], [-75.212077, 38.405235], [-75.209328, 38.401209], [-75.205123, 38.401549], [-75.200012, 38.403067], [-75.197563, 38.402766], [-75.196327, 38.401934], [-75.196356, 38.401446], [-75.197639, 38.399706], [-75.200569, 38.400065], [-75.202475, 38.398859], [-75.204887, 38.395396], [-75.203686, 38.392371], [-75.204406, 38.392592], [-75.204671, 38.393964], [-75.205222, 38.394823], [-75.207282, 38.394377], [-75.209999, 38.391863], [-75.210449, 38.390185], [-75.208159, 38.388129], [-75.208885, 38.387083], [-75.212142, 38.38539], [-75.213363, 38.383921], [-75.214607, 38.391459], [-75.21685, 38.392088], [-75.219017, 38.3967], [-75.222322, 38.395574], [-75.22428, 38.394175], [-75.227065, 38.39329], [-75.23204, 38.395417], [-75.231429, 38.398679]]]}}, {"type": "Feature", "id": "08062", "properties": {"ZCTA5CE20": "08062", "GEOID20": "08062", "zip": "08062", "STUSPS": "DE"}, "geometry": {"type": "Polygon", "coordinates": [[[-75.286473, 39.680411], [-75.266452, 39.685011], [-75.266223, 39.685264], [-75.266104, 39.688553], [-75.272594, 39.691763], [-75.269772, 39.694118], [-75.264734, 39.698862], [-75.265897, 39.699853], [-75.266282, 39.703222], [-75.268277, 39.701892], [-75.274843, 39.707463], [-75.286173, 39.723364], [-75.277957, 39.730327], [-75.271091, 39.733794], [-75.275977, 39.73656], [-75.269842, 39.742944], [-75.268145, 39.743434], [-75.267068, 39.744132], [-75.265814, 39.755784], [-75.265003, 39.762216], [-75.261073, 39.761704], [-75.261277, 39.76252], [-75.25495, 39.76589], [-75.253841, 39.764514], [-75.251463, 39.760451], [-75.249002, 39.760131], [-75.245232, 39.763365], [-75.243606, 39.760707], [-75.243589, 39.759573], [-75.229403, 39.758089], [-75.235619, 39.764188], [-75.233145, 39.763828], [-75.226008, 39.760995], [-75.229017, 39.758058], [-75.222662, 39.757541], [-75.212653, 39.756745], [-75.209218, 39.756375], [-75.20354, 39.752952], [-75.200177, 39.753468], [-75.200731, 39.754887], [-75.199465, 39.756196], [-75.194462, 39.755997], [-75.190905, 39.755006], [-75.185127, 39.75608], [-75.184852, 39.750598], [-75.184641, 39.747341], [-75.187076, 39.747905], [-75.193472, 39.746985], [-75.184868, 39.741874], [-75.18005, 39.739057], [-75.174181, 39.735605], [-75.164654, 39.729912], [-75.158875, 39.726404], [-75.152861, 39.722846], [-75.139513, 39.715024], [-75.142213, 39.71218], [-75.146672, 39.707477], [-75.151075, 39.702837], [-75.152607, 39.701223], [-75.159013, 39.694477], [-75.167545, 39.685468], [-75.172931, 39.686912], [-75.176799, 39.686142], [-75.178865, 39.685063], [-75.184062, 39.685333], [-75.189463, 39.689405], [-75.189076, 39.690508], [-75.192917, 39.697632], [-75.197732, 39.694357], [-75.201281, 39.686701], [-75.206463, 39.684751], [-75.207081, 39.680204], [-75.199055, 39.675244], [-75.207845, 39.668705], [-75.209533, 39.66854], [-75.210891, 39.665488], [-75.210324, 39.664071], [-75.211623, 39.664226], [-75.213056, 39.664444], [-75.216636, 39.663404], [-75.2191, 39.661943], [-75.222475, 39.662164], [-75.22393, 39.663077], [-75.22887, 39.661941], [-75.230868, 39.662264], [-75.233453, 39.66143], [-75.234857, 39.661619], [-75.23626, 39.66268], [-75.240464, 39.663104], [-75.242893, 39.663991], [-75.245311, 39.664107], [-75.247905, 39.665208], [-75.250704, 39.66862], [-75.251042, 39.671335], [-75.250116, 39.672895], [-75.25172, 39.674378], [-75.251401, 39.676777], [-75.253018, 39.677798], [-75.253278, 39.679026], [-75.255359, 39.678755], [-75.258542, 39.679676], [-75.259442, 39.680751], [-75.262331, 39.681782], [-75.268468, 39.682263], [-75.27259, 39.681757], [-75.273274, 39.680889], [-75.276021, 39.680424], [-75.277939, 39.681168], [-75.28253, 39.680004], [-75.285999, 39.679588], [-75.286963, 39.680244], [-75.286473, 39.680411]], [[-75.170119, 39.704704], [-75.16641, 39.704543], [-75.156265, 39.709513], [-75.161369, 39.721124], [-75.166293, 39.722482], [-75.168689, 39.72129], [-75.166763, 39.720135], [-75.170119, 39.704704]]]}}, {"type": "Feature", "id": "19968", "properties": {"ZCTA5CE20": "19968", "GEOID20": "19968", "zip": "19968", "STUSPS": "DE"}, "geometry": {"type": "Polygon", "coordinates": [[[-75.405393, 38.753501], [-75.403018, 38.75321], [-75.399144, 38.75595], [-75.398407, 38.757769], [-75.3983, 38.760158], [-75.398909, 38.763048], [-75.399988, 38.765163], [-75.399298, 38.77047], [-75.399662, 38.771618], [-75.399863, 38.775876], [-75.398034, 38.776707], [-75.396953, 38.778522], [-75.391734, 38.778798], [-75.383846, 38.783335], [-75.380684, 38.783441], [-75.376808, 38.782094], [-75.371686, 38.781992], [-75.365907, 38.783521], [-75.340676, 38.786696], [-75.340734, 38.794685], [-75.341829, 38.79788], [-75.342273, 38.800454], [-75.341976, 38.804234], [-75.342387, 38.808497], [-75.345383, 38.81567], [-75.344932, 38.818834], [-75.343556, 38.826752], [-75.34501, 38.828312], [-75.345712, 38.834144], [-75.340029, 38.833187], [-75.326651, 38.832304], [-75.32453, 38.831889], [-75.325063, 38.834975], [-75.320579, 38.836582], [-75.322032, 38.83891], [-75.319063, 38.840041], [-75.317678, 38.837633], [-75.305142, 38.842262], [-75.303505, 38.839461], [-75.303788, 38.833903], [-75.303496, 38.831909], [-75.301074, 38.82953], [-75.294451, 38.827777], [-75.294335, 38.826792], [-75.296705, 38.82645], [-75.298771, 38.825315], [-75.300647, 38.82556], [-75.30011, 38.826559], [-75.302068, 38.826807], [-75.302143, 38.825596], [-75.304431, 38.82588], [-75.30486, 38.824141], [-75.301254, 38.825288], [-75.299706, 38.824907], [-75.297156, 38.825809], [-75.292761, 38.826056], [-75.290741, 38.826582], [-75.289972, 38.82902], [-75.287378, 38.829209], [-75.286956, 38.827484], [-75.285165, 38.82759], [-75.280743, 38.826395], [-75.279857, 38.828058], [-75.276593, 38.829754], [-75.271565, 38.82864], [-75.269572, 38.829425], [-75.266709, 38.82881], [-75.26579, 38.829658], [-75.266529, 38.83172], [-75.264643, 38.831985], [-75.263297, 38.833306], [-75.260298, 38.832579], [-75.260819, 38.834865], [-75.25946, 38.836049], [-75.257861, 38.835568], [-75.256803, 38.836447], [-75.257404, 38.837589], [-75.259574, 38.837783], [-75.260487, 38.838744], [-75.259509, 38.840089], [-75.255689, 38.840972], [-75.253351, 38.839433], [-75.252253, 38.840066], [-75.254295, 38.842513], [-75.252095, 38.844193], [-75.247964, 38.841278], [-75.248238, 38.839588], [-75.246141, 38.838085], [-75.240615, 38.838898], [-75.236595, 38.840061], [-75.2272424630767, 38.8405129718159], [-75.205329, 38.823386], [-75.190552, 38.806861], [-75.1902011884624, 38.806676942826], [-75.160748, 38.791224], [-75.1593914590396, 38.7904136907705], [-75.160894, 38.791032], [-75.16171, 38.790255], [-75.169576, 38.793615], [-75.171718, 38.795123], [-75.176306, 38.79738], [-75.181534, 38.798634], [-75.184194, 38.801162], [-75.192035, 38.806014], [-75.192644, 38.805149], [-75.194015, 38.804793], [-75.195754, 38.803441], [-75.195846, 38.802631], [-75.193396, 38.802218], [-75.193048, 38.801252], [-75.194897, 38.79998], [-75.192659, 38.798333], [-75.216851, 38.769356], [-75.207637, 38.763245], [-75.207787, 38.763073], [-75.206376, 38.762136], [-75.208594, 38.760037], [-75.213328, 38.759117], [-75.215249, 38.759606], [-75.213144, 38.758035], [-75.214469, 38.757414], [-75.217606, 38.757034], [-75.224146, 38.759455], [-75.221415, 38.757462], [-75.21957, 38.757226], [-75.217212, 38.755903], [-75.217534, 38.755051], [-75.221886, 38.751866], [-75.225703, 38.753652], [-75.226763, 38.752218], [-75.231663, 38.754146], [-75.232903, 38.752597], [-75.234359, 38.752016], [-75.24436, 38.75678], [-75.245405, 38.756633], [-75.244633, 38.755233], [-75.23682, 38.749768], [-75.240726, 38.741893], [-75.25792, 38.740392], [-75.241456, 38.737479], [-75.244466, 38.734682], [-75.24483, 38.73343], [-75.248509, 38.732241], [-75.238636, 38.734185], [-75.238263, 38.734249], [-75.237224, 38.732], [-75.236019, 38.731923], [-75.23938, 38.730818], [-75.241118, 38.723328], [-75.233387, 38.720866], [-75.225396, 38.718322], [-75.225636, 38.716811], [-75.229832, 38.716828], [-75.232321, 38.715767], [-75.234164, 38.716425], [-75.23777, 38.717506], [-75.241783, 38.720312], [-75.245927, 38.719414], [-75.248973, 38.716937], [-75.245533, 38.712046], [-75.241529, 38.708413], [-75.241154, 38.706904], [-75.2388, 38.70811], [-75.232891, 38.707691], [-75.232315, 38.705902], [-75.232489, 38.701256], [-75.233883, 38.700834], [-75.234364, 38.699493], [-75.231534, 38.699294], [-75.232391, 38.695399], [-75.234259, 38.695541], [-75.234325, 38.69363], [-75.227772, 38.693644], [-75.226253, 38.694844], [-75.221283, 38.694672], [-75.217568, 38.693158], [-75.215997, 38.691797], [-75.219934, 38.692163], [-75.218411, 38.688848], [-75.217722, 38.685475], [-75.221677, 38.677934], [-75.221716, 38.675408], [-75.227665, 38.675539], [-75.235001, 38.673636], [-75.236452, 38.674536], [-75.239459, 38.675829], [-75.23731, 38.679622], [-75.238552, 38.681415], [-75.243753, 38.682768], [-75.252845, 38.697438], [-75.257224, 38.698404], [-75.258682, 38.697587], [-75.263717, 38.700277], [-75.266354, 38.710125], [-75.27588, 38.709375], [-75.27839, 38.713014], [-75.27946, 38.715173], [-75.276809, 38.716171], [-75.279124, 38.722559], [-75.269583, 38.725624], [-75.266018, 38.726771], [-75.266574, 38.728642], [-75.267432, 38.729733], [-75.270907, 38.729432], [-75.270558, 38.731584], [-75.27197, 38.733325], [-75.270613, 38.734506], [-75.269797, 38.736667], [-75.273399, 38.73336], [-75.276402, 38.731933], [-75.28021, 38.731654], [-75.283591, 38.730001], [-75.284463, 38.725854], [-75.285978, 38.725769], [-75.285646, 38.724854], [-75.287348, 38.724509], [-75.292523, 38.734398], [-75.315763, 38.729843], [-75.322481, 38.731552], [-75.323944, 38.735242], [-75.362341, 38.722613], [-75.362046, 38.72609], [-75.360189, 38.732145], [-75.359155, 38.732096], [-75.358335, 38.733658], [-75.350214, 38.735651], [-75.351744, 38.73737], [-75.353266, 38.736694], [-75.355734, 38.736314], [-75.357873, 38.73556], [-75.360331, 38.736468], [-75.360388, 38.740482], [-75.358099, 38.744954], [-75.355329, 38.750148], [-75.355172, 38.750362], [-75.370807, 38.75395], [-75.37262, 38.753656], [-75.380751, 38.749555], [-75.391277, 38.748996], [-75.395682, 38.750203], [-75.405202, 38.751289], [-75.405393, 38.753501]]]}}, {"type": "Feature", "id": "19939", "properties": {"ZCTA5CE20": "19939", "GEOID20": "19939", "zip": "19939", "STUSPS": "DE"}, "geometry": {"type": "Polygon", "coordinates": [[[-75.306705, 38.538853], [-75.301463, 38.545455], [-75.30067, 38.546176], [-75.292197, 38.550263], [-75.288994, 38.55225], [-75.286254, 38.55154], [-75.282819, 38.553642], [-75.280891, 38.556054], [-75.278308, 38.556952], [-75.277667, 38.558957], [-75.277877, 38.560724], [-75.275989, 38.56335], [-75.275907, 38.563528], [-75.27476, 38.564531], [-75.274089, 38.564241], [-75.274049, 38.567779], [-75.27558, 38.569345], [-75.275432, 38.572702], [-75.276184, 38.573962], [-75.275018, 38.575386], [-75.271494, 38.578195], [-75.271613, 38.579715], [-75.271528, 38.580011], [-75.271282, 38.580266], [-75.270689, 38.580605], [-75.270294, 38.580905], [-75.270042, 38.581322], [-75.270017, 38.581677], [-75.270133, 38.582094], [-75.27011, 38.5823], [-75.265443, 38.576478], [-75.265429, 38.577247], [-75.260533, 38.582168], [-75.258574, 38.58138], [-75.2583, 38.583157], [-75.255428, 38.583714], [-75.25404, 38.586833], [-75.250201, 38.588233], [-75.248636, 38.58953], [-75.245909, 38.591327], [-75.244702, 38.591578], [-75.240504, 38.591414], [-75.237878, 38.589869], [-75.236531, 38.588106], [-75.23466, 38.587704], [-75.231754, 38.58776], [-75.225624, 38.5883], [-75.222809, 38.588775], [-75.218937, 38.590561], [-75.217248, 38.590665], [-75.212901, 38.59011], [-75.208835, 38.591671], [-75.198094, 38.590123], [-75.195037, 38.589559], [-75.187834, 38.589428], [-75.182699, 38.589129], [-75.179354, 38.588308], [-75.174137, 38.587862], [-75.170308, 38.588909], [-75.169529, 38.589123], [-75.167421, 38.589988], [-75.160882, 38.592846], [-75.141318, 38.597135], [-75.124627, 38.600797], [-75.115862, 38.604787], [-75.113484, 38.605581], [-75.110563, 38.606165], [-75.103195, 38.606862], [-75.102693, 38.601637], [-75.101143, 38.597668], [-75.098194, 38.592205], [-75.097019, 38.590695], [-75.094906, 38.586814], [-75.09428, 38.582435], [-75.094878, 38.580425], [-75.097901, 38.579493], [-75.102843, 38.57926], [-75.106577, 38.579811], [-75.106896, 38.580132], [-75.108535, 38.581107], [-75.108701, 38.579894], [-75.11412, 38.578084], [-75.115012, 38.577603], [-75.115356, 38.576454], [-75.120757, 38.574801], [-75.123175, 38.573817], [-75.123632, 38.572856], [-75.124547, 38.569409], [-75.124038, 38.561729], [-75.12424, 38.561751], [-75.126709, 38.561404], [-75.126455, 38.557793], [-75.126265, 38.557241], [-75.133387, 38.556323], [-75.141364, 38.552001], [-75.147148, 38.549554], [-75.147815, 38.54923], [-75.148986, 38.548329], [-75.149332, 38.549989], [-75.153489, 38.550336], [-75.153715, 38.554442], [-75.154354, 38.554812], [-75.156843, 38.552685], [-75.159907, 38.552433], [-75.162154, 38.550955], [-75.165771, 38.550418], [-75.167611, 38.549341], [-75.167038, 38.548209], [-75.163348, 38.545577], [-75.165687, 38.544967], [-75.174147, 38.544122], [-75.175115, 38.546569], [-75.177203, 38.547341], [-75.177364, 38.549511], [-75.179987, 38.547733], [-75.181197, 38.548823], [-75.181959, 38.554097], [-75.18359, 38.553789], [-75.192043, 38.553716], [-75.191818, 38.550413], [-75.198749, 38.55004], [-75.19926, 38.54854], [-75.198063, 38.548557], [-75.19707, 38.548079], [-75.197537, 38.543971], [-75.196621, 38.54309], [-75.196804, 38.541477], [-75.213259, 38.534795], [-75.215591, 38.536241], [-75.215854, 38.536781], [-75.216236, 38.542082], [-75.221582, 38.540954], [-75.218726, 38.538428], [-75.220211, 38.535667], [-75.223309, 38.536594], [-75.224546, 38.535885], [-75.227954, 38.532542], [-75.228058, 38.531404], [-75.233783, 38.528467], [-75.234812, 38.535478], [-75.236039, 38.53548], [-75.23746, 38.53543], [-75.239045, 38.536027], [-75.241063, 38.535964], [-75.241768, 38.533701], [-75.245879, 38.531364], [-75.246549, 38.526859], [-75.24927, 38.530675], [-75.249406, 38.530544], [-75.246719, 38.526773], [-75.249476, 38.52528], [-75.251998, 38.524684], [-75.254836, 38.526543], [-75.257095, 38.524446], [-75.259265, 38.526274], [-75.260949, 38.528653], [-75.263172, 38.529907], [-75.26492, 38.530083], [-75.266027, 38.527436], [-75.270062, 38.527855], [-75.271943, 38.529685], [-75.273752, 38.532542], [-75.278746, 38.533626], [-75.280108, 38.534707], [-75.28497, 38.533754], [-75.305634, 38.53148], [-75.306382, 38.535403], [-75.306705, 38.538853]]]}}, {"type": "Feature", "id": "19808", "properties": {"ZCTA5CE20": "19808", "GEOID20": "19808", "zip": "19808", "STUSPS": "DE"}, "geometry": {"type": "Polygon", "coordinates": [[[-75.717304, 39.745807], [-75.715821, 39.746528], [-75.710776, 39.74584], [-75.707467, 39.747909], [-75.703083, 39.750802], [-75.702694, 39.750902], [-75.699486, 39.751462], [-75.699767, 39.75332], [-75.697763, 39.75344], [-75.698084, 39.756099], [-75.691347, 39.756634], [-75.683623, 39.759404], [-75.681522, 39.760477], [-75.678846, 39.757055], [-75.679195, 39.756984], [-75.679329, 39.750506], [-75.677338, 39.752435], [-75.677998, 39.753772], [-75.670821, 39.760629], [-75.667793, 39.762189], [-75.670044, 39.763717], [-75.671703, 39.763492], [-75.671639, 39.767696], [-75.670957, 39.767772], [-75.666893, 39.76952], [-75.663921, 39.766934], [-75.662776, 39.763348], [-75.662951, 39.76474], [-75.663691, 39.768405], [-75.663878, 39.769089], [-75.660806, 39.767327], [-75.657958, 39.766829], [-75.657566, 39.768045], [-75.65438, 39.766199], [-75.654757, 39.76581], [-75.657264, 39.766213], [-75.656242, 39.765629], [-75.655556, 39.764767], [-75.655443, 39.76156], [-75.648045, 39.75952], [-75.646912, 39.762083], [-75.640405, 39.761484], [-75.639898, 39.76219], [-75.63619, 39.762658], [-75.633665, 39.762875], [-75.624248, 39.761804], [-75.619114, 39.761278], [-75.620555, 39.75903], [-75.625438, 39.758529], [-75.625458, 39.756756], [-75.624534, 39.753059], [-75.624011, 39.746343], [-75.623981, 39.746229], [-75.622837, 39.745302], [-75.623223, 39.743589], [-75.623357, 39.740851], [-75.622954, 39.738577], [-75.621386, 39.738068], [-75.621707, 39.737427], [-75.622708, 39.73742], [-75.62219, 39.734934], [-75.621453, 39.733768], [-75.618538, 39.730482], [-75.62022, 39.730216], [-75.622162, 39.72973], [-75.635007, 39.72537], [-75.638962, 39.724056], [-75.645444, 39.721865], [-75.650168, 39.720181], [-75.653022, 39.718194], [-75.65768, 39.714542], [-75.668328, 39.706128], [-75.671374, 39.704541], [-75.682692, 39.699438], [-75.683377, 39.700309], [-75.684164, 39.702694], [-75.686833, 39.705309], [-75.684399, 39.707059], [-75.682302, 39.706189], [-75.681283, 39.704554], [-75.680333, 39.704494], [-75.682877, 39.706874], [-75.681588, 39.709251], [-75.683813, 39.712751], [-75.68804, 39.713044], [-75.688384, 39.713074], [-75.692805, 39.710955], [-75.693232, 39.710672], [-75.694784, 39.713462], [-75.695021, 39.713488], [-75.695615, 39.713547], [-75.696266, 39.714947], [-75.696784, 39.715685], [-75.695077, 39.716655], [-75.697394, 39.718139], [-75.698802, 39.720579], [-75.698647, 39.721973], [-75.699127, 39.721848], [-75.701149, 39.723923], [-75.702006, 39.728561], [-75.701941, 39.729478], [-75.702716, 39.730055], [-75.703193, 39.730264], [-75.70357, 39.731735], [-75.706352, 39.732855], [-75.708592, 39.73581], [-75.708913, 39.735458], [-75.709307, 39.736932], [-75.711625, 39.740319], [-75.715893, 39.741427], [-75.716185, 39.742123], [-75.71821, 39.745398], [-75.717304, 39.745807]]]}}, {"type": "Feature", "id": "21640", "properties": {"ZCTA5CE20": "21640", "GEOID20": "21640", "zip": "21640", "STUSPS": "DE"}, "geometry": {"type": "Polygon", "coordinates": [[[-75.904929, 39.051068], [-75.899994, 39.055341], [-75.894317, 39.053919], [-75.886801, 39.049094], [-75.885625, 39.05227], [-75.884721, 39.058536], [-75.882193, 39.06481], [-75.881888, 39.066478], [-75.883498, 39.075928], [-75.868833, 39.07506], [-75.865354, 39.074443], [-75.868594, 39.080703], [-75.872378, 39.081108], [-75.872938, 39.084118], [-75.874392, 39.086836], [-75.874805, 39.089249], [-75.87673, 39.092339], [-75.875718, 39.092684], [-75.875008, 39.092236], [-75.868774, 39.092719], [-75.866831, 39.088956], [-75.863694, 39.087907], [-75.860132, 39.089785], [-75.858227, 39.089873], [-75.847929, 39.086968], [-75.84668, 39.089111], [-75.843304, 39.090507], [-75.839784, 39.099412], [-75.83965, 39.100198], [-75.835874, 39.106076], [-75.834944, 39.108339], [-75.832678, 39.108444], [-75.826227, 39.112228], [-75.823157, 39.1151], [-75.819429, 39.116], [-75.815008, 39.118648], [-75.809819, 39.120403], [-75.80754, 39.116058], [-75.805328, 39.115024], [-75.80681, 39.113505], [-75.803989, 39.110887], [-75.801059, 39.109254], [-75.796924, 39.107733], [-75.789161, 39.102634], [-75.786361, 39.098911], [-75.788085, 39.096755], [-75.787597, 39.093669], [-75.781855, 39.094081], [-75.782495, 39.091181], [-75.781589, 39.091154], [-75.783013, 39.085153], [-75.780587, 39.083636], [-75.776611, 39.080101], [-75.77562, 39.077679], [-75.772664, 39.075514], [-75.768396, 39.076155], [-75.76813, 39.077073], [-75.766983, 39.07526], [-75.765327, 39.075542], [-75.76403, 39.078083], [-75.7615, 39.077451], [-75.759742, 39.076957], [-75.758033, 39.075119], [-75.754821, 39.07777], [-75.757247, 39.079483], [-75.755393, 39.079376], [-75.752426, 39.080036], [-75.74942, 39.079605], [-75.749809, 39.081817], [-75.74768, 39.084125], [-75.751586, 39.089885], [-75.7509, 39.091033], [-75.75106, 39.094524], [-75.748039, 39.095726], [-75.746437, 39.097209], [-75.745323, 39.099651], [-75.7442992214186, 39.0996648446834], [-75.7442989120932, 39.0996616826036], [-75.743811, 39.094674], [-75.7426262761085, 39.0798252233775], [-75.7422016755832, 39.0745034784558], [-75.7419230744369, 39.0710116216466], [-75.7419229116781, 39.0710095817032], [-75.7407122543009, 39.0558357668679], [-75.743019, 39.05606], [-75.762723, 39.052749], [-75.766344, 39.055072], [-75.771758, 39.056738], [-75.778404, 39.055137], [-75.778938, 39.057758], [-75.781059, 39.05928], [-75.78585, 39.061187], [-75.786849, 39.062416], [-75.792114, 39.062839], [-75.794189, 39.065933], [-75.795906, 39.066238], [-75.795936, 39.067653], [-75.806411, 39.05886], [-75.813949, 39.055812], [-75.808387, 39.047225], [-75.811688, 39.046289], [-75.811213, 39.044101], [-75.81514, 39.043589], [-75.814174, 39.041738], [-75.814928, 39.040033], [-75.81885, 39.037143], [-75.822103, 39.036904], [-75.824378, 39.03553], [-75.828216, 39.038909], [-75.828887, 39.041576], [-75.830944, 39.043729], [-75.83836, 39.041974], [-75.845866, 39.043705], [-75.850879, 39.042935], [-75.855077, 39.044185], [-75.857598, 39.040153], [-75.86159, 39.038645], [-75.864693, 39.038031], [-75.866475, 39.036711], [-75.873003, 39.036489], [-75.874298, 39.035057], [-75.875144, 39.030136], [-75.876802, 39.030436], [-75.876637, 39.027561], [-75.878504, 39.023929], [-75.881178, 39.021681], [-75.881476, 39.020792], [-75.875144, 39.019763], [-75.878128, 39.018722], [-75.887351, 39.020568], [-75.888481, 39.02037], [-75.889263, 39.019419], [-75.890896, 39.021072], [-75.890826, 39.022506], [-75.888597, 39.023831], [-75.887197, 39.026605], [-75.882817, 39.02791], [-75.883015, 39.03314], [-75.885441, 39.033111], [-75.896308, 39.030433], [-75.897017, 39.032478], [-75.895865, 39.03851], [-75.89693, 39.039916], [-75.899358, 39.04162], [-75.906075, 39.048268], [-75.904929, 39.051068]]]}}, {"type": "Feature", "id": "21874", "properties": {"ZCTA5CE20": "21874", "GEOID20": "21874", "zip": "21874", "STUSPS": "DE"}, "geometry": {"type": "Polygon", "coordinates": [[[-75.406735, 38.415302], [-75.402311, 38.422973], [-75.40005, 38.43233], [-75.399198, 38.434007], [-75.392135, 38.433003], [-75.390975, 38.434598], [-75.388205, 38.435793], [-75.389715, 38.439414], [-75.391293, 38.441486], [-75.395319, 38.442038], [-75.3937694551717, 38.4521971959963], [-75.393754719045, 38.4521970816214], [-75.393093, 38.453701], [-75.390143, 38.456064], [-75.383536, 38.454277], [-75.381713, 38.454436], [-75.378339, 38.45352], [-75.3778526046703, 38.4521778915431], [-75.370891, 38.452238], [-75.355433, 38.452131], [-75.34125, 38.45197], [-75.340799, 38.448907], [-75.338428, 38.446755], [-75.335792, 38.442286], [-75.336351, 38.440127], [-75.33667, 38.436381], [-75.334086, 38.435071], [-75.331972, 38.429268], [-75.331957, 38.427093], [-75.330402, 38.424232], [-75.326895, 38.42177], [-75.325827, 38.420515], [-75.32343, 38.418492], [-75.319915, 38.412613], [-75.318634, 38.407676], [-75.317104, 38.404243], [-75.317808, 38.402324], [-75.319182, 38.398002], [-75.319416, 38.394242], [-75.321028, 38.393858], [-75.323112, 38.390879], [-75.325227, 38.385934], [-75.326616, 38.384915], [-75.329748, 38.3821], [-75.329157, 38.380414], [-75.326672, 38.378248], [-75.32663, 38.376131], [-75.323079, 38.373135], [-75.321885, 38.370964], [-75.319224, 38.37123], [-75.316292, 38.369282], [-75.316115, 38.365163], [-75.313865, 38.361737], [-75.313958, 38.35981], [-75.312233, 38.359034], [-75.310261, 38.356987], [-75.307421, 38.357005], [-75.307011, 38.35476], [-75.309984, 38.350614], [-75.309884, 38.349281], [-75.313473, 38.347876], [-75.314667, 38.346227], [-75.317387, 38.345747], [-75.316347, 38.343629], [-75.317735, 38.341812], [-75.318812, 38.338418], [-75.323205, 38.331897], [-75.326822, 38.330389], [-75.329085, 38.33073], [-75.330254, 38.331805], [-75.333222, 38.330528], [-75.333681, 38.32962], [-75.339429, 38.324649], [-75.339363, 38.321987], [-75.340959, 38.320206], [-75.344369, 38.319162], [-75.346084, 38.319375], [-75.349807, 38.317633], [-75.351656, 38.318791], [-75.353985, 38.318675], [-75.358278, 38.32503], [-75.363647, 38.326213], [-75.364527, 38.32657], [-75.365211, 38.333095], [-75.361557, 38.332503], [-75.36192, 38.338126], [-75.369477, 38.339189], [-75.369451, 38.339243], [-75.370707, 38.339658], [-75.373704, 38.341626], [-75.370365, 38.343924], [-75.369292, 38.345243], [-75.369119, 38.346682], [-75.367933, 38.34732], [-75.367593, 38.349205], [-75.366464, 38.350249], [-75.366982, 38.357298], [-75.365146, 38.363446], [-75.369379, 38.367223], [-75.373224, 38.367795], [-75.373203, 38.370632], [-75.372011, 38.374395], [-75.371673, 38.37861], [-75.370181, 38.382061], [-75.373031, 38.383147], [-75.375084, 38.384479], [-75.376057, 38.385121], [-75.378601, 38.388239], [-75.382081, 38.38847], [-75.382344, 38.386395], [-75.390479, 38.386638], [-75.391542, 38.386706], [-75.391273, 38.389085], [-75.389978, 38.389], [-75.389633, 38.395886], [-75.399755, 38.395904], [-75.397589, 38.397922], [-75.397929, 38.401246], [-75.394123, 38.403541], [-75.383444, 38.405218], [-75.387367, 38.408378], [-75.386873, 38.409091], [-75.391277, 38.410237], [-75.394872, 38.412969], [-75.39749, 38.413239], [-75.400959, 38.415619], [-75.405708, 38.415054], [-75.406735, 38.415302]]]}}, {"type": "Feature", "id": "21813", "properties": {"ZCTA5CE20": "21813", "GEOID20": "21813", "zip": "21813", "STUSPS": "DE"}, "geometry": {"type": "Polygon", "coordinates": [[[-75.331021, 38.449002], [-75.3314875816092, 38.4519123184673], [-75.331475317607, 38.4519122460051], [-75.2730649580281, 38.4515671266989], [-75.26035, 38.451492], [-75.252723, 38.451397], [-75.2362935667214, 38.4513502816961], [-75.2327056756072, 38.4513400792634], [-75.220252285202, 38.4513046671303], [-75.2185477701817, 38.4512998202163], [-75.2185099036811, 38.4512997125401], [-75.2051497026384, 38.4512617218241], [-75.2051328644356, 38.4512616739434], [-75.185554, 38.451206], [-75.1847169998149, 38.4512058082913], [-75.1419646890339, 38.4511960161908], [-75.141894, 38.451196], [-75.1371460617296, 38.4512060790319], [-75.134016196417, 38.4512127231815], [-75.1216941098372, 38.4512388807885], [-75.1216060935478, 38.4512390676315], [-75.089649173873, 38.4513069065108], [-75.0882811800377, 38.4513098105194], [-75.0858645759882, 38.4513149405417], [-75.0858141847864, 38.4513150475133], [-75.082068, 38.451323], [-75.0784849880599, 38.4513118300817], [-75.078672, 38.448964], [-75.080304, 38.427821], [-75.081338, 38.426797], [-75.085151, 38.42187], [-75.087088, 38.417563], [-75.088043, 38.412741], [-75.090392, 38.404807], [-75.092742, 38.398997], [-75.08782, 38.396407], [-75.091217, 38.393309], [-75.097404, 38.389845], [-75.100967, 38.385462], [-75.106558, 38.382296], [-75.109275, 38.384379], [-75.116264, 38.390048], [-75.124625, 38.397009], [-75.138464, 38.40267], [-75.144788, 38.404885], [-75.149932, 38.406687], [-75.161041, 38.409502], [-75.167068, 38.409136], [-75.172058, 38.408007], [-75.176147, 38.407023], [-75.184744, 38.406683], [-75.195632, 38.405749], [-75.196165, 38.405116], [-75.195594, 38.402903], [-75.196327, 38.401934], [-75.197563, 38.402766], [-75.200012, 38.403067], [-75.205123, 38.401549], [-75.209328, 38.401209], [-75.212077, 38.405235], [-75.212214, 38.405168], [-75.2127, 38.404958], [-75.216254, 38.405466], [-75.215797, 38.401534], [-75.217124, 38.400263], [-75.2192, 38.400416], [-75.220596, 38.399733], [-75.223609, 38.400351], [-75.224594, 38.402514], [-75.227912, 38.403342], [-75.230224, 38.400832], [-75.231731, 38.400324], [-75.231429, 38.398679], [-75.23204, 38.395417], [-75.227065, 38.39329], [-75.231803, 38.390025], [-75.245368, 38.393649], [-75.243063, 38.399603], [-75.24478, 38.400996], [-75.248832, 38.400904], [-75.250793, 38.400038], [-75.254843, 38.399065], [-75.257537, 38.399397], [-75.258445, 38.401682], [-75.255676, 38.401717], [-75.252433, 38.404337], [-75.255073, 38.418745], [-75.2545, 38.422072], [-75.253723, 38.421664], [-75.250807, 38.425833], [-75.250152, 38.427908], [-75.2471, 38.429308], [-75.24163, 38.433257], [-75.245657, 38.434969], [-75.248931, 38.437281], [-75.251632, 38.439852], [-75.252615, 38.444563], [-75.252685, 38.447127], [-75.256813, 38.446333], [-75.263267, 38.441523], [-75.273544, 38.44546], [-75.278007, 38.448321], [-75.286482, 38.449095], [-75.287894, 38.444231], [-75.28907, 38.442275], [-75.292342, 38.443411], [-75.3068, 38.445563], [-75.312103, 38.446047], [-75.314956, 38.444693], [-75.321365, 38.443022], [-75.329657, 38.443942], [-75.329531, 38.444931], [-75.331843, 38.446681], [-75.331021, 38.449002]]]}}, {"type": "Feature", "id": "08327", "properties": {"ZCTA5CE20": "08327", "GEOID20": "08327", "zip": "08327", "STUSPS": "DE"}, "geometry": {"type": "Polygon", "coordinates": [[[-75.002492, 39.252724], [-74.997292, 39.252554], [-74.997916, 39.253566], [-74.994503, 39.254596], [-74.992356, 39.25719], [-74.992093, 39.25924], [-74.993117, 39.260761], [-75.001663, 39.262015], [-75.002285, 39.263275], [-75.00101, 39.265728], [-74.999622, 39.266932], [-74.995958, 39.268485], [-74.993134, 39.271838], [-74.991761, 39.272317], [-74.989471, 39.272445], [-74.984768, 39.270094], [-74.983437, 39.270152], [-74.979641, 39.268061], [-74.978414, 39.269719], [-74.976683, 39.267975], [-74.975415, 39.27241], [-74.974793, 39.272405], [-74.974142, 39.270213], [-74.971696, 39.269027], [-74.969368, 39.266259], [-74.969544, 39.264907], [-74.965917, 39.262805], [-74.96468, 39.26416], [-74.95899, 39.265192], [-74.957134, 39.264417], [-74.951918, 39.264513], [-74.950321, 39.266694], [-74.942881, 39.264582], [-74.932447, 39.261102], [-74.930845, 39.259139], [-74.887941, 39.280639], [-74.887462, 39.281014], [-74.889782, 39.269062], [-74.893277, 39.251057], [-74.894184, 39.246337], [-74.896487, 39.243481], [-74.900929, 39.24192], [-74.903787, 39.243291], [-74.907613, 39.24428], [-74.916, 39.248379], [-74.923957, 39.251235], [-74.923875, 39.250294], [-74.92779, 39.250357], [-74.934229, 39.251234], [-74.938345, 39.252735], [-74.941417, 39.254714], [-74.942061, 39.252281], [-74.946684, 39.251991], [-74.949717, 39.252614], [-74.94859, 39.249896], [-74.946153, 39.244577], [-74.944346, 39.24368], [-74.936754, 39.243382], [-74.932299, 39.239746], [-74.960899, 39.227568], [-74.962585, 39.227314], [-74.967002, 39.238335], [-74.968177, 39.239755], [-74.97003, 39.242007], [-74.97114, 39.243416], [-74.974312, 39.244556], [-74.975963, 39.247736], [-74.977711, 39.245333], [-74.985381, 39.248292], [-74.986868, 39.248167], [-74.989164, 39.248485], [-74.99011, 39.247094], [-74.988472, 39.244816], [-74.992572, 39.239256], [-74.993346, 39.239781], [-74.995555, 39.237854], [-74.999796, 39.242545], [-75.001754, 39.244015], [-75.001402, 39.247252], [-75.00249, 39.247608], [-75.002492, 39.252724]]]}}, {"type": "Feature", "id": "08332", "properties": {"ZCTA5CE20": "08332", "GEOID20": "08332", "zip": "08332", "STUSPS": "DE"}, "geometry": {"type": "Polygon", "coordinates": [[[-75.17941, 39.368316], [-75.168596, 39.372916], [-75.135231, 39.388139], [-75.125786, 39.392246], [-75.125842, 39.392327], [-75.137336, 39.409374], [-75.155077, 39.407921], [-75.155952, 39.411794], [-75.165972, 39.41345], [-75.164934, 39.417152], [-75.167029, 39.417532], [-75.169591, 39.417994], [-75.169774, 39.42045], [-75.16548, 39.420581], [-75.165724, 39.424861], [-75.164796, 39.426993], [-75.161142, 39.428755], [-75.161531, 39.430578], [-75.160691, 39.430435], [-75.161475, 39.437048], [-75.153109, 39.446126], [-75.151256, 39.446388], [-75.140606, 39.447904], [-75.137446, 39.449027], [-75.140519, 39.46437], [-75.136323, 39.465408], [-75.128585, 39.467324], [-75.126964, 39.467728], [-75.117624, 39.470028], [-75.116135, 39.466336], [-75.109155, 39.468059], [-75.105917, 39.460297], [-75.104759, 39.460588], [-75.102874, 39.470113], [-75.083823, 39.457354], [-75.081525, 39.454883], [-75.083013, 39.450699], [-75.082306, 39.449236], [-75.086613, 39.447807], [-75.085343, 39.445612], [-75.08447, 39.444104], [-75.075979, 39.446956], [-75.07119, 39.446724], [-75.067399, 39.446541], [-75.062114, 39.44319], [-75.040218, 39.4293], [-75.037572, 39.427621], [-75.03219, 39.42648], [-75.028271, 39.424935], [-75.025155, 39.423017], [-75.021691, 39.41966], [-75.019705, 39.41628], [-75.01229, 39.41157], [-74.999188, 39.420654], [-74.994311, 39.424175], [-74.992073, 39.425629], [-74.979064, 39.434699], [-74.972535, 39.43921], [-74.971487, 39.436045], [-74.970232, 39.434041], [-74.970386, 39.430443], [-74.969854, 39.428092], [-74.967877, 39.42561], [-74.966693, 39.425072], [-74.966905, 39.421682], [-74.965664, 39.418975], [-74.9663, 39.416409], [-74.968813, 39.413794], [-74.969571, 39.413579], [-74.970583, 39.411376], [-74.971737, 39.410893], [-74.94062, 39.392562], [-74.941844, 39.389324], [-74.938432, 39.386078], [-74.942178, 39.380548], [-74.941817, 39.37951], [-74.94411, 39.378598], [-74.944938, 39.375604], [-74.945377, 39.373594], [-74.941009, 39.371788], [-74.937435, 39.371052], [-74.937201, 39.370458], [-74.936048, 39.370409], [-74.929792, 39.372298], [-74.926465, 39.371523], [-74.923868, 39.371386], [-74.920619, 39.373281], [-74.915268, 39.374983], [-74.911977, 39.37452], [-74.909324, 39.373425], [-74.910818, 39.372704], [-74.904681, 39.368912], [-74.908505, 39.35022], [-74.866075, 39.324916], [-74.864567, 39.324375], [-74.866133, 39.322872], [-74.868243, 39.318064], [-74.874009, 39.312388], [-74.882146, 39.30839], [-74.926965, 39.287715], [-74.948492, 39.280262], [-74.952075, 39.284503], [-74.956779, 39.286057], [-74.961507, 39.288552], [-74.966807, 39.290831], [-74.968483, 39.290083], [-74.990669, 39.285715], [-74.991343, 39.28584], [-74.990968, 39.286623], [-74.989501, 39.287587], [-74.989971, 39.288234], [-74.992894, 39.289509], [-74.995091, 39.289263], [-75.000832, 39.298994], [-75.013967, 39.29604], [-75.017111, 39.293307], [-75.019941, 39.289929], [-75.025575, 39.290891], [-75.026758, 39.301498], [-75.02856, 39.303729], [-75.031147, 39.30475], [-75.036899, 39.305562], [-75.035798, 39.308678], [-75.036697, 39.316524], [-75.069267, 39.319397], [-75.078518, 39.320227], [-75.083385, 39.319625], [-75.062527, 39.347675], [-75.0684, 39.347877], [-75.07248, 39.348904], [-75.077271, 39.349396], [-75.080751, 39.349012], [-75.085613, 39.348364], [-75.08953, 39.349385], [-75.09048, 39.348354], [-75.0928, 39.348421], [-75.095974, 39.346033], [-75.10064, 39.343358], [-75.103888, 39.342067], [-75.107609, 39.338796], [-75.110853, 39.337811], [-75.11261, 39.336503], [-75.113049, 39.337086], [-75.113353, 39.338292], [-75.138248, 39.338015], [-75.142368, 39.338031], [-75.140696, 39.340075], [-75.143974, 39.341523], [-75.140516, 39.341381], [-75.138204, 39.344399], [-75.138044, 39.346847], [-75.13629, 39.347686], [-75.137268, 39.348909], [-75.131993, 39.351404], [-75.135978, 39.35444], [-75.160086, 39.35531], [-75.16066, 39.354047], [-75.161511, 39.352866], [-75.164044, 39.35223], [-75.170598, 39.352911], [-75.170952, 39.368805], [-75.17941, 39.368316]], [[-74.983128, 39.310397], [-74.980337, 39.304334], [-74.977718, 39.301532], [-74.975718, 39.300243], [-74.974581, 39.298831], [-74.964818, 39.301914], [-74.964646, 39.30382], [-74.963032, 39.307106], [-74.960212, 39.309844], [-74.957895, 39.310678], [-74.956769, 39.312678], [-74.957534, 39.31557], [-74.958281, 39.315757], [-74.955044, 39.31758], [-74.953149, 39.317316], [-74.950285, 39.317591], [-74.948651, 39.316328], [-74.947428, 39.31663], [-74.946742, 39.318487], [-74.945087, 39.319273], [-74.944314, 39.32042], [-74.953549, 39.328309], [-74.971462, 39.320396], [-74.977138, 39.315415], [-74.977471, 39.315776], [-74.980172, 39.313754], [-74.983091, 39.313652], [-74.983128, 39.310397]]]}}, {"type": "Feature", "id": "21636", "properties": {"ZCTA5CE20": "21636", "GEOID20": "21636", "zip": "21636", "STUSPS": "DE"}, "geometry": {"type": "Polygon", "coordinates": [[[-75.881178, 39.021681], [-75.878504, 39.023929], [-75.876637, 39.027561], [-75.876802, 39.030436], [-75.875144, 39.030136], [-75.874298, 39.035057], [-75.873003, 39.036489], [-75.866475, 39.036711], [-75.864693, 39.038031], [-75.86159, 39.038645], [-75.857598, 39.040153], [-75.855077, 39.044185], [-75.850879, 39.042935], [-75.845866, 39.043705], [-75.83836, 39.041974], [-75.830944, 39.043729], [-75.828887, 39.041576], [-75.828216, 39.038909], [-75.824378, 39.03553], [-75.822103, 39.036904], [-75.81885, 39.037143], [-75.814928, 39.040033], [-75.814174, 39.041738], [-75.81514, 39.043589], [-75.811213, 39.044101], [-75.811688, 39.046289], [-75.808387, 39.047225], [-75.813949, 39.055812], [-75.806411, 39.05886], [-75.795936, 39.067653], [-75.795906, 39.066238], [-75.794189, 39.065933], [-75.792114, 39.062839], [-75.786849, 39.062416], [-75.78585, 39.061187], [-75.781059, 39.05928], [-75.778938, 39.057758], [-75.778404, 39.055137], [-75.771758, 39.056738], [-75.766344, 39.055072], [-75.762723, 39.052749], [-75.743019, 39.05606], [-75.7407122543009, 39.0558357668679], [-75.7397385692564, 39.0436320527116], [-75.7397379959587, 39.043624867266], [-75.7395454824236, 39.0412119924174], [-75.7386276475601, 39.0297082783783], [-75.7384525897987, 39.0275141860553], [-75.7358875572016, 38.995365263985], [-75.75505, 38.996219], [-75.757759, 38.995464], [-75.76255, 38.997699], [-75.765563, 38.997108], [-75.774269, 39.001022], [-75.779869, 38.996143], [-75.781196, 38.997795], [-75.786102, 38.997467], [-75.786956, 38.999401], [-75.78894, 39.0009], [-75.792335, 39.002048], [-75.792419, 39.001396], [-75.801658, 39.004108], [-75.805702, 39.005603], [-75.807075, 39.007366], [-75.808082, 39.010135], [-75.812141, 39.015602], [-75.816886, 39.023258], [-75.819732, 39.026416], [-75.820373, 39.029289], [-75.821403, 39.029403], [-75.829467, 39.028217], [-75.822975, 39.009521], [-75.823455, 39.007953], [-75.834434, 39.009197], [-75.843147, 39.011749], [-75.84867, 39.01152], [-75.847122, 39.00222], [-75.841545, 38.994342], [-75.841629, 38.993541], [-75.845893, 38.98703], [-75.851074, 38.988681], [-75.855323, 38.991436], [-75.860916, 38.995117], [-75.870948, 39.00024], [-75.870185, 39.00497], [-75.867123, 39.008671], [-75.862144, 39.009502], [-75.861228, 39.012695], [-75.861846, 39.013448], [-75.868728, 39.014427], [-75.871116, 39.015991], [-75.875144, 39.019763], [-75.881476, 39.020792], [-75.881178, 39.021681]]]}}, {"type": "Feature", "id": "08321", "properties": {"ZCTA5CE20": "08321", "GEOID20": "08321", "zip": "08321", "STUSPS": "DE"}, "geometry": {"type": "Polygon", "coordinates": [[[-75.17771, 39.243639], [-75.174938, 39.244009], [-75.173625, 39.243086], [-75.167711, 39.244021], [-75.163474, 39.242947], [-75.160847, 39.241802], [-75.16048, 39.239919], [-75.159349, 39.240232], [-75.157512, 39.238897], [-75.15314, 39.23899], [-75.15061, 39.238615], [-75.148174, 39.23707], [-75.151255, 39.236522], [-75.149257, 39.235664], [-75.150218, 39.233781], [-75.151905, 39.234407], [-75.153191, 39.232941], [-75.155387, 39.231941], [-75.152055, 39.230221], [-75.151647, 39.228787], [-75.150156, 39.230367], [-75.148038, 39.22962], [-75.146419, 39.23107], [-75.144477, 39.230361], [-75.143764, 39.230306], [-75.144159, 39.230729], [-75.143735, 39.231525], [-75.142513, 39.232398], [-75.140005, 39.232029], [-75.140775, 39.233183], [-75.140619, 39.233721], [-75.139777, 39.234139], [-75.138794, 39.23804], [-75.141329, 39.240386], [-75.141632, 39.241259], [-75.140847, 39.242572], [-75.143586, 39.24416], [-75.142955, 39.245041], [-75.14477, 39.24739], [-75.144659, 39.248047], [-75.141432, 39.247438], [-75.140714, 39.248391], [-75.14147, 39.250231], [-75.142698, 39.25105], [-75.140289, 39.252318], [-75.137075, 39.25156], [-75.137719, 39.250069], [-75.136603, 39.249047], [-75.133714, 39.249035], [-75.131585, 39.250227], [-75.129961, 39.250315], [-75.127243, 39.247998], [-75.124103, 39.246744], [-75.122118, 39.246641], [-75.121205, 39.245141], [-75.119, 39.243736], [-75.119507, 39.241962], [-75.118355, 39.240919], [-75.115466, 39.241248], [-75.113715, 39.240843], [-75.113615, 39.239113], [-75.111869, 39.238318], [-75.109665, 39.238379], [-75.110427, 39.236429], [-75.108053, 39.235902], [-75.106929, 39.23498], [-75.107875, 39.233831], [-75.107782, 39.232469], [-75.108757, 39.232331], [-75.109755, 39.234644], [-75.111612, 39.234297], [-75.111717, 39.233061], [-75.111024, 39.232116], [-75.113949, 39.232231], [-75.114528, 39.232017], [-75.11471, 39.231011], [-75.113333, 39.230012], [-75.114073, 39.228809], [-75.112879, 39.227508], [-75.110188, 39.227959], [-75.109904, 39.22713], [-75.111711, 39.225833], [-75.11388, 39.227034], [-75.115526, 39.227126], [-75.11633, 39.225824], [-75.115348, 39.22488], [-75.11921, 39.223142], [-75.11518, 39.224696], [-75.112553, 39.223675], [-75.115448, 39.223999], [-75.117019, 39.222523], [-75.115949, 39.221134], [-75.114111, 39.220141], [-75.111566, 39.220605], [-75.111063, 39.21768], [-75.1090719371538, 39.2164149286346], [-75.110844, 39.214326], [-75.118628, 39.212162], [-75.1193132007973, 39.210800526103], [-75.1196932343293, 39.210045410616], [-75.12047, 39.208502], [-75.1219574319871, 39.2063073321808], [-75.123263, 39.204381], [-75.125045, 39.201434], [-75.127363, 39.200536], [-75.129739, 39.200421], [-75.130571, 39.198326], [-75.128462, 39.195609], [-75.127838, 39.190359], [-75.133899, 39.187573], [-75.136914, 39.182088], [-75.137731, 39.184648], [-75.138949, 39.186767], [-75.142465, 39.186698], [-75.145486, 39.187596], [-75.151405, 39.189996], [-75.155082, 39.194043], [-75.156632, 39.197541], [-75.160786, 39.19851], [-75.163308, 39.200397], [-75.167352, 39.203299], [-75.1670206628383, 39.2076722685893], [-75.167005, 39.207879], [-75.163974, 39.21132], [-75.1631213930695, 39.2139767762073], [-75.163009, 39.214327], [-75.166609, 39.218929], [-75.166166, 39.222406], [-75.1662831468557, 39.222625606643], [-75.167841, 39.225546], [-75.168798, 39.231476], [-75.171899, 39.23784], [-75.1781694558653, 39.2430072626604], [-75.17771, 39.243639]]]}}, {"type": "Feature", "id": "19807", "properties": {"ZCTA5CE20": "19807", "GEOID20": "19807", "zip": "19807", "STUSPS": "DE"}, "geometry": {"type": "MultiPolygon", "coordinates": [[[[-75.587, 39.757239], [-75.584113, 39.756044], [-75.583909, 39.755866], [-75.583693, 39.755521], [-75.582979, 39.755233], [-75.583475, 39.754483], [-75.584194, 39.754817], [-75.584571, 39.755296], [-75.587168, 39.756336], [-75.587, 39.757239]]], [[[-75.6646133305438, 39.8203694193461], [-75.662822, 39.82115], [-75.6581539070972, 39.8227304991601], [-75.641518, 39.828363], [-75.6348127976025, 39.8301357641688], [-75.634706, 39.830164], [-75.626752906521, 39.8319113568314], [-75.617251, 39.833999], [-75.595756, 39.837156], [-75.5948458381425, 39.8372862097586], [-75.593666, 39.837455], [-75.5930817368867, 39.8375002881084], [-75.5798996512343, 39.8385220738603], [-75.579849, 39.838526], [-75.5793939947411, 39.8385493199286], [-75.579254, 39.838116], [-75.577237, 39.834496], [-75.573646, 39.831225], [-75.573044, 39.82911], [-75.57518, 39.825993], [-75.575676, 39.822563], [-75.575027, 39.821621], [-75.571739, 39.819431], [-75.569803, 39.817056], [-75.572251, 39.814684], [-75.576293, 39.811298], [-75.578422, 39.809923], [-75.581149, 39.809161], [-75.586928, 39.803942], [-75.588079, 39.802234], [-75.589224, 39.799096], [-75.590444, 39.795704], [-75.589483, 39.790057], [-75.589109, 39.787655], [-75.587987, 39.780187], [-75.587016, 39.780665], [-75.582526, 39.782839], [-75.581347, 39.783324], [-75.580866, 39.784682], [-75.581831, 39.786516], [-75.580529, 39.787116], [-75.579387, 39.787224], [-75.5776, 39.784247], [-75.575818, 39.783767], [-75.575659, 39.783998], [-75.570671, 39.78245], [-75.570559, 39.780941], [-75.573665, 39.77739], [-75.577436, 39.774398], [-75.578195, 39.773231], [-75.579041, 39.770921], [-75.578862, 39.770426], [-75.578332, 39.769888], [-75.576116, 39.769004], [-75.576981, 39.767757], [-75.576611, 39.767563], [-75.577106, 39.766796], [-75.577113, 39.766591], [-75.577592, 39.766819], [-75.577848, 39.766438], [-75.579956, 39.763371], [-75.580198, 39.762839], [-75.575075, 39.759614], [-75.578566, 39.754466], [-75.587482, 39.758109], [-75.587601, 39.757537], [-75.588502, 39.752482], [-75.590971, 39.753472], [-75.590337, 39.755262], [-75.590992, 39.756223], [-75.59644, 39.760163], [-75.597135, 39.761298], [-75.596357, 39.763587], [-75.59625, 39.764275], [-75.597484, 39.768308], [-75.597544, 39.768488], [-75.598288, 39.767443], [-75.598827, 39.765264], [-75.599298, 39.763755], [-75.604372, 39.75877], [-75.60753, 39.75968], [-75.608446, 39.758557], [-75.607616, 39.757414], [-75.608641, 39.756617], [-75.61101, 39.756347], [-75.612574, 39.754556], [-75.613604, 39.751846], [-75.618867, 39.755955], [-75.617494, 39.758058], [-75.617638, 39.760353], [-75.618622, 39.761242], [-75.619114, 39.761278], [-75.624248, 39.761804], [-75.633665, 39.762875], [-75.63619, 39.762658], [-75.639898, 39.76219], [-75.6412, 39.762215], [-75.646406, 39.764006], [-75.650027, 39.764632], [-75.649131, 39.767795], [-75.647314, 39.769578], [-75.648041, 39.772157], [-75.651667, 39.770717], [-75.652414, 39.772553], [-75.645001, 39.776705], [-75.642914, 39.777875], [-75.64121, 39.778011], [-75.640514, 39.776671], [-75.638431, 39.780573], [-75.638521, 39.782537], [-75.640056, 39.784889], [-75.640148, 39.786122], [-75.642235, 39.788711], [-75.64388, 39.788698], [-75.643259, 39.79156], [-75.642069, 39.792746], [-75.645505, 39.79415], [-75.64596, 39.795536], [-75.646911, 39.797334], [-75.648687, 39.797933], [-75.650071, 39.800198], [-75.653943, 39.802526], [-75.654287, 39.801331], [-75.657483, 39.8002], [-75.658146, 39.800458], [-75.657831, 39.801904], [-75.652194, 39.808603], [-75.648395, 39.813952], [-75.646796, 39.8167], [-75.644796, 39.817223], [-75.64345, 39.818532], [-75.646916, 39.819754], [-75.648293, 39.820083], [-75.650707, 39.816421], [-75.65467, 39.81347], [-75.656273, 39.816024], [-75.658055, 39.814705], [-75.659535, 39.815287], [-75.658114, 39.818085], [-75.659708, 39.819151], [-75.664283, 39.818772], [-75.6646133305438, 39.8203694193461]], [[-75.602987, 39.80537], [-75.603935, 39.803596], [-75.60281, 39.800414], [-75.597418, 39.800573], [-75.59549, 39.803411], [-75.590891, 39.803729], [-75.589017, 39.807484], [-75.596277, 39.812961], [-75.597185, 39.814518], [-75.600183, 39.812193], [-75.600194, 39.810152], [-75.604576, 39.807281], [-75.602987, 39.80537]]]]}}, {"type": "Feature", "id": "19964", "properties": {"ZCTA5CE20": "19964", "GEOID20": "19964", "zip": "19964", "STUSPS": "DE"}, "geometry": {"type": "Polygon", "coordinates": [[[-75.7476742096756, 39.1433851255407], [-75.743253, 39.145583], [-75.744677, 39.136903], [-75.741214, 39.135894], [-75.738999, 39.129579], [-75.739187, 39.124177], [-75.728853, 39.119597], [-75.728662, 39.119234], [-75.726531, 39.115158], [-75.729108, 39.113734], [-75.727777, 39.110212], [-75.717147, 39.114101], [-75.717183, 39.111537], [-75.714281, 39.111553], [-75.715983, 39.109403], [-75.706622, 39.109246], [-75.7051, 39.108867], [-75.702156, 39.107957], [-75.700004, 39.105032], [-75.697935, 39.100031], [-75.694279, 39.096394], [-75.702733, 39.093628], [-75.70114, 39.091695], [-75.700364, 39.089635], [-75.701132, 39.089388], [-75.703352, 39.08663], [-75.70063, 39.082917], [-75.699164, 39.08178], [-75.698093, 39.079764], [-75.69927, 39.077932], [-75.696103, 39.077969], [-75.691011, 39.082897], [-75.689923, 39.084891], [-75.690224, 39.087033], [-75.686229, 39.085861], [-75.685695, 39.085246], [-75.684232, 39.079222], [-75.686053, 39.079402], [-75.689361, 39.078061], [-75.692054, 39.075749], [-75.694998, 39.076452], [-75.698293, 39.075744], [-75.701034, 39.075712], [-75.704197, 39.075002], [-75.70849, 39.075277], [-75.713094, 39.075029], [-75.716889, 39.073166], [-75.71828, 39.072984], [-75.718049, 39.065915], [-75.719847, 39.064759], [-75.730078, 39.06263], [-75.731516, 39.063228], [-75.73539, 39.062172], [-75.736996, 39.062848], [-75.736572, 39.067713], [-75.737757, 39.067879], [-75.738294, 39.069209], [-75.74034, 39.06959], [-75.7419229116781, 39.0710095817032], [-75.7419230744369, 39.0710116216466], [-75.7422016755832, 39.0745034784558], [-75.7426262761085, 39.0798252233775], [-75.743811, 39.094674], [-75.7442989120932, 39.0996616826036], [-75.7442992214186, 39.0996648446834], [-75.7453782544137, 39.1106952621982], [-75.745793, 39.114935], [-75.7457938936236, 39.1149496657796], [-75.7458049066368, 39.1151304067866], [-75.746121, 39.120318], [-75.747668, 39.143306], [-75.7476710652218, 39.1433450579713], [-75.7476742096756, 39.1433851255407]]]}}, {"type": "Feature", "id": "19970", "properties": {"ZCTA5CE20": "19970", "GEOID20": "19970", "zip": "19970", "STUSPS": "DE"}, "geometry": {"type": "Polygon", "coordinates": [[[-75.147148, 38.549554], [-75.141364, 38.552001], [-75.133387, 38.556323], [-75.126265, 38.557241], [-75.126455, 38.557793], [-75.126709, 38.561404], [-75.12424, 38.561751], [-75.124038, 38.561729], [-75.124547, 38.569409], [-75.123632, 38.572856], [-75.123175, 38.573817], [-75.120757, 38.574801], [-75.115356, 38.576454], [-75.115012, 38.577603], [-75.11412, 38.578084], [-75.108701, 38.579894], [-75.108535, 38.581107], [-75.106896, 38.580132], [-75.106577, 38.579811], [-75.102843, 38.57926], [-75.097901, 38.579493], [-75.094878, 38.580425], [-75.089665, 38.582139], [-75.087924, 38.582585], [-75.085236, 38.583174], [-75.083396, 38.583452], [-75.081131, 38.583414], [-75.078745, 38.582729], [-75.077476, 38.585262], [-75.077579, 38.587388], [-75.0755, 38.588643], [-75.07452, 38.586291], [-75.072742, 38.587317], [-75.070413, 38.586793], [-75.068402, 38.589191], [-75.063716, 38.589014], [-75.063179, 38.589733], [-75.063773, 38.587206], [-75.062904, 38.586068], [-75.062466, 38.581579], [-75.063201, 38.578219], [-75.064772, 38.575387], [-75.072272, 38.563465], [-75.073103, 38.563858], [-75.073203, 38.561713], [-75.075401, 38.559219], [-75.08024, 38.560541], [-75.080775, 38.558881], [-75.082994, 38.55933], [-75.084086, 38.55585], [-75.086396, 38.55238], [-75.086461, 38.552286], [-75.083024, 38.546443], [-75.081736, 38.544409], [-75.081721, 38.544296], [-75.080713, 38.542599], [-75.080242, 38.541761], [-75.075251, 38.533121], [-75.074447, 38.531758], [-75.074694, 38.531727], [-75.072748, 38.528367], [-75.075027, 38.526383], [-75.075623, 38.525576], [-75.081669, 38.526821], [-75.082334, 38.527423], [-75.085232, 38.526374], [-75.091756, 38.526266], [-75.093678, 38.526253], [-75.094217, 38.525449], [-75.095697, 38.525286], [-75.095901, 38.526253], [-75.098859, 38.527224], [-75.100789, 38.525966], [-75.097931, 38.524171], [-75.100074, 38.522729], [-75.101845, 38.521943], [-75.103503, 38.522144], [-75.103765, 38.521052], [-75.101311, 38.520646], [-75.104348, 38.519684], [-75.107648, 38.514944], [-75.11256, 38.518566], [-75.111409, 38.520541], [-75.113354, 38.521007], [-75.111937, 38.524138], [-75.117058, 38.525271], [-75.122901, 38.523059], [-75.123387, 38.523358], [-75.122582, 38.527067], [-75.119821, 38.527024], [-75.121038, 38.529271], [-75.12046, 38.532386], [-75.11576, 38.535318], [-75.116393, 38.536204], [-75.117623, 38.539773], [-75.117706, 38.540329], [-75.118357, 38.542651], [-75.120264, 38.542597], [-75.119969, 38.544263], [-75.116693, 38.543228], [-75.116344, 38.544129], [-75.116093, 38.54276], [-75.110131, 38.541444], [-75.109525, 38.543421], [-75.107074, 38.542915], [-75.10686, 38.543117], [-75.106545, 38.542806], [-75.104278, 38.542338], [-75.102779, 38.54202], [-75.102911, 38.540755], [-75.101812, 38.541952], [-75.1015, 38.542647], [-75.102357, 38.543385], [-75.102237, 38.543549], [-75.101874, 38.544194], [-75.100951, 38.545853], [-75.10051, 38.546749], [-75.103824, 38.547424], [-75.103725, 38.547754], [-75.10432, 38.547912], [-75.104456, 38.548049], [-75.104358, 38.548235], [-75.104272, 38.548476], [-75.104015, 38.548859], [-75.103879, 38.549124], [-75.103283, 38.549009], [-75.102576, 38.551179], [-75.103144, 38.551127], [-75.106881, 38.549844], [-75.109575, 38.549553], [-75.110596, 38.549053], [-75.111386, 38.548976], [-75.112338, 38.549101], [-75.112729, 38.54897], [-75.113546, 38.549509], [-75.113616, 38.549749], [-75.115877, 38.550123], [-75.115921, 38.55049], [-75.118266, 38.552192], [-75.118433, 38.552274], [-75.119934, 38.55231], [-75.121099, 38.552454], [-75.121414, 38.552624], [-75.121513, 38.553498], [-75.122311, 38.5535], [-75.121819, 38.55118], [-75.123374, 38.551443], [-75.123293, 38.549749], [-75.125932, 38.550878], [-75.125938, 38.549199], [-75.125351, 38.548333], [-75.131335, 38.547848], [-75.131351, 38.542426], [-75.128179, 38.542468], [-75.12814, 38.54152], [-75.131342, 38.541082], [-75.128166, 38.53979], [-75.131632, 38.539412], [-75.131425, 38.541089], [-75.135266, 38.54031], [-75.135467, 38.543052], [-75.147815, 38.54923], [-75.147148, 38.549554]]]}}, {"type": "Feature", "id": "19736", "properties": {"ZCTA5CE20": "19736", "GEOID20": "19736", "zip": "19736", "STUSPS": "DE"}, "geometry": {"type": "Polygon", "coordinates": [[[-75.645807, 39.783525], [-75.644205, 39.783168], [-75.642792, 39.780961], [-75.64029, 39.783005], [-75.640148, 39.786122], [-75.640056, 39.784889], [-75.638521, 39.782537], [-75.638431, 39.780573], [-75.640514, 39.776671], [-75.64121, 39.778011], [-75.642914, 39.777875], [-75.645001, 39.776705], [-75.647312, 39.779669], [-75.645807, 39.783525]]]}}, {"type": "Feature", "id": "21632", "properties": {"ZCTA5CE20": "21632", "GEOID20": "21632", "zip": "21632", "STUSPS": "DE"}, "geometry": {"type": "Polygon", "coordinates": [[[-75.870063, 38.711215], [-75.870155, 38.713169], [-75.868034, 38.716888], [-75.86911, 38.717689], [-75.870338, 38.720024], [-75.867828, 38.722301], [-75.863952, 38.723915], [-75.869087, 38.728656], [-75.867202, 38.729183], [-75.865379, 38.731365], [-75.864028, 38.738021], [-75.862892, 38.73965], [-75.863571, 38.739898], [-75.864089, 38.741382], [-75.866203, 38.742305], [-75.866828, 38.743465], [-75.86914, 38.744205], [-75.869506, 38.747489], [-75.867546, 38.747367], [-75.866653, 38.749515], [-75.867263, 38.752662], [-75.866172, 38.756061], [-75.865219, 38.756568], [-75.86045, 38.75634], [-75.856201, 38.755653], [-75.853881, 38.754814], [-75.853637, 38.756626], [-75.855827, 38.761787], [-75.855987, 38.766128], [-75.853221, 38.766634], [-75.846206, 38.767917], [-75.841674, 38.767395], [-75.840637, 38.763717], [-75.83303, 38.763687], [-75.829765, 38.762252], [-75.827362, 38.762077], [-75.825004, 38.763721], [-75.824768, 38.76707], [-75.821495, 38.767742], [-75.819056, 38.767497], [-75.819244, 38.770156], [-75.812965, 38.771648], [-75.811614, 38.770874], [-75.809768, 38.771045], [-75.806434, 38.770225], [-75.804588, 38.769054], [-75.799133, 38.76939], [-75.801437, 38.772617], [-75.800468, 38.774208], [-75.79988, 38.777107], [-75.797622, 38.779712], [-75.797859, 38.780838], [-75.796257, 38.784278], [-75.792526, 38.782409], [-75.790771, 38.7821], [-75.787681, 38.780487], [-75.786462, 38.795519], [-75.787048, 38.802532], [-75.78688, 38.805252], [-75.784225, 38.812374], [-75.783195, 38.814086], [-75.780075, 38.818481], [-75.777696, 38.823388], [-75.777641, 38.825912], [-75.775726, 38.826499], [-75.767875, 38.827537], [-75.765708, 38.828063], [-75.759462, 38.82493], [-75.75492, 38.825195], [-75.750625, 38.826675], [-75.732849, 38.822589], [-75.724838, 38.822158], [-75.72499, 38.82014], [-75.7218945098151, 38.8203796142512], [-75.7204403501056, 38.80187844783], [-75.7204375941124, 38.8018433835316], [-75.7175997769968, 38.7657380462784], [-75.7175894770882, 38.7656070013029], [-75.712876155396, 38.7056397580475], [-75.7122765948478, 38.6980115935414], [-75.7117447752711, 38.6912452924057], [-75.7095268008649, 38.6630261680944], [-75.7073556815366, 38.6354031774734], [-75.70794, 38.635358], [-75.710693, 38.634971], [-75.711471, 38.634735], [-75.716545, 38.632427], [-75.721664, 38.630558], [-75.726959, 38.630302], [-75.745811, 38.631576], [-75.762847, 38.631301], [-75.777137, 38.632781], [-75.785614, 38.634044], [-75.796661, 38.633026], [-75.809188, 38.631763], [-75.815238, 38.630107], [-75.818878, 38.630825], [-75.817001, 38.632686], [-75.816543, 38.633888], [-75.814914, 38.636341], [-75.811378, 38.637738], [-75.810716, 38.641322], [-75.81059, 38.644411], [-75.813558, 38.646869], [-75.813367, 38.647957], [-75.809821, 38.649552], [-75.808368, 38.651716], [-75.805283, 38.652518], [-75.804157, 38.654547], [-75.802468, 38.656443], [-75.798807, 38.659428], [-75.79617, 38.661224], [-75.794064, 38.660064], [-75.790138, 38.660583], [-75.788849, 38.659604], [-75.785673, 38.659761], [-75.782235, 38.661284], [-75.781348, 38.662604], [-75.780755, 38.666399], [-75.778995, 38.669073], [-75.779056, 38.67034], [-75.777505, 38.671217], [-75.774618, 38.671538], [-75.773149, 38.673262], [-75.77381, 38.676383], [-75.775017, 38.678652], [-75.776013, 38.676995], [-75.779891, 38.676486], [-75.786491, 38.677291], [-75.795196, 38.676609], [-75.794273, 38.675304], [-75.794115, 38.670426], [-75.796796, 38.671968], [-75.797545, 38.67129], [-75.800219, 38.673324], [-75.802375, 38.672627], [-75.806278, 38.674561], [-75.804542, 38.676727], [-75.817237, 38.679439], [-75.818038, 38.677463], [-75.821624, 38.675468], [-75.824226, 38.678928], [-75.829826, 38.682559], [-75.826957, 38.680206], [-75.824813, 38.677177], [-75.823524, 38.676742], [-75.822349, 38.675155], [-75.823333, 38.674644], [-75.825233, 38.67572], [-75.828849, 38.675472], [-75.831184, 38.675743], [-75.834312, 38.677841], [-75.836143, 38.679588], [-75.835586, 38.68003], [-75.832313, 38.68394], [-75.832847, 38.68596], [-75.837386, 38.68802], [-75.83691, 38.688557], [-75.83955, 38.689542], [-75.837041, 38.691658], [-75.840894, 38.696246], [-75.841793, 38.695965], [-75.848098, 38.699123], [-75.857419, 38.698769], [-75.859346, 38.699062], [-75.863313, 38.697768], [-75.864318, 38.697937], [-75.862991, 38.698989], [-75.860893, 38.700191], [-75.861083, 38.700496], [-75.873519, 38.703987], [-75.870063, 38.711215]]]}}, {"type": "Feature", "id": "21650", "properties": {"ZCTA5CE20": "21650", "GEOID20": "21650", "zip": "21650", "STUSPS": "DE"}, "geometry": {"type": "Polygon", "coordinates": [[[-75.84559, 39.32321], [-75.843668, 39.326848], [-75.834596, 39.338181], [-75.832559, 39.334409], [-75.833234, 39.331578], [-75.8178, 39.33251], [-75.81314, 39.32965], [-75.80964, 39.33559], [-75.80906, 39.33735], [-75.80924, 39.33982], [-75.80631, 39.33949], [-75.80369, 39.34193], [-75.80116, 39.34196], [-75.78825, 39.33337], [-75.78928, 39.332268], [-75.789139, 39.330337], [-75.786221, 39.328365], [-75.785813, 39.322913], [-75.784781, 39.321877], [-75.780955, 39.322077], [-75.779533, 39.320873], [-75.779783, 39.318391], [-75.77826, 39.316728], [-75.77576, 39.31654], [-75.777116, 39.309932], [-75.783488, 39.302308], [-75.77596, 39.30024], [-75.77448, 39.30026], [-75.77038, 39.3013], [-75.768841, 39.295339], [-75.773749, 39.292792], [-75.775369, 39.290414], [-75.778756, 39.287065], [-75.78077, 39.287307], [-75.789174, 39.289127], [-75.791014, 39.288492], [-75.791892, 39.289362], [-75.795099, 39.290738], [-75.806806, 39.290078], [-75.812698, 39.294114], [-75.814117, 39.294319], [-75.817709, 39.292026], [-75.817863, 39.290956], [-75.83252, 39.29024], [-75.83148, 39.29274], [-75.83075, 39.29625], [-75.82917, 39.30313], [-75.8272, 39.306574], [-75.83308, 39.30698], [-75.83269, 39.31048], [-75.8363, 39.31089], [-75.838265, 39.312177], [-75.84851, 39.311842], [-75.84559, 39.32321]]]}}, {"type": "Feature", "id": "19802", "properties": {"ZCTA5CE20": "19802", "GEOID20": "19802", "zip": "19802", "STUSPS": "DE"}, "geometry": {"type": "Polygon", "coordinates": [[[-75.551948, 39.759001], [-75.551116, 39.760907], [-75.552327, 39.76188], [-75.549115, 39.76277], [-75.542753, 39.764613], [-75.543083, 39.766773], [-75.538369, 39.767411], [-75.53693, 39.767897], [-75.528623, 39.774403], [-75.527191, 39.774951], [-75.526683, 39.774254], [-75.525656, 39.77475], [-75.524508, 39.775201], [-75.522346, 39.775249], [-75.521435, 39.775396], [-75.521583, 39.776183], [-75.516934, 39.777214], [-75.51704, 39.776472], [-75.517614, 39.772781], [-75.517335, 39.771055], [-75.519459, 39.768446], [-75.518308, 39.768004], [-75.517937, 39.76721], [-75.518071, 39.764847], [-75.517044, 39.763049], [-75.515953, 39.763553], [-75.515453, 39.762185], [-75.512079, 39.761363], [-75.511115, 39.760114], [-75.509964, 39.758369], [-75.508731, 39.756706], [-75.504822, 39.75325], [-75.503364, 39.751283], [-75.510074, 39.748219], [-75.511272, 39.747275], [-75.513287, 39.745078], [-75.515828, 39.746128], [-75.518477, 39.749537], [-75.52625, 39.745657], [-75.528202, 39.744475], [-75.526688, 39.744424], [-75.525426, 39.742874], [-75.525927, 39.74058], [-75.52437, 39.738879], [-75.524503, 39.738854], [-75.526481, 39.738032], [-75.531978, 39.73988], [-75.534957, 39.738797], [-75.537034, 39.739702], [-75.53753, 39.743324], [-75.539743, 39.746609], [-75.539978, 39.748346], [-75.540808, 39.749634], [-75.543855, 39.750278], [-75.546071, 39.750673], [-75.548336, 39.75227], [-75.549181, 39.753846], [-75.551659, 39.755665], [-75.552509, 39.756534], [-75.551948, 39.759001]]]}}, {"type": "Feature", "id": "19960", "properties": {"ZCTA5CE20": "19960", "GEOID20": "19960", "zip": "19960", "STUSPS": "DE"}, "geometry": {"type": "Polygon", "coordinates": [[[-75.489627, 38.832123], [-75.487521, 38.836158], [-75.483435, 38.84074], [-75.4836, 38.843819], [-75.481891, 38.846646], [-75.479624, 38.847884], [-75.483406, 38.851427], [-75.477353, 38.86836], [-75.477535, 38.872324], [-75.489456, 38.870609], [-75.48859, 38.872598], [-75.481442, 38.881283], [-75.478464, 38.885493], [-75.478761, 38.886475], [-75.476065, 38.885844], [-75.477708, 38.882984], [-75.477243, 38.880429], [-75.475267, 38.878524], [-75.476545, 38.876617], [-75.476084, 38.87275], [-75.475067, 38.87334], [-75.473574, 38.872518], [-75.466109, 38.865361], [-75.464674, 38.865278], [-75.463829, 38.866851], [-75.455166, 38.868176], [-75.449198, 38.869365], [-75.447043, 38.871477], [-75.443516, 38.872477], [-75.441724, 38.874246], [-75.43953, 38.877226], [-75.439577, 38.880849], [-75.439308, 38.880941], [-75.439282, 38.877241], [-75.438884, 38.877623], [-75.435403, 38.881229], [-75.438427, 38.881351], [-75.435114, 38.881402], [-75.429301, 38.883471], [-75.426844, 38.886061], [-75.4264, 38.887038], [-75.427043, 38.888504], [-75.42594, 38.888494], [-75.425392, 38.894747], [-75.42589, 38.894482], [-75.425179, 38.895331], [-75.424438, 38.892931], [-75.423814, 38.887445], [-75.420306, 38.888001], [-75.419447, 38.884749], [-75.411541, 38.891181], [-75.409713, 38.889923], [-75.406949, 38.887996], [-75.40627, 38.887487], [-75.404432, 38.886038], [-75.400326, 38.882795], [-75.399674, 38.882283], [-75.396634, 38.884365], [-75.39757, 38.885172], [-75.396295, 38.886006], [-75.3902, 38.889904], [-75.389974, 38.889225], [-75.38831, 38.890274], [-75.387795, 38.890761], [-75.383761, 38.888234], [-75.381765, 38.88721], [-75.382122, 38.886842], [-75.388877, 38.885534], [-75.38859, 38.88451], [-75.388564, 38.884417], [-75.388534, 38.88435], [-75.388363, 38.883875], [-75.388131, 38.883375], [-75.38591, 38.885341], [-75.383383, 38.884435], [-75.382529, 38.88383], [-75.381378, 38.883178], [-75.378768, 38.883692], [-75.376684, 38.885765], [-75.374861, 38.885199], [-75.358388, 38.877144], [-75.356652, 38.875573], [-75.354926, 38.873089], [-75.352857, 38.871576], [-75.350045, 38.870209], [-75.345288, 38.867975], [-75.338697, 38.867319], [-75.337294, 38.8668], [-75.335635, 38.86553], [-75.329114, 38.858709], [-75.328823, 38.858732], [-75.325162, 38.852823], [-75.32433, 38.85078], [-75.325244, 38.850707], [-75.330266, 38.848937], [-75.33314, 38.848503], [-75.335057, 38.847453], [-75.344096, 38.847239], [-75.345774, 38.844842], [-75.34539, 38.843059], [-75.346319, 38.842993], [-75.344918, 38.839527], [-75.350987, 38.838665], [-75.34599, 38.834642], [-75.345712, 38.834144], [-75.34501, 38.828312], [-75.343556, 38.826752], [-75.344932, 38.818834], [-75.357472, 38.818261], [-75.360097, 38.818361], [-75.363052, 38.821721], [-75.366744, 38.826696], [-75.365942, 38.833254], [-75.36701, 38.83334], [-75.369382, 38.833516], [-75.371928, 38.833464], [-75.371868, 38.831881], [-75.38024, 38.831971], [-75.38132, 38.832828], [-75.381065, 38.833163], [-75.38346, 38.833277], [-75.388444, 38.834367], [-75.390589, 38.832228], [-75.395489, 38.830519], [-75.403063, 38.827739], [-75.408111, 38.820721], [-75.40926, 38.821997], [-75.412025, 38.823534], [-75.423417, 38.822727], [-75.423716, 38.832313], [-75.429206, 38.828293], [-75.429976, 38.829131], [-75.437388, 38.829141], [-75.438069, 38.827252], [-75.438787, 38.826895], [-75.439349, 38.826543], [-75.447665, 38.816887], [-75.458078, 38.81737], [-75.462504, 38.816704], [-75.460853, 38.813602], [-75.462749, 38.812805], [-75.464756, 38.810794], [-75.465682, 38.807844], [-75.464886, 38.807547], [-75.465494, 38.806871], [-75.471772, 38.807657], [-75.483289, 38.806794], [-75.489364, 38.806568], [-75.486906, 38.807793], [-75.48608, 38.812111], [-75.484593, 38.814754], [-75.485375, 38.817973], [-75.484401, 38.821846], [-75.486299, 38.824043], [-75.48805, 38.827942], [-75.486895, 38.829078], [-75.48994, 38.831517], [-75.489627, 38.832123]]]}}]}