{"type": "FeatureCollection", "features": [{"type": "Feature", "id": "20418", "properties": {"ZCTA5CE20": "20418", "GEOID20": "20418", "zip": "20418", "STUSPS": "DC"}, "geometry": {"type": "Polygon", "coordinates": [[[-77.048859, 38.8935], [-77.046675, 38.8935], [-77.046676, 38.892101], [-77.047972, 38.892101], [-77.048849, 38.892102], [-77.048859, 38.8935]]]}}, {"type": "Feature", "id": "20551", "properties": {"ZCTA5CE20": "20551", "GEOID20": "20551", "zip": "20551", "STUSPS": "DC"}, "geometry": {"type": "Polygon", "coordinates": [[[-77.046675, 38.8935], [-77.044922, 38.89351], [-77.044938, 38.892101], [-77.046676, 38.892101], [-77.046675, 38.8935]]]}}, {"type": "Feature", "id": "20006", "properties": {"ZCTA5CE20": "20006", "GEOID20": "20006", "zip": "20006", "STUSPS": "DC"}, "geometry": {"type": "Polygon", "coordinates": [[[-77.048847, 38.89736], [-77.047037, 38.897353], [-77.046663, 38.896924], [-77.046657, 38.898322], [-77.046653, 38.899577], [-77.046651, 38.900693], [-77.046653, 38.901318], [-77.046649, 38.902526], [-77.046647, 38.903742], [-77.0449, 38.903742], [-77.044897, 38.902525], [-77.043456, 38.903744], [-77.041689, 38.902525], [-77.036542, 38.902525], [-77.036546, 38.901344], [-77.034593, 38.901336], [-77.035129, 38.900202], [-77.035117, 38.898761], [-77.035024, 38.895441], [-77.036142, 38.895193], [-77.039464, 38.895397], [-77.039481, 38.8921], [-77.040676, 38.8921], [-77.043477, 38.892101], [-77.043474, 38.893514], [-77.041743, 38.893529], [-77.041727, 38.895405], [-77.043472, 38.895398], [-77.043466, 38.895979], [-77.043468, 38.897355], [-77.04491, 38.897354], [-77.044918, 38.895995], [-77.044918, 38.89543], [-77.04521, 38.894527], [-77.046682, 38.895316], [-77.048023, 38.896017], [-77.048847, 38.89736]], [[-77.044908, 38.898322], [-77.043469, 38.898321], [-77.043464, 38.899575], [-77.044905, 38.899579], [-77.044908, 38.898322]]]}}, {"type": "Feature", "id": "22214", "properties": {"ZCTA5CE20": "22214", "GEOID20": "22214", "zip": "22214", "STUSPS": "DC"}, "geometry": {"type": "Polygon", "coordinates": [[[-77.076769, 38.867942], [-77.074878, 38.8698], [-77.073704, 38.870962], [-77.069465, 38.873321], [-77.068018, 38.874812], [-77.066376, 38.875135], [-77.066089, 38.878003], [-77.067812, 38.882876], [-77.063959, 38.884279], [-77.061251, 38.880771], [-77.057245, 38.87691], [-77.057971, 38.874522], [-77.06115, 38.869704], [-77.063892, 38.870565], [-77.065394, 38.870192], [-77.07057, 38.868899], [-77.073081, 38.868299], [-77.075567, 38.867142], [-77.076292, 38.867621], [-77.076769, 38.867942]]]}}, {"type": "Feature", "id": "20052", "properties": {"ZCTA5CE20": "20052", "GEOID20": "20052", "zip": "20052", "STUSPS": "DC"}, "geometry": {"type": "MultiPolygon", "coordinates": [[[[-77.04491, 38.897354], [-77.043468, 38.897355], [-77.043466, 38.895979], [-77.044918, 38.895995], [-77.04491, 38.897354]]], [[[-77.050135, 38.898327], [-77.050131, 38.899574], [-77.050128, 38.900699], [-77.046651, 38.900693], [-77.046653, 38.899577], [-77.046657, 38.898322], [-77.048837, 38.898329], [-77.048847, 38.89736], [-77.050136, 38.897358], [-77.050135, 38.898327]]]]}}, {"type": "Feature", "id": "20057", "properties": {"ZCTA5CE20": "20057", "GEOID20": "20057", "zip": "20057", "STUSPS": "DC"}, "geometry": {"type": "Polygon", "coordinates": [[[-77.079016, 38.912679], [-77.074327, 38.912589], [-77.073097, 38.912589], [-77.07306, 38.911524], [-77.072883, 38.909245], [-77.071621, 38.908634], [-77.071498, 38.905109], [-77.074005, 38.905538], [-77.076044, 38.905552], [-77.07831, 38.906042], [-77.077908, 38.90671], [-77.0777, 38.909687], [-77.079016, 38.912679]]]}}, {"type": "Feature", "id": "20515", "properties": {"ZCTA5CE20": "20515", "GEOID20": "20515", "zip": "20515", "STUSPS": "DC"}, "geometry": {"type": "Polygon", "coordinates": [[[-77.012152, 38.887564], [-77.009065, 38.887588], [-77.005897, 38.887612], [-77.005892, 38.886039], [-77.00906, 38.886036], [-77.012142, 38.886032], [-77.012152, 38.887564]]]}}, {"type": "Feature", "id": "20889", "properties": {"ZCTA5CE20": "20889", "GEOID20": "20889", "zip": "20889", "STUSPS": "DC"}, "geometry": {"type": "Polygon", "coordinates": [[[-77.097372, 39.004544], [-77.090406, 39.005243], [-77.08746, 39.00766], [-77.08542, 39.006537], [-77.083466, 39.005483], [-77.083322, 39.000136], [-77.087959, 38.998928], [-77.088108, 38.998873], [-77.091033, 38.997203], [-77.096584, 38.996895], [-77.097372, 39.004544]]]}}, {"type": "Feature", "id": "20408", "properties": {"ZCTA5CE20": "20408", "GEOID20": "20408", "zip": "20408", "STUSPS": "DC"}, "geometry": {"type": "Polygon", "coordinates": [[[-77.023975, 38.893877], [-77.021919, 38.893295], [-77.0219, 38.892078], [-77.023962, 38.892079], [-77.023975, 38.893877]]]}}, {"type": "Feature", "id": "22305", "properties": {"ZCTA5CE20": "22305", "GEOID20": "22305", "zip": "22305", "STUSPS": "DC"}, "geometry": {"type": "Polygon", "coordinates": [[[-77.078554, 38.843672], [-77.077187, 38.84369], [-77.07642, 38.843551], [-77.070348, 38.843957], [-77.066825, 38.843899], [-77.064722, 38.844677], [-77.063766, 38.844909], [-77.055388, 38.841064], [-77.052953, 38.840355], [-77.0524, 38.840445], [-77.050803, 38.841465], [-77.049473, 38.841341], [-77.049013, 38.84126], [-77.046998, 38.837587], [-77.046921, 38.825375], [-77.047566, 38.823397], [-77.049627, 38.820385], [-77.049673, 38.820977], [-77.050005, 38.822489], [-77.047465, 38.82546], [-77.047949, 38.829641], [-77.049765, 38.829519], [-77.049831, 38.832492], [-77.051304, 38.832374], [-77.051242, 38.831927], [-77.059536, 38.831064], [-77.059488, 38.830797], [-77.05892, 38.827602], [-77.060693, 38.828401], [-77.060735, 38.828316], [-77.061271, 38.828313], [-77.061427, 38.827958], [-77.063318, 38.828518], [-77.063535, 38.829081], [-77.065116, 38.829759], [-77.066443, 38.830101], [-77.066508, 38.830336], [-77.072578, 38.82916], [-77.072869, 38.830049], [-77.07166, 38.830444], [-77.070789, 38.831156], [-77.072131, 38.832383], [-77.072558, 38.834365], [-77.074492, 38.835816], [-77.076538, 38.836022], [-77.077524, 38.836055], [-77.078197, 38.837886], [-77.079163, 38.838794], [-77.07858, 38.841249], [-77.075088, 38.841881], [-77.074837, 38.842239], [-77.078037, 38.842786], [-77.079302, 38.842926], [-77.078554, 38.843672]]]}}, {"type": "Feature", "id": "20710", "properties": {"ZCTA5CE20": "20710", "GEOID20": "20710", "zip": "20710", "STUSPS": "DC"}, "geometry": {"type": "Polygon", "coordinates": [[[-76.943549, 38.939265], [-76.942832, 38.942316], [-76.94161, 38.945048], [-76.940023, 38.94583], [-76.937876, 38.944947], [-76.935783, 38.944092], [-76.935199, 38.944272], [-76.934498, 38.944376], [-76.932858, 38.943923], [-76.931687, 38.945072], [-76.931558, 38.945026], [-76.929955, 38.946324], [-76.929887, 38.946292], [-76.930068, 38.945519], [-76.929614, 38.945147], [-76.927712, 38.944314], [-76.925301, 38.944385], [-76.9253, 38.94506], [-76.923491, 38.945464], [-76.921837, 38.944528], [-76.921541, 38.944896], [-76.921101, 38.944635], [-76.920843, 38.944687], [-76.920384, 38.944687], [-76.920149, 38.944913], [-76.919856, 38.944924], [-76.919688, 38.944793], [-76.918945, 38.945528], [-76.918427, 38.946755], [-76.917955, 38.946736], [-76.917769, 38.947867], [-76.91607, 38.949036], [-76.915258, 38.950327], [-76.91431, 38.950551], [-76.916077, 38.951914], [-76.915573, 38.953123], [-76.912786, 38.953096], [-76.909906, 38.953444], [-76.909422, 38.953109], [-76.909861, 38.951966], [-76.909802, 38.946567], [-76.910237, 38.944431], [-76.911418, 38.942228], [-76.914357, 38.939158], [-76.915833, 38.939488], [-76.915843, 38.939386], [-76.918071, 38.939345], [-76.91821, 38.939323], [-76.922006, 38.938941], [-76.923259, 38.937867], [-76.925035, 38.938595], [-76.926914, 38.939001], [-76.928088, 38.939315], [-76.9287, 38.939448], [-76.928705, 38.938464], [-76.928514, 38.937534], [-76.925798, 38.936868], [-76.926105, 38.936265], [-76.927906, 38.936241], [-76.927353, 38.934484], [-76.93065, 38.934917], [-76.930909, 38.933479], [-76.933582, 38.933036], [-76.934509, 38.933848], [-76.936265, 38.93298], [-76.938594, 38.933008], [-76.938292, 38.933447], [-76.93954, 38.936874], [-76.940895, 38.937278], [-76.941305, 38.937788], [-76.94268, 38.938844], [-76.942936, 38.938701], [-76.943016, 38.938776], [-76.943549, 38.939265]]]}}, {"type": "Feature", "id": "20415", "properties": {"ZCTA5CE20": "20415", "GEOID20": "20415", "zip": "20415", "STUSPS": "DC"}, "geometry": {"type": "Polygon", "coordinates": [[[-77.044918, 38.89543], [-77.044918, 38.895995], [-77.043466, 38.895979], [-77.043472, 38.895398], [-77.043497, 38.893762], [-77.043474, 38.893514], [-77.04521, 38.894527], [-77.044918, 38.89543]]]}}, {"type": "Feature", "id": "20591", "properties": {"ZCTA5CE20": "20591", "GEOID20": "20591", "zip": "20591", "STUSPS": "DC"}, "geometry": {"type": "Polygon", "coordinates": [[[-77.024016, 38.887566], [-77.021916, 38.887563], [-77.021912, 38.886322], [-77.024028, 38.886334], [-77.024016, 38.887566]]]}}, {"type": "Feature", "id": "20004", "properties": {"ZCTA5CE20": "20004", "GEOID20": "20004", "zip": "20004", "STUSPS": "DC"}, "geometry": {"type": "Polygon", "coordinates": [[[-77.033645, 38.897345], [-77.031963, 38.897349], [-77.031962, 38.896105], [-77.02964, 38.896126], [-77.029619, 38.897339], [-77.027033, 38.89735], [-77.027034, 38.898316], [-77.025989, 38.897787], [-77.023803, 38.897207], [-77.021916, 38.897276], [-77.019901, 38.89734], [-77.019905, 38.89613], [-77.019901, 38.894411], [-77.019899, 38.892759], [-77.021919, 38.893295], [-77.023975, 38.893877], [-77.023965, 38.896133], [-77.025985, 38.896133], [-77.026002, 38.894444], [-77.02599, 38.892082], [-77.031964, 38.892093], [-77.031955, 38.895499], [-77.033645, 38.895479], [-77.033645, 38.897345]]]}}, {"type": "Feature", "id": "20064", "properties": {"ZCTA5CE20": "20064", "GEOID20": "20064", "zip": "20064", "STUSPS": "DC"}, "geometry": {"type": "Polygon", "coordinates": [[[-77.002983, 38.940743], [-76.99967, 38.940741], [-76.997642, 38.940732], [-76.994837, 38.933746], [-76.996184, 38.93316], [-77.000982, 38.931215], [-77.001303, 38.931812], [-77.002132, 38.936155], [-77.002983, 38.940743]]]}}, {"type": "Feature", "id": "20245", "properties": {"ZCTA5CE20": "20245", "GEOID20": "20245", "zip": "20245", "STUSPS": "DC"}, "geometry": {"type": "Polygon", "coordinates": [[[-77.046682, 38.895316], [-77.04521, 38.894527], [-77.043474, 38.893514], [-77.043477, 38.892101], [-77.044938, 38.892101], [-77.044922, 38.89351], [-77.046675, 38.8935], [-77.046682, 38.895316]]]}}, {"type": "Feature", "id": "20390", "properties": {"ZCTA5CE20": "20390", "GEOID20": "20390", "zip": "20390", "STUSPS": "DC"}, "geometry": {"type": "Polygon", "coordinates": [[[-76.994975, 38.879284], [-76.992885, 38.879278], [-76.992634, 38.879013], [-76.992654, 38.878585], [-76.994975, 38.878943], [-76.994975, 38.879284]]]}}, {"type": "Feature", "id": "20742", "properties": {"ZCTA5CE20": "20742", "GEOID20": "20742", "zip": "20742", "STUSPS": "DC"}, "geometry": {"type": "Polygon", "coordinates": [[[-76.951399, 38.992529], [-76.948549, 38.996529], [-76.946745, 38.998206], [-76.941814, 38.99868], [-76.941404, 38.998689], [-76.937939, 38.995899], [-76.937373, 38.99498], [-76.937536, 38.990162], [-76.940983, 38.990146], [-76.942096, 38.990583], [-76.94508, 38.990562], [-76.947883, 38.992094], [-76.949683, 38.991743], [-76.951399, 38.992529]]]}}, {"type": "Feature", "id": "22211", "properties": {"ZCTA5CE20": "22211", "GEOID20": "22211", "zip": "22211", "STUSPS": "DC"}, "geometry": {"type": "Polygon", "coordinates": [[[-77.084574, 38.884749], [-77.083702, 38.886073], [-77.083068, 38.886479], [-77.081075, 38.887112], [-77.076337, 38.887565], [-77.071752, 38.887636], [-77.071445, 38.888654], [-77.071482, 38.89195], [-77.070365, 38.891673], [-77.068132, 38.890432], [-77.067956, 38.890286], [-77.067863, 38.889672], [-77.063959, 38.884279], [-77.067812, 38.882876], [-77.066089, 38.878003], [-77.066376, 38.875135], [-77.068018, 38.874812], [-77.069465, 38.873321], [-77.073704, 38.870962], [-77.074878, 38.8698], [-77.076769, 38.867942], [-77.078178, 38.869055], [-77.080239, 38.871198], [-77.082372, 38.874273], [-77.08247, 38.874874], [-77.083279, 38.877096], [-77.084138, 38.881237], [-77.084701, 38.88384], [-77.084574, 38.884749]]]}}, {"type": "Feature", "id": "20010", "properties": {"ZCTA5CE20": "20010", "GEOID20": "20010", "zip": "20010", "STUSPS": "DC"}, "geometry": {"type": "Polygon", "coordinates": [[[-77.050503, 38.933224], [-77.049314, 38.933827], [-77.048297, 38.934804], [-77.045414, 38.935879], [-77.040928, 38.936285], [-77.038621, 38.937211], [-77.03743, 38.937852], [-77.036445, 38.938231], [-77.036446, 38.937925], [-77.033785, 38.937665], [-77.032729, 38.937609], [-77.032131, 38.93753], [-77.032131, 38.937214], [-77.031466, 38.937214], [-77.031318, 38.937121], [-77.030249, 38.937121], [-77.030252, 38.937603], [-77.029705, 38.937604], [-77.02971, 38.936836], [-77.026271, 38.937286], [-77.025328, 38.937607], [-77.024499, 38.93761], [-77.023141, 38.937649], [-77.023115, 38.937178], [-77.021245, 38.937409], [-77.019492, 38.937547], [-77.019498, 38.937756], [-77.018993, 38.937772], [-77.019033, 38.937398], [-77.019226, 38.936899], [-77.019193, 38.935215], [-77.019161, 38.934159], [-77.018804, 38.932691], [-77.018277, 38.930556], [-77.016447, 38.930853], [-77.015634, 38.931029], [-77.015097, 38.931112], [-77.012151, 38.931184], [-77.012142, 38.926282], [-77.014474, 38.926345], [-77.016749, 38.927536], [-77.017807, 38.927938], [-77.018106, 38.928484], [-77.017956, 38.929], [-77.018052, 38.92961], [-77.018364, 38.929301], [-77.023229, 38.929041], [-77.025774, 38.928621], [-77.02751, 38.928705], [-77.027443, 38.928429], [-77.027783, 38.928194], [-77.029707, 38.928321], [-77.029708, 38.928635], [-77.032211, 38.928635], [-77.032612, 38.928805], [-77.032783, 38.928734], [-77.032741, 38.928323], [-77.033617, 38.928268], [-77.033587, 38.927982], [-77.034463, 38.927929], [-77.034908, 38.928007], [-77.035388, 38.928647], [-77.036197, 38.928675], [-77.036476, 38.928687], [-77.037351, 38.928733], [-77.037659, 38.928234], [-77.042158, 38.928817], [-77.04421, 38.929563], [-77.043368, 38.927969], [-77.044534, 38.928123], [-77.04495, 38.929051], [-77.047122, 38.931448], [-77.050854, 38.932826], [-77.050503, 38.933224]]]}}, {"type": "Feature", "id": "20250", "properties": {"ZCTA5CE20": "20250", "GEOID20": "20250", "zip": "20250", "STUSPS": "DC"}, "geometry": {"type": "Polygon", "coordinates": [[[-77.033447, 38.887766], [-77.031986, 38.887582], [-77.031953, 38.887288], [-77.031951, 38.884977], [-77.032083, 38.883798], [-77.03219, 38.883454], [-77.032594, 38.882788], [-77.033247, 38.884021], [-77.033712, 38.884351], [-77.033447, 38.887766]]]}}, {"type": "Feature", "id": "20240", "properties": {"ZCTA5CE20": "20240", "GEOID20": "20240", "zip": "20240", "STUSPS": "DC"}, "geometry": {"type": "Polygon", "coordinates": [[[-77.043497, 38.893762], [-77.043472, 38.895398], [-77.041727, 38.895405], [-77.041743, 38.893529], [-77.043474, 38.893514], [-77.043497, 38.893762]]]}}, {"type": "Feature", "id": "20530", "properties": {"ZCTA5CE20": "20530", "GEOID20": "20530", "zip": "20530", "STUSPS": "DC"}, "geometry": {"type": "Polygon", "coordinates": [[[-77.026002, 38.894444], [-77.023975, 38.893877], [-77.023962, 38.892079], [-77.02599, 38.892082], [-77.026002, 38.894444]]]}}, {"type": "Feature", "id": "20540", "properties": {"ZCTA5CE20": "20540", "GEOID20": "20540", "zip": "20540", "STUSPS": "DC"}, "geometry": {"type": "Polygon", "coordinates": [[[-77.005916, 38.889812], [-77.003515, 38.889808], [-77.00352, 38.889151], [-77.003519, 38.887614], [-77.003514, 38.886039], [-77.005892, 38.886039], [-77.005897, 38.887612], [-77.005916, 38.889812]]]}}, {"type": "Feature", "id": "20565", "properties": {"ZCTA5CE20": "20565", "GEOID20": "20565", "zip": "20565", "STUSPS": "DC"}, "geometry": {"type": "Polygon", "coordinates": [[[-77.023962, 38.892079], [-77.0219, 38.892078], [-77.021919, 38.893295], [-77.019899, 38.892759], [-77.016388, 38.891783], [-77.015232, 38.892086], [-77.015172, 38.888185], [-77.016592, 38.887563], [-77.017547, 38.887571], [-77.021916, 38.887563], [-77.023747, 38.888708], [-77.023962, 38.892079]]]}}, {"type": "Feature", "id": "20204", "properties": {"ZCTA5CE20": "20204", "GEOID20": "20204", "zip": "20204", "STUSPS": "DC"}, "geometry": {"type": "Polygon", "coordinates": [[[-77.015202, 38.886047], [-77.013655, 38.886049], [-77.013661, 38.885059], [-77.015201, 38.885072], [-77.015202, 38.886047]]]}}, {"type": "Feature", "id": "20712", "properties": {"ZCTA5CE20": "20712", "GEOID20": "20712", "zip": "20712", "STUSPS": "DC"}, "geometry": {"type": "Polygon", "coordinates": [[[-76.978434328903, 38.9468097626112], [-76.977725, 38.947341], [-76.9765, 38.946753], [-76.971398, 38.947914], [-76.969019, 38.948466], [-76.96805, 38.948962], [-76.967628, 38.949488], [-76.967098, 38.951189], [-76.967037, 38.95132], [-76.966994, 38.951422], [-76.96649, 38.952503], [-76.96639, 38.95239], [-76.963418, 38.953767], [-76.962771, 38.953985], [-76.961832, 38.953398], [-76.960753, 38.95056], [-76.959019, 38.949567], [-76.957941, 38.948807], [-76.959547, 38.9488], [-76.960706, 38.949017], [-76.962314, 38.948535], [-76.962289, 38.947968], [-76.962021, 38.943245], [-76.96098, 38.940987], [-76.957399, 38.94095], [-76.95727, 38.93824], [-76.956911, 38.936265], [-76.955543, 38.935125], [-76.958798975852, 38.9316324346594], [-76.9613741668836, 38.9336229524119], [-76.962063432953, 38.9341557270024], [-76.9634302539184, 38.9352122239235], [-76.9634357898141, 38.9352165029454], [-76.9668313235132, 38.9378411121586], [-76.9681589175141, 38.9388672882343], [-76.9737462088172, 38.9431860367818], [-76.9744996741402, 38.9437684347798], [-76.9778263031425, 38.9463397834696], [-76.978434328903, 38.9468097626112]]]}}, {"type": "Feature", "id": "20542", "properties": {"ZCTA5CE20": "20542", "GEOID20": "20542", "zip": "20542", "STUSPS": "DC"}, "geometry": {"type": "Polygon", "coordinates": [[[-77.029704, 38.941865], [-77.025938, 38.941867], [-77.026725, 38.940805], [-77.029704, 38.940805], [-77.029704, 38.941865]]]}}, {"type": "Feature", "id": "20422", "properties": {"ZCTA5CE20": "20422", "GEOID20": "20422", "zip": "20422", "STUSPS": "DC"}, "geometry": {"type": "Polygon", "coordinates": [[[-77.012151, 38.931184], [-77.006976, 38.93121], [-77.008683, 38.928237], [-77.008939, 38.926678], [-77.008971, 38.922373], [-77.012146, 38.922375], [-77.012142, 38.926282], [-77.012151, 38.931184]]]}}, {"type": "Feature", "id": "20510", "properties": {"ZCTA5CE20": "20510", "GEOID20": "20510", "zip": "20510", "STUSPS": "DC"}, "geometry": {"type": "Polygon", "coordinates": [[[-77.007575, 38.893629], [-77.005889, 38.893625], [-77.005905, 38.892012], [-77.008171, 38.89203], [-77.007575, 38.893629]]]}}, {"type": "Feature", "id": "20319", "properties": {"ZCTA5CE20": "20319", "GEOID20": "20319", "zip": "20319", "STUSPS": "DC"}, "geometry": {"type": "Polygon", "coordinates": [[[-77.019206, 38.871932], [-77.017009, 38.872041], [-77.014341, 38.872035], [-77.015316, 38.869472], [-77.01535, 38.862097], [-77.018029, 38.861152], [-77.018579, 38.861475], [-77.018671, 38.870155], [-77.019206, 38.871932]]]}}, {"type": "Feature", "id": "20431", "properties": {"ZCTA5CE20": "20431", "GEOID20": "20431", "zip": "20431", "STUSPS": "DC"}, "geometry": {"type": "Polygon", "coordinates": [[[-77.044905, 38.899579], [-77.043464, 38.899575], [-77.043469, 38.898321], [-77.044908, 38.898322], [-77.044905, 38.899579]]]}}, {"type": "Feature", "id": "20762", "properties": {"ZCTA5CE20": "20762", "GEOID20": "20762", "zip": "20762", "STUSPS": "DC"}, "geometry": {"type": "Polygon", "coordinates": [[[-76.901766, 38.800844], [-76.900352, 38.803493], [-76.898484, 38.803027], [-76.897954, 38.804314], [-76.895745, 38.806803], [-76.894722, 38.808596], [-76.894264, 38.811699], [-76.89384, 38.814062], [-76.889165, 38.8166], [-76.88361, 38.821912], [-76.878072, 38.825531], [-76.8781, 38.826257], [-76.877943, 38.826365], [-76.872369, 38.828764], [-76.869641, 38.829345], [-76.8679, 38.82957], [-76.85678, 38.829739], [-76.853984, 38.826073], [-76.85166, 38.823193], [-76.849089, 38.82049], [-76.849667, 38.819988], [-76.849099, 38.807472], [-76.856443, 38.807471], [-76.856404, 38.799416], [-76.856962, 38.797251], [-76.858759, 38.795361], [-76.869795, 38.789803], [-76.873035, 38.789042], [-76.878215, 38.789013], [-76.883385, 38.787624], [-76.886541, 38.787769], [-76.888743, 38.783793], [-76.890364, 38.78361], [-76.891862, 38.783797], [-76.897047, 38.787201], [-76.897192, 38.788683], [-76.897628, 38.79061], [-76.900097, 38.796482], [-76.901628, 38.798944], [-76.901766, 38.800844]]]}}, {"type": "Feature", "id": "20781", "properties": {"ZCTA5CE20": "20781", "GEOID20": "20781", "zip": "20781", "STUSPS": "DC"}, "geometry": {"type": "MultiPolygon", "coordinates": [[[[-76.9419204562069, 38.9185860266153], [-76.940231, 38.919932], [-76.938507, 38.922754], [-76.938614, 38.924422], [-76.939381, 38.931436], [-76.938594, 38.933008], [-76.936265, 38.93298], [-76.934509, 38.933848], [-76.933582, 38.933036], [-76.930909, 38.933479], [-76.930629, 38.929071], [-76.928354, 38.926992], [-76.929471, 38.925489], [-76.928758, 38.924694], [-76.925449, 38.921085], [-76.923849, 38.918897], [-76.923535, 38.917201], [-76.921379, 38.918568], [-76.920682, 38.917374], [-76.917567, 38.918338], [-76.917009, 38.917367], [-76.920436, 38.916597], [-76.923558, 38.916882], [-76.923691, 38.91618], [-76.932258, 38.916517], [-76.932553, 38.914523], [-76.9339140387325, 38.9123682731013], [-76.935096, 38.913311], [-76.9413282063645, 38.9181282416157], [-76.9414445041825, 38.918218135091], [-76.9419204562069, 38.9185860266153]]], [[[-76.954763, 38.953261], [-76.952775, 38.955204], [-76.953548, 38.956484], [-76.954792, 38.960094], [-76.949914, 38.958235], [-76.949293, 38.958731], [-76.947858, 38.958566], [-76.947887, 38.958968], [-76.946612, 38.958629], [-76.946538, 38.959347], [-76.947151, 38.960015], [-76.947041, 38.960959], [-76.946443, 38.961221], [-76.94637, 38.961571], [-76.946957, 38.961689], [-76.947588, 38.962705], [-76.947618, 38.96348], [-76.948102, 38.963533], [-76.948106, 38.963982], [-76.946816, 38.964711], [-76.946505, 38.966121], [-76.944234, 38.966021], [-76.942637, 38.965726], [-76.942811, 38.961419], [-76.939439, 38.961511], [-76.939736, 38.95947], [-76.939858, 38.95845], [-76.938853, 38.958448], [-76.938896, 38.957954], [-76.937157, 38.957641], [-76.93567, 38.957604], [-76.933999, 38.951599], [-76.931675, 38.951515], [-76.92939, 38.954203], [-76.928749, 38.955176], [-76.92861, 38.955441], [-76.928509, 38.955412], [-76.924982, 38.954386], [-76.925006, 38.954127], [-76.925196, 38.952479], [-76.926255, 38.95106], [-76.924315, 38.952494], [-76.923702, 38.953546], [-76.923604, 38.953859], [-76.924357, 38.953924], [-76.92394, 38.955654], [-76.923075, 38.955301], [-76.92358, 38.953955], [-76.922812, 38.95392], [-76.921102, 38.953917], [-76.920203, 38.95382], [-76.920047, 38.952724], [-76.916783, 38.951181], [-76.916265, 38.952001], [-76.916077, 38.951914], [-76.91431, 38.950551], [-76.915258, 38.950327], [-76.91607, 38.949036], [-76.917769, 38.947867], [-76.917955, 38.946736], [-76.918427, 38.946755], [-76.918945, 38.945528], [-76.919688, 38.944793], [-76.919856, 38.944924], [-76.920149, 38.944913], [-76.920384, 38.944687], [-76.920843, 38.944687], [-76.921101, 38.944635], [-76.921541, 38.944896], [-76.921837, 38.944528], [-76.923491, 38.945464], [-76.9253, 38.94506], [-76.925301, 38.944385], [-76.927712, 38.944314], [-76.929614, 38.945147], [-76.930068, 38.945519], [-76.929887, 38.946292], [-76.929955, 38.946324], [-76.931558, 38.945026], [-76.931687, 38.945072], [-76.932858, 38.943923], [-76.934498, 38.944376], [-76.935199, 38.944272], [-76.935783, 38.944092], [-76.937876, 38.944947], [-76.940023, 38.94583], [-76.94161, 38.945048], [-76.942832, 38.942316], [-76.943549, 38.939265], [-76.943016, 38.938776], [-76.942936, 38.938701], [-76.94268, 38.938844], [-76.941305, 38.937788], [-76.940895, 38.937278], [-76.93954, 38.936874], [-76.938292, 38.933447], [-76.938594, 38.933008], [-76.93944, 38.933269], [-76.940616, 38.936426], [-76.942147, 38.93766], [-76.942651, 38.938145], [-76.943163, 38.93858], [-76.943868, 38.9382], [-76.943981, 38.938246], [-76.94394, 38.938268], [-76.943532, 38.938485], [-76.943239, 38.938654], [-76.943379, 38.938789], [-76.94365, 38.939007], [-76.944758, 38.940423], [-76.944545, 38.942512], [-76.945033, 38.943885], [-76.946413, 38.944872], [-76.947143, 38.94532], [-76.947563, 38.945695], [-76.950092, 38.946866], [-76.95076, 38.947097], [-76.953153, 38.948385], [-76.953624, 38.948651], [-76.956372, 38.948976], [-76.954763, 38.953261]]]]}}, {"type": "Feature", "id": "20007", "properties": {"ZCTA5CE20": "20007", "GEOID20": "20007", "zip": "20007", "STUSPS": "DC"}, "geometry": {"type": "Polygon", "coordinates": [[[-77.1054024360726, 38.9171920702241], [-77.101974, 38.920015], [-77.098579, 38.921149], [-77.099429, 38.92207], [-77.098963, 38.922222], [-77.096504, 38.925823], [-77.094532, 38.925788], [-77.093721, 38.927299], [-77.090254, 38.927529], [-77.082617, 38.927864], [-77.081651, 38.926257], [-77.080002, 38.925966], [-77.078979, 38.926183], [-77.077046, 38.927527], [-77.07705, 38.927998], [-77.075923, 38.928004], [-77.07319, 38.927529], [-77.066384, 38.927527], [-77.066353, 38.924323], [-77.067224, 38.924439], [-77.067791, 38.924391], [-77.068508, 38.92422], [-77.068785, 38.924624], [-77.068885, 38.924418], [-77.069535, 38.924147], [-77.069493, 38.923575], [-77.070885, 38.923622], [-77.070884, 38.922545], [-77.070459, 38.922551], [-77.070542, 38.92133], [-77.070121, 38.920189], [-77.068145, 38.918733], [-77.067315, 38.918641], [-77.063824, 38.918446], [-77.063409, 38.91707], [-77.062753, 38.916926], [-77.062557, 38.917425], [-77.061982, 38.917348], [-77.060881, 38.916413], [-77.059702, 38.916673], [-77.059673, 38.91731], [-77.059084, 38.918313], [-77.058258, 38.917716], [-77.058201, 38.917675], [-77.058798, 38.915833], [-77.054499, 38.912696], [-77.052526, 38.911993], [-77.051153, 38.910799], [-77.051204, 38.910777], [-77.050085, 38.909635], [-77.05339, 38.908559], [-77.055429, 38.905254], [-77.055953, 38.904549], [-77.057559, 38.902752], [-77.057668, 38.902543], [-77.057894, 38.902278], [-77.058561, 38.901472], [-77.057431, 38.899666], [-77.056626, 38.89839], [-77.056653, 38.897669], [-77.056657, 38.894903], [-77.055921, 38.893], [-77.057634, 38.892704], [-77.063252, 38.891775], [-77.0646579445255, 38.8918438452555], [-77.067299, 38.899211], [-77.068199, 38.899811], [-77.0693711968326, 38.9003662511312], [-77.070099, 38.900711], [-77.0706217017928, 38.9007628339105], [-77.0706677711042, 38.9007674023903], [-77.0734988484729, 38.9010481471918], [-77.0783563148089, 38.9015298395811], [-77.0792973903799, 38.9016231616772], [-77.0822, 38.901911], [-77.082598348968, 38.9020255253283], [-77.0828392117323, 38.902094773373], [-77.0902, 38.904211], [-77.0937, 38.905911], [-77.1010155931084, 38.9109831445552], [-77.1012, 38.911111], [-77.1016445994152, 38.9114747631579], [-77.1034, 38.912911], [-77.1054024360726, 38.9171920702241]], [[-77.0777, 38.909687], [-77.077908, 38.90671], [-77.07831, 38.906042], [-77.076044, 38.905552], [-77.074005, 38.905538], [-77.071498, 38.905109], [-77.071621, 38.908634], [-77.072883, 38.909245], [-77.07306, 38.911524], [-77.073097, 38.912589], [-77.074327, 38.912589], [-77.079016, 38.912679], [-77.0777, 38.909687]]]}}, {"type": "Feature", "id": "20388", "properties": {"ZCTA5CE20": "20388", "GEOID20": "20388", "zip": "20388", "STUSPS": "DC"}, "geometry": {"type": "Polygon", "coordinates": [[[-76.998981, 38.87275], [-76.997744, 38.872873], [-76.993777, 38.873763], [-76.991293, 38.873298], [-76.990931, 38.87248], [-76.990102, 38.871349], [-76.99246, 38.870129], [-76.999542, 38.870485], [-76.998981, 38.87275]]]}}, {"type": "Feature", "id": "20017", "properties": {"ZCTA5CE20": "20017", "GEOID20": "20017", "zip": "20017", "STUSPS": "DC"}, "geometry": {"type": "Polygon", "coordinates": [[[-77.008683, 38.928237], [-77.006976, 38.93121], [-77.006084, 38.934273], [-77.006359, 38.936592], [-77.008313, 38.940626], [-77.008034, 38.942381], [-77.005946, 38.941314], [-77.004382, 38.940739], [-77.004385, 38.942864], [-77.001434, 38.942902], [-76.99967, 38.940741], [-77.002983, 38.940743], [-77.002132, 38.936155], [-77.001303, 38.931812], [-77.000982, 38.931215], [-76.996184, 38.93316], [-76.994837, 38.933746], [-76.997642, 38.940732], [-77.000043, 38.94627], [-77.000493, 38.94737], [-77.002011, 38.951051], [-77.002454, 38.952164], [-76.998934, 38.95256], [-76.996818, 38.952634], [-76.992177, 38.953582], [-76.988979, 38.953455], [-76.9882717137531, 38.954413660319], [-76.987925151061, 38.9541457814772], [-76.9859369495824, 38.9526089827349], [-76.9830468494119, 38.9503750530475], [-76.978434328903, 38.9468097626112], [-76.9778263031425, 38.9463397834696], [-76.978854, 38.945252], [-76.979171, 38.945169], [-76.979652, 38.945169], [-76.979667, 38.944969], [-76.979852, 38.944722], [-76.980022, 38.944722], [-76.980022, 38.944575], [-76.97972, 38.944437], [-76.979809, 38.944318], [-76.97962, 38.944233], [-76.980399, 38.943035], [-76.980268, 38.941515], [-76.980206, 38.94072], [-76.980151, 38.939576], [-76.980021, 38.938306], [-76.982057, 38.938345], [-76.981893, 38.935376], [-76.982872, 38.934927], [-76.9828, 38.933941], [-76.982483, 38.929992], [-76.982324, 38.928019], [-76.98404, 38.927932], [-76.983958, 38.926864], [-76.985885, 38.926767], [-76.985623, 38.92462], [-76.988001, 38.923866], [-76.988114, 38.925582], [-76.99044, 38.925525], [-76.990758, 38.925575], [-76.994484, 38.925582], [-76.994943, 38.923983], [-76.996033, 38.921383], [-77.000569, 38.919761], [-77.000569, 38.922985], [-77.00057, 38.923439], [-77.000014, 38.923642], [-77.00057, 38.925591], [-77.002444, 38.925594], [-77.003629, 38.925647], [-77.00573, 38.926304], [-77.006293, 38.92701], [-77.008939, 38.926678], [-77.008683, 38.928237]]]}}, {"type": "Feature", "id": "20032", "properties": {"ZCTA5CE20": "20032", "GEOID20": "20032", "zip": "20032", "STUSPS": "DC"}, "geometry": {"type": "Polygon", "coordinates": [[[-77.044999, 38.838512], [-77.044487611898, 38.8395986997167], [-77.044199, 38.840212], [-77.041699, 38.840212], [-77.038549, 38.839262], [-77.034541, 38.840473], [-77.033372501691, 38.8445991183691], [-77.031698, 38.850512], [-77.0318317383801, 38.8508965123416], [-77.020162, 38.85733], [-77.018631, 38.851093], [-77.018972, 38.850432], [-77.008155, 38.850124], [-77.005971, 38.854065], [-77.004947, 38.85761], [-77.004516, 38.858865], [-77.003446, 38.860689], [-77.003004, 38.860535], [-77.002983, 38.860117], [-76.998769, 38.857514], [-76.992289, 38.853452], [-76.986473, 38.849853], [-76.985047, 38.848964], [-76.989093, 38.844592], [-76.988511, 38.844705], [-76.983433, 38.846], [-76.982801, 38.846178], [-76.980575, 38.847206], [-76.980308, 38.846903], [-76.981332, 38.8466], [-76.980658, 38.845405], [-76.978907, 38.842191], [-76.977896, 38.841786], [-76.972937771182, 38.8430744331047], [-76.979497, 38.837812], [-76.9798166414139, 38.8375795577324], [-76.9824909808814, 38.8356347861757], [-76.9849693143039, 38.8338325496209], [-76.9873306495444, 38.8321153937896], [-76.9890405411314, 38.830871965809], [-76.9913437397798, 38.8291970867314], [-76.992697, 38.828213], [-76.9928029355775, 38.8281215761454], [-76.9959473293181, 38.8254079212734], [-76.9979429348247, 38.8236856863842], [-76.9984584905661, 38.823240754717], [-76.9991308531942, 38.8226604965584], [-76.999997, 38.821913], [-77.001084509434, 38.8216022830189], [-77.0013174905661, 38.8215357169811], [-77.001397, 38.821513], [-77.0014810762983, 38.821446228991], [-77.0014918209193, 38.821437695918], [-77.0033969811808, 38.8199246717299], [-77.0046785080769, 38.8189069194544], [-77.0061972661728, 38.8177007648954], [-77.0223447455908, 38.8048768952031], [-77.0244236516675, 38.8032258870216], [-77.0375797152565, 38.792777714848], [-77.039006, 38.791645], [-77.0389927854341, 38.792766769814], [-77.0389430537894, 38.7969884338797], [-77.0389291722456, 38.7981668227097], [-77.0389040820382, 38.8002967025371], [-77.038898, 38.800813], [-77.0388005812625, 38.8016579274941], [-77.0384026639499, 38.8051091247307], [-77.0379998085741, 38.8086031505388], [-77.0374469631707, 38.8133980626165], [-77.037356, 38.814187], [-77.038098, 38.815613], [-77.0387883445095, 38.8196169981551], [-77.039098, 38.821413], [-77.0388839758188, 38.8229537600804], [-77.038098, 38.828612], [-77.0385601109273, 38.8301229894081], [-77.039199, 38.832212], [-77.041199, 38.833712], [-77.042599, 38.833812], [-77.043499, 38.833212], [-77.044899, 38.834712], [-77.044999, 38.838512]]]}}, {"type": "Feature", "id": "22304", "properties": {"ZCTA5CE20": "22304", "GEOID20": "22304", "zip": "22304", "STUSPS": "DC"}, "geometry": {"type": "Polygon", "coordinates": [[[-77.15503, 38.793906], [-77.153753, 38.795614], [-77.151019, 38.797009], [-77.146344, 38.798262], [-77.137742, 38.800757], [-77.140034, 38.800587], [-77.142704, 38.805703], [-77.143724, 38.807789], [-77.144359, 38.810357], [-77.143797, 38.810658], [-77.143767, 38.810838], [-77.144797, 38.810321], [-77.147641, 38.810086], [-77.148421, 38.811028], [-77.143691, 38.813204], [-77.14367, 38.813588], [-77.138074, 38.815813], [-77.132588, 38.818187], [-77.131331, 38.818916], [-77.128676, 38.820851], [-77.128337, 38.821109], [-77.124376, 38.824118], [-77.119408, 38.827287], [-77.113581, 38.830066], [-77.109691, 38.831479], [-77.107653, 38.832118], [-77.107338, 38.831409], [-77.10265, 38.83277], [-77.099294, 38.832228], [-77.098471, 38.832645], [-77.097424, 38.827751], [-77.097, 38.827686], [-77.093355, 38.826831], [-77.093282, 38.824604], [-77.088682, 38.824995], [-77.089551, 38.817416], [-77.0896, 38.816135], [-77.088926, 38.81593], [-77.088625, 38.813885], [-77.088679, 38.813358], [-77.089236, 38.813439], [-77.088669, 38.808976], [-77.088669, 38.808513], [-77.087281, 38.808251], [-77.087678, 38.805378], [-77.090965, 38.805569], [-77.09122, 38.802462], [-77.094714, 38.802871], [-77.099136, 38.803397], [-77.104568, 38.803434], [-77.112205, 38.802071], [-77.112891, 38.802822], [-77.117292, 38.801392], [-77.121, 38.800529], [-77.134491, 38.798603], [-77.13459, 38.79831], [-77.145573, 38.796769], [-77.149823, 38.795725], [-77.152736, 38.79377], [-77.154508, 38.793504], [-77.157902, 38.792829], [-77.15503, 38.793906]]]}}, {"type": "Feature", "id": "20816", "properties": {"ZCTA5CE20": "20816", "GEOID20": "20816", "zip": "20816", "STUSPS": "DC"}, "geometry": {"type": "Polygon", "coordinates": [[[-77.143113, 38.971636], [-77.140296, 38.972614], [-77.139694, 38.97359], [-77.13829, 38.971279], [-77.137718, 38.971088], [-77.137141, 38.973419], [-77.13636, 38.972378], [-77.133, 38.969483], [-77.131297, 38.969961], [-77.129381, 38.970953], [-77.12666, 38.970918], [-77.123254, 38.972038], [-77.122082, 38.97313], [-77.120461, 38.971985], [-77.118602, 38.970961], [-77.112163, 38.969797], [-77.110145, 38.968997], [-77.108864, 38.968318], [-77.105663, 38.966187], [-77.103408, 38.967185], [-77.102828, 38.967117], [-77.103545, 38.964663], [-77.103433, 38.96458], [-77.103205, 38.965296], [-77.1016, 38.966186], [-77.10176, 38.96733], [-77.101783, 38.968746], [-77.100975, 38.96865], [-77.100433, 38.9635], [-77.100952, 38.962959], [-77.099546, 38.962045], [-77.097113, 38.962461], [-77.096076, 38.96279], [-77.097307, 38.961084], [-77.097506, 38.960723], [-77.096855, 38.960296], [-77.096321, 38.959945], [-77.095282, 38.959272], [-77.0909945512546, 38.9568985872455], [-77.0913552852449, 38.9566212562027], [-77.0913993874581, 38.9565873505739], [-77.0915, 38.95651], [-77.0938660590164, 38.9545554295082], [-77.0980898719934, 38.9510661927011], [-77.1005269696602, 38.9490529381068], [-77.1007, 38.94891], [-77.1012777506042, 38.9485299009183], [-77.1045, 38.94641], [-77.1124783010974, 38.9401006639136], [-77.1125318000267, 38.9400583563194], [-77.119759, 38.934343], [-77.1197966910841, 38.9343702373596], [-77.127601, 38.94001], [-77.131901, 38.94741], [-77.137701, 38.95531], [-77.1423175, 38.9599265], [-77.139555, 38.96322], [-77.140533, 38.965915], [-77.140402, 38.966019], [-77.137675, 38.964141], [-77.136146, 38.964878], [-77.137311, 38.965804], [-77.138488, 38.968418], [-77.138646, 38.968595], [-77.140728, 38.9694], [-77.141254, 38.969616], [-77.143113, 38.971636]]]}}, {"type": "Feature", "id": "20535", "properties": {"ZCTA5CE20": "20535", "GEOID20": "20535", "zip": "20535", "STUSPS": "DC"}, "geometry": {"type": "Polygon", "coordinates": [[[-77.025985, 38.896133], [-77.023965, 38.896133], [-77.023975, 38.893877], [-77.026002, 38.894444], [-77.025985, 38.896133]]]}}, {"type": "Feature", "id": "20317", "properties": {"ZCTA5CE20": "20317", "GEOID20": "20317", "zip": "20317", "STUSPS": "DC"}, "geometry": {"type": "Polygon", "coordinates": [[[-77.019226, 38.936899], [-77.019033, 38.937398], [-77.017724, 38.937738], [-77.016459, 38.938693], [-77.016246, 38.938881], [-77.014325, 38.938376], [-77.013328, 38.937807], [-77.012969, 38.938033], [-77.013624, 38.938586], [-77.013741, 38.939225], [-77.013546, 38.939708], [-77.012424, 38.940495], [-77.012369, 38.9409], [-77.012653, 38.941753], [-77.013315, 38.942134], [-77.012148, 38.943819], [-77.01154, 38.944329], [-77.010926, 38.944613], [-77.009581, 38.943237], [-77.008034, 38.942381], [-77.008313, 38.940626], [-77.006359, 38.936592], [-77.006084, 38.934273], [-77.006976, 38.93121], [-77.012151, 38.931184], [-77.015097, 38.931112], [-77.015634, 38.931029], [-77.016447, 38.930853], [-77.018277, 38.930556], [-77.018804, 38.932691], [-77.019161, 38.934159], [-77.019193, 38.935215], [-77.019226, 38.936899]], [[-77.012895, 38.932564], [-77.01075, 38.932342], [-77.00697, 38.933361], [-77.007277, 38.936478], [-77.011836, 38.936709], [-77.0125, 38.93459], [-77.012895, 38.932564]]]}}, {"type": "Feature", "id": "20706", "properties": {"ZCTA5CE20": "20706", "GEOID20": "20706", "zip": "20706", "STUSPS": "DC"}, "geometry": {"type": "MultiPolygon", "coordinates": [[[[-76.899087, 38.972509], [-76.894303, 38.979065], [-76.893504, 38.982236], [-76.892981, 38.984317], [-76.891677, 38.986705], [-76.89083, 38.987787], [-76.886331, 38.991717], [-76.882276, 38.987228], [-76.877031, 38.981767], [-76.876704, 38.981871], [-76.876455, 38.98207], [-76.874824, 38.980215], [-76.873096, 38.980956], [-76.871456, 38.979398], [-76.866931, 38.980224], [-76.864437, 38.980389], [-76.86225, 38.978937], [-76.861206, 38.979975], [-76.862156, 38.982813], [-76.860313, 38.983014], [-76.860902, 38.986012], [-76.858343, 38.986002], [-76.856765, 38.987843], [-76.855854, 38.988105], [-76.854341, 38.988953], [-76.854093, 38.98804], [-76.85421, 38.986688], [-76.852211, 38.986852], [-76.851284, 38.98824], [-76.851247, 38.990803], [-76.850011, 38.990701], [-76.84293, 38.992134], [-76.837256, 38.990904], [-76.835994, 38.990913], [-76.835868, 38.993001], [-76.8339, 38.996222], [-76.832403, 38.996192], [-76.829053, 38.99853], [-76.824569, 38.996182], [-76.820833, 38.994386], [-76.820683, 38.989538], [-76.819595, 38.989145], [-76.818036, 38.988316], [-76.819742, 38.987344], [-76.8197, 38.987254], [-76.820652, 38.98673], [-76.823106, 38.985121], [-76.823646, 38.983472], [-76.822751, 38.979273], [-76.824479, 38.977366], [-76.825454, 38.977367], [-76.823417, 38.974698], [-76.824444, 38.971415], [-76.823536, 38.969543], [-76.820179, 38.968899], [-76.819869, 38.967426], [-76.819993, 38.972662], [-76.818657, 38.972693], [-76.817346, 38.973589], [-76.814767, 38.973611], [-76.814092, 38.970509], [-76.815577, 38.965348], [-76.815534, 38.964893], [-76.810549, 38.966976], [-76.810668, 38.966046], [-76.813543, 38.962342], [-76.816381, 38.962953], [-76.817427, 38.962141], [-76.821809, 38.96069], [-76.82032, 38.957892], [-76.820478, 38.956313], [-76.819533, 38.956378], [-76.823213, 38.955946], [-76.823767, 38.956874], [-76.824293, 38.957389], [-76.825387, 38.958044], [-76.827521, 38.956538], [-76.827653, 38.956097], [-76.829415, 38.955534], [-76.826583, 38.950877], [-76.825702, 38.947121], [-76.835058, 38.947335], [-76.839075, 38.947108], [-76.839076, 38.946864], [-76.845084, 38.94639], [-76.85374, 38.940912], [-76.855761, 38.939486], [-76.855165, 38.936487], [-76.85543, 38.936462], [-76.856703, 38.93632], [-76.859246, 38.933778], [-76.859649, 38.9321], [-76.856615, 38.932439], [-76.855037, 38.933103], [-76.85502, 38.932968], [-76.853185, 38.933705], [-76.852953, 38.931165], [-76.851452, 38.931102], [-76.849942, 38.930603], [-76.849707, 38.930635], [-76.848633, 38.930863], [-76.845492, 38.93061], [-76.844274, 38.925739], [-76.846948, 38.923451], [-76.844371, 38.921641], [-76.843796, 38.920218], [-76.843535, 38.919053], [-76.845222, 38.91831], [-76.846632, 38.917139], [-76.846848, 38.916959], [-76.849129, 38.917365], [-76.851855, 38.917333], [-76.853789, 38.92397], [-76.854459, 38.928235], [-76.856606, 38.928457], [-76.857762, 38.928965], [-76.859346, 38.92898], [-76.85848, 38.924704], [-76.858547, 38.923166], [-76.863205, 38.923776], [-76.86294, 38.925211], [-76.862759, 38.925944], [-76.862761, 38.926122], [-76.862246, 38.928193], [-76.86406, 38.929174], [-76.866919, 38.925748], [-76.869773, 38.928933], [-76.87246, 38.926654], [-76.872697, 38.928107], [-76.870915, 38.929731], [-76.870241, 38.930461], [-76.867608, 38.932184], [-76.868454, 38.932972], [-76.870875, 38.93146], [-76.87305, 38.935482], [-76.872134, 38.936907], [-76.869533, 38.94022], [-76.863002, 38.937615], [-76.86176, 38.935871], [-76.859189, 38.937487], [-76.856038, 38.939447], [-76.857004, 38.942377], [-76.858502, 38.945544], [-76.864752, 38.956633], [-76.864894, 38.956852], [-76.865382, 38.956203], [-76.865544, 38.956205], [-76.868258, 38.955462], [-76.86786, 38.958473], [-76.865983, 38.959525], [-76.866037, 38.959659], [-76.866253, 38.960192], [-76.866849, 38.962454], [-76.865541, 38.962495], [-76.864296, 38.964225], [-76.86449, 38.964983], [-76.865572, 38.964906], [-76.865576, 38.968154], [-76.868, 38.967044], [-76.869096, 38.971416], [-76.869789, 38.97312], [-76.870565, 38.974549], [-76.873537, 38.978248], [-76.873815, 38.978093], [-76.874115, 38.97793], [-76.875002, 38.977525], [-76.877316, 38.976997], [-76.881706, 38.975445], [-76.887191, 38.974411], [-76.888159, 38.973742], [-76.888574, 38.973426], [-76.886739, 38.971218], [-76.889068, 38.969741], [-76.890412, 38.969775], [-76.891149, 38.972575], [-76.891455, 38.972502], [-76.893413, 38.972291], [-76.897117, 38.972554], [-76.899087, 38.972509]]], [[[-76.898694, 38.964246], [-76.898079, 38.964387], [-76.896839, 38.964394], [-76.896502, 38.96519], [-76.896148, 38.965108], [-76.895014, 38.965647], [-76.892908, 38.966758], [-76.889587, 38.967487], [-76.884699, 38.966187], [-76.884133, 38.966121], [-76.884304, 38.965893], [-76.88404, 38.963475], [-76.88251, 38.961394], [-76.882163, 38.960764], [-76.882763, 38.96046], [-76.882727, 38.958248], [-76.883564, 38.957606], [-76.878826, 38.954762], [-76.876587, 38.955015], [-76.875473, 38.954516], [-76.874986, 38.954786], [-76.87475, 38.954791], [-76.874664, 38.954667], [-76.874608, 38.954574], [-76.873738, 38.955043], [-76.871973, 38.953064], [-76.869165, 38.952575], [-76.871802, 38.94996], [-76.873646, 38.95177], [-76.87414, 38.952078], [-76.878412, 38.952653], [-76.879423, 38.952231], [-76.881321, 38.952177], [-76.884224, 38.952209], [-76.885392, 38.951747], [-76.883686, 38.952504], [-76.880407, 38.952402], [-76.878623, 38.952793], [-76.878666, 38.952924], [-76.879508, 38.952663], [-76.883178, 38.954828], [-76.884396, 38.955757], [-76.888879, 38.955566], [-76.889043, 38.95565], [-76.894657, 38.960695], [-76.895573, 38.964286], [-76.897964, 38.964339], [-76.900343, 38.963318], [-76.898694, 38.964246]]]]}}, {"type": "Feature", "id": "20024", "properties": {"ZCTA5CE20": "20024", "GEOID20": "20024", "zip": "20024", "STUSPS": "DC"}, "geometry": {"type": "Polygon", "coordinates": [[[-77.058494, 38.886246], [-77.055723, 38.88725], [-77.051192, 38.88888], [-77.051236, 38.889713], [-77.050161, 38.890211], [-77.04951, 38.890097], [-77.047972, 38.892101], [-77.046676, 38.892101], [-77.044938, 38.892101], [-77.043477, 38.892101], [-77.040676, 38.8921], [-77.039481, 38.8921], [-77.033653, 38.89209], [-77.033644, 38.891183], [-77.033031, 38.89013], [-77.028052, 38.890467], [-77.028073, 38.887565], [-77.024016, 38.887566], [-77.024028, 38.886334], [-77.021912, 38.886322], [-77.021916, 38.887563], [-77.017547, 38.887571], [-77.016592, 38.887563], [-77.015172, 38.888185], [-77.015232, 38.892086], [-77.014022, 38.892082], [-77.013179, 38.89209], [-77.012173, 38.892087], [-77.012399, 38.890419], [-77.012152, 38.887564], [-77.012142, 38.886032], [-77.012993, 38.886673], [-77.013169, 38.886527], [-77.012456, 38.883364], [-77.014023, 38.882364], [-77.013721, 38.882361], [-77.011583, 38.882209], [-77.009113, 38.881435], [-77.009125, 38.879286], [-77.009147, 38.877529], [-77.009098, 38.876469], [-77.009088, 38.87464], [-77.00977, 38.873086], [-77.009295, 38.872976], [-77.009084, 38.872976], [-77.009085, 38.872032], [-77.01065, 38.872034], [-77.010662, 38.870091], [-77.008878, 38.870804], [-77.0082, 38.869913], [-77.005457, 38.868707], [-77.00819, 38.864481], [-77.009124, 38.863596], [-77.015377, 38.860038], [-77.020162, 38.85733], [-77.0318317383801, 38.8508965123416], [-77.034004, 38.857142], [-77.039299, 38.864312], [-77.038899, 38.865812], [-77.039099, 38.868112], [-77.040599, 38.871212], [-77.0410926577838, 38.8717239414054], [-77.043299, 38.874012], [-77.0434540926829, 38.8741006243902], [-77.045399, 38.875212], [-77.046599, 38.874912], [-77.046593, 38.876189], [-77.057425, 38.884803], [-77.058494, 38.886246]], [[-77.033712, 38.884351], [-77.033247, 38.884021], [-77.032594, 38.882788], [-77.03219, 38.883454], [-77.032083, 38.883798], [-77.031951, 38.884977], [-77.031953, 38.887288], [-77.031986, 38.887582], [-77.033447, 38.887766], [-77.033712, 38.884351]], [[-77.026064, 38.882251], [-77.023994, 38.882263], [-77.024021, 38.884845], [-77.026058, 38.884848], [-77.026064, 38.882251]], [[-77.018671, 38.870155], [-77.018579, 38.861475], [-77.018029, 38.861152], [-77.01535, 38.862097], [-77.015316, 38.869472], [-77.014341, 38.872035], [-77.017009, 38.872041], [-77.019206, 38.871932], [-77.018671, 38.870155]], [[-77.015201, 38.885072], [-77.013661, 38.885059], [-77.013655, 38.886049], [-77.015202, 38.886047], [-77.015201, 38.885072]]]}}, {"type": "Feature", "id": "20003", "properties": {"ZCTA5CE20": "20003", "GEOID20": "20003", "zip": "20003", "STUSPS": "DC"}, "geometry": {"type": "Polygon", "coordinates": [[[-77.014023, 38.882364], [-77.012456, 38.883364], [-77.013169, 38.886527], [-77.012993, 38.886673], [-77.012142, 38.886032], [-77.00906, 38.886036], [-77.005892, 38.886039], [-77.003514, 38.886039], [-77.003519, 38.887614], [-77.00352, 38.889151], [-77.003515, 38.889808], [-77.00329, 38.889807], [-77.00204, 38.890036], [-77.000577, 38.890171], [-76.998447, 38.890182], [-76.997856, 38.890385], [-76.994966, 38.890271], [-76.991531, 38.890366], [-76.991533, 38.889805], [-76.991544, 38.889226], [-76.988316, 38.889243], [-76.98832, 38.889795], [-76.988151, 38.890027], [-76.987898, 38.890027], [-76.987817, 38.890306], [-76.987466, 38.890306], [-76.987209, 38.890399], [-76.986218, 38.890392], [-76.985965, 38.890329], [-76.985688, 38.890315], [-76.985688, 38.890027], [-76.985506, 38.889803], [-76.983645, 38.889801], [-76.980764, 38.8898], [-76.980762, 38.89201], [-76.977257, 38.892004], [-76.977257, 38.889798], [-76.974012, 38.890276], [-76.975152, 38.893295], [-76.972671, 38.892604], [-76.969824, 38.890287], [-76.96924, 38.890033], [-76.963367, 38.889867], [-76.966789, 38.885235], [-76.97072, 38.881435], [-76.971757, 38.880216], [-76.973299, 38.87839], [-76.978031, 38.876881], [-76.983957, 38.874928], [-76.990102, 38.871349], [-76.990931, 38.87248], [-76.991293, 38.873298], [-76.993777, 38.873763], [-76.997744, 38.872873], [-76.998981, 38.87275], [-76.999542, 38.870485], [-77.000711, 38.870603], [-77.003415, 38.870878], [-77.005457, 38.868707], [-77.0082, 38.869913], [-77.008878, 38.870804], [-77.010662, 38.870091], [-77.01065, 38.872034], [-77.009085, 38.872032], [-77.009084, 38.872976], [-77.009295, 38.872976], [-77.00977, 38.873086], [-77.009088, 38.87464], [-77.009098, 38.876469], [-77.009147, 38.877529], [-77.009125, 38.879286], [-77.009113, 38.881435], [-77.011583, 38.882209], [-77.013721, 38.882361], [-77.014023, 38.882364]], [[-76.994975, 38.878943], [-76.992654, 38.878585], [-76.992634, 38.879013], [-76.992885, 38.879278], [-76.994975, 38.879284], [-76.994975, 38.878943]]]}}, {"type": "Feature", "id": "20745", "properties": {"ZCTA5CE20": "20745", "GEOID20": "20745", "zip": "20745", "STUSPS": "DC"}, "geometry": {"type": "Polygon", "coordinates": [[[-77.025577, 38.793198], [-77.023698, 38.793534], [-77.01472, 38.795721], [-77.010603, 38.797671], [-77.013714, 38.79684], [-77.017428, 38.797658], [-77.019162, 38.798999], [-77.021713, 38.802761], [-77.0223447455908, 38.8048768952031], [-77.0061972661728, 38.8177007648954], [-77.0046785080769, 38.8189069194544], [-77.0033969811808, 38.8199246717299], [-77.0014918209193, 38.821437695918], [-77.0014810762983, 38.821446228991], [-77.001397, 38.821513], [-77.0013174905661, 38.8215357169811], [-77.001084509434, 38.8216022830189], [-76.999997, 38.821913], [-76.9991308531942, 38.8226604965584], [-76.9984584905661, 38.823240754717], [-76.9979429348247, 38.8236856863842], [-76.9959473293181, 38.8254079212734], [-76.9928029355775, 38.8281215761454], [-76.992697, 38.828213], [-76.9913437397798, 38.8291970867314], [-76.9890405411314, 38.830871965809], [-76.9873306495444, 38.8321153937896], [-76.9849693143039, 38.8338325496209], [-76.9824909808814, 38.8356347861757], [-76.9798166414139, 38.8375795577324], [-76.975904, 38.834324], [-76.976079, 38.833327], [-76.975821, 38.832248], [-76.977552, 38.833098], [-76.98134, 38.833247], [-76.982895, 38.832786], [-76.984266, 38.831429], [-76.98365, 38.831195], [-76.975396, 38.825827], [-76.970163, 38.823562], [-76.968936, 38.822419], [-76.964242, 38.817507], [-76.964011, 38.81717], [-76.962794, 38.815655], [-76.9627, 38.815591], [-76.963894, 38.814546], [-76.965487, 38.813361], [-76.966025, 38.813036], [-76.96789, 38.811079], [-76.968644, 38.811149], [-76.968386, 38.810655], [-76.970463, 38.808777], [-76.972449, 38.806659], [-76.973472, 38.805976], [-76.973166, 38.805683], [-76.980172, 38.800149], [-76.982555, 38.798311], [-76.984155, 38.796159], [-76.986495, 38.792351], [-76.98863, 38.790315], [-76.992528, 38.782123], [-76.993225, 38.781701], [-76.993915, 38.780972], [-76.996165, 38.780244], [-76.996653, 38.780589], [-76.997493, 38.780329], [-76.998103, 38.779382], [-76.998267, 38.780042], [-77.002863, 38.78029], [-77.003537, 38.779811], [-77.006488, 38.779555], [-77.006266, 38.778569], [-77.00604, 38.777507], [-77.013746, 38.779188], [-77.019382, 38.779245], [-77.025205, 38.779117], [-77.024626, 38.780366], [-77.021872, 38.780242], [-77.019187, 38.781926], [-77.017668, 38.78372], [-77.016763, 38.78622], [-77.014595, 38.78771], [-77.014692, 38.789412], [-77.016624, 38.79183], [-77.019974, 38.793176], [-77.023079, 38.79272], [-77.021989, 38.791125], [-77.025436, 38.792855], [-77.025577, 38.793198]]]}}, {"type": "Feature", "id": "20815", "properties": {"ZCTA5CE20": "20815", "GEOID20": "20815", "zip": "20815", "STUSPS": "DC"}, "geometry": {"type": "Polygon", "coordinates": [[[-77.112807, 38.973457], [-77.106252, 38.975637], [-77.106948, 38.9769], [-77.10677, 38.977206], [-77.105115, 38.977177], [-77.104575, 38.977784], [-77.100874, 38.978018], [-77.100404, 38.979532], [-77.09945, 38.979774], [-77.0998, 38.977859], [-77.097862, 38.978107], [-77.096879, 38.978253], [-77.09584, 38.979537], [-77.093826, 38.980178], [-77.094082, 38.980344], [-77.09254, 38.980611], [-77.092097, 38.98007], [-77.090736, 38.980228], [-77.091537, 38.98154], [-77.092132, 38.982688], [-77.086775, 38.98455], [-77.08536, 38.98641], [-77.083496, 38.987503], [-77.084581, 38.987828], [-77.083217, 38.990097], [-77.083432, 38.991288], [-77.082717, 38.991588], [-77.082542, 38.993306], [-77.087701, 38.994238], [-77.087959, 38.995957], [-77.088108, 38.998873], [-77.087959, 38.998928], [-77.083322, 39.000136], [-77.083466, 39.005483], [-77.08542, 39.006537], [-77.085133, 39.006801], [-77.081009, 39.005323], [-77.078312, 39.005599], [-77.079269, 39.006896], [-77.079237, 39.006938], [-77.078636, 39.008464], [-77.077308, 39.009147], [-77.07225, 39.007583], [-77.069015, 39.007148], [-77.065383, 39.011081], [-77.063864, 39.0113], [-77.063001, 39.010639], [-77.061912, 39.006595], [-77.060379, 39.00473], [-77.059806, 39.005161], [-77.058776, 39.003425], [-77.062217, 39.000511], [-77.062687, 38.997749], [-77.057273, 38.997608], [-77.05665, 38.997906], [-77.057487, 38.997039], [-77.053649, 38.99477], [-77.051971, 38.993778], [-77.049552, 38.992366], [-77.0465412510744, 38.990942893929], [-77.0516625043103, 38.9870923275862], [-77.0522200614323, 38.986673111705], [-77.0524367514019, 38.9865101869159], [-77.0529374996208, 38.9861336844956], [-77.054299, 38.98511], [-77.0620741692369, 38.9791324768105], [-77.0625646528884, 38.9787553946774], [-77.0666905196187, 38.9755834426199], [-77.0689510030664, 38.9738455907718], [-77.0716409840087, 38.9717775427368], [-77.0774366982071, 38.9673218177274], [-77.0774416653451, 38.9673179990089], [-77.0804181742635, 38.9650296692579], [-77.0822402534113, 38.9636288611176], [-77.0827060827257, 38.9632707331536], [-77.0838391710907, 38.9623996187416], [-77.0857801216917, 38.9609074226397], [-77.0858122682884, 38.9608827084474], [-77.0876643623892, 38.9594588249152], [-77.0885608317939, 38.9587696223406], [-77.0906301805661, 38.9571787141692], [-77.0909945512546, 38.9568985872455], [-77.095282, 38.959272], [-77.096321, 38.959945], [-77.096855, 38.960296], [-77.097506, 38.960723], [-77.097307, 38.961084], [-77.096076, 38.96279], [-77.097113, 38.962461], [-77.099546, 38.962045], [-77.100952, 38.962959], [-77.100433, 38.9635], [-77.100975, 38.96865], [-77.101783, 38.968746], [-77.10176, 38.96733], [-77.1016, 38.966186], [-77.103205, 38.965296], [-77.103433, 38.96458], [-77.103545, 38.964663], [-77.102828, 38.967117], [-77.103408, 38.967185], [-77.105663, 38.966187], [-77.108864, 38.968318], [-77.110145, 38.968997], [-77.109252, 38.969779], [-77.112807, 38.973457]]]}}, {"type": "Feature", "id": "20560", "properties": {"ZCTA5CE20": "20560", "GEOID20": "20560", "zip": "20560", "STUSPS": "DC"}, "geometry": {"type": "Polygon", "coordinates": [[[-77.033653, 38.89209], [-77.031964, 38.892093], [-77.02599, 38.892082], [-77.023962, 38.892079], [-77.023747, 38.888708], [-77.021916, 38.887563], [-77.024016, 38.887566], [-77.028073, 38.887565], [-77.028052, 38.890467], [-77.033031, 38.89013], [-77.033644, 38.891183], [-77.033653, 38.89209]]]}}, {"type": "Feature", "id": "20737", "properties": {"ZCTA5CE20": "20737", "GEOID20": "20737", "zip": "20737", "STUSPS": "DC"}, "geometry": {"type": "Polygon", "coordinates": [[[-76.942637, 38.965726], [-76.942611, 38.965869], [-76.938997, 38.964663], [-76.938049, 38.971045], [-76.937959, 38.97177], [-76.931471, 38.971443], [-76.931795, 38.970673], [-76.931265, 38.971518], [-76.928198, 38.971377], [-76.93011, 38.97219], [-76.931384, 38.971651], [-76.928691, 38.978149], [-76.927447, 38.981109], [-76.926463, 38.978496], [-76.928269, 38.974449], [-76.928041, 38.971365], [-76.926159, 38.969442], [-76.920426, 38.968914], [-76.915356, 38.972234], [-76.913771, 38.975024], [-76.915144, 38.972167], [-76.914339, 38.972059], [-76.904868, 38.971918], [-76.903888, 38.974298], [-76.902483, 38.974329], [-76.903403, 38.971952], [-76.900043, 38.972453], [-76.899087, 38.972509], [-76.897117, 38.972554], [-76.893413, 38.972291], [-76.89342, 38.972274], [-76.89427, 38.970272], [-76.892297, 38.969715], [-76.89234, 38.96949], [-76.892471, 38.969224], [-76.892571, 38.968956], [-76.892668, 38.968599], [-76.892908, 38.966758], [-76.895014, 38.965647], [-76.896148, 38.965108], [-76.896502, 38.96519], [-76.896839, 38.964394], [-76.898079, 38.964387], [-76.898694, 38.964246], [-76.900343, 38.963318], [-76.897964, 38.964339], [-76.895573, 38.964286], [-76.894657, 38.960695], [-76.889043, 38.95565], [-76.889436, 38.955453], [-76.890741, 38.956729], [-76.892247, 38.954663], [-76.897095, 38.952539], [-76.89719, 38.952565], [-76.90186, 38.9517], [-76.900937, 38.94927], [-76.903111, 38.95018], [-76.904036, 38.951103], [-76.905106, 38.951856], [-76.909422, 38.953109], [-76.909906, 38.953444], [-76.912786, 38.953096], [-76.915573, 38.953123], [-76.916077, 38.951914], [-76.916265, 38.952001], [-76.916783, 38.951181], [-76.920047, 38.952724], [-76.920203, 38.95382], [-76.921102, 38.953917], [-76.922812, 38.95392], [-76.92358, 38.953955], [-76.923075, 38.955301], [-76.92394, 38.955654], [-76.924357, 38.953924], [-76.923604, 38.953859], [-76.923702, 38.953546], [-76.924315, 38.952494], [-76.926255, 38.95106], [-76.925196, 38.952479], [-76.925006, 38.954127], [-76.924982, 38.954386], [-76.928509, 38.955412], [-76.92861, 38.955441], [-76.928749, 38.955176], [-76.92939, 38.954203], [-76.931675, 38.951515], [-76.933999, 38.951599], [-76.93567, 38.957604], [-76.937157, 38.957641], [-76.938896, 38.957954], [-76.938853, 38.958448], [-76.939858, 38.95845], [-76.939736, 38.95947], [-76.939439, 38.961511], [-76.942811, 38.961419], [-76.942637, 38.965726]]]}}, {"type": "Feature", "id": "20008", "properties": {"ZCTA5CE20": "20008", "GEOID20": "20008", "zip": "20008", "STUSPS": "DC"}, "geometry": {"type": "Polygon", "coordinates": [[[-77.074107, 38.956589], [-77.071671, 38.956558], [-77.071107, 38.957223], [-77.069476, 38.957975], [-77.068962, 38.95773], [-77.0693, 38.957339], [-77.068234, 38.956729], [-77.06769, 38.957415], [-77.066037, 38.958618], [-77.065124, 38.958478], [-77.059006, 38.957472], [-77.058066, 38.956712], [-77.058248, 38.955901], [-77.056296, 38.953741], [-77.053182, 38.951613], [-77.051659, 38.948858], [-77.051649, 38.946493], [-77.051007, 38.945369], [-77.049849, 38.944217], [-77.049655, 38.943779], [-77.051156, 38.941718], [-77.051209, 38.94045], [-77.051539, 38.93967], [-77.051983, 38.937713], [-77.047878, 38.936966], [-77.048297, 38.934804], [-77.049314, 38.933827], [-77.050503, 38.933224], [-77.050854, 38.932826], [-77.047122, 38.931448], [-77.04495, 38.929051], [-77.044534, 38.928123], [-77.04491, 38.926578], [-77.046162, 38.92596], [-77.049515, 38.928134], [-77.048565, 38.923344], [-77.04854, 38.922771], [-77.050181, 38.921241], [-77.049057, 38.919324], [-77.04794, 38.918613], [-77.047055, 38.918899], [-77.046116, 38.917741], [-77.046066, 38.91702], [-77.046285, 38.915991], [-77.04674, 38.916767], [-77.047401, 38.916562], [-77.046574, 38.91403], [-77.04695, 38.91363], [-77.046868, 38.913307], [-77.04663, 38.911128], [-77.047144, 38.910099], [-77.048794, 38.910414], [-77.048797, 38.909634], [-77.049341, 38.909635], [-77.050085, 38.909635], [-77.051204, 38.910777], [-77.051153, 38.910799], [-77.052526, 38.911993], [-77.054499, 38.912696], [-77.058798, 38.915833], [-77.058201, 38.917675], [-77.058258, 38.917716], [-77.059084, 38.918313], [-77.059673, 38.91731], [-77.059702, 38.916673], [-77.060881, 38.916413], [-77.061982, 38.917348], [-77.062557, 38.917425], [-77.062753, 38.916926], [-77.063409, 38.91707], [-77.063824, 38.918446], [-77.067315, 38.918641], [-77.068145, 38.918733], [-77.070121, 38.920189], [-77.070542, 38.92133], [-77.070459, 38.922551], [-77.070884, 38.922545], [-77.070885, 38.923622], [-77.069493, 38.923575], [-77.069535, 38.924147], [-77.068885, 38.924418], [-77.068785, 38.924624], [-77.068508, 38.92422], [-77.067791, 38.924391], [-77.067224, 38.924439], [-77.066353, 38.924323], [-77.066384, 38.927527], [-77.066397, 38.929964], [-77.06639, 38.931467], [-77.066389, 38.93465], [-77.066386, 38.936288], [-77.066387, 38.937335], [-77.066799, 38.939083], [-77.07069, 38.939051], [-77.071426, 38.938154], [-77.072423, 38.938155], [-77.072411, 38.942216], [-77.072414, 38.946278], [-77.071733, 38.946279], [-77.072578, 38.947899], [-77.07253, 38.948585], [-77.07212, 38.949686], [-77.07159, 38.951106], [-77.07152, 38.952097], [-77.071705, 38.952859], [-77.072254, 38.953879], [-77.072726, 38.954692], [-77.07343, 38.954693], [-77.074592, 38.957021], [-77.074107, 38.956589]]]}}, {"type": "Feature", "id": "20018", "properties": {"ZCTA5CE20": "20018", "GEOID20": "20018", "zip": "20018", "STUSPS": "DC"}, "geometry": {"type": "Polygon", "coordinates": [[[-76.998929, 38.91557], [-76.996033, 38.921383], [-76.994943, 38.923983], [-76.994484, 38.925582], [-76.990758, 38.925575], [-76.99044, 38.925525], [-76.988114, 38.925582], [-76.988001, 38.923866], [-76.985623, 38.92462], [-76.985885, 38.926767], [-76.983958, 38.926864], [-76.98404, 38.927932], [-76.982324, 38.928019], [-76.982483, 38.929992], [-76.9828, 38.933941], [-76.982872, 38.934927], [-76.981893, 38.935376], [-76.982057, 38.938345], [-76.980021, 38.938306], [-76.980151, 38.939576], [-76.980206, 38.94072], [-76.980268, 38.941515], [-76.980399, 38.943035], [-76.97962, 38.944233], [-76.979809, 38.944318], [-76.97972, 38.944437], [-76.980022, 38.944575], [-76.980022, 38.944722], [-76.979852, 38.944722], [-76.979667, 38.944969], [-76.979652, 38.945169], [-76.979171, 38.945169], [-76.978854, 38.945252], [-76.9778263031425, 38.9463397834696], [-76.9744996741402, 38.9437684347798], [-76.9737462088172, 38.9431860367818], [-76.9681589175141, 38.9388672882343], [-76.9668313235132, 38.9378411121586], [-76.9634357898141, 38.9352165029454], [-76.9634302539184, 38.9352122239235], [-76.962063432953, 38.9341557270024], [-76.9613741668836, 38.9336229524119], [-76.958798975852, 38.9316324346594], [-76.9577186180641, 38.9307973621038], [-76.9576171486463, 38.9307189303778], [-76.9560509609247, 38.9295083310764], [-76.9438638818987, 38.9200882154987], [-76.9419210679896, 38.9185864994984], [-76.942434, 38.918093], [-76.943623, 38.917006], [-76.954204, 38.917532], [-76.956458, 38.917616], [-76.971584, 38.918587], [-76.971778, 38.91832], [-76.974861, 38.918374], [-76.978295, 38.918104], [-76.981851, 38.917278], [-76.992939, 38.913467], [-76.992663, 38.913034], [-77.00173, 38.909978], [-76.998929, 38.91557]]]}}, {"type": "Feature", "id": "20059", "properties": {"ZCTA5CE20": "20059", "GEOID20": "20059", "zip": "20059", "STUSPS": "DC"}, "geometry": {"type": "Polygon", "coordinates": [[[-77.022612, 38.924806], [-77.021339, 38.924991], [-77.021207, 38.926919], [-77.021278, 38.92746], [-77.02045, 38.927534], [-77.020412, 38.926995], [-77.018245, 38.923517], [-77.018347, 38.922735], [-77.017731, 38.922962], [-77.016998, 38.922706], [-77.0172, 38.922542], [-77.016816, 38.920477], [-77.018027, 38.920361], [-77.017872, 38.91937], [-77.019093, 38.919254], [-77.021899, 38.918991], [-77.021912, 38.919894], [-77.022523, 38.924183], [-77.022612, 38.924806]]]}}, {"type": "Feature", "id": "20784", "properties": {"ZCTA5CE20": "20784", "GEOID20": "20784", "zip": "20784", "STUSPS": "DC"}, "geometry": {"type": "MultiPolygon", "coordinates": [[[[-76.914357, 38.939158], [-76.911418, 38.942228], [-76.910237, 38.944431], [-76.909802, 38.946567], [-76.909861, 38.951966], [-76.909422, 38.953109], [-76.905106, 38.951856], [-76.904036, 38.951103], [-76.903111, 38.95018], [-76.900937, 38.94927], [-76.90186, 38.9517], [-76.89719, 38.952565], [-76.897095, 38.952539], [-76.892247, 38.954663], [-76.890741, 38.956729], [-76.889436, 38.955453], [-76.889043, 38.95565], [-76.888879, 38.955566], [-76.884396, 38.955757], [-76.883178, 38.954828], [-76.879508, 38.952663], [-76.878666, 38.952924], [-76.878623, 38.952793], [-76.880407, 38.952402], [-76.883686, 38.952504], [-76.885392, 38.951747], [-76.884224, 38.952209], [-76.881321, 38.952177], [-76.879423, 38.952231], [-76.878412, 38.952653], [-76.87414, 38.952078], [-76.873646, 38.95177], [-76.871802, 38.94996], [-76.869165, 38.952575], [-76.871973, 38.953064], [-76.873738, 38.955043], [-76.874608, 38.954574], [-76.874664, 38.954667], [-76.87475, 38.954791], [-76.874986, 38.954786], [-76.875473, 38.954516], [-76.876587, 38.955015], [-76.878826, 38.954762], [-76.883564, 38.957606], [-76.882727, 38.958248], [-76.882763, 38.96046], [-76.882163, 38.960764], [-76.88251, 38.961394], [-76.88404, 38.963475], [-76.884304, 38.965893], [-76.884133, 38.966121], [-76.884699, 38.966187], [-76.889587, 38.967487], [-76.892908, 38.966758], [-76.892668, 38.968599], [-76.892571, 38.968956], [-76.892471, 38.969224], [-76.89234, 38.96949], [-76.892297, 38.969715], [-76.89427, 38.970272], [-76.89342, 38.972274], [-76.893413, 38.972291], [-76.891455, 38.972502], [-76.891149, 38.972575], [-76.890412, 38.969775], [-76.889068, 38.969741], [-76.886739, 38.971218], [-76.888574, 38.973426], [-76.888159, 38.973742], [-76.887191, 38.974411], [-76.881706, 38.975445], [-76.877316, 38.976997], [-76.875002, 38.977525], [-76.874115, 38.97793], [-76.873815, 38.978093], [-76.873537, 38.978248], [-76.870565, 38.974549], [-76.869789, 38.97312], [-76.869096, 38.971416], [-76.868, 38.967044], [-76.865576, 38.968154], [-76.865572, 38.964906], [-76.86449, 38.964983], [-76.864296, 38.964225], [-76.865541, 38.962495], [-76.866849, 38.962454], [-76.866253, 38.960192], [-76.866037, 38.959659], [-76.865983, 38.959525], [-76.86786, 38.958473], [-76.868258, 38.955462], [-76.865544, 38.956205], [-76.865382, 38.956203], [-76.869141, 38.951102], [-76.876125, 38.944619], [-76.876816, 38.944048], [-76.878118, 38.942862], [-76.880027, 38.941458], [-76.880308, 38.941849], [-76.880831, 38.943433], [-76.882601, 38.942401], [-76.885025, 38.938988], [-76.884457, 38.938762], [-76.886479, 38.937423], [-76.887415, 38.937302], [-76.887836, 38.937024], [-76.897604, 38.930543], [-76.900129, 38.931606], [-76.899236, 38.932572], [-76.901633, 38.933056], [-76.902361, 38.933313], [-76.904252, 38.935893], [-76.909131, 38.936687], [-76.911125, 38.937614], [-76.911045, 38.938201], [-76.911919, 38.93703], [-76.912069, 38.938817], [-76.913195, 38.938856], [-76.914357, 38.939158]]], [[[-76.93065, 38.934917], [-76.927353, 38.934484], [-76.927906, 38.936241], [-76.926105, 38.936265], [-76.925798, 38.936868], [-76.928514, 38.937534], [-76.928705, 38.938464], [-76.9287, 38.939448], [-76.928088, 38.939315], [-76.926914, 38.939001], [-76.925035, 38.938595], [-76.923259, 38.937867], [-76.922006, 38.938941], [-76.91821, 38.939323], [-76.918071, 38.939345], [-76.915843, 38.939386], [-76.915833, 38.939488], [-76.914357, 38.939158], [-76.916064, 38.936288], [-76.917023, 38.935238], [-76.918034, 38.934432], [-76.919714, 38.933467], [-76.92289, 38.932201], [-76.924495, 38.93132], [-76.925794, 38.930272], [-76.928354, 38.926992], [-76.930629, 38.929071], [-76.930909, 38.933479], [-76.93065, 38.934917]]]]}}, {"type": "Feature", "id": "20373", "properties": {"ZCTA5CE20": "20373", "GEOID20": "20373", "zip": "20373", "STUSPS": "DC"}, "geometry": {"type": "Polygon", "coordinates": [[[-77.020162, 38.85733], [-77.015377, 38.860038], [-77.009124, 38.863596], [-77.00819, 38.864481], [-77.005457, 38.868707], [-77.002269, 38.867389], [-77.002372, 38.867186], [-77.002416, 38.866852], [-77.002305, 38.86646], [-77.001839, 38.865611], [-77.00176, 38.865376], [-77.001731, 38.864828], [-77.002078, 38.862754], [-77.003446, 38.860689], [-77.004516, 38.858865], [-77.004947, 38.85761], [-77.005971, 38.854065], [-77.008155, 38.850124], [-77.018972, 38.850432], [-77.018631, 38.851093], [-77.020162, 38.85733]]]}}, {"type": "Feature", "id": "20045", "properties": {"ZCTA5CE20": "20045", "GEOID20": "20045", "zip": "20045", "STUSPS": "DC"}, "geometry": {"type": "Polygon", "coordinates": [[[-77.031963, 38.897349], [-77.029619, 38.897339], [-77.02964, 38.896126], [-77.031962, 38.896105], [-77.031963, 38.897349]]]}}, {"type": "Feature", "id": "20011", "properties": {"ZCTA5CE20": "20011", "GEOID20": "20011", "zip": "20011", "STUSPS": "DC"}, "geometry": {"type": "MultiPolygon", "coordinates": [[[[-77.0125, 38.93459], [-77.011836, 38.936709], [-77.007277, 38.936478], [-77.00697, 38.933361], [-77.01075, 38.932342], [-77.012895, 38.932564], [-77.0125, 38.93459]]], [[[-77.051539, 38.93967], [-77.051209, 38.94045], [-77.051156, 38.941718], [-77.049655, 38.943779], [-77.047982, 38.945553], [-77.045678, 38.945719], [-77.044044, 38.948218], [-77.044465, 38.948613], [-77.046998, 38.948502], [-77.047057, 38.94965], [-77.044142, 38.952888], [-77.042186, 38.954585], [-77.041828, 38.958135], [-77.040503, 38.959586], [-77.042193, 38.960394], [-77.043461, 38.961395], [-77.043521, 38.961365], [-77.047538, 38.964633], [-77.046714, 38.967749], [-77.045699, 38.96874], [-77.044407, 38.970997], [-77.041969, 38.97101], [-77.039889, 38.972834], [-77.037462, 38.973055], [-77.036371, 38.972269], [-77.03637, 38.970723], [-77.038376, 38.970169], [-77.036426, 38.966863], [-77.03556, 38.967603], [-77.033418, 38.967566], [-77.029686, 38.967568], [-77.027473, 38.967579], [-77.027501, 38.967288], [-77.025964, 38.967289], [-77.025589, 38.967594], [-77.022024, 38.967603], [-77.02108, 38.967378], [-77.02108, 38.967597], [-77.019895, 38.967288], [-77.019895, 38.969923], [-77.016165, 38.969923], [-77.016173, 38.967286], [-77.013683, 38.967288], [-77.014006, 38.967757], [-77.014175, 38.968525], [-77.01496, 38.969922], [-77.014771, 38.969936], [-77.013138, 38.967301], [-77.011718, 38.967972], [-77.009048, 38.967339], [-77.006187, 38.96763], [-77.0049833617021, 38.967424], [-77.0026017595338, 38.9654940810016], [-77.0025892201687, 38.9654839197919], [-77.002498, 38.96541], [-77.0016499141653, 38.9647544642014], [-76.9991240258307, 38.962802055425], [-76.9974927103214, 38.9615411149971], [-76.9973644902135, 38.9614420060775], [-76.9918925205442, 38.9572123964546], [-76.9895171223131, 38.9553763103972], [-76.9882717137531, 38.954413660319], [-76.988979, 38.953455], [-76.992177, 38.953582], [-76.996818, 38.952634], [-76.998934, 38.95256], [-77.002454, 38.952164], [-77.002011, 38.951051], [-77.000493, 38.94737], [-77.000043, 38.94627], [-76.997642, 38.940732], [-76.99967, 38.940741], [-77.001434, 38.942902], [-77.004385, 38.942864], [-77.004382, 38.940739], [-77.005946, 38.941314], [-77.008034, 38.942381], [-77.009581, 38.943237], [-77.010926, 38.944613], [-77.01154, 38.944329], [-77.012148, 38.943819], [-77.013315, 38.942134], [-77.012653, 38.941753], [-77.012369, 38.9409], [-77.012424, 38.940495], [-77.013546, 38.939708], [-77.013741, 38.939225], [-77.013624, 38.938586], [-77.012969, 38.938033], [-77.013328, 38.937807], [-77.014325, 38.938376], [-77.016246, 38.938881], [-77.016459, 38.938693], [-77.017724, 38.937738], [-77.019033, 38.937398], [-77.018993, 38.937772], [-77.019498, 38.937756], [-77.019492, 38.937547], [-77.021245, 38.937409], [-77.023115, 38.937178], [-77.023141, 38.937649], [-77.024499, 38.93761], [-77.025328, 38.937607], [-77.026271, 38.937286], [-77.02971, 38.936836], [-77.029705, 38.937604], [-77.030252, 38.937603], [-77.030249, 38.937121], [-77.031318, 38.937121], [-77.031466, 38.937214], [-77.032131, 38.937214], [-77.032131, 38.93753], [-77.032729, 38.937609], [-77.033785, 38.937665], [-77.036446, 38.937925], [-77.036445, 38.938231], [-77.03743, 38.937852], [-77.038621, 38.937211], [-77.040928, 38.936285], [-77.045414, 38.935879], [-77.048297, 38.934804], [-77.047878, 38.936966], [-77.051983, 38.937713], [-77.051539, 38.93967]], [[-77.029704, 38.940805], [-77.026725, 38.940805], [-77.025938, 38.941867], [-77.029704, 38.941865], [-77.029704, 38.940805]]]]}}, {"type": "Feature", "id": "20747", "properties": {"ZCTA5CE20": "20747", "GEOID20": "20747", "zip": "20747", "STUSPS": "DC"}, "geometry": {"type": "Polygon", "coordinates": [[[-76.920015, 38.851705], [-76.91857, 38.852064], [-76.91755, 38.85219], [-76.918804, 38.858429], [-76.917345, 38.858977], [-76.918858, 38.860243], [-76.91722, 38.861709], [-76.91688, 38.862325], [-76.916775, 38.862737], [-76.916984, 38.862934], [-76.917998, 38.863033], [-76.919567, 38.863549], [-76.918383, 38.864346], [-76.918047, 38.863998], [-76.917586, 38.863791], [-76.916758, 38.863748], [-76.916475, 38.864609], [-76.91592, 38.865098], [-76.915781, 38.864984], [-76.914865, 38.864235], [-76.912758, 38.864863], [-76.909477, 38.864656], [-76.907328, 38.865411], [-76.906773, 38.865072], [-76.906675, 38.864905], [-76.906234, 38.864871], [-76.905838, 38.86495], [-76.905669, 38.864585], [-76.905285, 38.864653], [-76.90467, 38.864837], [-76.903593, 38.864165], [-76.902422, 38.863471], [-76.900921, 38.862515], [-76.900642, 38.86264], [-76.897772, 38.863467], [-76.896273, 38.863793], [-76.894468, 38.864436], [-76.893025, 38.865431], [-76.892503, 38.866113], [-76.891605, 38.868206], [-76.889761, 38.867931], [-76.889362, 38.870079], [-76.888062, 38.87046], [-76.88668, 38.870792], [-76.885118, 38.871294], [-76.883511, 38.872092], [-76.880771, 38.874323], [-76.879355, 38.875091], [-76.878064, 38.875459], [-76.86728, 38.875923], [-76.864099, 38.875797], [-76.860013, 38.874708], [-76.859868, 38.874227], [-76.859648, 38.873812], [-76.857871, 38.871], [-76.857517, 38.868628], [-76.857114, 38.868794], [-76.856166, 38.869266], [-76.852408, 38.868905], [-76.851312, 38.869859], [-76.847645, 38.869115], [-76.844617, 38.868992], [-76.844661, 38.868914], [-76.850715, 38.859434], [-76.852898, 38.857147], [-76.858882, 38.851986], [-76.862808, 38.845583], [-76.867001, 38.83975], [-76.872146, 38.832549], [-76.87386, 38.830698], [-76.874441, 38.8302], [-76.87866, 38.827593], [-76.87875, 38.82804], [-76.877652, 38.829522], [-76.880469, 38.830707], [-76.880516, 38.830114], [-76.882089, 38.825869], [-76.885248, 38.826007], [-76.884947, 38.829845], [-76.887379, 38.829952], [-76.888569, 38.828327], [-76.88742, 38.83253], [-76.890701, 38.834576], [-76.894497, 38.835023], [-76.901129, 38.834376], [-76.902502, 38.835656], [-76.902596, 38.835738], [-76.904183, 38.837096], [-76.908573, 38.838819], [-76.911502, 38.839059], [-76.913075, 38.83905], [-76.913773, 38.839297], [-76.914464, 38.839909], [-76.915332, 38.842509], [-76.914581, 38.843727], [-76.914876, 38.844208], [-76.916051, 38.847595], [-76.91757, 38.848747], [-76.918762, 38.851869], [-76.920015, 38.851705]]]}}, {"type": "Feature", "id": "20012", "properties": {"ZCTA5CE20": "20012", "GEOID20": "20012", "zip": "20012", "STUSPS": "DC"}, "geometry": {"type": "Polygon", "coordinates": [[[-77.0516625043103, 38.9870923275862], [-77.0465412510744, 38.990942893929], [-77.0423889986637, 38.9940648882228], [-77.0416459874318, 38.9946235432843], [-77.0416276818592, 38.9946373068728], [-77.040999, 38.99511], [-77.0367692514116, 38.9920501818722], [-77.0364613501893, 38.9918274448178], [-77.036299, 38.99171], [-77.033707359689, 38.9897319353213], [-77.0312349218127, 38.9878448516806], [-77.0266962184868, 38.9843806947534], [-77.0266345528952, 38.9843336286046], [-77.0265907040259, 38.9843001610361], [-77.0205367150986, 38.9796794651736], [-77.0187064975833, 38.9782825550368], [-77.0186545534322, 38.9782429087594], [-77.0173231309697, 38.977226703025], [-77.015598, 38.97591], [-77.0146806885246, 38.9751455737705], [-77.013798, 38.97441], [-77.0110567340993, 38.9722668284776], [-77.0085892746401, 38.9703377238095], [-77.008298, 38.97011], [-77.007774574197, 38.9696858446079], [-77.0049833617021, 38.967424], [-77.006187, 38.96763], [-77.009048, 38.967339], [-77.011718, 38.967972], [-77.013138, 38.967301], [-77.014771, 38.969936], [-77.01496, 38.969922], [-77.014175, 38.968525], [-77.014006, 38.967757], [-77.013683, 38.967288], [-77.016173, 38.967286], [-77.016165, 38.969923], [-77.019895, 38.969923], [-77.019895, 38.967288], [-77.02108, 38.967597], [-77.02108, 38.967378], [-77.022024, 38.967603], [-77.025589, 38.967594], [-77.025964, 38.967289], [-77.027501, 38.967288], [-77.027473, 38.967579], [-77.029686, 38.967568], [-77.033418, 38.967566], [-77.03556, 38.967603], [-77.036426, 38.966863], [-77.038376, 38.970169], [-77.03637, 38.970723], [-77.036371, 38.972269], [-77.037462, 38.973055], [-77.039889, 38.972834], [-77.039423, 38.973944], [-77.039864, 38.976377], [-77.043754, 38.978272], [-77.0446, 38.979982], [-77.043558, 38.980663], [-77.042359, 38.979987], [-77.040395, 38.981033], [-77.039857, 38.982163], [-77.042378, 38.983979], [-77.045758, 38.984151], [-77.047587, 38.98536], [-77.050041, 38.986067], [-77.0516625043103, 38.9870923275862]]]}}, {"type": "Feature", "id": "20814", "properties": {"ZCTA5CE20": "20814", "GEOID20": "20814", "zip": "20814", "STUSPS": "DC"}, "geometry": {"type": "Polygon", "coordinates": [[[-77.126314, 39.030697], [-77.1157, 39.029028], [-77.112788, 39.028047], [-77.110271, 39.026612], [-77.106488, 39.022614], [-77.104965, 39.022552], [-77.103076, 39.022454], [-77.103135, 39.02373], [-77.103189, 39.024257], [-77.103036, 39.024278], [-77.101158, 39.025047], [-77.098945, 39.028057], [-77.096796, 39.028475], [-77.096053, 39.031079], [-77.096039, 39.032604], [-77.095298, 39.03239], [-77.088528, 39.030436], [-77.088473, 39.03042], [-77.087783, 39.029464], [-77.088892, 39.028365], [-77.091575, 39.027229], [-77.093498, 39.025577], [-77.095787, 39.024879], [-77.094268, 39.02193], [-77.094131, 39.020656], [-77.087936, 39.016658], [-77.090919, 39.012378], [-77.09111, 39.011722], [-77.087577, 39.010383], [-77.0848, 39.007434], [-77.08319, 39.008556], [-77.080663, 39.006343], [-77.079269, 39.006896], [-77.078312, 39.005599], [-77.081009, 39.005323], [-77.085133, 39.006801], [-77.08542, 39.006537], [-77.08746, 39.00766], [-77.090406, 39.005243], [-77.097372, 39.004544], [-77.096584, 38.996895], [-77.091033, 38.997203], [-77.088108, 38.998873], [-77.087959, 38.995957], [-77.087701, 38.994238], [-77.082542, 38.993306], [-77.082717, 38.991588], [-77.083432, 38.991288], [-77.083217, 38.990097], [-77.084581, 38.987828], [-77.083496, 38.987503], [-77.08536, 38.98641], [-77.086775, 38.98455], [-77.092132, 38.982688], [-77.091537, 38.98154], [-77.090736, 38.980228], [-77.092097, 38.98007], [-77.09254, 38.980611], [-77.094082, 38.980344], [-77.093826, 38.980178], [-77.09584, 38.979537], [-77.096879, 38.978253], [-77.097862, 38.978107], [-77.0998, 38.977859], [-77.09945, 38.979774], [-77.100404, 38.979532], [-77.100874, 38.978018], [-77.104575, 38.977784], [-77.105115, 38.977177], [-77.10677, 38.977206], [-77.108238, 38.977508], [-77.114341, 38.983299], [-77.115388, 38.986189], [-77.11557, 38.988426], [-77.117706, 38.991317], [-77.118, 38.991839], [-77.119545, 38.991306], [-77.120038, 38.993214], [-77.119077, 38.993149], [-77.118645, 38.992882], [-77.118111, 38.993004], [-77.117727, 38.992983], [-77.113781, 38.992172], [-77.113369, 38.992646], [-77.111141, 38.992336], [-77.110674, 38.992191], [-77.110626, 38.991859], [-77.10852, 38.992564], [-77.107674, 38.993018], [-77.108196, 38.9935], [-77.108887, 38.995864], [-77.109238, 38.998205], [-77.10955, 39.000118], [-77.110107, 39.003189], [-77.110671, 39.004535], [-77.112308, 39.007423], [-77.114776, 39.010131], [-77.115327, 39.009783], [-77.117342, 39.013022], [-77.117234, 39.013074], [-77.118278, 39.014412], [-77.119068, 39.015673], [-77.119157, 39.015832], [-77.121333, 39.019563], [-77.122284, 39.020793], [-77.123535, 39.02247], [-77.125342, 39.024968], [-77.126142, 39.026638], [-77.126314, 39.030697]], [[-77.108598, 38.996968], [-77.105155, 38.99673], [-77.105178, 38.993587], [-77.09931, 38.993758], [-77.097402, 38.993889], [-77.096738, 38.996887], [-77.0998, 38.996845], [-77.10086, 38.997817], [-77.101007, 38.999647], [-77.10041, 39.000991], [-77.100631, 39.002792], [-77.102696, 39.00295], [-77.10391, 39.003436], [-77.105036, 39.003421], [-77.106887, 39.002635], [-77.10691, 39.000225], [-77.106613, 38.998168], [-77.108757, 38.998218], [-77.108598, 38.996968]]]}}, {"type": "Feature", "id": "20002", "properties": {"ZCTA5CE20": "20002", "GEOID20": "20002", "zip": "20002", "STUSPS": "DC"}, "geometry": {"type": "Polygon", "coordinates": [[[-77.012173, 38.892087], [-77.012011, 38.892071], [-77.009001, 38.892049], [-77.008171, 38.89203], [-77.005905, 38.892012], [-77.005889, 38.893625], [-77.007575, 38.893629], [-77.007177, 38.894787], [-77.009498, 38.894789], [-77.00906, 38.895103], [-77.009064, 38.897469], [-77.009066, 38.897555], [-77.009064, 38.902515], [-77.009066, 38.90373], [-77.009986, 38.903864], [-77.009621, 38.905647], [-77.011009, 38.905645], [-77.011016, 38.906133], [-77.009301, 38.907235], [-77.009467, 38.907567], [-77.009026, 38.910381], [-77.009026, 38.910783], [-77.009013, 38.914085], [-77.008999, 38.915564], [-77.009, 38.916893], [-77.009002, 38.918106], [-77.008971, 38.922373], [-77.008939, 38.926678], [-77.006293, 38.92701], [-77.00573, 38.926304], [-77.003629, 38.925647], [-77.002444, 38.925594], [-77.00057, 38.925591], [-77.000014, 38.923642], [-77.00057, 38.923439], [-77.000569, 38.922985], [-77.000569, 38.919761], [-76.996033, 38.921383], [-76.998929, 38.91557], [-77.00173, 38.909978], [-76.992663, 38.913034], [-76.992939, 38.913467], [-76.981851, 38.917278], [-76.978295, 38.918104], [-76.974861, 38.918374], [-76.971778, 38.91832], [-76.971584, 38.918587], [-76.956458, 38.917616], [-76.954204, 38.917532], [-76.943623, 38.917006], [-76.945951, 38.915252], [-76.952893, 38.914797], [-76.953573, 38.914382], [-76.954459, 38.91096], [-76.957969, 38.906154], [-76.958273, 38.905428], [-76.962218, 38.899497], [-76.961984, 38.897135], [-76.9618, 38.896123], [-76.963367, 38.889867], [-76.96924, 38.890033], [-76.969824, 38.890287], [-76.972671, 38.892604], [-76.975152, 38.893295], [-76.974012, 38.890276], [-76.977257, 38.889798], [-76.977257, 38.892004], [-76.980762, 38.89201], [-76.980764, 38.8898], [-76.983645, 38.889801], [-76.985506, 38.889803], [-76.985688, 38.890027], [-76.985688, 38.890315], [-76.985965, 38.890329], [-76.986218, 38.890392], [-76.987209, 38.890399], [-76.987466, 38.890306], [-76.987817, 38.890306], [-76.987898, 38.890027], [-76.988151, 38.890027], [-76.98832, 38.889795], [-76.988316, 38.889243], [-76.991544, 38.889226], [-76.991533, 38.889805], [-76.991531, 38.890366], [-76.994966, 38.890271], [-76.997856, 38.890385], [-76.998447, 38.890182], [-77.000577, 38.890171], [-77.00204, 38.890036], [-77.00329, 38.889807], [-77.003515, 38.889808], [-77.005916, 38.889812], [-77.005897, 38.887612], [-77.009065, 38.887588], [-77.012152, 38.887564], [-77.012399, 38.890419], [-77.012173, 38.892087]]]}}, {"type": "Feature", "id": "20005", "properties": {"ZCTA5CE20": "20005", "GEOID20": "20005", "zip": "20005", "STUSPS": "DC"}, "geometry": {"type": "Polygon", "coordinates": [[[-77.036542, 38.902525], [-77.036534, 38.905654], [-77.03653, 38.907021], [-77.036185, 38.907132], [-77.03618, 38.907345], [-77.036524, 38.909642], [-77.036115, 38.909772], [-77.035418, 38.910734], [-77.034556, 38.911011], [-77.031952, 38.911011], [-77.030099, 38.91068], [-77.02962, 38.91097], [-77.029621, 38.911126], [-77.027563, 38.910897], [-77.02756, 38.910432], [-77.02704, 38.910611], [-77.027036, 38.909645], [-77.027579, 38.909645], [-77.028087, 38.908576], [-77.027036, 38.908576], [-77.027036, 38.90724], [-77.027228, 38.907138], [-77.027558, 38.907138], [-77.027558, 38.906123], [-77.027604, 38.905874], [-77.027228, 38.905868], [-77.027037, 38.905647], [-77.02705, 38.903949], [-77.027044, 38.903744], [-77.027031, 38.901103], [-77.027035, 38.899816], [-77.028081, 38.899811], [-77.028078, 38.898315], [-77.027034, 38.898316], [-77.027033, 38.89735], [-77.029619, 38.897339], [-77.031963, 38.897349], [-77.033645, 38.897345], [-77.033642, 38.898782], [-77.035117, 38.898761], [-77.035129, 38.900202], [-77.034593, 38.901336], [-77.036546, 38.901344], [-77.036542, 38.902525]]]}}, {"type": "Feature", "id": "20009", "properties": {"ZCTA5CE20": "20009", "GEOID20": "20009", "zip": "20009", "STUSPS": "DC"}, "geometry": {"type": "Polygon", "coordinates": [[[-77.050181, 38.921241], [-77.04854, 38.922771], [-77.048565, 38.923344], [-77.049515, 38.928134], [-77.046162, 38.92596], [-77.04491, 38.926578], [-77.044534, 38.928123], [-77.043368, 38.927969], [-77.04421, 38.929563], [-77.042158, 38.928817], [-77.037659, 38.928234], [-77.037351, 38.928733], [-77.036476, 38.928687], [-77.036197, 38.928675], [-77.035388, 38.928647], [-77.034908, 38.928007], [-77.034463, 38.927929], [-77.033587, 38.927982], [-77.033617, 38.928268], [-77.032741, 38.928323], [-77.032783, 38.928734], [-77.032612, 38.928805], [-77.032211, 38.928635], [-77.029708, 38.928635], [-77.029707, 38.928321], [-77.027783, 38.928194], [-77.027273, 38.927731], [-77.027046, 38.926749], [-77.027038, 38.923767], [-77.027036, 38.920763], [-77.027235, 38.918943], [-77.027568, 38.918943], [-77.027231, 38.917001], [-77.027558, 38.915573], [-77.027568, 38.91539], [-77.027035, 38.91409], [-77.027035, 38.912607], [-77.027557, 38.912237], [-77.027563, 38.910897], [-77.029621, 38.911126], [-77.02962, 38.91097], [-77.030099, 38.91068], [-77.031952, 38.911011], [-77.034556, 38.911011], [-77.035418, 38.910734], [-77.036518, 38.911011], [-77.0383, 38.911011], [-77.038486, 38.911126], [-77.041667, 38.911128], [-77.04167, 38.911534], [-77.042051, 38.911128], [-77.044306, 38.911131], [-77.04663, 38.911128], [-77.046868, 38.913307], [-77.04695, 38.91363], [-77.046574, 38.91403], [-77.047401, 38.916562], [-77.04674, 38.916767], [-77.046285, 38.915991], [-77.046066, 38.91702], [-77.046116, 38.917741], [-77.047055, 38.918899], [-77.04794, 38.918613], [-77.049057, 38.919324], [-77.050181, 38.921241]]]}}, {"type": "Feature", "id": "20015", "properties": {"ZCTA5CE20": "20015", "GEOID20": "20015", "zip": "20015", "STUSPS": "DC"}, "geometry": {"type": "Polygon", "coordinates": [[[-77.0885608317939, 38.9587696223406], [-77.0876643623892, 38.9594588249152], [-77.0858122682884, 38.9608827084474], [-77.0857801216917, 38.9609074226397], [-77.0838391710907, 38.9623996187416], [-77.0827060827257, 38.9632707331536], [-77.0822402534113, 38.9636288611176], [-77.0804181742635, 38.9650296692579], [-77.0774416653451, 38.9673179990089], [-77.0774366982071, 38.9673218177274], [-77.0716409840087, 38.9717775427368], [-77.0689510030664, 38.9738455907718], [-77.0666905196187, 38.9755834426199], [-77.0625646528884, 38.9787553946774], [-77.0620741692369, 38.9791324768105], [-77.054299, 38.98511], [-77.0529374996208, 38.9861336844956], [-77.0524367514019, 38.9865101869159], [-77.0522200614323, 38.986673111705], [-77.0516625043103, 38.9870923275862], [-77.050041, 38.986067], [-77.047587, 38.98536], [-77.045758, 38.984151], [-77.042378, 38.983979], [-77.039857, 38.982163], [-77.040395, 38.981033], [-77.042359, 38.979987], [-77.043558, 38.980663], [-77.0446, 38.979982], [-77.043754, 38.978272], [-77.039864, 38.976377], [-77.039423, 38.973944], [-77.039889, 38.972834], [-77.041969, 38.97101], [-77.044407, 38.970997], [-77.045699, 38.96874], [-77.046714, 38.967749], [-77.047538, 38.964633], [-77.043521, 38.961365], [-77.043461, 38.961395], [-77.042193, 38.960394], [-77.040503, 38.959586], [-77.041828, 38.958135], [-77.042186, 38.954585], [-77.044142, 38.952888], [-77.047057, 38.94965], [-77.046998, 38.948502], [-77.044465, 38.948613], [-77.044044, 38.948218], [-77.045678, 38.945719], [-77.047982, 38.945553], [-77.049655, 38.943779], [-77.049849, 38.944217], [-77.051007, 38.945369], [-77.051649, 38.946493], [-77.051659, 38.948858], [-77.053182, 38.951613], [-77.056296, 38.953741], [-77.058248, 38.955901], [-77.058066, 38.956712], [-77.059006, 38.957472], [-77.065124, 38.958478], [-77.066037, 38.958618], [-77.06769, 38.957415], [-77.068234, 38.956729], [-77.0693, 38.957339], [-77.068962, 38.95773], [-77.069476, 38.957975], [-77.071107, 38.957223], [-77.071671, 38.956558], [-77.074107, 38.956589], [-77.074592, 38.957021], [-77.077141, 38.957022], [-77.077669, 38.956467], [-77.083817, 38.957024], [-77.08818, 38.956542], [-77.088181, 38.956959], [-77.0906301805661, 38.9571787141692], [-77.0885608317939, 38.9587696223406]]]}}, {"type": "Feature", "id": "20019", "properties": {"ZCTA5CE20": "20019", "GEOID20": "20019", "zip": "20019", "STUSPS": "DC"}, "geometry": {"type": "Polygon", "coordinates": [[[-76.97072, 38.881435], [-76.966789, 38.885235], [-76.963367, 38.889867], [-76.9618, 38.896123], [-76.961984, 38.897135], [-76.962218, 38.899497], [-76.958273, 38.905428], [-76.957969, 38.906154], [-76.954459, 38.91096], [-76.953573, 38.914382], [-76.952893, 38.914797], [-76.945951, 38.915252], [-76.943623, 38.917006], [-76.942434, 38.918093], [-76.9419210679896, 38.9185864994984], [-76.9419204562069, 38.9185860266153], [-76.9414445041825, 38.918218135091], [-76.9413282063645, 38.9181282416157], [-76.935096, 38.913311], [-76.9339140387325, 38.9123682731013], [-76.9319153087749, 38.9107740952327], [-76.931724405319, 38.9106218315098], [-76.9316368067784, 38.9105519633147], [-76.9312514680512, 38.910244618909], [-76.9275575618494, 38.9072983762247], [-76.9235292681466, 38.9040854275996], [-76.9234510631941, 38.9040230516873], [-76.9199019174646, 38.9011922692932], [-76.9141071245292, 38.8965703689632], [-76.9134133749321, 38.8960170374589], [-76.9128689511191, 38.8955828075168], [-76.9112874946559, 38.894321445078], [-76.9109558022081, 38.8940568886994], [-76.9105288415883, 38.8937163468627], [-76.909395, 38.892812], [-76.9105182155239, 38.8919294735169], [-76.910795, 38.891712], [-76.9127638557406, 38.8901832414249], [-76.9132625757576, 38.889796], [-76.9133033917624, 38.8897643075727], [-76.9185356627107, 38.8857016030717], [-76.9185505215439, 38.8856900656247], [-76.919295, 38.885112], [-76.920195, 38.884412], [-76.9207107542177, 38.8840081519125], [-76.9208129010678, 38.8839281684463], [-76.9209802218103, 38.8837971522383], [-76.9239724376518, 38.8814541745108], [-76.9240349501798, 38.8814052256821], [-76.9255950496815, 38.8801836298552], [-76.9298866240579, 38.8768232228149], [-76.9312472646311, 38.8757578081767], [-76.9337188787998, 38.8738224742119], [-76.9338048141363, 38.8737551847548], [-76.9349713257387, 38.8728417778189], [-76.9359441963954, 38.8720799964498], [-76.9394901437423, 38.8693034334956], [-76.9396756663823, 38.8691581647595], [-76.9418731911572, 38.8674374494515], [-76.940818, 38.86944], [-76.944649, 38.869918], [-76.94496, 38.870484], [-76.943521, 38.870773], [-76.946184, 38.870867], [-76.948645, 38.872269], [-76.948578, 38.871929], [-76.951454, 38.872654], [-76.956843, 38.87262], [-76.961029, 38.874542], [-76.961037, 38.874604], [-76.96477, 38.874192], [-76.96477, 38.873816], [-76.96642, 38.874611], [-76.969027, 38.874313], [-76.969876, 38.875097], [-76.96638, 38.877969], [-76.965755, 38.879353], [-76.964523, 38.881197], [-76.964647, 38.881258], [-76.965096, 38.881221], [-76.965464, 38.881363], [-76.966505, 38.881363], [-76.967069, 38.881234], [-76.967214, 38.881241], [-76.967495, 38.881438], [-76.967714, 38.881483], [-76.971757, 38.880216], [-76.97072, 38.881435]]]}}, {"type": "Feature", "id": "20230", "properties": {"ZCTA5CE20": "20230", "GEOID20": "20230", "zip": "20230", "STUSPS": "DC"}, "geometry": {"type": "Polygon", "coordinates": [[[-77.039464, 38.895397], [-77.036142, 38.895193], [-77.035024, 38.895441], [-77.033645, 38.895479], [-77.031955, 38.895499], [-77.031964, 38.892093], [-77.033653, 38.89209], [-77.039481, 38.8921], [-77.039464, 38.895397]]]}}, {"type": "Feature", "id": "20260", "properties": {"ZCTA5CE20": "20260", "GEOID20": "20260", "zip": "20260", "STUSPS": "DC"}, "geometry": {"type": "Polygon", "coordinates": [[[-77.026058, 38.884848], [-77.024021, 38.884845], [-77.023994, 38.882263], [-77.026064, 38.882251], [-77.026058, 38.884848]]]}}, {"type": "Feature", "id": "20427", "properties": {"ZCTA5CE20": "20427", "GEOID20": "20427", "zip": "20427", "STUSPS": "DC"}, "geometry": {"type": "Polygon", "coordinates": [[[-77.048827, 38.902471], [-77.046649, 38.902526], [-77.046653, 38.901318], [-77.048831, 38.902088], [-77.048827, 38.902471]]]}}, {"type": "Feature", "id": "20520", "properties": {"ZCTA5CE20": "20520", "GEOID20": "20520", "zip": "20520", "STUSPS": "DC"}, "geometry": {"type": "Polygon", "coordinates": [[[-77.050117, 38.896024], [-77.048023, 38.896017], [-77.046682, 38.895316], [-77.046675, 38.8935], [-77.048859, 38.8935], [-77.050136, 38.893498], [-77.050117, 38.896024]]]}}, {"type": "Feature", "id": "20770", "properties": {"ZCTA5CE20": "20770", "GEOID20": "20770", "zip": "20770", "STUSPS": "DC"}, "geometry": {"type": "Polygon", "coordinates": [[[-76.919621, 38.999301], [-76.917409, 39.0037], [-76.915687, 39.006074], [-76.912539, 39.009674], [-76.909532, 39.01316], [-76.908937, 39.014221], [-76.90859, 39.014932], [-76.907922, 39.014476], [-76.905733, 39.012953], [-76.904895, 39.012733], [-76.904117, 39.012552], [-76.903391, 39.012874], [-76.901664, 39.013666], [-76.900844, 39.013522], [-76.899121, 39.014532], [-76.897509, 39.016088], [-76.893976, 39.018071], [-76.89373, 39.01885], [-76.891127, 39.019787], [-76.891652, 39.020835], [-76.886079, 39.021406], [-76.882106, 39.022891], [-76.878105, 39.023856], [-76.876219, 39.023534], [-76.869199, 39.023015], [-76.866953, 39.023711], [-76.863821, 39.023565], [-76.862121, 39.022203], [-76.859181, 39.021534], [-76.858523, 39.019895], [-76.860493, 39.014601], [-76.863121, 39.007224], [-76.863841, 39.005465], [-76.863053, 39.004703], [-76.86312, 38.991672], [-76.860196, 38.991494], [-76.858382, 38.991406], [-76.855462, 38.99123], [-76.852858, 38.991043], [-76.851247, 38.990803], [-76.851284, 38.98824], [-76.852211, 38.986852], [-76.85421, 38.986688], [-76.854093, 38.98804], [-76.854341, 38.988953], [-76.855854, 38.988105], [-76.856765, 38.987843], [-76.858343, 38.986002], [-76.860902, 38.986012], [-76.860313, 38.983014], [-76.862156, 38.982813], [-76.861206, 38.979975], [-76.86225, 38.978937], [-76.864437, 38.980389], [-76.866931, 38.980224], [-76.871456, 38.979398], [-76.873096, 38.980956], [-76.874824, 38.980215], [-76.876455, 38.98207], [-76.876704, 38.981871], [-76.877031, 38.981767], [-76.882276, 38.987228], [-76.886331, 38.991717], [-76.89083, 38.987787], [-76.891677, 38.986705], [-76.892981, 38.984317], [-76.893504, 38.982236], [-76.894303, 38.979065], [-76.899087, 38.972509], [-76.900043, 38.972453], [-76.903403, 38.971952], [-76.902483, 38.974329], [-76.903888, 38.974298], [-76.904868, 38.971918], [-76.914339, 38.972059], [-76.915144, 38.972167], [-76.913771, 38.975024], [-76.91219, 38.980114], [-76.909951, 38.982962], [-76.907243, 38.98902], [-76.906952, 38.988863], [-76.905673, 38.990285], [-76.902901, 38.989763], [-76.901986, 38.990755], [-76.898732, 38.991933], [-76.899726, 38.99141], [-76.897615, 38.992405], [-76.898484, 38.993028], [-76.903839, 38.993021], [-76.901698, 38.994866], [-76.902503, 38.996292], [-76.904679, 38.996598], [-76.912075, 38.997882], [-76.912037, 38.998021], [-76.914603, 38.998178], [-76.915543, 38.998656], [-76.917149, 38.9987], [-76.918223, 38.999285], [-76.919621, 38.999301]]]}}, {"type": "Feature", "id": "20912", "properties": {"ZCTA5CE20": "20912", "GEOID20": "20912", "zip": "20912", "STUSPS": "DC"}, "geometry": {"type": "Polygon", "coordinates": [[[-77.026689, 38.986563], [-77.024749, 38.986923], [-77.02303, 38.984459], [-77.022817, 38.984795], [-77.020767, 38.987632], [-77.016768, 38.984977], [-77.014933, 38.985413], [-77.015531, 38.983241], [-77.014762, 38.984748], [-77.01461, 38.984947], [-77.014213, 38.985485], [-77.012323, 38.988129], [-77.009949, 38.986094], [-77.007469, 38.985332], [-77.007141, 38.984463], [-77.004242, 38.985713], [-77.005424, 38.987148], [-77.005011, 38.987135], [-77.004969, 38.987243], [-77.006782, 38.989452], [-77.006347, 38.991725], [-77.004371, 38.994777], [-77.005714, 38.995613], [-77.006286, 38.995638], [-77.00595, 38.995864], [-77.005429, 38.996434], [-77.004703, 38.996095], [-77.003479, 38.997645], [-77.003645, 38.998225], [-77.002319, 38.998344], [-77.001945, 38.996688], [-76.99868, 38.996841], [-76.998064, 38.996754], [-76.998214, 38.998279], [-76.998229, 38.998863], [-76.995469, 38.9996], [-76.993242, 38.995857], [-76.993934, 38.994628], [-76.992626, 38.993969], [-76.991589, 38.992669], [-76.991981, 38.99179], [-76.989819, 38.990859], [-76.987656, 38.988827], [-76.987639, 38.988979], [-76.98682, 38.988375], [-76.985005, 38.987312], [-76.984787, 38.987182], [-76.98494, 38.985297], [-76.985735, 38.982711], [-76.985383, 38.982625], [-76.985112, 38.983754], [-76.983979, 38.982741], [-76.982494, 38.981317], [-76.981863, 38.978578], [-76.981283, 38.978487], [-76.980823, 38.97869], [-76.980456, 38.978136], [-76.985652, 38.976172], [-76.987255, 38.975124], [-76.984131, 38.974367], [-76.985072, 38.973479], [-76.9893, 38.971942], [-76.990375, 38.971628], [-76.992553, 38.970088], [-76.997074, 38.971135], [-76.998446, 38.971048], [-76.999726, 38.969329], [-76.999281, 38.968997], [-76.999281, 38.968913], [-76.999627, 38.968332], [-77.00016, 38.968744], [-77.0025892201687, 38.9654839197919], [-77.0026017595338, 38.9654940810016], [-77.0049833617021, 38.967424], [-77.007774574197, 38.9696858446079], [-77.008298, 38.97011], [-77.0085892746401, 38.9703377238095], [-77.0110567340993, 38.9722668284776], [-77.013798, 38.97441], [-77.0146806885246, 38.9751455737705], [-77.015598, 38.97591], [-77.0173231309697, 38.977226703025], [-77.0186545534322, 38.9782429087594], [-77.0187064975833, 38.9782825550368], [-77.0205367150986, 38.9796794651736], [-77.0265907040259, 38.9843001610361], [-77.0266345528952, 38.9843336286046], [-77.0266962184868, 38.9843806947534], [-77.026689, 38.986563]]]}}, {"type": "Feature", "id": "20722", "properties": {"ZCTA5CE20": "20722", "GEOID20": "20722", "zip": "20722", "STUSPS": "DC"}, "geometry": {"type": "Polygon", "coordinates": [[[-76.962314, 38.948535], [-76.960706, 38.949017], [-76.959547, 38.9488], [-76.957941, 38.948807], [-76.956372, 38.948976], [-76.953624, 38.948651], [-76.953153, 38.948385], [-76.95076, 38.947097], [-76.950092, 38.946866], [-76.947563, 38.945695], [-76.947143, 38.94532], [-76.946413, 38.944872], [-76.945033, 38.943885], [-76.944545, 38.942512], [-76.944758, 38.940423], [-76.94365, 38.939007], [-76.943379, 38.938789], [-76.943239, 38.938654], [-76.943532, 38.938485], [-76.94394, 38.938268], [-76.943981, 38.938246], [-76.943868, 38.9382], [-76.943163, 38.93858], [-76.942651, 38.938145], [-76.942147, 38.93766], [-76.940616, 38.936426], [-76.93944, 38.933269], [-76.938594, 38.933008], [-76.939381, 38.931436], [-76.938614, 38.924422], [-76.938507, 38.922754], [-76.940231, 38.919932], [-76.9419204562069, 38.9185860266153], [-76.9419210679896, 38.9185864994984], [-76.9438638818987, 38.9200882154987], [-76.9560509609247, 38.9295083310764], [-76.9576171486463, 38.9307189303778], [-76.9577186180641, 38.9307973621038], [-76.958798975852, 38.9316324346594], [-76.955543, 38.935125], [-76.956911, 38.936265], [-76.95727, 38.93824], [-76.957399, 38.94095], [-76.96098, 38.940987], [-76.962021, 38.943245], [-76.962289, 38.947968], [-76.962314, 38.948535]]]}}, {"type": "Feature", "id": "20735", "properties": {"ZCTA5CE20": "20735", "GEOID20": "20735", "zip": "20735", "STUSPS": "DC"}, "geometry": {"type": "Polygon", "coordinates": [[[-76.98599, 38.698683], [-76.985509, 38.699408], [-76.982102, 38.698102], [-76.97992, 38.697973], [-76.977445, 38.699248], [-76.976958, 38.701726], [-76.975231, 38.703356], [-76.974529, 38.703295], [-76.971819, 38.703744], [-76.970943, 38.704374], [-76.971539, 38.706726], [-76.970782, 38.713165], [-76.970842, 38.713993], [-76.97384, 38.71682], [-76.974475, 38.721603], [-76.973449, 38.723642], [-76.973257, 38.726403], [-76.974432, 38.729247], [-76.971118, 38.728284], [-76.972445, 38.726136], [-76.969844, 38.726637], [-76.969934, 38.72906], [-76.96847, 38.732496], [-76.969818, 38.733274], [-76.970538, 38.734878], [-76.967927, 38.735142], [-76.968527, 38.7374], [-76.965134, 38.738674], [-76.963855, 38.741994], [-76.961302, 38.742207], [-76.957222, 38.746191], [-76.952987, 38.748551], [-76.952915, 38.749933], [-76.952166, 38.750099], [-76.952142, 38.750686], [-76.95111, 38.750983], [-76.950642, 38.752349], [-76.949442, 38.75279], [-76.949629, 38.753674], [-76.949178, 38.753728], [-76.949167, 38.754132], [-76.948792, 38.754018], [-76.94881, 38.754654], [-76.947146, 38.756229], [-76.944675, 38.75684], [-76.942091, 38.758737], [-76.941698, 38.759043], [-76.93988, 38.759741], [-76.940473, 38.760831], [-76.938595, 38.766096], [-76.937148, 38.766825], [-76.935252, 38.76825], [-76.934055, 38.769618], [-76.932091, 38.76933], [-76.926995, 38.769427], [-76.926227, 38.772349], [-76.924248, 38.775304], [-76.923696, 38.77897], [-76.923922, 38.780864], [-76.922402, 38.782852], [-76.922093, 38.784551], [-76.918814, 38.785908], [-76.91562, 38.785906], [-76.914067, 38.787096], [-76.908665, 38.7884], [-76.906809, 38.789627], [-76.904794, 38.790713], [-76.900665, 38.789616], [-76.897628, 38.79061], [-76.897192, 38.788683], [-76.897047, 38.787201], [-76.891862, 38.783797], [-76.890364, 38.78361], [-76.888743, 38.783793], [-76.886541, 38.787769], [-76.883385, 38.787624], [-76.878215, 38.789013], [-76.873035, 38.789042], [-76.869795, 38.789803], [-76.858759, 38.795361], [-76.856962, 38.797251], [-76.856404, 38.799416], [-76.856443, 38.807471], [-76.849099, 38.807472], [-76.848928, 38.805377], [-76.851625, 38.806761], [-76.853518, 38.80324], [-76.853195, 38.800299], [-76.851814, 38.798076], [-76.856706, 38.795908], [-76.857043, 38.789172], [-76.864354, 38.788379], [-76.861189, 38.785945], [-76.857769, 38.784028], [-76.85486, 38.783958], [-76.848435, 38.785978], [-76.845871, 38.786257], [-76.843304, 38.785436], [-76.839724, 38.780421], [-76.838972, 38.778109], [-76.837576, 38.776979], [-76.839012, 38.77474], [-76.841127, 38.77364], [-76.840935, 38.772554], [-76.840816, 38.771361], [-76.84322, 38.763748], [-76.841447, 38.76012], [-76.841756, 38.754587], [-76.843189, 38.752964], [-76.844405, 38.750823], [-76.844656, 38.748295], [-76.846003, 38.746386], [-76.846539, 38.746196], [-76.852891, 38.741148], [-76.854703, 38.739958], [-76.856283, 38.738008], [-76.85999, 38.736473], [-76.861038, 38.735311], [-76.870181, 38.73414], [-76.871263, 38.733776], [-76.873766, 38.732598], [-76.877212, 38.732576], [-76.880163, 38.731304], [-76.881511, 38.731249], [-76.881859, 38.731234], [-76.887725, 38.731452], [-76.887873, 38.731093], [-76.891925, 38.72991], [-76.893746, 38.7274], [-76.896148, 38.728012], [-76.897564, 38.728817], [-76.900798, 38.727967], [-76.910094, 38.720914], [-76.917695, 38.720214], [-76.919595, 38.717914], [-76.920865, 38.715171], [-76.926953, 38.714967], [-76.92996, 38.714009], [-76.932898, 38.711673], [-76.936574, 38.710305], [-76.937827, 38.710452], [-76.939318, 38.709355], [-76.941473, 38.70826], [-76.946128, 38.707329], [-76.947766, 38.707994], [-76.94881, 38.706138], [-76.950009, 38.705802], [-76.950994, 38.705878], [-76.952446, 38.707531], [-76.953906, 38.708205], [-76.957059, 38.707305], [-76.959863, 38.70793], [-76.963805, 38.706717], [-76.966023, 38.70556], [-76.966789, 38.702997], [-76.968069, 38.699155], [-76.969291, 38.697888], [-76.974364, 38.696881], [-76.975231, 38.696363], [-76.975781, 38.695943], [-76.97777, 38.692885], [-76.981054, 38.695561], [-76.985728, 38.695491], [-76.98599, 38.698683]]]}}, {"type": "Feature", "id": "20910", "properties": {"ZCTA5CE20": "20910", "GEOID20": "20910", "zip": "20910", "STUSPS": "DC"}, "geometry": {"type": "Polygon", "coordinates": [[[-77.06816, 39.024238], [-77.06673, 39.023612], [-77.061878, 39.023457], [-77.059959, 39.024482], [-77.057991, 39.024932], [-77.057624, 39.023948], [-77.057243, 39.022377], [-77.057273, 39.020504], [-77.055007, 39.020896], [-77.053657, 39.018535], [-77.051053, 39.019261], [-77.049774, 39.017166], [-77.049011, 39.016529], [-77.048339, 39.016559], [-77.048454, 39.017765], [-77.048031, 39.018352], [-77.047241, 39.018753], [-77.045752, 39.016891], [-77.044509, 39.016769], [-77.043891, 39.015575], [-77.042625, 39.015642], [-77.039941, 39.016249], [-77.036677, 39.016143], [-77.032859, 39.016132], [-77.032309, 39.015035], [-77.032263, 39.014862], [-77.029769, 39.011291], [-77.021575, 39.009197], [-77.020367, 39.007464], [-77.017791, 39.00687], [-77.015495, 39.003726], [-77.011871, 39.001537], [-77.010932, 39.000274], [-77.010986, 38.999759], [-77.010612, 38.999633], [-77.008872, 38.996398], [-77.00595, 38.995864], [-77.006286, 38.995638], [-77.005714, 38.995613], [-77.004371, 38.994777], [-77.006347, 38.991725], [-77.006782, 38.989452], [-77.004969, 38.987243], [-77.005011, 38.987135], [-77.005424, 38.987148], [-77.004242, 38.985713], [-77.007141, 38.984463], [-77.007469, 38.985332], [-77.009949, 38.986094], [-77.012323, 38.988129], [-77.014213, 38.985485], [-77.01461, 38.984947], [-77.014762, 38.984748], [-77.015531, 38.983241], [-77.014933, 38.985413], [-77.016768, 38.984977], [-77.020767, 38.987632], [-77.022817, 38.984795], [-77.02303, 38.984459], [-77.024749, 38.986923], [-77.026689, 38.986563], [-77.0266962184868, 38.9843806947534], [-77.0312349218127, 38.9878448516806], [-77.033707359689, 38.9897319353213], [-77.036299, 38.99171], [-77.0364613501893, 38.9918274448178], [-77.0367692514116, 38.9920501818722], [-77.040999, 38.99511], [-77.0416276818592, 38.9946373068728], [-77.0416459874318, 38.9946235432843], [-77.0423889986637, 38.9940648882228], [-77.0465412510744, 38.990942893929], [-77.049552, 38.992366], [-77.051971, 38.993778], [-77.053649, 38.99477], [-77.057487, 38.997039], [-77.05665, 38.997906], [-77.057273, 38.997608], [-77.062687, 38.997749], [-77.062217, 39.000511], [-77.058776, 39.003425], [-77.059806, 39.005161], [-77.060379, 39.00473], [-77.061912, 39.006595], [-77.063001, 39.010639], [-77.063864, 39.0113], [-77.063465, 39.011851], [-77.061806, 39.013646], [-77.057982, 39.01402], [-77.056629, 39.014928], [-77.058244, 39.016203], [-77.059875, 39.017978], [-77.066093, 39.021453], [-77.068237, 39.024108], [-77.06816, 39.024238]]]}}, {"type": "Feature", "id": "20746", "properties": {"ZCTA5CE20": "20746", "GEOID20": "20746", "zip": "20746", "STUSPS": "DC"}, "geometry": {"type": "Polygon", "coordinates": [[[-76.9581401027746, 38.8549465208545], [-76.953696, 38.858512], [-76.9498609664429, 38.8611965234899], [-76.9498152068596, 38.8612285551983], [-76.949696, 38.861312], [-76.9467461839551, 38.8636217776563], [-76.9467019673844, 38.8636564003058], [-76.942663, 38.862743], [-76.940391, 38.862968], [-76.933975, 38.864581], [-76.932873, 38.86496], [-76.928222, 38.865812], [-76.924859, 38.864728], [-76.924042, 38.865374], [-76.923682, 38.865008], [-76.91688, 38.862325], [-76.91722, 38.861709], [-76.918858, 38.860243], [-76.917345, 38.858977], [-76.918804, 38.858429], [-76.91755, 38.85219], [-76.91857, 38.852064], [-76.920015, 38.851705], [-76.918762, 38.851869], [-76.91757, 38.848747], [-76.916051, 38.847595], [-76.914876, 38.844208], [-76.914581, 38.843727], [-76.915332, 38.842509], [-76.914464, 38.839909], [-76.913773, 38.839297], [-76.913075, 38.83905], [-76.911502, 38.839059], [-76.908573, 38.838819], [-76.904183, 38.837096], [-76.902596, 38.835738], [-76.902502, 38.835656], [-76.901129, 38.834376], [-76.894497, 38.835023], [-76.890701, 38.834576], [-76.88742, 38.83253], [-76.888569, 38.828327], [-76.887379, 38.829952], [-76.884947, 38.829845], [-76.885248, 38.826007], [-76.882089, 38.825869], [-76.880516, 38.830114], [-76.880469, 38.830707], [-76.877652, 38.829522], [-76.87875, 38.82804], [-76.87866, 38.827593], [-76.874441, 38.8302], [-76.87386, 38.830698], [-76.867969, 38.829938], [-76.8679, 38.82957], [-76.869641, 38.829345], [-76.872369, 38.828764], [-76.877943, 38.826365], [-76.8781, 38.826257], [-76.878072, 38.825531], [-76.88361, 38.821912], [-76.889165, 38.8166], [-76.89384, 38.814062], [-76.894264, 38.811699], [-76.894722, 38.808596], [-76.895745, 38.806803], [-76.897954, 38.804314], [-76.898484, 38.803027], [-76.900352, 38.803493], [-76.901766, 38.800844], [-76.901628, 38.798944], [-76.903657, 38.801874], [-76.905789, 38.804961], [-76.911262, 38.812295], [-76.915416, 38.816179], [-76.91934, 38.81972], [-76.921114, 38.821733], [-76.923369, 38.824578], [-76.926394, 38.82681], [-76.925247, 38.827722], [-76.92639, 38.828037], [-76.927143, 38.827324], [-76.927558, 38.827624], [-76.931267, 38.830032], [-76.937863, 38.831722], [-76.940752, 38.832916], [-76.941653, 38.833595], [-76.943102, 38.835264], [-76.945024, 38.837703], [-76.945356, 38.838167], [-76.946306, 38.839417], [-76.946399, 38.839537], [-76.948378, 38.842056], [-76.952426, 38.847372], [-76.956012, 38.852319], [-76.95607, 38.8524], [-76.956543, 38.853169], [-76.957536, 38.854431], [-76.9581401027746, 38.8549465208545]]]}}, {"type": "Feature", "id": "20748", "properties": {"ZCTA5CE20": "20748", "GEOID20": "20748", "zip": "20748", "STUSPS": "DC"}, "geometry": {"type": "MultiPolygon", "coordinates": [[[[-76.934055, 38.769618], [-76.927969, 38.773183], [-76.924892, 38.776335], [-76.924941, 38.779106], [-76.923922, 38.780864], [-76.923696, 38.77897], [-76.924248, 38.775304], [-76.926227, 38.772349], [-76.926995, 38.769427], [-76.932091, 38.76933], [-76.934055, 38.769618]]], [[[-76.984266, 38.831429], [-76.982895, 38.832786], [-76.98134, 38.833247], [-76.977552, 38.833098], [-76.975821, 38.832248], [-76.976079, 38.833327], [-76.975904, 38.834324], [-76.9798166414139, 38.8375795577324], [-76.979497, 38.837812], [-76.972937771182, 38.8430744331047], [-76.9723265158783, 38.8435648398636], [-76.9708517314095, 38.844748051309], [-76.9708093936019, 38.8447820186985], [-76.9665705107146, 38.8481828510603], [-76.9654382741178, 38.8490912382373], [-76.9634722062731, 38.8506686036257], [-76.9619414862434, 38.8518966918631], [-76.9581489643888, 38.8549394112303], [-76.9581401027746, 38.8549465208545], [-76.957536, 38.854431], [-76.956543, 38.853169], [-76.95607, 38.8524], [-76.956012, 38.852319], [-76.952426, 38.847372], [-76.948378, 38.842056], [-76.946399, 38.839537], [-76.946306, 38.839417], [-76.945356, 38.838167], [-76.945024, 38.837703], [-76.943102, 38.835264], [-76.941653, 38.833595], [-76.940752, 38.832916], [-76.937863, 38.831722], [-76.931267, 38.830032], [-76.927558, 38.827624], [-76.927143, 38.827324], [-76.92639, 38.828037], [-76.925247, 38.827722], [-76.926394, 38.82681], [-76.923369, 38.824578], [-76.921114, 38.821733], [-76.91934, 38.81972], [-76.915416, 38.816179], [-76.911262, 38.812295], [-76.905789, 38.804961], [-76.903657, 38.801874], [-76.901628, 38.798944], [-76.900097, 38.796482], [-76.897628, 38.79061], [-76.900665, 38.789616], [-76.904794, 38.790713], [-76.906809, 38.789627], [-76.908665, 38.7884], [-76.914067, 38.787096], [-76.91562, 38.785906], [-76.918814, 38.785908], [-76.922093, 38.784551], [-76.922402, 38.782852], [-76.923922, 38.780864], [-76.924719, 38.786035], [-76.925572, 38.78726], [-76.92573, 38.787285], [-76.927105, 38.788833], [-76.92694, 38.789894], [-76.928768, 38.792222], [-76.929423, 38.792894], [-76.928592, 38.793326], [-76.92726, 38.799274], [-76.927893, 38.800316], [-76.929018, 38.800917], [-76.931755, 38.800286], [-76.940138, 38.800166], [-76.942071, 38.800827], [-76.942754, 38.801123], [-76.945452, 38.802262], [-76.948239, 38.799338], [-76.952999, 38.797236], [-76.953475, 38.796466], [-76.955946, 38.798993], [-76.956606, 38.801234], [-76.958975, 38.805131], [-76.958808, 38.807647], [-76.959614, 38.807772], [-76.960033, 38.808354], [-76.960997, 38.808608], [-76.960874, 38.80915], [-76.959774, 38.809323], [-76.958791, 38.811353], [-76.956535, 38.811767], [-76.954823, 38.814127], [-76.956151, 38.814595], [-76.956465, 38.81479], [-76.960602, 38.813098], [-76.96691, 38.809432], [-76.970463, 38.808777], [-76.968386, 38.810655], [-76.968644, 38.811149], [-76.96789, 38.811079], [-76.966025, 38.813036], [-76.965487, 38.813361], [-76.963894, 38.814546], [-76.9627, 38.815591], [-76.962794, 38.815655], [-76.964011, 38.81717], [-76.964242, 38.817507], [-76.968936, 38.822419], [-76.970163, 38.823562], [-76.975396, 38.825827], [-76.98365, 38.831195], [-76.984266, 38.831429]]]]}}, {"type": "Feature", "id": "20782", "properties": {"ZCTA5CE20": "20782", "GEOID20": "20782", "zip": "20782", "STUSPS": "DC"}, "geometry": {"type": "Polygon", "coordinates": [[[-76.99341, 38.962443], [-76.990901, 38.963685], [-76.987956, 38.966415], [-76.984799, 38.969354], [-76.984257, 38.969622], [-76.982624, 38.970012], [-76.98185, 38.970224], [-76.980557, 38.971202], [-76.979674, 38.972163], [-76.979538, 38.972073], [-76.979038, 38.971792], [-76.977913, 38.97056], [-76.972905, 38.969046], [-76.972755, 38.969576], [-76.973389, 38.971592], [-76.977423, 38.972442], [-76.977396, 38.973635], [-76.973723, 38.973496], [-76.971665, 38.973173], [-76.966828, 38.971714], [-76.966185, 38.971877], [-76.965735, 38.973547], [-76.966772, 38.975622], [-76.966934, 38.978184], [-76.965812, 38.982083], [-76.966194, 38.984692], [-76.964285, 38.984892], [-76.96428, 38.984774], [-76.963879, 38.982065], [-76.96167, 38.981468], [-76.96221, 38.979821], [-76.964805, 38.978627], [-76.965641, 38.976595], [-76.964662, 38.976734], [-76.9606, 38.977885], [-76.961149, 38.975175], [-76.958289, 38.975593], [-76.957702, 38.975725], [-76.957455, 38.976356], [-76.958068, 38.978193], [-76.958719, 38.978194], [-76.956497, 38.979055], [-76.956212, 38.979819], [-76.954844, 38.980802], [-76.954932, 38.981684], [-76.954785, 38.981691], [-76.953947, 38.98247], [-76.951718, 38.982354], [-76.952195, 38.983708], [-76.955317, 38.983754], [-76.955386, 38.984073], [-76.95566, 38.985418], [-76.955712, 38.98565], [-76.95553, 38.985574], [-76.952701, 38.984963], [-76.952742, 38.984851], [-76.94863, 38.983855], [-76.947451, 38.981142], [-76.946637, 38.980872], [-76.944769, 38.980032], [-76.937939, 38.976962], [-76.937931, 38.976357], [-76.937927, 38.976263], [-76.937975, 38.973005], [-76.93797, 38.972604], [-76.937991, 38.972284], [-76.938066, 38.971776], [-76.937959, 38.97177], [-76.938049, 38.971045], [-76.938997, 38.964663], [-76.942611, 38.965869], [-76.942637, 38.965726], [-76.944234, 38.966021], [-76.946505, 38.966121], [-76.946816, 38.964711], [-76.948106, 38.963982], [-76.948102, 38.963533], [-76.947618, 38.96348], [-76.947588, 38.962705], [-76.946957, 38.961689], [-76.94637, 38.961571], [-76.946443, 38.961221], [-76.947041, 38.960959], [-76.947151, 38.960015], [-76.946538, 38.959347], [-76.946612, 38.958629], [-76.947887, 38.958968], [-76.947858, 38.958566], [-76.949293, 38.958731], [-76.949914, 38.958235], [-76.954792, 38.960094], [-76.953548, 38.956484], [-76.952775, 38.955204], [-76.954763, 38.953261], [-76.956372, 38.948976], [-76.957941, 38.948807], [-76.959019, 38.949567], [-76.960753, 38.95056], [-76.961832, 38.953398], [-76.962771, 38.953985], [-76.963418, 38.953767], [-76.96639, 38.95239], [-76.96649, 38.952503], [-76.966994, 38.951422], [-76.967037, 38.95132], [-76.967098, 38.951189], [-76.967628, 38.949488], [-76.96805, 38.948962], [-76.969019, 38.948466], [-76.971398, 38.947914], [-76.9765, 38.946753], [-76.977725, 38.947341], [-76.978434328903, 38.9468097626112], [-76.9830468494119, 38.9503750530475], [-76.9859369495824, 38.9526089827349], [-76.987925151061, 38.9541457814772], [-76.9882717137531, 38.954413660319], [-76.9895171223131, 38.9553763103972], [-76.9918925205442, 38.9572123964546], [-76.9973644902135, 38.9614420060775], [-76.99341, 38.962443]]]}}, {"type": "Feature", "id": "20785", "properties": {"ZCTA5CE20": "20785", "GEOID20": "20785", "zip": "20785", "STUSPS": "DC"}, "geometry": {"type": "MultiPolygon", "coordinates": [[[[-76.859246, 38.933778], [-76.856703, 38.93632], [-76.85543, 38.936462], [-76.855037, 38.933103], [-76.856615, 38.932439], [-76.859649, 38.9321], [-76.859246, 38.933778]]], [[[-76.929471, 38.925489], [-76.928354, 38.926992], [-76.925794, 38.930272], [-76.924495, 38.93132], [-76.92289, 38.932201], [-76.919714, 38.933467], [-76.918034, 38.934432], [-76.917023, 38.935238], [-76.916064, 38.936288], [-76.914357, 38.939158], [-76.913195, 38.938856], [-76.912069, 38.938817], [-76.911919, 38.93703], [-76.911045, 38.938201], [-76.911125, 38.937614], [-76.909131, 38.936687], [-76.904252, 38.935893], [-76.902361, 38.933313], [-76.901633, 38.933056], [-76.899236, 38.932572], [-76.900129, 38.931606], [-76.897604, 38.930543], [-76.887836, 38.937024], [-76.887415, 38.937302], [-76.886479, 38.937423], [-76.884457, 38.938762], [-76.885025, 38.938988], [-76.882601, 38.942401], [-76.880831, 38.943433], [-76.880308, 38.941849], [-76.880027, 38.941458], [-76.878118, 38.942862], [-76.876816, 38.944048], [-76.876125, 38.944619], [-76.869141, 38.951102], [-76.865382, 38.956203], [-76.864894, 38.956852], [-76.864752, 38.956633], [-76.858502, 38.945544], [-76.857004, 38.942377], [-76.856038, 38.939447], [-76.859189, 38.937487], [-76.86176, 38.935871], [-76.863002, 38.937615], [-76.869533, 38.94022], [-76.872134, 38.936907], [-76.87305, 38.935482], [-76.870875, 38.93146], [-76.868454, 38.932972], [-76.867608, 38.932184], [-76.870241, 38.930461], [-76.870915, 38.929731], [-76.872697, 38.928107], [-76.87246, 38.926654], [-76.869773, 38.928933], [-76.866919, 38.925748], [-76.86406, 38.929174], [-76.862246, 38.928193], [-76.862761, 38.926122], [-76.862759, 38.925944], [-76.86294, 38.925211], [-76.863205, 38.923776], [-76.858547, 38.923166], [-76.85848, 38.924704], [-76.859346, 38.92898], [-76.857762, 38.928965], [-76.856606, 38.928457], [-76.854459, 38.928235], [-76.853789, 38.92397], [-76.851855, 38.917333], [-76.851808, 38.9172], [-76.84975, 38.909643], [-76.849979, 38.907025], [-76.850635, 38.903763], [-76.850681, 38.90176], [-76.850537, 38.900673], [-76.847344, 38.892164], [-76.851369, 38.891031], [-76.853552, 38.890731], [-76.862716, 38.889812], [-76.862881, 38.889806], [-76.877269, 38.88868], [-76.878672, 38.894258], [-76.878871, 38.894709], [-76.88191, 38.896903], [-76.884518, 38.901012], [-76.886728, 38.902136], [-76.888199, 38.90122], [-76.891403, 38.901017], [-76.893208, 38.90232], [-76.895296, 38.903611], [-76.896611, 38.905729], [-76.897374, 38.905355], [-76.896626, 38.906048], [-76.898534, 38.908225], [-76.901952, 38.907467], [-76.905231, 38.910829], [-76.9062, 38.91308], [-76.908812, 38.915237], [-76.90812, 38.914305], [-76.910762, 38.912321], [-76.913247, 38.90801], [-76.916679, 38.910968], [-76.926284, 38.912178], [-76.924697, 38.91323], [-76.923691, 38.91618], [-76.923558, 38.916882], [-76.920436, 38.916597], [-76.917009, 38.917367], [-76.917567, 38.918338], [-76.920682, 38.917374], [-76.921379, 38.918568], [-76.923535, 38.917201], [-76.923849, 38.918897], [-76.925449, 38.921085], [-76.928758, 38.924694], [-76.929471, 38.925489]]]]}}, {"type": "Feature", "id": "20903", "properties": {"ZCTA5CE20": "20903", "GEOID20": "20903", "zip": "20903", "STUSPS": "DC"}, "geometry": {"type": "Polygon", "coordinates": [[[-76.999565, 39.027519], [-76.996833, 39.028305], [-76.993438, 39.030868], [-76.993133, 39.032459], [-76.992469, 39.032665], [-76.991744, 39.032821], [-76.988945, 39.036075], [-76.989491, 39.03708], [-76.990094, 39.038359], [-76.983911, 39.039501], [-76.979924, 39.039812], [-76.968551, 39.041011], [-76.968009, 39.041316], [-76.967826, 39.041183], [-76.967193, 39.040431], [-76.968322, 39.037971], [-76.966598, 39.03696], [-76.965287, 39.033982], [-76.964401, 39.033374], [-76.962097, 39.031208], [-76.966186, 39.026204], [-76.971723, 39.018556], [-76.971892, 39.018354], [-76.973534, 39.016056], [-76.971781, 39.015818], [-76.971868, 39.015412], [-76.97113, 39.015316], [-76.971002, 39.014771], [-76.971259, 39.013601], [-76.974732, 39.014015], [-76.974565, 39.014714], [-76.977278, 39.010947], [-76.978098, 39.009808], [-76.979606, 39.008161], [-76.97998, 39.007536], [-76.980203, 39.006775], [-76.980902, 39.00427], [-76.981744, 39.002329], [-76.982446, 39.001084], [-76.984888, 38.996446], [-76.986667, 38.99305], [-76.987362, 38.991585], [-76.989971, 38.99126], [-76.987795, 38.989099], [-76.987639, 38.988979], [-76.987656, 38.988827], [-76.989819, 38.990859], [-76.991981, 38.99179], [-76.991589, 38.992669], [-76.992626, 38.993969], [-76.993934, 38.994628], [-76.993242, 38.995857], [-76.995469, 38.9996], [-76.995302, 38.999646], [-76.995447, 39.000099], [-76.995554, 39.001517], [-76.992156, 39.001335], [-76.990585, 39.004314], [-76.993278, 39.003749], [-76.995124, 39.005847], [-76.99263, 39.00809], [-76.991394, 39.007411], [-76.992453, 39.005989], [-76.990068, 39.004612], [-76.986983, 39.004085], [-76.98367, 39.002201], [-76.983629, 39.002267], [-76.98644, 39.004459], [-76.98925, 39.005795], [-76.989177, 39.012264], [-76.992316, 39.014609], [-76.994106, 39.01754], [-76.995643, 39.018939], [-76.996376, 39.0223], [-76.998114, 39.026122], [-76.999565, 39.027519]]]}}, {"type": "Feature", "id": "22303", "properties": {"ZCTA5CE20": "22303", "GEOID20": "22303", "zip": "22303", "STUSPS": "DC"}, "geometry": {"type": "Polygon", "coordinates": [[[-77.105224, 38.799553], [-77.104269, 38.801673], [-77.104316, 38.802987], [-77.101183, 38.803029], [-77.094884, 38.802453], [-77.094714, 38.802871], [-77.09122, 38.802462], [-77.087415, 38.801999], [-77.077701, 38.800837], [-77.077475, 38.80081], [-77.071497, 38.799635], [-77.063031, 38.796424], [-77.063614, 38.79535], [-77.062469, 38.794959], [-77.060829, 38.794402], [-77.05984, 38.794048], [-77.056524, 38.792465], [-77.056931, 38.79231], [-77.056769, 38.791089], [-77.060583, 38.790111], [-77.06059, 38.790059], [-77.061804, 38.789813], [-77.063191, 38.789369], [-77.064475, 38.788834], [-77.064644, 38.787789], [-77.066845, 38.786729], [-77.067461, 38.785045], [-77.071392, 38.784155], [-77.0732, 38.781203], [-77.073503, 38.782715], [-77.073318, 38.784079], [-77.073731, 38.783918], [-77.075089, 38.781728], [-77.073696, 38.779817], [-77.078116, 38.78171], [-77.078509, 38.781312], [-77.078971, 38.781501], [-77.078652, 38.782496], [-77.080569, 38.783316], [-77.081431, 38.783713], [-77.081611, 38.783872], [-77.083807, 38.78636], [-77.08095, 38.789402], [-77.081394, 38.793148], [-77.08318, 38.794159], [-77.083668, 38.79347], [-77.082118, 38.796944], [-77.085952, 38.795056], [-77.089273, 38.795764], [-77.09102, 38.794928], [-77.092157, 38.792157], [-77.093823, 38.791932], [-77.093904, 38.791916], [-77.094342, 38.792359], [-77.094264, 38.792761], [-77.095421, 38.792768], [-77.09542, 38.792036], [-77.096751, 38.792033], [-77.096738, 38.791537], [-77.104035, 38.791609], [-77.105093, 38.791432], [-77.105632, 38.792556], [-77.105224, 38.799553]]]}}, {"type": "Feature", "id": "22204", "properties": {"ZCTA5CE20": "22204", "GEOID20": "22204", "zip": "22204", "STUSPS": "DC"}, "geometry": {"type": "Polygon", "coordinates": [[[-77.137495, 38.866093], [-77.128388, 38.866362], [-77.123791, 38.866447], [-77.119685, 38.866622], [-77.115503, 38.866874], [-77.113058, 38.867491], [-77.112819, 38.867553], [-77.10684, 38.869038], [-77.102679, 38.870094], [-77.100722, 38.870588], [-77.100625, 38.870614], [-77.095553, 38.871877], [-77.091943, 38.872785], [-77.090986, 38.87302], [-77.089385, 38.873429], [-77.08704, 38.874001], [-77.084454, 38.87476], [-77.083762, 38.87526], [-77.083666, 38.875368], [-77.083279, 38.877096], [-77.08247, 38.874874], [-77.082372, 38.874273], [-77.080239, 38.871198], [-77.078178, 38.869055], [-77.076769, 38.867942], [-77.076292, 38.867621], [-77.075567, 38.867142], [-77.073081, 38.868299], [-77.07057, 38.868899], [-77.065394, 38.870192], [-77.063892, 38.870565], [-77.06115, 38.869704], [-77.062339, 38.868274], [-77.06312, 38.867832], [-77.06292, 38.867127], [-77.067162, 38.865708], [-77.067866, 38.865206], [-77.06903, 38.863457], [-77.069328, 38.86169], [-77.069391, 38.861242], [-77.069977, 38.859535], [-77.070688, 38.859663], [-77.072632, 38.859343], [-77.075536, 38.859074], [-77.081243, 38.85579], [-77.083995, 38.855112], [-77.083549, 38.853382], [-77.086433, 38.852689], [-77.084643, 38.85105], [-77.082307, 38.849626], [-77.083769, 38.849245], [-77.084804, 38.850168], [-77.088239, 38.848901], [-77.089042, 38.848677], [-77.090646, 38.848253], [-77.091891, 38.84585], [-77.089444, 38.845099], [-77.08957, 38.844745], [-77.093092, 38.845904], [-77.09523, 38.846901], [-77.096888, 38.847782], [-77.10137, 38.850761], [-77.103004, 38.852121], [-77.104971, 38.850664], [-77.107075, 38.848355], [-77.108706, 38.84566], [-77.109789, 38.845948], [-77.113365, 38.847382], [-77.11758, 38.850495], [-77.118876, 38.851563], [-77.121151, 38.853325], [-77.123609, 38.855305], [-77.125868, 38.857042], [-77.127183, 38.858109], [-77.131849, 38.861727], [-77.137495, 38.866093]]]}}, {"type": "Feature", "id": "22314", "properties": {"ZCTA5CE20": "22314", "GEOID20": "22314", "zip": "22314", "STUSPS": "DC"}, "geometry": {"type": "Polygon", "coordinates": [[[-77.090965, 38.805569], [-77.087678, 38.805378], [-77.087281, 38.808251], [-77.088669, 38.808513], [-77.088669, 38.808976], [-77.089236, 38.813439], [-77.088679, 38.813358], [-77.088625, 38.813885], [-77.088926, 38.81593], [-77.085819, 38.815312], [-77.084995, 38.813601], [-77.082293, 38.814507], [-77.080822, 38.814168], [-77.076718, 38.814105], [-77.07655, 38.814091], [-77.07443, 38.811476], [-77.072821, 38.81296], [-77.073066, 38.810828], [-77.070459, 38.810361], [-77.069184, 38.810289], [-77.069678, 38.809391], [-77.068851, 38.810034], [-77.06544, 38.808415], [-77.065155, 38.809173], [-77.0626, 38.807223], [-77.063111, 38.806269], [-77.065406, 38.805155], [-77.064757, 38.805059], [-77.062557, 38.805949], [-77.060922, 38.80687], [-77.060043, 38.807442], [-77.057856, 38.809204], [-77.05665, 38.81048], [-77.055781, 38.81156], [-77.054834, 38.813086], [-77.049627, 38.820385], [-77.047566, 38.823397], [-77.046921, 38.825375], [-77.046998, 38.837587], [-77.049013, 38.84126], [-77.048948, 38.841256], [-77.048171, 38.841259], [-77.044487611898, 38.8395986997167], [-77.044999, 38.838512], [-77.044899, 38.834712], [-77.043499, 38.833212], [-77.042599, 38.833812], [-77.041199, 38.833712], [-77.039199, 38.832212], [-77.0385601109273, 38.8301229894081], [-77.038098, 38.828612], [-77.0388839758188, 38.8229537600804], [-77.039098, 38.821413], [-77.0387883445095, 38.8196169981551], [-77.038098, 38.815613], [-77.037356, 38.814187], [-77.0374469631707, 38.8133980626165], [-77.0379998085741, 38.8086031505388], [-77.0384026639499, 38.8051091247307], [-77.0388005812625, 38.8016579274941], [-77.038898, 38.800813], [-77.0389040820382, 38.8002967025371], [-77.0389291722456, 38.7981668227097], [-77.0389430537894, 38.7969884338797], [-77.0389927854341, 38.792766769814], [-77.039006, 38.791645], [-77.039498, 38.791113], [-77.040098, 38.789913], [-77.040372554527, 38.785355394851], [-77.041362, 38.785415], [-77.051365, 38.789938], [-77.052685, 38.790764], [-77.056524, 38.792465], [-77.05984, 38.794048], [-77.060829, 38.794402], [-77.062469, 38.794959], [-77.063614, 38.79535], [-77.063031, 38.796424], [-77.071497, 38.799635], [-77.077475, 38.80081], [-77.077701, 38.800837], [-77.087415, 38.801999], [-77.09122, 38.802462], [-77.090965, 38.805569]]]}}, {"type": "Feature", "id": "22203", "properties": {"ZCTA5CE20": "22203", "GEOID20": "22203", "zip": "22203", "STUSPS": "DC"}, "geometry": {"type": "MultiPolygon", "coordinates": [[[[-77.140045, 38.871624], [-77.138154, 38.871992], [-77.133988, 38.871578], [-77.133946, 38.87491], [-77.131448, 38.870749], [-77.127837, 38.867777], [-77.127497, 38.868389], [-77.128372, 38.871033], [-77.126368, 38.872017], [-77.125693, 38.873196], [-77.120885, 38.878256], [-77.122109, 38.87796], [-77.123323, 38.880815], [-77.121801, 38.881252], [-77.122083, 38.881787], [-77.1204, 38.883098], [-77.11869, 38.885362], [-77.118469, 38.88537], [-77.118683, 38.882061], [-77.115958, 38.882077], [-77.11376, 38.882227], [-77.112711, 38.88223], [-77.110505, 38.882381], [-77.109439, 38.882481], [-77.107761, 38.882558], [-77.107832, 38.883117], [-77.10677, 38.883161], [-77.104493, 38.883816], [-77.104147, 38.883104], [-77.104086, 38.882982], [-77.103305, 38.883328], [-77.102958, 38.882627], [-77.103717, 38.882243], [-77.103356, 38.881601], [-77.10303, 38.881767], [-77.102187, 38.880075], [-77.102143, 38.879099], [-77.101956, 38.877451], [-77.100872, 38.874702], [-77.098078, 38.875522], [-77.095553, 38.871877], [-77.100625, 38.870614], [-77.100722, 38.870588], [-77.102679, 38.870094], [-77.10684, 38.869038], [-77.112819, 38.867553], [-77.113058, 38.867491], [-77.115503, 38.866874], [-77.119685, 38.866622], [-77.123791, 38.866447], [-77.128388, 38.866362], [-77.137495, 38.866093], [-77.137631, 38.866199], [-77.137877, 38.866389], [-77.137962, 38.867751], [-77.140034, 38.868546], [-77.140045, 38.871624]]], [[[-77.143406, 38.870696], [-77.141061, 38.868866], [-77.141768, 38.867762], [-77.143595, 38.868514], [-77.143228, 38.869116], [-77.14284, 38.869182], [-77.14377, 38.869636], [-77.143406, 38.870696]]]]}}, {"type": "Feature", "id": "22206", "properties": {"ZCTA5CE20": "22206", "GEOID20": "22206", "zip": "22206", "STUSPS": "DC"}, "geometry": {"type": "Polygon", "coordinates": [[[-77.113365, 38.847382], [-77.109789, 38.845948], [-77.108706, 38.84566], [-77.107075, 38.848355], [-77.104971, 38.850664], [-77.103004, 38.852121], [-77.10137, 38.850761], [-77.096888, 38.847782], [-77.09523, 38.846901], [-77.093092, 38.845904], [-77.08957, 38.844745], [-77.089444, 38.845099], [-77.091891, 38.84585], [-77.090646, 38.848253], [-77.089042, 38.848677], [-77.088239, 38.848901], [-77.084804, 38.850168], [-77.083769, 38.849245], [-77.082307, 38.849626], [-77.084643, 38.85105], [-77.086433, 38.852689], [-77.083549, 38.853382], [-77.083995, 38.855112], [-77.081243, 38.85579], [-77.075536, 38.859074], [-77.072632, 38.859343], [-77.070688, 38.859663], [-77.069977, 38.859535], [-77.074316, 38.853134], [-77.073785, 38.853147], [-77.074692, 38.851688], [-77.074232, 38.850278], [-77.068026, 38.84944], [-77.067239, 38.850058], [-77.067261, 38.848246], [-77.066975, 38.846172], [-77.066594, 38.845065], [-77.064998, 38.845374], [-77.064722, 38.844677], [-77.066825, 38.843899], [-77.070348, 38.843957], [-77.07642, 38.843551], [-77.077187, 38.84369], [-77.078554, 38.843672], [-77.079302, 38.842926], [-77.082245, 38.843433], [-77.083856, 38.841711], [-77.084162, 38.840202], [-77.084621, 38.838532], [-77.084884, 38.836211], [-77.085394, 38.834792], [-77.085407, 38.833862], [-77.085471, 38.830263], [-77.087805, 38.827357], [-77.090296, 38.829202], [-77.092728, 38.831188], [-77.097662, 38.834775], [-77.09783, 38.834874], [-77.097957, 38.834839], [-77.102556, 38.837238], [-77.104105, 38.838143], [-77.105073, 38.8391], [-77.105963, 38.840082], [-77.107019, 38.841366], [-77.106716, 38.841934], [-77.106932, 38.84244], [-77.109239, 38.842819], [-77.110671, 38.84342], [-77.110799, 38.843446], [-77.110183, 38.844795], [-77.113365, 38.847382]]]}}, {"type": "Feature", "id": "22201", "properties": {"ZCTA5CE20": "22201", "GEOID20": "22201", "zip": "22201", "STUSPS": "DC"}, "geometry": {"type": "Polygon", "coordinates": [[[-77.11869, 38.885362], [-77.117657, 38.886477], [-77.118037, 38.887268], [-77.116402, 38.888956], [-77.114393, 38.889001], [-77.112016, 38.889063], [-77.111473, 38.889229], [-77.111287, 38.888804], [-77.108314, 38.889532], [-77.103664, 38.890677], [-77.102235, 38.891361], [-77.101282, 38.892229], [-77.098833, 38.896011], [-77.098693, 38.896116], [-77.100912, 38.89642], [-77.102469, 38.897977], [-77.101549, 38.899879], [-77.099601, 38.899972], [-77.099096, 38.899853], [-77.099024, 38.899449], [-77.099375, 38.89858], [-77.097691, 38.8987], [-77.097324, 38.898656], [-77.096891, 38.898536], [-77.096642, 38.898734], [-77.096003, 38.899115], [-77.094616, 38.898784], [-77.093219, 38.898544], [-77.089008, 38.899926], [-77.085908, 38.900052], [-77.0828392117323, 38.902094773373], [-77.082598348968, 38.9020255253283], [-77.082311, 38.898139], [-77.080572, 38.897378], [-77.080287, 38.89693], [-77.079436, 38.896197], [-77.079277, 38.893665], [-77.078594, 38.893939], [-77.078534, 38.89305], [-77.079831, 38.892689], [-77.081111, 38.891914], [-77.081518, 38.89089], [-77.080278, 38.890038], [-77.080618, 38.888955], [-77.080997, 38.888004], [-77.078337, 38.889784], [-77.077924, 38.88961], [-77.080033, 38.887675], [-77.081075, 38.887112], [-77.083068, 38.886479], [-77.083702, 38.886073], [-77.084574, 38.884749], [-77.084701, 38.88384], [-77.084138, 38.881237], [-77.083279, 38.877096], [-77.083666, 38.875368], [-77.083762, 38.87526], [-77.084454, 38.87476], [-77.08704, 38.874001], [-77.089385, 38.873429], [-77.090986, 38.87302], [-77.091943, 38.872785], [-77.095553, 38.871877], [-77.098078, 38.875522], [-77.100872, 38.874702], [-77.101956, 38.877451], [-77.102143, 38.879099], [-77.102187, 38.880075], [-77.10303, 38.881767], [-77.103356, 38.881601], [-77.103717, 38.882243], [-77.102958, 38.882627], [-77.103305, 38.883328], [-77.104086, 38.882982], [-77.104147, 38.883104], [-77.104493, 38.883816], [-77.10677, 38.883161], [-77.107832, 38.883117], [-77.107761, 38.882558], [-77.109439, 38.882481], [-77.110505, 38.882381], [-77.112711, 38.88223], [-77.11376, 38.882227], [-77.115958, 38.882077], [-77.118683, 38.882061], [-77.118469, 38.88537], [-77.11869, 38.885362]]]}}, {"type": "Feature", "id": "20001", "properties": {"ZCTA5CE20": "20001", "GEOID20": "20001", "zip": "20001", "STUSPS": "DC"}, "geometry": {"type": "Polygon", "coordinates": [[[-77.027579, 38.909645], [-77.027036, 38.909645], [-77.02704, 38.910611], [-77.02756, 38.910432], [-77.027563, 38.910897], [-77.027557, 38.912237], [-77.027035, 38.912607], [-77.027035, 38.91409], [-77.027568, 38.91539], [-77.027558, 38.915573], [-77.027231, 38.917001], [-77.027568, 38.918943], [-77.027235, 38.918943], [-77.027036, 38.920763], [-77.027038, 38.923767], [-77.027046, 38.926749], [-77.027273, 38.927731], [-77.027783, 38.928194], [-77.027443, 38.928429], [-77.02751, 38.928705], [-77.025774, 38.928621], [-77.023229, 38.929041], [-77.018364, 38.929301], [-77.018052, 38.92961], [-77.017956, 38.929], [-77.018106, 38.928484], [-77.017807, 38.927938], [-77.016749, 38.927536], [-77.014474, 38.926345], [-77.012142, 38.926282], [-77.012146, 38.922375], [-77.008971, 38.922373], [-77.009002, 38.918106], [-77.009, 38.916893], [-77.008999, 38.915564], [-77.009013, 38.914085], [-77.009026, 38.910783], [-77.009026, 38.910381], [-77.009467, 38.907567], [-77.009301, 38.907235], [-77.011016, 38.906133], [-77.011009, 38.905645], [-77.009621, 38.905647], [-77.009986, 38.903864], [-77.009066, 38.90373], [-77.009064, 38.902515], [-77.009066, 38.897555], [-77.009064, 38.897469], [-77.00906, 38.895103], [-77.009498, 38.894789], [-77.007177, 38.894787], [-77.007575, 38.893629], [-77.008171, 38.89203], [-77.009001, 38.892049], [-77.012011, 38.892071], [-77.012173, 38.892087], [-77.013179, 38.89209], [-77.014022, 38.892082], [-77.015232, 38.892086], [-77.016388, 38.891783], [-77.019899, 38.892759], [-77.019901, 38.894411], [-77.019905, 38.89613], [-77.019901, 38.89734], [-77.021916, 38.897276], [-77.023803, 38.897207], [-77.025989, 38.897787], [-77.027034, 38.898316], [-77.028078, 38.898315], [-77.028081, 38.899811], [-77.027035, 38.899816], [-77.027031, 38.901103], [-77.027044, 38.903744], [-77.02705, 38.903949], [-77.027037, 38.905647], [-77.027228, 38.905868], [-77.027604, 38.905874], [-77.027558, 38.906123], [-77.027558, 38.907138], [-77.027228, 38.907138], [-77.027036, 38.90724], [-77.027036, 38.908576], [-77.028087, 38.908576], [-77.027579, 38.909645]], [[-77.022523, 38.924183], [-77.021912, 38.919894], [-77.021899, 38.918991], [-77.019093, 38.919254], [-77.017872, 38.91937], [-77.018027, 38.920361], [-77.016816, 38.920477], [-77.0172, 38.922542], [-77.016998, 38.922706], [-77.017731, 38.922962], [-77.018347, 38.922735], [-77.018245, 38.923517], [-77.020412, 38.926995], [-77.02045, 38.927534], [-77.021278, 38.92746], [-77.021207, 38.926919], [-77.021339, 38.924991], [-77.022612, 38.924806], [-77.022523, 38.924183]]]}}, {"type": "Feature", "id": "20220", "properties": {"ZCTA5CE20": "20220", "GEOID20": "20220", "zip": "20220", "STUSPS": "DC"}, "geometry": {"type": "Polygon", "coordinates": [[[-77.035117, 38.898761], [-77.033642, 38.898782], [-77.033645, 38.897345], [-77.033645, 38.895479], [-77.035024, 38.895441], [-77.035117, 38.898761]]]}}, {"type": "Feature", "id": "20740", "properties": {"ZCTA5CE20": "20740", "GEOID20": "20740", "zip": "20740", "STUSPS": "DC"}, "geometry": {"type": "Polygon", "coordinates": [[[-76.964101, 39.002487], [-76.960147, 39.003101], [-76.95957, 39.00315], [-76.957535, 39.003101], [-76.958366, 39.004409], [-76.95402, 39.011204], [-76.953417, 39.010884], [-76.952668, 39.013883], [-76.952011, 39.016518], [-76.950206, 39.020502], [-76.949857, 39.022085], [-76.949436, 39.024031], [-76.948673, 39.027682], [-76.947699, 39.029664], [-76.945702, 39.03164], [-76.943312, 39.033024], [-76.942668, 39.031735], [-76.940142, 39.033887], [-76.935596, 39.033846], [-76.930023, 39.034232], [-76.930302, 39.031921], [-76.92947, 39.025811], [-76.931893, 39.02086], [-76.933092, 39.020158], [-76.930602, 39.019229], [-76.929723, 39.020282], [-76.931278, 39.021922], [-76.926107, 39.024935], [-76.923426, 39.023751], [-76.922813, 39.024287], [-76.919922, 39.026272], [-76.91204, 39.023377], [-76.90707, 39.023087], [-76.905757, 39.023046], [-76.901405, 39.023051], [-76.901132, 39.021624], [-76.897509, 39.016088], [-76.899121, 39.014532], [-76.900844, 39.013522], [-76.901664, 39.013666], [-76.903391, 39.012874], [-76.904117, 39.012552], [-76.904895, 39.012733], [-76.905733, 39.012953], [-76.907922, 39.014476], [-76.90859, 39.014932], [-76.908937, 39.014221], [-76.909532, 39.01316], [-76.912539, 39.009674], [-76.915687, 39.006074], [-76.917409, 39.0037], [-76.919621, 38.999301], [-76.918223, 38.999285], [-76.917149, 38.9987], [-76.915543, 38.998656], [-76.914603, 38.998178], [-76.912037, 38.998021], [-76.912075, 38.997882], [-76.904679, 38.996598], [-76.902503, 38.996292], [-76.901698, 38.994866], [-76.903839, 38.993021], [-76.898484, 38.993028], [-76.897615, 38.992405], [-76.899726, 38.99141], [-76.898732, 38.991933], [-76.901986, 38.990755], [-76.902901, 38.989763], [-76.905673, 38.990285], [-76.906952, 38.988863], [-76.907243, 38.98902], [-76.909951, 38.982962], [-76.91219, 38.980114], [-76.913771, 38.975024], [-76.915356, 38.972234], [-76.920426, 38.968914], [-76.926159, 38.969442], [-76.928041, 38.971365], [-76.928269, 38.974449], [-76.926463, 38.978496], [-76.927447, 38.981109], [-76.928691, 38.978149], [-76.931384, 38.971651], [-76.93011, 38.97219], [-76.928198, 38.971377], [-76.931265, 38.971518], [-76.931795, 38.970673], [-76.931471, 38.971443], [-76.937959, 38.97177], [-76.938066, 38.971776], [-76.937991, 38.972284], [-76.93797, 38.972604], [-76.937975, 38.973005], [-76.937927, 38.976263], [-76.937931, 38.976357], [-76.937939, 38.976962], [-76.944769, 38.980032], [-76.946637, 38.980872], [-76.947451, 38.981142], [-76.94863, 38.983855], [-76.952742, 38.984851], [-76.952701, 38.984963], [-76.95553, 38.985574], [-76.955712, 38.98565], [-76.956098, 38.986554], [-76.956899, 38.988845], [-76.956739, 38.991389], [-76.960868, 38.994826], [-76.962439, 38.998922], [-76.965351, 39.002425], [-76.964101, 39.002487]], [[-76.949683, 38.991743], [-76.947883, 38.992094], [-76.94508, 38.990562], [-76.942096, 38.990583], [-76.940983, 38.990146], [-76.937536, 38.990162], [-76.937373, 38.99498], [-76.937939, 38.995899], [-76.941404, 38.998689], [-76.941814, 38.99868], [-76.946745, 38.998206], [-76.948549, 38.996529], [-76.951399, 38.992529], [-76.949683, 38.991743]]]}}, {"type": "Feature", "id": "20743", "properties": {"ZCTA5CE20": "20743", "GEOID20": "20743", "zip": "20743", "STUSPS": "DC"}, "geometry": {"type": "Polygon", "coordinates": [[[-76.9436412723316, 38.8660529989201], [-76.9418731911572, 38.8674374494515], [-76.9396756663823, 38.8691581647595], [-76.9394901437423, 38.8693034334956], [-76.9359441963954, 38.8720799964498], [-76.9349713257387, 38.8728417778189], [-76.9338048141363, 38.8737551847548], [-76.9337188787998, 38.8738224742119], [-76.9312472646311, 38.8757578081767], [-76.9298866240579, 38.8768232228149], [-76.9255950496815, 38.8801836298552], [-76.9240349501798, 38.8814052256821], [-76.9239724376518, 38.8814541745108], [-76.9209802218103, 38.8837971522383], [-76.9208129010678, 38.8839281684463], [-76.9207107542177, 38.8840081519125], [-76.920195, 38.884412], [-76.919295, 38.885112], [-76.9185505215439, 38.8856900656247], [-76.9185356627107, 38.8857016030717], [-76.9133033917624, 38.8897643075727], [-76.9132625757576, 38.889796], [-76.9127638557406, 38.8901832414249], [-76.910795, 38.891712], [-76.9105182155239, 38.8919294735169], [-76.909395, 38.892812], [-76.9105288415883, 38.8937163468627], [-76.9109558022081, 38.8940568886994], [-76.9112874946559, 38.894321445078], [-76.9128689511191, 38.8955828075168], [-76.9134133749321, 38.8960170374589], [-76.9141071245292, 38.8965703689632], [-76.9199019174646, 38.9011922692932], [-76.9234510631941, 38.9040230516873], [-76.9235292681466, 38.9040854275996], [-76.9275575618494, 38.9072983762247], [-76.9312514680512, 38.910244618909], [-76.9316368067784, 38.9105519633147], [-76.931724405319, 38.9106218315098], [-76.9319153087749, 38.9107740952327], [-76.9339140387325, 38.9123682731013], [-76.932553, 38.914523], [-76.932258, 38.916517], [-76.923691, 38.91618], [-76.924697, 38.91323], [-76.926284, 38.912178], [-76.916679, 38.910968], [-76.913247, 38.90801], [-76.910762, 38.912321], [-76.90812, 38.914305], [-76.908812, 38.915237], [-76.9062, 38.91308], [-76.905231, 38.910829], [-76.901952, 38.907467], [-76.898534, 38.908225], [-76.896626, 38.906048], [-76.897374, 38.905355], [-76.896611, 38.905729], [-76.895296, 38.903611], [-76.893208, 38.90232], [-76.891403, 38.901017], [-76.888199, 38.90122], [-76.886728, 38.902136], [-76.884518, 38.901012], [-76.88191, 38.896903], [-76.878871, 38.894709], [-76.878672, 38.894258], [-76.877269, 38.88868], [-76.862881, 38.889806], [-76.862716, 38.889812], [-76.853552, 38.890731], [-76.851369, 38.891031], [-76.847344, 38.892164], [-76.847287, 38.892039], [-76.846908, 38.89213], [-76.84563, 38.888774], [-76.843839, 38.883674], [-76.843522, 38.87158], [-76.844258, 38.868918], [-76.842165, 38.868345], [-76.838369, 38.867156], [-76.838932, 38.865871], [-76.840869, 38.867392], [-76.842278, 38.867102], [-76.843314, 38.865648], [-76.840116, 38.864897], [-76.839969, 38.864357], [-76.842676, 38.860338], [-76.846251, 38.860077], [-76.846247, 38.855675], [-76.850562, 38.855846], [-76.852625, 38.856944], [-76.852898, 38.857147], [-76.850715, 38.859434], [-76.844661, 38.868914], [-76.844617, 38.868992], [-76.847645, 38.869115], [-76.851312, 38.869859], [-76.852408, 38.868905], [-76.856166, 38.869266], [-76.857114, 38.868794], [-76.857517, 38.868628], [-76.857871, 38.871], [-76.859648, 38.873812], [-76.859868, 38.874227], [-76.860013, 38.874708], [-76.864099, 38.875797], [-76.86728, 38.875923], [-76.878064, 38.875459], [-76.879355, 38.875091], [-76.880771, 38.874323], [-76.883511, 38.872092], [-76.885118, 38.871294], [-76.88668, 38.870792], [-76.888062, 38.87046], [-76.889362, 38.870079], [-76.889761, 38.867931], [-76.891605, 38.868206], [-76.892503, 38.866113], [-76.893025, 38.865431], [-76.894468, 38.864436], [-76.896273, 38.863793], [-76.897772, 38.863467], [-76.900642, 38.86264], [-76.900921, 38.862515], [-76.902422, 38.863471], [-76.903593, 38.864165], [-76.90467, 38.864837], [-76.905285, 38.864653], [-76.905669, 38.864585], [-76.905838, 38.86495], [-76.906234, 38.864871], [-76.906675, 38.864905], [-76.906773, 38.865072], [-76.907328, 38.865411], [-76.909477, 38.864656], [-76.912758, 38.864863], [-76.914865, 38.864235], [-76.915781, 38.864984], [-76.91592, 38.865098], [-76.916475, 38.864609], [-76.916758, 38.863748], [-76.917586, 38.863791], [-76.918047, 38.863998], [-76.918383, 38.864346], [-76.919567, 38.863549], [-76.917998, 38.863033], [-76.916984, 38.862934], [-76.916775, 38.862737], [-76.91688, 38.862325], [-76.923682, 38.865008], [-76.924042, 38.865374], [-76.924859, 38.864728], [-76.928222, 38.865812], [-76.932873, 38.86496], [-76.933975, 38.864581], [-76.940391, 38.862968], [-76.942663, 38.862743], [-76.9467019673844, 38.8636564003058], [-76.9436412723316, 38.8660529989201]]]}}, {"type": "Feature", "id": "20016", "properties": {"ZCTA5CE20": "20016", "GEOID20": "20016", "zip": "20016", "STUSPS": "DC"}, "geometry": {"type": "Polygon", "coordinates": [[[-77.119759, 38.934343], [-77.1125318000267, 38.9400583563194], [-77.1124783010974, 38.9401006639136], [-77.1045, 38.94641], [-77.1012777506042, 38.9485299009183], [-77.1007, 38.94891], [-77.1005269696602, 38.9490529381068], [-77.0980898719934, 38.9510661927011], [-77.0938660590164, 38.9545554295082], [-77.0915, 38.95651], [-77.0913993874581, 38.9565873505739], [-77.0913552852449, 38.9566212562027], [-77.0909945512546, 38.9568985872455], [-77.0906301805661, 38.9571787141692], [-77.088181, 38.956959], [-77.08818, 38.956542], [-77.083817, 38.957024], [-77.077669, 38.956467], [-77.077141, 38.957022], [-77.074592, 38.957021], [-77.07343, 38.954693], [-77.072726, 38.954692], [-77.072254, 38.953879], [-77.071705, 38.952859], [-77.07152, 38.952097], [-77.07159, 38.951106], [-77.07212, 38.949686], [-77.07253, 38.948585], [-77.072578, 38.947899], [-77.071733, 38.946279], [-77.072414, 38.946278], [-77.072411, 38.942216], [-77.072423, 38.938155], [-77.071426, 38.938154], [-77.07069, 38.939051], [-77.066799, 38.939083], [-77.066387, 38.937335], [-77.066386, 38.936288], [-77.066389, 38.93465], [-77.06639, 38.931467], [-77.066397, 38.929964], [-77.066384, 38.927527], [-77.07319, 38.927529], [-77.075923, 38.928004], [-77.07705, 38.927998], [-77.077046, 38.927527], [-77.078979, 38.926183], [-77.080002, 38.925966], [-77.081651, 38.926257], [-77.082617, 38.927864], [-77.090254, 38.927529], [-77.093721, 38.927299], [-77.094532, 38.925788], [-77.096504, 38.925823], [-77.098963, 38.922222], [-77.099429, 38.92207], [-77.098579, 38.921149], [-77.101974, 38.920015], [-77.1054024360726, 38.9171920702241], [-77.1063, 38.919111], [-77.1073605064009, 38.9200221393022], [-77.1134, 38.925211], [-77.1166, 38.928911], [-77.1168162618117, 38.9294932433392], [-77.1179, 38.932411], [-77.119759, 38.934343]]]}}, {"type": "Feature", "id": "20037", "properties": {"ZCTA5CE20": "20037", "GEOID20": "20037", "zip": "20037", "STUSPS": "DC"}, "geometry": {"type": "MultiPolygon", "coordinates": [[[[-77.048837, 38.898329], [-77.046657, 38.898322], [-77.046663, 38.896924], [-77.047037, 38.897353], [-77.048847, 38.89736], [-77.048837, 38.898329]]], [[[-77.0646579445255, 38.8918438452555], [-77.063252, 38.891775], [-77.057634, 38.892704], [-77.055921, 38.893], [-77.05322, 38.894081], [-77.052842, 38.897241], [-77.053138, 38.898683], [-77.053383, 38.897512], [-77.056013, 38.897608], [-77.057197, 38.901925], [-77.057894, 38.902278], [-77.057668, 38.902543], [-77.057559, 38.902752], [-77.055953, 38.904549], [-77.055429, 38.905254], [-77.05339, 38.908559], [-77.050085, 38.909635], [-77.049341, 38.909635], [-77.048797, 38.909634], [-77.048794, 38.910414], [-77.047144, 38.910099], [-77.047079, 38.909637], [-77.046853, 38.908828], [-77.046637, 38.90753], [-77.046639, 38.907245], [-77.047361, 38.907243], [-77.047264, 38.906814], [-77.048812, 38.905268], [-77.047479, 38.905309], [-77.046646, 38.905625], [-77.046647, 38.903742], [-77.046649, 38.902526], [-77.048827, 38.902471], [-77.048831, 38.902088], [-77.046653, 38.901318], [-77.046651, 38.900693], [-77.050128, 38.900699], [-77.050131, 38.899574], [-77.050135, 38.898327], [-77.050136, 38.897358], [-77.048847, 38.89736], [-77.048023, 38.896017], [-77.050117, 38.896024], [-77.050136, 38.893498], [-77.048859, 38.8935], [-77.048849, 38.892102], [-77.047972, 38.892101], [-77.04951, 38.890097], [-77.050161, 38.890211], [-77.051236, 38.889713], [-77.051192, 38.88888], [-77.055723, 38.88725], [-77.058494, 38.886246], [-77.057425, 38.884803], [-77.046593, 38.876189], [-77.046599, 38.874912], [-77.045599, 38.873012], [-77.046299, 38.871312], [-77.049099, 38.870712], [-77.051299, 38.873212], [-77.051099, 38.875212], [-77.054099, 38.879112], [-77.055199, 38.880012], [-77.058254, 38.880069], [-77.06140258688, 38.8851967843907], [-77.061439366768, 38.8852566840672], [-77.063499, 38.888611], [-77.0636942324921, 38.889155595899], [-77.0646579445255, 38.8918438452555]]]]}}, {"type": "Feature", "id": "22209", "properties": {"ZCTA5CE20": "22209", "GEOID20": "22209", "zip": "22209", "STUSPS": "DC"}, "geometry": {"type": "Polygon", "coordinates": [[[-77.082598348968, 38.9020255253283], [-77.0822, 38.901911], [-77.0792973903799, 38.9016231616772], [-77.0783563148089, 38.9015298395811], [-77.0734988484729, 38.9010481471918], [-77.0706677711042, 38.9007674023903], [-77.0706217017928, 38.9007628339105], [-77.070099, 38.900711], [-77.0693711968326, 38.9003662511312], [-77.068199, 38.899811], [-77.067299, 38.899211], [-77.0646579445255, 38.8918438452555], [-77.0636942324921, 38.889155595899], [-77.063499, 38.888611], [-77.061439366768, 38.8852566840672], [-77.063959, 38.884279], [-77.067863, 38.889672], [-77.067956, 38.890286], [-77.068132, 38.890432], [-77.070365, 38.891673], [-77.071482, 38.89195], [-77.071445, 38.888654], [-77.071752, 38.887636], [-77.076337, 38.887565], [-77.081075, 38.887112], [-77.080033, 38.887675], [-77.077924, 38.88961], [-77.078337, 38.889784], [-77.080997, 38.888004], [-77.080618, 38.888955], [-77.080278, 38.890038], [-77.081518, 38.89089], [-77.081111, 38.891914], [-77.079831, 38.892689], [-77.078534, 38.89305], [-77.078594, 38.893939], [-77.079277, 38.893665], [-77.079436, 38.896197], [-77.080287, 38.89693], [-77.080572, 38.897378], [-77.082311, 38.898139], [-77.082598348968, 38.9020255253283]]]}}, {"type": "Feature", "id": "20894", "properties": {"ZCTA5CE20": "20894", "GEOID20": "20894", "zip": "20894", "STUSPS": "DC"}, "geometry": {"type": "Polygon", "coordinates": [[[-77.108757, 38.998218], [-77.106613, 38.998168], [-77.103744, 38.998424], [-77.103668, 38.997619], [-77.10086, 38.997817], [-77.0998, 38.996845], [-77.096738, 38.996887], [-77.097402, 38.993889], [-77.09931, 38.993758], [-77.105178, 38.993587], [-77.105155, 38.99673], [-77.108598, 38.996968], [-77.108757, 38.998218]]]}}, {"type": "Feature", "id": "20020", "properties": {"ZCTA5CE20": "20020", "GEOID20": "20020", "zip": "20020", "STUSPS": "DC"}, "geometry": {"type": "Polygon", "coordinates": [[[-77.003415, 38.870878], [-77.000711, 38.870603], [-76.999542, 38.870485], [-76.99246, 38.870129], [-76.990102, 38.871349], [-76.983957, 38.874928], [-76.978031, 38.876881], [-76.973299, 38.87839], [-76.971757, 38.880216], [-76.967714, 38.881483], [-76.967495, 38.881438], [-76.967214, 38.881241], [-76.967069, 38.881234], [-76.966505, 38.881363], [-76.965464, 38.881363], [-76.965096, 38.881221], [-76.964647, 38.881258], [-76.964523, 38.881197], [-76.965755, 38.879353], [-76.96638, 38.877969], [-76.969876, 38.875097], [-76.969027, 38.874313], [-76.96642, 38.874611], [-76.96477, 38.873816], [-76.96477, 38.874192], [-76.961037, 38.874604], [-76.961029, 38.874542], [-76.956843, 38.87262], [-76.951454, 38.872654], [-76.948578, 38.871929], [-76.948645, 38.872269], [-76.946184, 38.870867], [-76.943521, 38.870773], [-76.94496, 38.870484], [-76.944649, 38.869918], [-76.940818, 38.86944], [-76.9418731911572, 38.8674374494515], [-76.9436412723316, 38.8660529989201], [-76.9467019673844, 38.8636564003058], [-76.9467461839551, 38.8636217776563], [-76.949696, 38.861312], [-76.9498152068596, 38.8612285551983], [-76.9498609664429, 38.8611965234899], [-76.953696, 38.858512], [-76.9581401027746, 38.8549465208545], [-76.9581489643888, 38.8549394112303], [-76.9619414862434, 38.8518966918631], [-76.9634722062731, 38.8506686036257], [-76.9654382741178, 38.8490912382373], [-76.9665705107146, 38.8481828510603], [-76.9708093936019, 38.8447820186985], [-76.9708517314095, 38.844748051309], [-76.9723265158783, 38.8435648398636], [-76.972937771182, 38.8430744331047], [-76.977896, 38.841786], [-76.978907, 38.842191], [-76.980658, 38.845405], [-76.981332, 38.8466], [-76.980308, 38.846903], [-76.980575, 38.847206], [-76.982801, 38.846178], [-76.983433, 38.846], [-76.988511, 38.844705], [-76.989093, 38.844592], [-76.985047, 38.848964], [-76.986473, 38.849853], [-76.992289, 38.853452], [-76.998769, 38.857514], [-77.002983, 38.860117], [-77.003004, 38.860535], [-77.003446, 38.860689], [-77.002078, 38.862754], [-77.001731, 38.864828], [-77.00176, 38.865376], [-77.001839, 38.865611], [-77.002305, 38.86646], [-77.002416, 38.866852], [-77.002372, 38.867186], [-77.002269, 38.867389], [-77.005457, 38.868707], [-77.003415, 38.870878]]]}}, {"type": "Feature", "id": "20744", "properties": {"ZCTA5CE20": "20744", "GEOID20": "20744", "zip": "20744", "STUSPS": "DC"}, "geometry": {"type": "Polygon", "coordinates": [[[-77.037141, 38.712444], [-77.035168, 38.71309], [-77.032775, 38.715762], [-77.028254, 38.71834], [-77.025406, 38.718942], [-77.025613, 38.720114], [-77.027546, 38.720736], [-77.031332, 38.720583], [-77.030669, 38.725997], [-77.030704, 38.726562], [-77.029895, 38.730027], [-77.029221, 38.738439], [-77.028719, 38.739495], [-77.025888, 38.741622], [-77.024097, 38.742257], [-77.021867, 38.743839], [-77.01786, 38.744452], [-77.015511, 38.743183], [-77.012865, 38.742992], [-77.006767, 38.743731], [-77.0064, 38.745539], [-77.006841, 38.745631], [-77.006222, 38.747508], [-77.007143, 38.750993], [-77.00881, 38.748772], [-77.008918, 38.749624], [-77.011462, 38.749733], [-77.012228, 38.749125], [-77.014326, 38.749566], [-77.015991, 38.751408], [-77.017608, 38.750586], [-77.01993, 38.751474], [-77.021384, 38.752724], [-77.024755, 38.752542], [-77.0263, 38.753657], [-77.027904, 38.759593], [-77.027896, 38.759783], [-77.027389, 38.762679], [-77.028256, 38.764697], [-77.029766, 38.766167], [-77.029928, 38.771413], [-77.030491, 38.772906], [-77.025834, 38.777726], [-77.025205, 38.779117], [-77.019382, 38.779245], [-77.013746, 38.779188], [-77.00604, 38.777507], [-77.006266, 38.778569], [-77.006488, 38.779555], [-77.003537, 38.779811], [-77.002863, 38.78029], [-76.998267, 38.780042], [-76.998103, 38.779382], [-76.997493, 38.780329], [-76.996653, 38.780589], [-76.996165, 38.780244], [-76.993915, 38.780972], [-76.993225, 38.781701], [-76.992528, 38.782123], [-76.98863, 38.790315], [-76.986495, 38.792351], [-76.984155, 38.796159], [-76.982555, 38.798311], [-76.980172, 38.800149], [-76.973166, 38.805683], [-76.973472, 38.805976], [-76.972449, 38.806659], [-76.970463, 38.808777], [-76.96691, 38.809432], [-76.960602, 38.813098], [-76.956465, 38.81479], [-76.956151, 38.814595], [-76.954823, 38.814127], [-76.956535, 38.811767], [-76.958791, 38.811353], [-76.959774, 38.809323], [-76.960874, 38.80915], [-76.960997, 38.808608], [-76.960033, 38.808354], [-76.959614, 38.807772], [-76.958808, 38.807647], [-76.958975, 38.805131], [-76.956606, 38.801234], [-76.955946, 38.798993], [-76.953475, 38.796466], [-76.952999, 38.797236], [-76.948239, 38.799338], [-76.945452, 38.802262], [-76.942754, 38.801123], [-76.942071, 38.800827], [-76.940138, 38.800166], [-76.931755, 38.800286], [-76.929018, 38.800917], [-76.927893, 38.800316], [-76.92726, 38.799274], [-76.928592, 38.793326], [-76.929423, 38.792894], [-76.928768, 38.792222], [-76.92694, 38.789894], [-76.927105, 38.788833], [-76.92573, 38.787285], [-76.925572, 38.78726], [-76.924719, 38.786035], [-76.923922, 38.780864], [-76.924941, 38.779106], [-76.924892, 38.776335], [-76.927969, 38.773183], [-76.934055, 38.769618], [-76.935252, 38.76825], [-76.937148, 38.766825], [-76.938595, 38.766096], [-76.940473, 38.760831], [-76.93988, 38.759741], [-76.941698, 38.759043], [-76.942091, 38.758737], [-76.944675, 38.75684], [-76.947146, 38.756229], [-76.94881, 38.754654], [-76.948792, 38.754018], [-76.949167, 38.754132], [-76.949178, 38.753728], [-76.949629, 38.753674], [-76.949442, 38.75279], [-76.950642, 38.752349], [-76.95111, 38.750983], [-76.952142, 38.750686], [-76.952166, 38.750099], [-76.952915, 38.749933], [-76.952987, 38.748551], [-76.957222, 38.746191], [-76.961302, 38.742207], [-76.963855, 38.741994], [-76.965134, 38.738674], [-76.968527, 38.7374], [-76.967927, 38.735142], [-76.970538, 38.734878], [-76.969818, 38.733274], [-76.96847, 38.732496], [-76.969934, 38.72906], [-76.969844, 38.726637], [-76.972445, 38.726136], [-76.971118, 38.728284], [-76.974432, 38.729247], [-76.973257, 38.726403], [-76.973449, 38.723642], [-76.974475, 38.721603], [-76.97384, 38.71682], [-76.970842, 38.713993], [-76.970782, 38.713165], [-76.971539, 38.706726], [-76.970943, 38.704374], [-76.971819, 38.703744], [-76.974529, 38.703295], [-76.975231, 38.703356], [-76.976958, 38.701726], [-76.977445, 38.699248], [-76.97992, 38.697973], [-76.982102, 38.698102], [-76.985509, 38.699408], [-76.98599, 38.698683], [-76.98656, 38.698656], [-76.989207, 38.696045], [-76.990829, 38.695384], [-76.992657, 38.696186], [-76.993723, 38.697204], [-76.995602, 38.696631], [-76.996577, 38.697378], [-77.000261, 38.696444], [-77.001359, 38.69702], [-77.004133, 38.696351], [-77.002509, 38.697545], [-77.000316, 38.697265], [-76.994877, 38.698265], [-77.00068, 38.697616], [-77.002732, 38.697849], [-77.003993, 38.697211], [-77.004648, 38.698771], [-77.007827, 38.698472], [-77.014017, 38.70214], [-77.017476, 38.70319], [-77.020204, 38.703351], [-77.022577, 38.702419], [-77.027728, 38.702851], [-77.028136, 38.702803], [-77.028294, 38.702844], [-77.029967, 38.70347], [-77.030618, 38.705356], [-77.031601, 38.706853], [-77.033842, 38.708021], [-77.035742, 38.707471], [-77.036971, 38.709606], [-77.036465, 38.711488], [-77.037141, 38.712444]]]}}, {"type": "Feature", "id": "20783", "properties": {"ZCTA5CE20": "20783", "GEOID20": "20783", "zip": "20783", "STUSPS": "DC"}, "geometry": {"type": "Polygon", "coordinates": [[[-77.0025892201687, 38.9654839197919], [-77.00016, 38.968744], [-76.999627, 38.968332], [-76.999281, 38.968913], [-76.999281, 38.968997], [-76.999726, 38.969329], [-76.998446, 38.971048], [-76.997074, 38.971135], [-76.992553, 38.970088], [-76.990375, 38.971628], [-76.9893, 38.971942], [-76.985072, 38.973479], [-76.984131, 38.974367], [-76.987255, 38.975124], [-76.985652, 38.976172], [-76.980456, 38.978136], [-76.980823, 38.97869], [-76.981283, 38.978487], [-76.981863, 38.978578], [-76.982494, 38.981317], [-76.983979, 38.982741], [-76.985112, 38.983754], [-76.985383, 38.982625], [-76.985735, 38.982711], [-76.98494, 38.985297], [-76.984787, 38.987182], [-76.985005, 38.987312], [-76.98682, 38.988375], [-76.987639, 38.988979], [-76.987795, 38.989099], [-76.989971, 38.99126], [-76.987362, 38.991585], [-76.986667, 38.99305], [-76.984888, 38.996446], [-76.982446, 39.001084], [-76.981744, 39.002329], [-76.980902, 39.00427], [-76.980203, 39.006775], [-76.97998, 39.007536], [-76.979606, 39.008161], [-76.978098, 39.009808], [-76.977278, 39.010947], [-76.974565, 39.014714], [-76.974732, 39.014015], [-76.971259, 39.013601], [-76.971002, 39.014771], [-76.97113, 39.015316], [-76.971868, 39.015412], [-76.971781, 39.015818], [-76.973534, 39.016056], [-76.971892, 39.018354], [-76.971723, 39.018556], [-76.966186, 39.026204], [-76.962097, 39.031208], [-76.957525, 39.037668], [-76.95558, 39.039938], [-76.952721, 39.039016], [-76.94809, 39.04013], [-76.947698, 39.039742], [-76.946018, 39.037966], [-76.943523, 39.03342], [-76.943312, 39.033024], [-76.945702, 39.03164], [-76.947699, 39.029664], [-76.948673, 39.027682], [-76.949436, 39.024031], [-76.949857, 39.022085], [-76.950206, 39.020502], [-76.952011, 39.016518], [-76.952668, 39.013883], [-76.953417, 39.010884], [-76.95402, 39.011204], [-76.958366, 39.004409], [-76.957535, 39.003101], [-76.95957, 39.00315], [-76.960147, 39.003101], [-76.964101, 39.002487], [-76.965351, 39.002425], [-76.962439, 38.998922], [-76.960868, 38.994826], [-76.956739, 38.991389], [-76.956899, 38.988845], [-76.956098, 38.986554], [-76.955712, 38.98565], [-76.95566, 38.985418], [-76.955386, 38.984073], [-76.955317, 38.983754], [-76.952195, 38.983708], [-76.951718, 38.982354], [-76.953947, 38.98247], [-76.954785, 38.981691], [-76.954932, 38.981684], [-76.954844, 38.980802], [-76.956212, 38.979819], [-76.956497, 38.979055], [-76.958719, 38.978194], [-76.958068, 38.978193], [-76.957455, 38.976356], [-76.957702, 38.975725], [-76.958289, 38.975593], [-76.961149, 38.975175], [-76.9606, 38.977885], [-76.964662, 38.976734], [-76.965641, 38.976595], [-76.964805, 38.978627], [-76.96221, 38.979821], [-76.96167, 38.981468], [-76.963879, 38.982065], [-76.96428, 38.984774], [-76.964285, 38.984892], [-76.966194, 38.984692], [-76.965812, 38.982083], [-76.966934, 38.978184], [-76.966772, 38.975622], [-76.965735, 38.973547], [-76.966185, 38.971877], [-76.966828, 38.971714], [-76.971665, 38.973173], [-76.973723, 38.973496], [-76.977396, 38.973635], [-76.977423, 38.972442], [-76.973389, 38.971592], [-76.972755, 38.969576], [-76.972905, 38.969046], [-76.977913, 38.97056], [-76.979038, 38.971792], [-76.979538, 38.972073], [-76.979674, 38.972163], [-76.980557, 38.971202], [-76.98185, 38.970224], [-76.982624, 38.970012], [-76.984257, 38.969622], [-76.984799, 38.969354], [-76.987956, 38.966415], [-76.990901, 38.963685], [-76.99341, 38.962443], [-76.9973644902135, 38.9614420060775], [-76.9974927103214, 38.9615411149971], [-76.9991240258307, 38.962802055425], [-77.0016499141653, 38.9647544642014], [-77.002498, 38.96541], [-77.0025892201687, 38.9654839197919]]]}}, {"type": "Feature", "id": "22202", "properties": {"ZCTA5CE20": "22202", "GEOID20": "22202", "zip": "22202", "STUSPS": "DC"}, "geometry": {"type": "Polygon", "coordinates": [[[-77.074692, 38.851688], [-77.073785, 38.853147], [-77.074316, 38.853134], [-77.069977, 38.859535], [-77.069391, 38.861242], [-77.069328, 38.86169], [-77.06903, 38.863457], [-77.067866, 38.865206], [-77.067162, 38.865708], [-77.06292, 38.867127], [-77.06312, 38.867832], [-77.062339, 38.868274], [-77.06115, 38.869704], [-77.057971, 38.874522], [-77.057245, 38.87691], [-77.061251, 38.880771], [-77.063959, 38.884279], [-77.061439366768, 38.8852566840672], [-77.06140258688, 38.8851967843907], [-77.058254, 38.880069], [-77.055199, 38.880012], [-77.054099, 38.879112], [-77.051099, 38.875212], [-77.051299, 38.873212], [-77.049099, 38.870712], [-77.046299, 38.871312], [-77.045599, 38.873012], [-77.046599, 38.874912], [-77.045399, 38.875212], [-77.0434540926829, 38.8741006243902], [-77.043299, 38.874012], [-77.0410926577838, 38.8717239414054], [-77.040599, 38.871212], [-77.039099, 38.868112], [-77.038899, 38.865812], [-77.039299, 38.864312], [-77.034004, 38.857142], [-77.0318317383801, 38.8508965123416], [-77.031698, 38.850512], [-77.033372501691, 38.8445991183691], [-77.034541, 38.840473], [-77.038549, 38.839262], [-77.041699, 38.840212], [-77.044199, 38.840212], [-77.044487611898, 38.8395986997167], [-77.048171, 38.841259], [-77.048948, 38.841256], [-77.049013, 38.84126], [-77.049473, 38.841341], [-77.050803, 38.841465], [-77.0524, 38.840445], [-77.052953, 38.840355], [-77.055388, 38.841064], [-77.063766, 38.844909], [-77.064722, 38.844677], [-77.064998, 38.845374], [-77.066594, 38.845065], [-77.066975, 38.846172], [-77.067261, 38.848246], [-77.067239, 38.850058], [-77.068026, 38.84944], [-77.074232, 38.850278], [-77.074692, 38.851688]]]}}, {"type": "Feature", "id": "22310", "properties": {"ZCTA5CE20": "22310", "GEOID20": "22310", "zip": "22310", "STUSPS": "DC"}, "geometry": {"type": "Polygon", "coordinates": [[[-77.164897, 38.767505], [-77.161926, 38.76911], [-77.159251, 38.771606], [-77.157513, 38.774665], [-77.156461, 38.780007], [-77.154701, 38.790408], [-77.153951, 38.79223], [-77.153082, 38.793405], [-77.152736, 38.79377], [-77.149823, 38.795725], [-77.145573, 38.796769], [-77.13459, 38.79831], [-77.134491, 38.798603], [-77.121, 38.800529], [-77.117292, 38.801392], [-77.112891, 38.802822], [-77.112205, 38.802071], [-77.104568, 38.803434], [-77.099136, 38.803397], [-77.094714, 38.802871], [-77.094884, 38.802453], [-77.101183, 38.803029], [-77.104316, 38.802987], [-77.104269, 38.801673], [-77.105224, 38.799553], [-77.105632, 38.792556], [-77.105093, 38.791432], [-77.104035, 38.791609], [-77.096738, 38.791537], [-77.096751, 38.792033], [-77.09542, 38.792036], [-77.095421, 38.792768], [-77.094264, 38.792761], [-77.094342, 38.792359], [-77.093904, 38.791916], [-77.093823, 38.791932], [-77.092157, 38.792157], [-77.09102, 38.794928], [-77.089273, 38.795764], [-77.085952, 38.795056], [-77.082118, 38.796944], [-77.083668, 38.79347], [-77.08318, 38.794159], [-77.081394, 38.793148], [-77.08095, 38.789402], [-77.083807, 38.78636], [-77.081611, 38.783872], [-77.081431, 38.783713], [-77.08257, 38.782155], [-77.083238, 38.7836], [-77.084727, 38.783382], [-77.084989, 38.785103], [-77.086273, 38.784877], [-77.084039, 38.7817], [-77.085611, 38.780178], [-77.086288, 38.780132], [-77.090625, 38.779831], [-77.09136, 38.778508], [-77.089645, 38.775235], [-77.092732, 38.774047], [-77.09447, 38.774043], [-77.094948, 38.775926], [-77.096028, 38.772952], [-77.096199, 38.772917], [-77.09639, 38.773474], [-77.098599, 38.773533], [-77.099203, 38.772686], [-77.099149, 38.772276], [-77.107177, 38.770594], [-77.115718, 38.768779], [-77.120448, 38.767495], [-77.120881, 38.767544], [-77.121508, 38.767131], [-77.123436, 38.769725], [-77.126086, 38.770453], [-77.122769, 38.778895], [-77.121969, 38.781114], [-77.123142, 38.781178], [-77.123076, 38.781091], [-77.127875, 38.781026], [-77.127791, 38.780196], [-77.129703, 38.779551], [-77.129866, 38.780904], [-77.130863, 38.780892], [-77.130692, 38.778983], [-77.13482, 38.779332], [-77.135491, 38.779226], [-77.137835, 38.778891], [-77.140118, 38.774752], [-77.141016, 38.775625], [-77.143193, 38.774309], [-77.144922, 38.774834], [-77.14665, 38.772238], [-77.14335, 38.767203], [-77.148861, 38.76416], [-77.151377, 38.763759], [-77.152691, 38.764047], [-77.155748, 38.765417], [-77.155698, 38.765561], [-77.161994, 38.766706], [-77.164897, 38.767505]]]}}, {"type": "Feature", "id": "20901", "properties": {"ZCTA5CE20": "20901", "GEOID20": "20901", "zip": "20901", "STUSPS": "DC"}, "geometry": {"type": "Polygon", "coordinates": [[[-77.032936, 39.020278], [-77.030509, 39.022006], [-77.03025, 39.02246], [-77.030464, 39.024253], [-77.028892, 39.028118], [-77.029838, 39.031253], [-77.029541, 39.032722], [-77.030951, 39.036646], [-77.02939, 39.036477], [-77.02689, 39.035984], [-77.025932, 39.035611], [-77.016653, 39.039204], [-77.014863, 39.039723], [-77.013049, 39.039537], [-77.011276, 39.039035], [-77.009986, 39.039154], [-77.006769, 39.040496], [-77.008995, 39.041484], [-77.009258, 39.042661], [-77.005729, 39.043888], [-77.001899, 39.046131], [-76.997154, 39.046295], [-76.992541, 39.045728], [-76.992463, 39.045378], [-76.991966, 39.043315], [-76.991412, 39.041226], [-76.990752, 39.039713], [-76.990094, 39.038359], [-76.989491, 39.03708], [-76.988945, 39.036075], [-76.991744, 39.032821], [-76.992469, 39.032665], [-76.993133, 39.032459], [-76.993438, 39.030868], [-76.996833, 39.028305], [-76.999565, 39.027519], [-76.998114, 39.026122], [-76.996376, 39.0223], [-76.995643, 39.018939], [-76.994106, 39.01754], [-76.992316, 39.014609], [-76.989177, 39.012264], [-76.98925, 39.005795], [-76.98644, 39.004459], [-76.983629, 39.002267], [-76.98367, 39.002201], [-76.986983, 39.004085], [-76.990068, 39.004612], [-76.992453, 39.005989], [-76.991394, 39.007411], [-76.99263, 39.00809], [-76.995124, 39.005847], [-76.993278, 39.003749], [-76.990585, 39.004314], [-76.992156, 39.001335], [-76.995554, 39.001517], [-76.995447, 39.000099], [-76.995302, 38.999646], [-76.995469, 38.9996], [-76.998229, 38.998863], [-76.998214, 38.998279], [-76.998064, 38.996754], [-76.99868, 38.996841], [-77.001945, 38.996688], [-77.002319, 38.998344], [-77.003645, 38.998225], [-77.003479, 38.997645], [-77.004703, 38.996095], [-77.005429, 38.996434], [-77.00595, 38.995864], [-77.008872, 38.996398], [-77.010612, 38.999633], [-77.010986, 38.999759], [-77.010932, 39.000274], [-77.011871, 39.001537], [-77.015495, 39.003726], [-77.017791, 39.00687], [-77.020367, 39.007464], [-77.021575, 39.009197], [-77.029769, 39.011291], [-77.032263, 39.014862], [-77.032309, 39.015035], [-77.032859, 39.016132], [-77.032936, 39.020278]]]}}, {"type": "Feature", "id": "20036", "properties": {"ZCTA5CE20": "20036", "GEOID20": "20036", "zip": "20036", "STUSPS": "DC"}, "geometry": {"type": "Polygon", "coordinates": [[[-77.048812, 38.905268], [-77.047264, 38.906814], [-77.047361, 38.907243], [-77.046639, 38.907245], [-77.046637, 38.90753], [-77.046853, 38.908828], [-77.047079, 38.909637], [-77.047144, 38.910099], [-77.04663, 38.911128], [-77.044306, 38.911131], [-77.042051, 38.911128], [-77.04167, 38.911534], [-77.041667, 38.911128], [-77.038486, 38.911126], [-77.0383, 38.911011], [-77.036518, 38.911011], [-77.035418, 38.910734], [-77.036115, 38.909772], [-77.036524, 38.909642], [-77.03618, 38.907345], [-77.036185, 38.907132], [-77.03653, 38.907021], [-77.036534, 38.905654], [-77.036542, 38.902525], [-77.041689, 38.902525], [-77.043456, 38.903744], [-77.044897, 38.902525], [-77.0449, 38.903742], [-77.046647, 38.903742], [-77.046646, 38.905625], [-77.047479, 38.905309], [-77.048812, 38.905268]]]}}, {"type": "Feature", "id": "22301", "properties": {"ZCTA5CE20": "22301", "GEOID20": "22301", "zip": "22301", "STUSPS": "DC"}, "geometry": {"type": "Polygon", "coordinates": [[[-77.071551, 38.814045], [-77.071513, 38.815515], [-77.066882, 38.816351], [-77.066488, 38.818014], [-77.067252, 38.818411], [-77.067552, 38.820611], [-77.066483, 38.820704], [-77.066542, 38.82126], [-77.065956, 38.822514], [-77.066508, 38.82247], [-77.066551, 38.822859], [-77.067343, 38.823153], [-77.068636, 38.823215], [-77.068466, 38.82372], [-77.066166, 38.824116], [-77.065264, 38.824079], [-77.0656, 38.826448], [-77.065892, 38.827274], [-77.066865, 38.827266], [-77.066949, 38.827595], [-77.067573, 38.827767], [-77.068207, 38.82761], [-77.06875, 38.828778], [-77.067649, 38.828997], [-77.066952, 38.829313], [-77.067027, 38.829573], [-77.066331, 38.829693], [-77.066443, 38.830101], [-77.065116, 38.829759], [-77.063535, 38.829081], [-77.063318, 38.828518], [-77.061427, 38.827958], [-77.061271, 38.828313], [-77.060735, 38.828316], [-77.060693, 38.828401], [-77.05892, 38.827602], [-77.059488, 38.830797], [-77.059536, 38.831064], [-77.051242, 38.831927], [-77.051304, 38.832374], [-77.049831, 38.832492], [-77.049765, 38.829519], [-77.047949, 38.829641], [-77.047465, 38.82546], [-77.050005, 38.822489], [-77.049673, 38.820977], [-77.049627, 38.820385], [-77.054834, 38.813086], [-77.055781, 38.81156], [-77.05665, 38.81048], [-77.057856, 38.809204], [-77.060043, 38.807442], [-77.060922, 38.80687], [-77.062557, 38.805949], [-77.064757, 38.805059], [-77.065406, 38.805155], [-77.063111, 38.806269], [-77.0626, 38.807223], [-77.065155, 38.809173], [-77.06544, 38.808415], [-77.068851, 38.810034], [-77.069678, 38.809391], [-77.069184, 38.810289], [-77.070459, 38.810361], [-77.071118, 38.811487], [-77.07164, 38.813988], [-77.071551, 38.814045]]]}}, {"type": "Feature", "id": "20566", "properties": {"ZCTA5CE20": "20566", "GEOID20": "20566", "zip": "20566", "STUSPS": "DC"}, "geometry": {"type": "Polygon", "coordinates": [[[-77.057894, 38.902278], [-77.057197, 38.901925], [-77.056013, 38.897608], [-77.053383, 38.897512], [-77.053138, 38.898683], [-77.052842, 38.897241], [-77.05322, 38.894081], [-77.055921, 38.893], [-77.056657, 38.894903], [-77.056653, 38.897669], [-77.056626, 38.89839], [-77.057431, 38.899666], [-77.058561, 38.901472], [-77.057894, 38.902278]]]}}, {"type": "Feature", "id": "22302", "properties": {"ZCTA5CE20": "22302", "GEOID20": "22302", "zip": "22302", "STUSPS": "DC"}, "geometry": {"type": "MultiPolygon", "coordinates": [[[[-77.114713, 38.841357], [-77.112928, 38.842655], [-77.110671, 38.84342], [-77.109239, 38.842819], [-77.106932, 38.84244], [-77.106716, 38.841934], [-77.107019, 38.841366], [-77.105963, 38.840082], [-77.105073, 38.8391], [-77.104105, 38.838143], [-77.102556, 38.837238], [-77.097957, 38.834839], [-77.09783, 38.834874], [-77.097662, 38.834775], [-77.092728, 38.831188], [-77.090296, 38.829202], [-77.087805, 38.827357], [-77.085471, 38.830263], [-77.085407, 38.833862], [-77.085394, 38.834792], [-77.084884, 38.836211], [-77.084621, 38.838532], [-77.084162, 38.840202], [-77.083856, 38.841711], [-77.082245, 38.843433], [-77.079302, 38.842926], [-77.078037, 38.842786], [-77.074837, 38.842239], [-77.075088, 38.841881], [-77.07858, 38.841249], [-77.079163, 38.838794], [-77.078197, 38.837886], [-77.077524, 38.836055], [-77.076538, 38.836022], [-77.074492, 38.835816], [-77.072558, 38.834365], [-77.072131, 38.832383], [-77.070789, 38.831156], [-77.07166, 38.830444], [-77.072869, 38.830049], [-77.072578, 38.82916], [-77.066508, 38.830336], [-77.066443, 38.830101], [-77.066331, 38.829693], [-77.067027, 38.829573], [-77.066952, 38.829313], [-77.067649, 38.828997], [-77.06875, 38.828778], [-77.068207, 38.82761], [-77.067573, 38.827767], [-77.066949, 38.827595], [-77.066865, 38.827266], [-77.065892, 38.827274], [-77.0656, 38.826448], [-77.065264, 38.824079], [-77.066166, 38.824116], [-77.068466, 38.82372], [-77.068636, 38.823215], [-77.067343, 38.823153], [-77.066551, 38.822859], [-77.066508, 38.82247], [-77.065956, 38.822514], [-77.066542, 38.82126], [-77.066483, 38.820704], [-77.067552, 38.820611], [-77.067252, 38.818411], [-77.066488, 38.818014], [-77.066882, 38.816351], [-77.071513, 38.815515], [-77.071551, 38.814045], [-77.07164, 38.813988], [-77.071118, 38.811487], [-77.070459, 38.810361], [-77.073066, 38.810828], [-77.072821, 38.81296], [-77.07443, 38.811476], [-77.07655, 38.814091], [-77.076718, 38.814105], [-77.080822, 38.814168], [-77.082293, 38.814507], [-77.084995, 38.813601], [-77.085819, 38.815312], [-77.088926, 38.81593], [-77.0896, 38.816135], [-77.089551, 38.817416], [-77.088682, 38.824995], [-77.093282, 38.824604], [-77.093355, 38.826831], [-77.097, 38.827686], [-77.097424, 38.827751], [-77.098471, 38.832645], [-77.099294, 38.832228], [-77.10265, 38.83277], [-77.107338, 38.831409], [-77.107653, 38.832118], [-77.107992, 38.832632], [-77.105898, 38.834447], [-77.105249, 38.835692], [-77.105218, 38.83685], [-77.106172, 38.836998], [-77.106458, 38.835811], [-77.106578, 38.835842], [-77.106164, 38.83787], [-77.108682, 38.837368], [-77.108397, 38.840357], [-77.110976, 38.838885], [-77.111147, 38.839036], [-77.113826, 38.839122], [-77.114713, 38.841357]]], [[[-77.118876, 38.851563], [-77.11758, 38.850495], [-77.113365, 38.847382], [-77.110183, 38.844795], [-77.110799, 38.843446], [-77.114946, 38.844849], [-77.118812, 38.846193], [-77.117929, 38.850164], [-77.118876, 38.851563]]]]}}, {"type": "Feature", "id": "22207", "properties": {"ZCTA5CE20": "22207", "GEOID20": "22207", "zip": "22207", "STUSPS": "DC"}, "geometry": {"type": "Polygon", "coordinates": [[[-77.15736, 38.899113], [-77.157437, 38.899908], [-77.156756, 38.900085], [-77.156336, 38.900926], [-77.156648, 38.901072], [-77.153201, 38.904309], [-77.154152, 38.904342], [-77.156398, 38.905716], [-77.155774, 38.906206], [-77.154539, 38.907173], [-77.151977, 38.909177], [-77.150441, 38.91038], [-77.148551, 38.914282], [-77.147345, 38.914619], [-77.145809, 38.914006], [-77.139427, 38.918982], [-77.134495, 38.922853], [-77.133059, 38.92398], [-77.13369, 38.92434], [-77.133326, 38.924602], [-77.133172, 38.925157], [-77.131841, 38.926061], [-77.131307, 38.926539], [-77.131208, 38.926867], [-77.130489, 38.927578], [-77.130202, 38.927607], [-77.129739, 38.927378], [-77.12976, 38.926573], [-77.124875, 38.930408], [-77.12329, 38.931627], [-77.118489, 38.928614], [-77.1168162618117, 38.9294932433392], [-77.1166, 38.928911], [-77.1134, 38.925211], [-77.1073605064009, 38.9200221393022], [-77.1063, 38.919111], [-77.1054024360726, 38.9171920702241], [-77.1034, 38.912911], [-77.1016445994152, 38.9114747631579], [-77.1012, 38.911111], [-77.1010155931084, 38.9109831445552], [-77.0937, 38.905911], [-77.0902, 38.904211], [-77.0828392117323, 38.902094773373], [-77.085908, 38.900052], [-77.089008, 38.899926], [-77.093219, 38.898544], [-77.094616, 38.898784], [-77.096003, 38.899115], [-77.096642, 38.898734], [-77.096891, 38.898536], [-77.097324, 38.898656], [-77.097691, 38.8987], [-77.099375, 38.89858], [-77.099024, 38.899449], [-77.099096, 38.899853], [-77.099601, 38.899972], [-77.101549, 38.899879], [-77.102469, 38.897977], [-77.100912, 38.89642], [-77.098693, 38.896116], [-77.098833, 38.896011], [-77.101282, 38.892229], [-77.102235, 38.891361], [-77.103664, 38.890677], [-77.108314, 38.889532], [-77.111287, 38.888804], [-77.111473, 38.889229], [-77.112016, 38.889063], [-77.114393, 38.889001], [-77.116402, 38.888956], [-77.118037, 38.887268], [-77.117657, 38.886477], [-77.11869, 38.885362], [-77.119902, 38.885327], [-77.121157, 38.889061], [-77.122519, 38.889164], [-77.125279, 38.888239], [-77.126429, 38.890007], [-77.127843, 38.892193], [-77.131262, 38.890744], [-77.130289, 38.892242], [-77.131517, 38.894105], [-77.13233, 38.89475], [-77.133436, 38.895694], [-77.133642, 38.896322], [-77.136963, 38.896308], [-77.137658, 38.896261], [-77.138842, 38.896057], [-77.138385, 38.895001], [-77.141455, 38.894163], [-77.142072, 38.895223], [-77.143991, 38.894724], [-77.145855, 38.894145], [-77.147392, 38.893639], [-77.147401, 38.893743], [-77.149021, 38.894431], [-77.14995, 38.89304], [-77.153389, 38.89258], [-77.156464, 38.890928], [-77.1576, 38.893715], [-77.157579, 38.894568], [-77.157244, 38.896883], [-77.157135, 38.897654], [-77.157657, 38.897628], [-77.15736, 38.899113]]]}}]}