{"type": "FeatureCollection", "features": [{"type": "Feature", "id": "02876", "properties": {"ZCTA5CE20": "02876", "GEOID20": "02876", "zip": "02876", "STUSPS": "RI"}, "geometry": {"type": "Polygon", "coordinates": [[[-71.595265, 41.994417], [-71.594696, 41.995293], [-71.590622, 41.995766], [-71.590203, 41.998135], [-71.592084, 41.999514], [-71.588596, 42.001441], [-71.588107, 41.997228], [-71.58574, 41.998388], [-71.585188, 41.997744], [-71.580961, 42.000429], [-71.580048, 41.999947], [-71.579109, 42.000324], [-71.577133, 42.001003], [-71.573351, 42.000165], [-71.572992, 42.001026], [-71.573615, 42.00089], [-71.574755, 42.001172], [-71.574523, 42.001618], [-71.572854, 42.00167], [-71.571318, 42.001248], [-71.571563, 42.00041], [-71.572903, 42.000736], [-71.573202, 42.000126], [-71.56998, 41.999679], [-71.568405, 41.99887], [-71.568718, 41.998523], [-71.569518, 41.999146], [-71.573308, 41.998176], [-71.578953, 41.999141], [-71.576714, 41.996151], [-71.577621, 41.995792], [-71.580948, 41.998101], [-71.579076, 41.99913], [-71.579781, 41.999288], [-71.580633, 41.99899], [-71.585331, 41.994806], [-71.590538, 41.994852], [-71.592763, 41.994342], [-71.594114, 41.995132], [-71.594839, 41.994663], [-71.595071, 41.994399], [-71.595265, 41.994417]]]}}, {"type": "Feature", "id": "02762", "properties": {"ZCTA5CE20": "02762", "GEOID20": "02762", "zip": "02762", "STUSPS": "RI"}, "geometry": {"type": "Polygon", "coordinates": [[[-71.3814370412492, 42.0000208695584], [-71.381401, 42.018798], [-71.351326, 42.027416], [-71.347418, 42.028543], [-71.33884, 42.030964], [-71.33554, 42.031891], [-71.324359, 42.035064], [-71.319549, 42.036421], [-71.315658, 42.03754], [-71.31405, 42.037978], [-71.305394, 42.040432], [-71.305067, 42.040527], [-71.304451, 42.040674], [-71.289083, 42.045041], [-71.288692, 42.030085], [-71.288265, 42.014462], [-71.303616, 42.008585], [-71.326932, 41.999647], [-71.338795, 41.995092], [-71.342822, 41.993546], [-71.360033, 41.986946], [-71.361275, 41.98647], [-71.364344, 41.985293], [-71.374583, 41.985166], [-71.378346, 41.985122], [-71.3814657108006, 41.9850843199885], [-71.3814370412492, 42.0000208695584]]]}}, {"type": "Feature", "id": "02823", "properties": {"ZCTA5CE20": "02823", "GEOID20": "02823", "zip": "02823", "STUSPS": "RI"}, "geometry": {"type": "Polygon", "coordinates": [[[-71.553055, 41.734951], [-71.547974, 41.733875], [-71.548676, 41.736318], [-71.545902, 41.736879], [-71.543266, 41.738803], [-71.541955, 41.73358], [-71.539319, 41.734053], [-71.537817, 41.731592], [-71.53909, 41.730753], [-71.540803, 41.730127], [-71.545807, 41.730097], [-71.547353, 41.731203], [-71.548477, 41.730274], [-71.549722, 41.729989], [-71.550599, 41.731032], [-71.5491, 41.733693], [-71.552782, 41.733984], [-71.553055, 41.734951]]]}}, {"type": "Feature", "id": "02863", "properties": {"ZCTA5CE20": "02863", "GEOID20": "02863", "zip": "02863", "STUSPS": "RI"}, "geometry": {"type": "Polygon", "coordinates": [[[-71.407055, 41.89191], [-71.404691, 41.894784], [-71.404568, 41.894824], [-71.397243, 41.896782], [-71.394296, 41.897652], [-71.391739, 41.898343], [-71.39006, 41.899319], [-71.388268, 41.899805], [-71.386348, 41.899636], [-71.3817, 41.897062], [-71.3817, 41.8937517472528], [-71.3817, 41.893199], [-71.3815293543911, 41.8932257679386], [-71.381638, 41.8927], [-71.383093, 41.88987], [-71.380219, 41.88793], [-71.381008, 41.884067], [-71.385269, 41.883511], [-71.386742, 41.883316], [-71.388234, 41.883125], [-71.390573, 41.882812], [-71.3907, 41.883004], [-71.391533, 41.882683], [-71.392166, 41.882446], [-71.39231, 41.882599], [-71.394872, 41.882259], [-71.403706, 41.881059], [-71.40428, 41.882739], [-71.405817, 41.887239], [-71.407055, 41.89191]]]}}, {"type": "Feature", "id": "02726", "properties": {"ZCTA5CE20": "02726", "GEOID20": "02726", "zip": "02726", "STUSPS": "RI"}, "geometry": {"type": "Polygon", "coordinates": [[[-71.190646, 41.744741], [-71.186017, 41.744266], [-71.173283, 41.742224], [-71.162119, 41.74041], [-71.156306, 41.73947], [-71.155613, 41.750496], [-71.154865, 41.762492], [-71.154495, 41.768522], [-71.154278, 41.771782], [-71.153961, 41.777795], [-71.153164, 41.789553], [-71.133195, 41.790144], [-71.130947, 41.790189], [-71.130989, 41.790534], [-71.1255, 41.791064], [-71.125361, 41.790891], [-71.124652, 41.791004], [-71.124416, 41.790902], [-71.123891, 41.790999], [-71.11961, 41.790968], [-71.114489, 41.778801], [-71.117189, 41.773801], [-71.123989, 41.766701], [-71.129382, 41.759904], [-71.131289, 41.757502], [-71.13171, 41.751818], [-71.131889, 41.749402], [-71.138744, 41.740793], [-71.140489, 41.738602], [-71.147011, 41.732081], [-71.149183, 41.729908], [-71.155449, 41.723795], [-71.160321, 41.727419], [-71.160702, 41.72763], [-71.169013, 41.730483], [-71.172102, 41.732064], [-71.186813, 41.740411], [-71.1881, 41.743218], [-71.190646, 41.744741]]]}}, {"type": "Feature", "id": "02916", "properties": {"ZCTA5CE20": "02916", "GEOID20": "02916", "zip": "02916", "STUSPS": "RI"}, "geometry": {"type": "Polygon", "coordinates": [[[-71.372247, 41.843337], [-71.37226, 41.844157], [-71.370463, 41.846556], [-71.368317, 41.847431], [-71.369054, 41.848528], [-71.3658, 41.849695], [-71.363657, 41.853352], [-71.363645, 41.85636], [-71.365795, 41.858341], [-71.363744, 41.85854], [-71.358688, 41.859046], [-71.354507, 41.859467], [-71.342969, 41.860684], [-71.341443, 41.86071], [-71.334653, 41.861314], [-71.3344939886823, 41.8612394827533], [-71.3416734226395, 41.845919388344], [-71.342198, 41.8448], [-71.341797, 41.8437], [-71.3407956584837, 41.8424559090253], [-71.335197, 41.8355], [-71.33750452, 41.83376936], [-71.337597, 41.8337], [-71.339597, 41.832], [-71.3428393692991, 41.8295529288309], [-71.344897, 41.828], [-71.3458887317406, 41.8258871802048], [-71.34846, 41.825212], [-71.350148, 41.825888], [-71.349737, 41.829484], [-71.351074, 41.83085], [-71.351944, 41.829933], [-71.352386, 41.828938], [-71.353348, 41.829327], [-71.356008, 41.82991], [-71.35762, 41.827303], [-71.359183, 41.827942], [-71.359714, 41.828077], [-71.359642, 41.828304], [-71.359947, 41.828413], [-71.359623, 41.82951], [-71.362038, 41.83083], [-71.362083, 41.830765], [-71.362829, 41.831023], [-71.363457, 41.830869], [-71.367958, 41.83168], [-71.366288, 41.832576], [-71.362069, 41.834921], [-71.362238, 41.835498], [-71.365139, 41.838641], [-71.368779, 41.838812], [-71.372996, 41.838065], [-71.372247, 41.843337]]]}}, {"type": "Feature", "id": "02858", "properties": {"ZCTA5CE20": "02858", "GEOID20": "02858", "zip": "02858", "STUSPS": "RI"}, "geometry": {"type": "Polygon", "coordinates": [[[-71.664055, 41.968808], [-71.66288, 41.969315], [-71.659325, 41.969776], [-71.659253, 41.966711], [-71.657543, 41.968198], [-71.652484, 41.967792], [-71.651912, 41.96644], [-71.648626, 41.964855], [-71.647376, 41.966048], [-71.652269, 41.969415], [-71.648312, 41.972351], [-71.646379, 41.967436], [-71.64581, 41.966644], [-71.644837, 41.965989], [-71.645546, 41.965252], [-71.644036, 41.96459], [-71.643822, 41.963818], [-71.64418, 41.963253], [-71.635693, 41.96767], [-71.63223, 41.968673], [-71.634228, 41.966014], [-71.638007, 41.963807], [-71.64137, 41.959943], [-71.642675, 41.957094], [-71.643982, 41.956083], [-71.64421, 41.954259], [-71.645724, 41.955324], [-71.64595, 41.953683], [-71.647107, 41.953307], [-71.648468, 41.954528], [-71.649403, 41.956571], [-71.649518, 41.959402], [-71.650073, 41.960344], [-71.650734, 41.96107], [-71.652512, 41.962742], [-71.655564, 41.962372], [-71.658864, 41.962845], [-71.661055, 41.965654], [-71.662863, 41.965365], [-71.664698, 41.966923], [-71.664055, 41.968808]]]}}, {"type": "Feature", "id": "02815", "properties": {"ZCTA5CE20": "02815", "GEOID20": "02815", "zip": "02815", "STUSPS": "RI"}, "geometry": {"type": "Polygon", "coordinates": [[[-71.679749, 41.792596], [-71.67632, 41.79185], [-71.673719, 41.792205], [-71.673266, 41.793157], [-71.667496, 41.790375], [-71.665108, 41.789921], [-71.659809, 41.791054], [-71.657055, 41.790738], [-71.654039, 41.788537], [-71.65281, 41.788399], [-71.653091, 41.786736], [-71.654884, 41.786871], [-71.657662, 41.78564], [-71.662383, 41.785734], [-71.657288, 41.78384], [-71.656011, 41.784144], [-71.652985, 41.782249], [-71.650035, 41.781613], [-71.645302, 41.77962], [-71.643739, 41.779918], [-71.642149, 41.78136], [-71.640266, 41.781822], [-71.64002, 41.780132], [-71.63712, 41.777243], [-71.639527, 41.776731], [-71.637939, 41.774849], [-71.633018, 41.77174], [-71.632835, 41.770027], [-71.634171, 41.769833], [-71.638626, 41.770939], [-71.645081, 41.771103], [-71.650978, 41.77026], [-71.656622, 41.768499], [-71.657302, 41.76689], [-71.66187, 41.766712], [-71.665016, 41.765604], [-71.665927, 41.765083], [-71.665143, 41.763524], [-71.666447, 41.760806], [-71.667922, 41.760967], [-71.667895, 41.757621], [-71.671774, 41.757857], [-71.671634, 41.754244], [-71.673347, 41.754897], [-71.673729, 41.75676], [-71.67363, 41.757648], [-71.672501, 41.759361], [-71.671898, 41.764301], [-71.671963, 41.768258], [-71.675894, 41.770362], [-71.675898, 41.770386], [-71.678029, 41.782552], [-71.679504, 41.791203], [-71.679749, 41.792596]]]}}, {"type": "Feature", "id": "02763", "properties": {"ZCTA5CE20": "02763", "GEOID20": "02763", "zip": "02763", "STUSPS": "RI"}, "geometry": {"type": "Polygon", "coordinates": [[[-71.320526, 41.960931], [-71.31845, 41.963416], [-71.314829, 41.962434], [-71.311362, 41.966829], [-71.314163, 41.968794], [-71.313759, 41.969441], [-71.313515, 41.969758], [-71.317648, 41.97093], [-71.318347, 41.970927], [-71.318448, 41.971824], [-71.315832, 41.971307], [-71.315276, 41.972196], [-71.314074, 41.970971], [-71.313102, 41.970687], [-71.312687, 41.971645], [-71.312129, 41.971689], [-71.311896, 41.971979], [-71.308294, 41.973843], [-71.308227, 41.97412], [-71.305793, 41.975019], [-71.305381, 41.972659], [-71.301048, 41.972808], [-71.299643, 41.969031], [-71.299611, 41.969033], [-71.298958, 41.970559], [-71.299413, 41.975134], [-71.300151, 41.976398], [-71.30096, 41.977356], [-71.299634, 41.978034], [-71.294656, 41.978856], [-71.29564, 41.970888], [-71.29606, 41.969244], [-71.296414, 41.968163], [-71.307858, 41.960247], [-71.31486, 41.955382], [-71.317105, 41.953847], [-71.318294, 41.953668], [-71.317252, 41.957078], [-71.320034, 41.959022], [-71.320683, 41.959132], [-71.320526, 41.960931]]]}}, {"type": "Feature", "id": "02791", "properties": {"ZCTA5CE20": "02791", "GEOID20": "02791", "zip": "02791", "STUSPS": "RI"}, "geometry": {"type": "Polygon", "coordinates": [[[-71.099409, 41.536317], [-71.097845, 41.535296], [-71.096712, 41.533216], [-71.095229, 41.532536], [-71.09165, 41.534727], [-71.091249, 41.535924], [-71.091725, 41.538487], [-71.090491, 41.539948], [-71.086568, 41.540541], [-71.085795, 41.54118], [-71.085477, 41.540046], [-71.081795, 41.533766], [-71.078089, 41.530305], [-71.076059, 41.526715], [-71.07329, 41.527404], [-71.069706, 41.528991], [-71.06782, 41.527947], [-71.065096, 41.528529], [-71.063752, 41.526811], [-71.064687, 41.525313], [-71.065841, 41.525219], [-71.066717, 41.520987], [-71.068111, 41.51917], [-71.070055, 41.52231], [-71.06947, 41.521185], [-71.068409, 41.518225], [-71.067666, 41.516747], [-71.06863, 41.514807], [-71.0687678258469, 41.5084218042395], [-71.070687, 41.508877], [-71.085663, 41.509292], [-71.0865542380026, 41.5086795075684], [-71.090093, 41.508961], [-71.091763, 41.51035], [-71.09227, 41.512501], [-71.092404, 41.519502], [-71.093513, 41.521722], [-71.095026, 41.522925], [-71.099625, 41.527745], [-71.100246, 41.531383], [-71.099042, 41.53276], [-71.098977, 41.534555], [-71.100812, 41.535592], [-71.099409, 41.536317]]]}}, {"type": "Feature", "id": "02824", "properties": {"ZCTA5CE20": "02824", "GEOID20": "02824", "zip": "02824", "STUSPS": "RI"}, "geometry": {"type": "Polygon", "coordinates": [[[-71.568405, 41.99887], [-71.568683, 42.000252], [-71.56685, 41.999709], [-71.56588, 42.00386], [-71.560013, 42.001068], [-71.558937, 42.000042], [-71.557892, 41.998459], [-71.557029, 41.996647], [-71.562892, 41.996453], [-71.563521, 41.996226], [-71.56526, 41.996149], [-71.568718, 41.998523], [-71.568405, 41.99887]]]}}, {"type": "Feature", "id": "02841", "properties": {"ZCTA5CE20": "02841", "GEOID20": "02841", "zip": "02841", "STUSPS": "RI"}, "geometry": {"type": "Polygon", "coordinates": [[[-71.329315, 41.513829], [-71.3263210050591, 41.5142680584044], [-71.326035, 41.51431], [-71.325451, 41.51728], [-71.3260833472658, 41.5176643102763], [-71.328031, 41.518848], [-71.327128, 41.521589], [-71.323991, 41.522407], [-71.320901, 41.519489], [-71.3198106072285, 41.5195441922947], [-71.3186083243694, 41.519605048118], [-71.3174534377673, 41.51966350489], [-71.321853, 41.517793], [-71.319473, 41.513158], [-71.324521, 41.511935], [-71.324135, 41.51041], [-71.325264, 41.506538], [-71.324876, 41.50645], [-71.323205, 41.505722], [-71.322071, 41.500261], [-71.322045, 41.499493], [-71.3230306816626, 41.4994194160691], [-71.323125, 41.503088], [-71.3254516624717, 41.503669789932], [-71.327804, 41.504258], [-71.330694, 41.507699], [-71.329315, 41.513829]]]}}, {"type": "Feature", "id": "02918", "properties": {"ZCTA5CE20": "02918", "GEOID20": "02918", "zip": "02918", "STUSPS": "RI"}, "geometry": {"type": "Polygon", "coordinates": [[[-71.439713, 41.845726], [-71.438889, 41.845612], [-71.438583, 41.846813], [-71.437668, 41.846672], [-71.434475, 41.846179], [-71.434205, 41.847197], [-71.432643, 41.84679], [-71.433043, 41.844464], [-71.429374, 41.844169], [-71.429276, 41.844156], [-71.42972, 41.841124], [-71.429871, 41.841137], [-71.432205, 41.841328], [-71.433594, 41.841496], [-71.438576, 41.842121], [-71.440498, 41.843094], [-71.439713, 41.845726]]]}}, {"type": "Feature", "id": "02829", "properties": {"ZCTA5CE20": "02829", "GEOID20": "02829", "zip": "02829", "STUSPS": "RI"}, "geometry": {"type": "Polygon", "coordinates": [[[-71.599259, 41.897941], [-71.595474, 41.901661], [-71.594184, 41.901993], [-71.589016, 41.899039], [-71.587058, 41.896931], [-71.583716, 41.895126], [-71.581891, 41.894665], [-71.581842, 41.894372], [-71.58213, 41.894368], [-71.581797, 41.893718], [-71.584752, 41.891784], [-71.583597, 41.888955], [-71.584309, 41.887761], [-71.582436, 41.883981], [-71.582167, 41.883591], [-71.585548, 41.886364], [-71.587601, 41.889458], [-71.591511, 41.887108], [-71.592231, 41.887744], [-71.594279, 41.887783], [-71.597885, 41.892834], [-71.601624, 41.897057], [-71.599259, 41.897941]]]}}, {"type": "Feature", "id": "06263", "properties": {"ZCTA5CE20": "06263", "GEOID20": "06263", "zip": "06263", "STUSPS": "RI"}, "geometry": {"type": "Polygon", "coordinates": [[[-71.912106, 41.841855], [-71.909894, 41.842606], [-71.909803, 41.842652], [-71.90141, 41.837049], [-71.898477, 41.83644], [-71.898716, 41.833522], [-71.900241, 41.83341], [-71.901899, 41.833747], [-71.904115, 41.833226], [-71.904378, 41.835543], [-71.907488, 41.837383], [-71.910446, 41.841137], [-71.912145, 41.841836], [-71.912106, 41.841855]]]}}, {"type": "Feature", "id": "02872", "properties": {"ZCTA5CE20": "02872", "GEOID20": "02872", "zip": "02872", "STUSPS": "RI"}, "geometry": {"type": "MultiPolygon", "coordinates": [[[[-71.353819, 41.647466], [-71.352835, 41.649252], [-71.350304, 41.649042], [-71.348898, 41.651248], [-71.347633, 41.652824], [-71.346367, 41.653349], [-71.344118, 41.652824], [-71.343274, 41.653769], [-71.343836, 41.654861], [-71.345946, 41.655345], [-71.350023, 41.657131], [-71.35157, 41.658602], [-71.351007, 41.659757], [-71.348336, 41.661228], [-71.34693, 41.663329], [-71.348898, 41.665324], [-71.344821, 41.667005], [-71.344258, 41.664064], [-71.344021, 41.661495], [-71.33765, 41.657972], [-71.337515, 41.657049], [-71.339337, 41.65503], [-71.338072, 41.650828], [-71.334979, 41.647466], [-71.332448, 41.643789], [-71.333432, 41.641792], [-71.336525, 41.641897], [-71.334979, 41.644209], [-71.335682, 41.645785], [-71.337088, 41.64673], [-71.338705, 41.645735], [-71.342645, 41.644237], [-71.34468, 41.642528], [-71.343666, 41.6399], [-71.340603, 41.639691], [-71.339056, 41.637064], [-71.336103, 41.636223], [-71.334697, 41.634437], [-71.330711, 41.632992], [-71.326824, 41.631704], [-71.317122, 41.631389], [-71.315247, 41.629952], [-71.314029, 41.627921], [-71.308123, 41.626239], [-71.307321, 41.624017], [-71.304046, 41.618777], [-71.303723, 41.613097], [-71.303526, 41.609639], [-71.304327, 41.607949], [-71.30264, 41.605531], [-71.30489, 41.60448], [-71.306093, 41.601343], [-71.307561, 41.599118], [-71.307773, 41.597409], [-71.309517, 41.594853], [-71.313466, 41.587972], [-71.315716, 41.584501], [-71.3167, 41.583134], [-71.321612, 41.580979], [-71.326103, 41.578583], [-71.3312, 41.580318], [-71.335949, 41.585898], [-71.337048, 41.594688], [-71.333751, 41.605859], [-71.331182, 41.606898], [-71.329559, 41.609097], [-71.330057, 41.611103], [-71.326609, 41.616114], [-71.325558, 41.624137], [-71.327386, 41.626344], [-71.328841, 41.626202], [-71.333994, 41.629287], [-71.337369, 41.631284], [-71.344961, 41.632335], [-71.347352, 41.631284], [-71.350726, 41.633911], [-71.352248, 41.638928], [-71.353257, 41.640846], [-71.352976, 41.644734], [-71.353819, 41.647466]]], [[[-71.367036, 41.660703], [-71.364786, 41.660493], [-71.362115, 41.660178], [-71.360709, 41.661123], [-71.354663, 41.659757], [-71.353398, 41.657866], [-71.354241, 41.656081], [-71.355507, 41.653875], [-71.35635, 41.652089], [-71.358178, 41.651248], [-71.360006, 41.649882], [-71.362537, 41.651143], [-71.364083, 41.655871], [-71.364646, 41.657551], [-71.366333, 41.658917], [-71.367036, 41.660703]]], [[[-71.372238, 41.599854], [-71.369426, 41.602062], [-71.36788, 41.603954], [-71.367317, 41.605952], [-71.365489, 41.606688], [-71.36338, 41.606688], [-71.363943, 41.605426], [-71.36338, 41.603534], [-71.364786, 41.601431], [-71.369426, 41.598172], [-71.371676, 41.59733], [-71.373363, 41.597436], [-71.372238, 41.599854]]]]}}, {"type": "Feature", "id": "02906", "properties": {"ZCTA5CE20": "02906", "GEOID20": "02906", "zip": "02906", "STUSPS": "RI"}, "geometry": {"type": "Polygon", "coordinates": [[[-71.409813, 41.835091], [-71.405441, 41.835606], [-71.404394, 41.837031], [-71.406324, 41.837088], [-71.40799, 41.838364], [-71.409531, 41.838345], [-71.408722, 41.84063], [-71.407982, 41.841991], [-71.407837, 41.841953], [-71.405357, 41.846252], [-71.403671, 41.846653], [-71.405052, 41.84676], [-71.40387, 41.848579], [-71.40303, 41.849976], [-71.400795, 41.849941], [-71.402672, 41.850567], [-71.402306, 41.851192], [-71.402252, 41.851278], [-71.40065, 41.853963], [-71.400551, 41.854176], [-71.39949, 41.855297], [-71.399456, 41.856786], [-71.391101, 41.856945], [-71.383719, 41.857086], [-71.379003, 41.857478], [-71.376699, 41.8575], [-71.375021, 41.857449], [-71.372334, 41.850548], [-71.37226, 41.844157], [-71.372247, 41.843337], [-71.372996, 41.838065], [-71.373099, 41.8366], [-71.373587, 41.832486], [-71.377434, 41.829288], [-71.379509, 41.826557], [-71.382797, 41.822695], [-71.385572, 41.818996], [-71.389653, 41.819043], [-71.38958, 41.820446], [-71.3918, 41.820271], [-71.391899, 41.820961], [-71.393076, 41.820864], [-71.393023, 41.820517], [-71.393205, 41.820502], [-71.393184, 41.820363], [-71.393366, 41.820348], [-71.393336, 41.820144], [-71.393631, 41.820129], [-71.394805, 41.819992], [-71.396095, 41.819895], [-71.398282, 41.819653], [-71.400368, 41.819476], [-71.4011, 41.819771], [-71.403168, 41.822052], [-71.403908, 41.822823], [-71.404579, 41.823502], [-71.40579, 41.82519], [-71.406281, 41.825252], [-71.406187, 41.826034], [-71.40554, 41.825207], [-71.404121, 41.825275], [-71.404009, 41.82374], [-71.4012, 41.82287], [-71.40004, 41.822956], [-71.399205, 41.823017], [-71.399524, 41.825253], [-71.397263, 41.82579], [-71.397232, 41.827579], [-71.400536, 41.827282], [-71.40065, 41.828098], [-71.401001, 41.830841], [-71.403263, 41.830711], [-71.403282, 41.828304], [-71.403183, 41.827858], [-71.404808, 41.827721], [-71.406685, 41.827595], [-71.407279, 41.828025], [-71.408006, 41.829089], [-71.408301, 41.830378], [-71.409462, 41.834848], [-71.409821, 41.834618], [-71.409813, 41.835091]], [[-71.397805, 41.829488], [-71.394713, 41.830485], [-71.394308, 41.82895], [-71.393936, 41.829014], [-71.392166, 41.829369], [-71.392479, 41.830307], [-71.394302, 41.833485], [-71.395325, 41.833302], [-71.39975, 41.831554], [-71.397805, 41.829488]], [[-71.397018, 41.823185], [-71.395309, 41.823399], [-71.395424, 41.824291], [-71.396357, 41.825063], [-71.397263, 41.82505], [-71.397018, 41.823185]]]}}, {"type": "Feature", "id": "02842", "properties": {"ZCTA5CE20": "02842", "GEOID20": "02842", "zip": "02842", "STUSPS": "RI"}, "geometry": {"type": "Polygon", "coordinates": [[[-71.312751, 41.532378], [-71.312415, 41.534668], [-71.311462, 41.536304], [-71.3081886738411, 41.539310808581], [-71.308082, 41.539377], [-71.308082, 41.540198], [-71.308082, 41.542935], [-71.307349, 41.543053], [-71.308914, 41.545109], [-71.3104046609321, 41.5471625591598], [-71.3072368496408, 41.5531496810668], [-71.3069598554713, 41.5536731964243], [-71.3066440973461, 41.554269975151], [-71.3056506764502, 41.5561475276509], [-71.3055392940382, 41.5563580389526], [-71.303652, 41.559925], [-71.301606522057, 41.5620349578324], [-71.300256, 41.561008], [-71.290753, 41.554221], [-71.280622, 41.546973], [-71.265663, 41.538269], [-71.265724, 41.53818], [-71.2334466872049, 41.5140703883718], [-71.233456, 41.514053], [-71.2361266987947, 41.5109344337106], [-71.240737, 41.505551], [-71.24074, 41.501704], [-71.246666, 41.494265], [-71.2470070295035, 41.4932426830495], [-71.2478446082445, 41.4907318418009], [-71.247992, 41.49029], [-71.246855, 41.487415], [-71.24426, 41.485737], [-71.242033, 41.485344], [-71.238112, 41.486057], [-71.237437, 41.485711], [-71.237615, 41.482276], [-71.238326, 41.480759], [-71.239676, 41.480253], [-71.240428, 41.476147], [-71.242285, 41.475239], [-71.243728, 41.475204], [-71.244895, 41.473835], [-71.246427, 41.472948], [-71.247366, 41.472996], [-71.247715, 41.47369], [-71.24524, 41.480285], [-71.245859, 41.481637], [-71.252079, 41.485924], [-71.258192, 41.487921], [-71.2594550437243, 41.488108705786], [-71.264793, 41.488902], [-71.2675229404277, 41.4882422883687], [-71.26764, 41.488214], [-71.26886, 41.484698], [-71.274861, 41.479846], [-71.27664, 41.480038], [-71.2780413926396, 41.482075131916], [-71.2792135802541, 41.4837790803553], [-71.282314, 41.488286], [-71.285486, 41.489004], [-71.2856725598751, 41.4889675435699], [-71.286555, 41.489884], [-71.287138, 41.490549], [-71.294273, 41.498183], [-71.294291, 41.498262], [-71.295865, 41.499841], [-71.295875, 41.500562], [-71.295761, 41.500763], [-71.29663, 41.500662], [-71.300274, 41.504571], [-71.300369, 41.504642], [-71.301521, 41.505949], [-71.302421, 41.506998], [-71.303558, 41.508579], [-71.30412, 41.509426], [-71.306441, 41.512716], [-71.309955, 41.517677], [-71.311782, 41.517697], [-71.311771, 41.519168], [-71.311141, 41.519396], [-71.312237, 41.520853], [-71.3126978823709, 41.5213984539582], [-71.3126663334559, 41.5214251112746], [-71.311251, 41.522621], [-71.3113360212229, 41.5240538313453], [-71.310211, 41.526615], [-71.312492, 41.530852], [-71.312751, 41.532378]]]}}, {"type": "Feature", "id": "02864", "properties": {"ZCTA5CE20": "02864", "GEOID20": "02864", "zip": "02864", "STUSPS": "RI"}, "geometry": {"type": "Polygon", "coordinates": [[[-71.487364, 41.979085], [-71.480327, 41.986378], [-71.472726, 41.99426], [-71.463733, 42.003586], [-71.459891, 42.00757], [-71.459297, 42.010551], [-71.458725, 42.013958], [-71.458132, 42.01377], [-71.45822, 42.016209], [-71.4541177522349, 42.0178162035748], [-71.4502372288458, 42.0178685970588], [-71.4471750407309, 42.017909941663], [-71.441506, 42.0179864830892], [-71.4391516129914, 42.0180182712079], [-71.4391043974333, 42.018018908696], [-71.4243569233817, 42.0182180239873], [-71.4224802622968, 42.0182433620159], [-71.4224734075344, 42.0182434545665], [-71.4157057969149, 42.0183348285032], [-71.4142580473303, 42.0183543755171], [-71.4127412769678, 42.0183748544257], [-71.381401, 42.018798], [-71.3814370412492, 42.0000208695584], [-71.3814657108006, 41.9850843199885], [-71.381470137216, 41.9827782018028], [-71.3814702596934, 41.9827143923185], [-71.3814895041633, 41.972688215943], [-71.3814919782937, 41.9713992187725], [-71.381501, 41.966699], [-71.381401, 41.964799], [-71.3814576825117, 41.9528643404906], [-71.3814576922812, 41.9528622835027], [-71.381481898709, 41.9477655532284], [-71.381567712287, 41.9296972672115], [-71.3816, 41.922899], [-71.3817, 41.922699], [-71.3817, 41.9155771386792], [-71.3817, 41.914816], [-71.3817, 41.9146596532258], [-71.3817, 41.903598], [-71.3817, 41.897062], [-71.386348, 41.899636], [-71.388268, 41.899805], [-71.39006, 41.899319], [-71.391739, 41.898343], [-71.394296, 41.897652], [-71.394782, 41.898625], [-71.398398, 41.90028], [-71.399908, 41.901612], [-71.40067, 41.901841], [-71.399604, 41.906355], [-71.398283, 41.909525], [-71.397162, 41.910361], [-71.398765, 41.911972], [-71.403023, 41.911393], [-71.405393, 41.910999], [-71.408768, 41.91364], [-71.418425, 41.918819], [-71.4217, 41.922145], [-71.422853, 41.922232], [-71.425322, 41.922463], [-71.428327, 41.923543], [-71.429006, 41.924063], [-71.430939, 41.926987], [-71.431287, 41.930541], [-71.430717, 41.933398], [-71.430955, 41.934636], [-71.433982, 41.938219], [-71.438092, 41.942627], [-71.440818, 41.94459], [-71.442885, 41.947656], [-71.45058, 41.949571], [-71.450987, 41.949913], [-71.451399, 41.951556], [-71.452315, 41.953105], [-71.455219, 41.955634], [-71.457241, 41.956568], [-71.45814, 41.956849], [-71.461781, 41.957415], [-71.461972, 41.957718], [-71.462227, 41.960573], [-71.465011, 41.965998], [-71.464389, 41.968096], [-71.464898, 41.969095], [-71.469992, 41.971108], [-71.474141, 41.972624], [-71.47877, 41.977179], [-71.486156, 41.978222], [-71.487364, 41.979085]]]}}, {"type": "Feature", "id": "02806", "properties": {"ZCTA5CE20": "02806", "GEOID20": "02806", "zip": "02806", "STUSPS": "RI"}, "geometry": {"type": "Polygon", "coordinates": [[[-71.353897, 41.751301], [-71.351495, 41.752635], [-71.34653, 41.756106], [-71.342395, 41.758965], [-71.336781, 41.762855], [-71.332659, 41.765715], [-71.331997, 41.766165], [-71.324717, 41.771201], [-71.322678, 41.772592], [-71.31995, 41.77451], [-71.3179242335629, 41.7761572941963], [-71.317795, 41.776101], [-71.3163878442731, 41.7755072318263], [-71.2976875648494, 41.7676163988869], [-71.2947580514203, 41.7663802515257], [-71.2947568970711, 41.7663797644326], [-71.2844017716869, 41.762010280821], [-71.284748, 41.758918], [-71.286593, 41.742401], [-71.289002, 41.738959], [-71.289305, 41.737777], [-71.289337, 41.737427], [-71.2898, 41.733807], [-71.289494, 41.732601], [-71.288254, 41.730291], [-71.287294, 41.728501], [-71.287478, 41.723803], [-71.287604, 41.722949], [-71.289294, 41.716001], [-71.292854, 41.711759], [-71.294039, 41.71028], [-71.2953436947808, 41.7072057452012], [-71.2988, 41.711008], [-71.29905, 41.708696], [-71.301446, 41.706441], [-71.303804, 41.706567], [-71.305468, 41.708519], [-71.307983, 41.712756], [-71.3066373617913, 41.7163294439122], [-71.305759, 41.718662], [-71.3067246851353, 41.7207637024883], [-71.307131, 41.721648], [-71.3111269758275, 41.72277055271], [-71.3112502053381, 41.7228051704422], [-71.3137064925217, 41.7234951925929], [-71.31482, 41.723808], [-71.3229204099121, 41.7251690210506], [-71.324188, 41.725382], [-71.3352103584118, 41.7249914383088], [-71.339456, 41.724841], [-71.341119, 41.729098], [-71.341119, 41.7297014920635], [-71.341119, 41.7304249473684], [-71.341119, 41.734774], [-71.344447, 41.736193], [-71.3462729769038, 41.7390032663207], [-71.34825, 41.742046], [-71.348430505478, 41.7421807089149], [-71.3498110877895, 41.7432110197241], [-71.35229, 41.745061], [-71.352345635514, 41.745061], [-71.353137, 41.745061], [-71.355818, 41.745061], [-71.353897, 41.751301]]]}}, {"type": "Feature", "id": "02888", "properties": {"ZCTA5CE20": "02888", "GEOID20": "02888", "zip": "02888", "STUSPS": "RI"}, "geometry": {"type": "Polygon", "coordinates": [[[-71.446538, 41.748887], [-71.440619, 41.752153], [-71.441165, 41.754712], [-71.43912, 41.75639], [-71.440574, 41.757912], [-71.438829, 41.757829], [-71.437561, 41.759827], [-71.435883, 41.759677], [-71.434069, 41.760936], [-71.433775, 41.761441], [-71.432968, 41.759335], [-71.430969, 41.760617], [-71.42989, 41.760761], [-71.426224, 41.761025], [-71.422957, 41.762971], [-71.421994, 41.76458], [-71.419797, 41.764785], [-71.418715, 41.764076], [-71.420091, 41.761746], [-71.419078, 41.761885], [-71.417586, 41.762254], [-71.415806, 41.762902], [-71.414383, 41.762953], [-71.412183, 41.765058], [-71.410702, 41.766554], [-71.405203, 41.76761], [-71.402355, 41.767524], [-71.401395, 41.766552], [-71.399577, 41.768321], [-71.395628, 41.766684], [-71.394121, 41.764038], [-71.390534, 41.764391], [-71.388517, 41.763775], [-71.385659, 41.758421], [-71.384733, 41.757602], [-71.3838043664653, 41.7585116982739], [-71.3811899042195, 41.7558428163091], [-71.38105, 41.7557], [-71.3801726493279, 41.7498104030589], [-71.380099, 41.749316], [-71.380574, 41.745947], [-71.3804862911805, 41.7459125651601], [-71.3771989409693, 41.7446219380732], [-71.3761663159208, 41.7442165252718], [-71.376058, 41.744174], [-71.3803233268858, 41.7393999561717], [-71.3805620310223, 41.7391327822739], [-71.380812, 41.738853], [-71.3806925743147, 41.7361834846806], [-71.382547, 41.73591], [-71.382658, 41.738356], [-71.384227, 41.739489], [-71.38524, 41.738158], [-71.38859, 41.736843], [-71.390033, 41.73739], [-71.389209, 41.733919], [-71.394226, 41.733555], [-71.394279, 41.734021], [-71.395065, 41.733992], [-71.40152, 41.735046], [-71.407679, 41.735167], [-71.412705, 41.735411], [-71.413726, 41.735301], [-71.415857, 41.737261], [-71.417062, 41.736746], [-71.420669, 41.736891], [-71.420853, 41.734653], [-71.426125, 41.734286], [-71.427353, 41.733616], [-71.427154, 41.735907], [-71.430954, 41.736104], [-71.432278, 41.733388], [-71.435668, 41.733261], [-71.43567, 41.732579], [-71.436501, 41.732562], [-71.4366, 41.732263], [-71.439446, 41.732837], [-71.439733, 41.733749], [-71.439633, 41.734026], [-71.441122, 41.73396], [-71.439896, 41.737322], [-71.443165, 41.73743], [-71.443255, 41.741978], [-71.443731, 41.741274], [-71.443963, 41.74118], [-71.444044, 41.743349], [-71.444359, 41.744209], [-71.445327, 41.745607], [-71.446538, 41.748887]]]}}, {"type": "Feature", "id": "02836", "properties": {"ZCTA5CE20": "02836", "GEOID20": "02836", "zip": "02836", "STUSPS": "RI"}, "geometry": {"type": "Polygon", "coordinates": [[[-71.627012, 41.446694], [-71.624965, 41.446983], [-71.625369, 41.449199], [-71.62381, 41.449554], [-71.623557, 41.451317], [-71.624922, 41.451468], [-71.624718, 41.45285], [-71.621975, 41.452686], [-71.622221, 41.454605], [-71.619008, 41.454455], [-71.619067, 41.4596], [-71.620146, 41.461672], [-71.618471, 41.462189], [-71.617012, 41.458893], [-71.617343, 41.452638], [-71.616189, 41.45029], [-71.614526, 41.450795], [-71.614133, 41.450714], [-71.618376, 41.446675], [-71.621284, 41.445992], [-71.624082, 41.446395], [-71.62687, 41.445225], [-71.627012, 41.446694]]]}}, {"type": "Feature", "id": "02889", "properties": {"ZCTA5CE20": "02889", "GEOID20": "02889", "zip": "02889", "STUSPS": "RI"}, "geometry": {"type": "MultiPolygon", "coordinates": [[[[-71.426712, 41.704386], [-71.420563, 41.704489], [-71.420319, 41.704066], [-71.418281, 41.705403], [-71.417616, 41.705591], [-71.417748, 41.70584], [-71.41703, 41.706103], [-71.419305, 41.707993], [-71.418775, 41.708963], [-71.417893, 41.711838], [-71.417338, 41.711436], [-71.413132, 41.712985], [-71.413415, 41.714017], [-71.414803, 41.715727], [-71.415099, 41.715939], [-71.415291, 41.716166], [-71.415254, 41.71627], [-71.41597, 41.719248], [-71.41723, 41.722373], [-71.419968, 41.724495], [-71.420982, 41.724573], [-71.420235, 41.72752], [-71.415742, 41.728024], [-71.414734, 41.728987], [-71.416584, 41.733149], [-71.415093, 41.733194], [-71.415382, 41.734872], [-71.413536, 41.735078], [-71.413726, 41.735301], [-71.412705, 41.735411], [-71.407679, 41.735167], [-71.40152, 41.735046], [-71.395065, 41.733992], [-71.394279, 41.734021], [-71.394226, 41.733555], [-71.389209, 41.733919], [-71.390033, 41.73739], [-71.38859, 41.736843], [-71.38524, 41.738158], [-71.384227, 41.739489], [-71.382658, 41.738356], [-71.382547, 41.73591], [-71.3806925743147, 41.7361834846806], [-71.380574, 41.733533], [-71.3809892502021, 41.7281164275111], [-71.38105, 41.727324], [-71.3803392348117, 41.72643066448], [-71.3782315285107, 41.723781563292], [-71.378067839149, 41.7235758279472], [-71.3780534524056, 41.7235577457604], [-71.3770772374396, 41.722330775843], [-71.376534, 41.721648], [-71.3703745005778, 41.7185279890981], [-71.369879, 41.718277], [-71.363937, 41.71739], [-71.357282, 41.718188], [-71.357282, 41.7177466760563], [-71.357282, 41.716592], [-71.3636630794433, 41.7128268983533], [-71.3642782521499, 41.7124639209306], [-71.365450843146, 41.7117720435877], [-71.365717, 41.711615], [-71.365717, 41.7087189322034], [-71.365717, 41.707898], [-71.364412, 41.704704], [-71.3653445835741, 41.70161906795], [-71.365646, 41.700622], [-71.3656406292236, 41.6997959745985], [-71.3656032273946, 41.6940435732939], [-71.365601, 41.693701], [-71.362748, 41.691926], [-71.364887, 41.688377], [-71.3693778025085, 41.6863404497415], [-71.371542, 41.685359], [-71.3715467127813, 41.6853422872186], [-71.373444, 41.678614], [-71.372988, 41.672575], [-71.3741133946335, 41.6712193590447], [-71.37791, 41.666646], [-71.3784796047137, 41.6667383422959], [-71.382049, 41.667317], [-71.386279, 41.67098], [-71.3867064649552, 41.6710895668297], [-71.38988, 41.671903], [-71.3899090581448, 41.6721863087951], [-71.390775, 41.680629], [-71.3897912035287, 41.6826771719537], [-71.389432, 41.683425], [-71.390551, 41.684096], [-71.3915049419944, 41.6840096539629], [-71.3927752124679, 41.6838946754611], [-71.3973134319216, 41.6834838986345], [-71.398163, 41.683407], [-71.4013082772103, 41.6835335631993], [-71.40285, 41.686646], [-71.403644, 41.689631], [-71.40398, 41.690475], [-71.407151, 41.694487], [-71.408035, 41.6949], [-71.414303, 41.697769], [-71.416504, 41.699598], [-71.417435, 41.698408], [-71.42247, 41.698347], [-71.422371, 41.697827], [-71.423172, 41.699147], [-71.424171, 41.699207], [-71.425301, 41.703092], [-71.424301, 41.703239], [-71.426712, 41.704386]]], [[[-71.429085, 41.700176], [-71.429633, 41.702405], [-71.426292, 41.702936], [-71.425156, 41.699236], [-71.425499, 41.698508], [-71.429948, 41.700074], [-71.429085, 41.700176]]]]}}, {"type": "Feature", "id": "02702", "properties": {"ZCTA5CE20": "02702", "GEOID20": "02702", "zip": "02702", "STUSPS": "RI"}, "geometry": {"type": "Polygon", "coordinates": [[[-71.123989, 41.766701], [-71.117189, 41.773801], [-71.114489, 41.778801], [-71.108989, 41.784506], [-71.103084, 41.789587], [-71.101604, 41.793562], [-71.095943, 41.797041], [-71.095443, 41.79917], [-71.091044, 41.801504], [-71.087722, 41.802492], [-71.086465, 41.80479], [-71.087673, 41.807959], [-71.088713, 41.809116], [-71.092829, 41.808467], [-71.093317, 41.810034], [-71.093149, 41.81285], [-71.088462, 41.817787], [-71.072273, 41.817398], [-71.062235, 41.81714], [-71.055644, 41.817006], [-71.03657, 41.816525], [-71.036308, 41.816324], [-71.023157, 41.806176], [-71.014591, 41.799568], [-71.026288, 41.778888], [-71.014044, 41.780333], [-71.012596, 41.778807], [-71.010687, 41.778408], [-71.010585, 41.777063], [-71.009337, 41.776153], [-71.009171, 41.773927], [-71.006219, 41.768845], [-71.009841, 41.767016], [-71.010488, 41.765029], [-71.017498, 41.766239], [-71.019262, 41.76592], [-71.021727, 41.766669], [-71.019379, 41.763309], [-71.018689, 41.762584], [-71.01996, 41.762328], [-71.022583, 41.760407], [-71.02156, 41.757885], [-71.027428, 41.756334], [-71.028752, 41.757474], [-71.030511, 41.756429], [-71.036155, 41.755481], [-71.039101, 41.755451], [-71.040746, 41.754658], [-71.043685, 41.754319], [-71.047823, 41.753126], [-71.057688, 41.754909], [-71.07203, 41.757501], [-71.095285, 41.761701], [-71.10256, 41.763013], [-71.106094, 41.76365], [-71.113368, 41.764966], [-71.115948, 41.765423], [-71.117997, 41.764699], [-71.119947, 41.765294], [-71.120076, 41.767605], [-71.123989, 41.766701]]]}}, {"type": "Feature", "id": "02703", "properties": {"ZCTA5CE20": "02703", "GEOID20": "02703", "zip": "02703", "STUSPS": "RI"}, "geometry": {"type": "Polygon", "coordinates": [[[-71.3817, 41.8937517472528], [-71.3817, 41.897062], [-71.3817, 41.903598], [-71.3817, 41.9146596532258], [-71.3817, 41.914816], [-71.37285, 41.919718], [-71.35305, 41.931029], [-71.352805, 41.931168], [-71.352361, 41.931421], [-71.34172, 41.937497], [-71.340355, 41.93828], [-71.335958, 41.940786], [-71.332715, 41.943033], [-71.317731, 41.95342], [-71.317105, 41.953847], [-71.31486, 41.955382], [-71.307858, 41.960247], [-71.296414, 41.968163], [-71.291074, 41.971861], [-71.268739, 41.9873], [-71.260361, 41.975674], [-71.259289, 41.974216], [-71.255588, 41.969465], [-71.243383, 41.953845], [-71.237878, 41.946832], [-71.237109, 41.945848], [-71.235636, 41.943956], [-71.208162, 41.908852], [-71.222494, 41.912244], [-71.224068, 41.912052], [-71.255509, 41.908628], [-71.268505, 41.907196], [-71.300719, 41.903661], [-71.305055, 41.903084], [-71.312177, 41.902136], [-71.32171, 41.90087], [-71.325552, 41.900356], [-71.338787, 41.898593], [-71.3387624937221, 41.8983911691788], [-71.3397631896385, 41.8982696647821], [-71.3458749094161, 41.8975275803866], [-71.3490536354034, 41.8971416197996], [-71.352699, 41.896699], [-71.3545188256255, 41.8965170174375], [-71.3545367227723, 41.8965152277228], [-71.354831, 41.89781], [-71.359138, 41.897063], [-71.35961, 41.896463], [-71.3595183751825, 41.8959429182482], [-71.362499, 41.895599], [-71.364699, 41.895399], [-71.365399, 41.895299], [-71.3668451016317, 41.895118237296], [-71.370999, 41.894599], [-71.3710771725888, 41.8945934162437], [-71.3711903265602, 41.8945853338172], [-71.3737565749265, 41.8944020303624], [-71.373799, 41.894399], [-71.3763523440612, 41.8940343667888], [-71.3764963977197, 41.8940137950418], [-71.3766, 41.893999], [-71.3815293543911, 41.8932257679386], [-71.3817, 41.893199], [-71.3817, 41.8937517472528]]]}}, {"type": "Feature", "id": "02818", "properties": {"ZCTA5CE20": "02818", "GEOID20": "02818", "zip": "02818", "STUSPS": "RI"}, "geometry": {"type": "Polygon", "coordinates": [[[-71.547113, 41.661851], [-71.544438, 41.661903], [-71.541475, 41.661977], [-71.533379, 41.662156], [-71.523993, 41.662296], [-71.523544, 41.662302], [-71.499225, 41.662948], [-71.499054, 41.664509], [-71.499473, 41.666509], [-71.499836, 41.673776], [-71.500001, 41.67739], [-71.497986, 41.676741], [-71.491698, 41.676788], [-71.492481, 41.679776], [-71.490507, 41.679501], [-71.484257, 41.67966], [-71.480758, 41.683936], [-71.480797, 41.682454], [-71.482078, 41.681746], [-71.481285, 41.679219], [-71.478775, 41.676855], [-71.478051, 41.673951], [-71.478745, 41.671164], [-71.475557, 41.6699], [-71.469945, 41.670066], [-71.469345, 41.673176], [-71.468268, 41.67314], [-71.467827, 41.671214], [-71.458017, 41.670426], [-71.457848, 41.672076], [-71.457848, 41.672414], [-71.458267, 41.676746], [-71.458948, 41.678093], [-71.457306, 41.677582], [-71.453011, 41.677701], [-71.449005, 41.678534], [-71.4482864692403, 41.6794345394911], [-71.4481671094222, 41.6791166621688], [-71.447699, 41.67787], [-71.444574, 41.674298], [-71.4445199012845, 41.6741829076346], [-71.444268, 41.673647], [-71.4443250618066, 41.673545], [-71.444621, 41.673016], [-71.444661537439, 41.6729940491429], [-71.4454102603364, 41.6725886187625], [-71.446573, 41.671959], [-71.447018, 41.671216], [-71.446247, 41.66631], [-71.4449323229544, 41.6640288625813], [-71.444801, 41.663801], [-71.443541, 41.663019], [-71.4423769374558, 41.6636114769159], [-71.442148, 41.663728], [-71.440996, 41.666231], [-71.440153, 41.666843], [-71.434748, 41.666263], [-71.430038, 41.667541], [-71.426647, 41.669526], [-71.426086, 41.670484], [-71.4243947957644, 41.6702877414296], [-71.424285, 41.670275], [-71.4239393420332, 41.6700156392732], [-71.417652, 41.665298], [-71.408621, 41.663168], [-71.4086261320686, 41.6630526475552], [-71.4086337020552, 41.662882498532], [-71.408858, 41.657841], [-71.4088799626671, 41.6538406570683], [-71.417581, 41.654952], [-71.423884, 41.653888], [-71.428941, 41.650569], [-71.432796, 41.651323], [-71.435944, 41.649223], [-71.439984, 41.647596], [-71.440925, 41.64618], [-71.442508, 41.645818], [-71.441986, 41.643275], [-71.445084, 41.641373], [-71.446231, 41.638743], [-71.446809, 41.638936], [-71.449286, 41.63673], [-71.448888, 41.632525], [-71.451366, 41.629455], [-71.45311, 41.629859], [-71.454404, 41.631202], [-71.45423, 41.632953], [-71.45558, 41.635109], [-71.458324, 41.636366], [-71.459123, 41.637946], [-71.462354, 41.63838], [-71.463436, 41.636544], [-71.467844, 41.634165], [-71.469727, 41.634499], [-71.472535, 41.632077], [-71.47132, 41.629076], [-71.476023, 41.626204], [-71.479358, 41.6242], [-71.482482, 41.62358], [-71.483306, 41.621547], [-71.486073, 41.619833], [-71.48631, 41.617447], [-71.487441, 41.616905], [-71.488005, 41.615169], [-71.487503, 41.613487], [-71.485451, 41.612974], [-71.484458, 41.603739], [-71.484427, 41.602591], [-71.495697, 41.602634], [-71.498095, 41.602653], [-71.498405, 41.602655], [-71.510712, 41.602625], [-71.520447, 41.602616], [-71.522429, 41.602566], [-71.544807, 41.601993], [-71.546092, 41.625761], [-71.546417, 41.642085], [-71.546625, 41.646283], [-71.546764, 41.651909], [-71.547041, 41.659386], [-71.547113, 41.661851]]]}}, {"type": "Feature", "id": "06379", "properties": {"ZCTA5CE20": "06379", "GEOID20": "06379", "zip": "06379", "STUSPS": "RI"}, "geometry": {"type": "Polygon", "coordinates": [[[-71.895735, 41.353244], [-71.886306, 41.359576], [-71.886305, 41.363568], [-71.8847, 41.363567], [-71.884378, 41.365475], [-71.885467, 41.36731], [-71.879188, 41.365833], [-71.87711, 41.364517], [-71.876831, 41.362829], [-71.876157, 41.361356], [-71.874622, 41.362057], [-71.874941, 41.367497], [-71.879475, 41.368189], [-71.880499, 41.3801], [-71.876231, 41.382409], [-71.874802, 41.382278], [-71.874989, 41.383602], [-71.87558, 41.386609], [-71.871673, 41.389803], [-71.871367, 41.390867], [-71.873265, 41.391656], [-71.874842, 41.393254], [-71.874617, 41.394246], [-71.873201, 41.395825], [-71.873121, 41.39621], [-71.873531, 41.397099], [-71.873386, 41.398055], [-71.874408, 41.400266], [-71.874161, 41.400795], [-71.8744, 41.401756], [-71.874455, 41.402989], [-71.877108, 41.405626], [-71.875792, 41.410165], [-71.872788, 41.413267], [-71.871294, 41.413481], [-71.871178, 41.414041], [-71.873919, 41.414123], [-71.875299, 41.416036], [-71.868238, 41.414198], [-71.855884, 41.411642], [-71.855511, 41.411556], [-71.848961, 41.409777], [-71.844776, 41.408839], [-71.8428165698118, 41.4087322073789], [-71.843472, 41.40583], [-71.843256, 41.404461], [-71.841726, 41.403241], [-71.8417094568745, 41.4031258012566], [-71.84115, 41.39923], [-71.8419592771383, 41.3974908678683], [-71.842244, 41.396879], [-71.842131, 41.395359], [-71.8410615505958, 41.3940727447712], [-71.8386323044412, 41.3911510258414], [-71.83817, 41.390595], [-71.835204, 41.389558], [-71.832655, 41.387156], [-71.8330005628195, 41.3852672388358], [-71.833531, 41.382368], [-71.8316433377617, 41.3800224459541], [-71.830637, 41.378772], [-71.8313037090757, 41.3777406792844], [-71.8313139597931, 41.3777248226273], [-71.832674, 41.375621], [-71.8320765800314, 41.3729621714499], [-71.831613, 41.370899], [-71.8320107595774, 41.3702439986192], [-71.8321077620934, 41.3700842619703], [-71.832499, 41.36944], [-71.8349469163787, 41.3675609118721], [-71.8355881682153, 41.3670686692761], [-71.837633, 41.365499], [-71.8377312531105, 41.3633071368596], [-71.8377317214458, 41.3632966890791], [-71.837873, 41.360145], [-71.836768, 41.355103], [-71.835703, 41.353568], [-71.831303, 41.351295], [-71.829902, 41.346636], [-71.829384, 41.342413], [-71.829475472546, 41.3423265522306], [-71.830617723719, 41.3412470472827], [-71.836156, 41.336013], [-71.844666, 41.330585], [-71.847709, 41.329604], [-71.851923, 41.324664], [-71.857458, 41.320789], [-71.860513, 41.320248], [-71.85957, 41.322399], [-71.868727, 41.327815], [-71.87493547217, 41.3336111742683], [-71.877521, 41.336025], [-71.8823774862605, 41.3362379310113], [-71.882581, 41.34495], [-71.88287, 41.3456], [-71.882832, 41.349104], [-71.882512, 41.350666], [-71.88466, 41.350807], [-71.886959, 41.349664], [-71.889925, 41.349756], [-71.89072, 41.351054], [-71.890961, 41.351319], [-71.895888, 41.352015], [-71.895735, 41.353244]]]}}, {"type": "Feature", "id": "06351", "properties": {"ZCTA5CE20": "06351", "GEOID20": "06351", "zip": "06351", "STUSPS": "RI"}, "geometry": {"type": "Polygon", "coordinates": [[[-72.047864, 41.594823], [-72.047384, 41.594935], [-72.047045, 41.595171], [-72.046981, 41.59531], [-72.046608, 41.595738], [-72.044092, 41.600246], [-72.043593, 41.600929], [-72.040226, 41.604607], [-72.03898, 41.605339], [-72.037933, 41.606443], [-72.035443, 41.611574], [-72.036374, 41.615333], [-72.037098, 41.615986], [-72.037777, 41.618806], [-72.039929, 41.622383], [-72.040383, 41.623993], [-72.04062, 41.628373], [-72.039032, 41.629919], [-72.032484, 41.634785], [-72.032581, 41.63638], [-72.031896, 41.639524], [-72.031959, 41.642044], [-72.030778, 41.643661], [-72.030583, 41.645373], [-72.031216, 41.647242], [-72.01492, 41.644588], [-71.991753, 41.640801], [-71.981928, 41.639203], [-71.975253, 41.638117], [-71.974072, 41.637925], [-71.972367, 41.637647], [-71.958458, 41.635387], [-71.958896, 41.634753], [-71.959054, 41.63379], [-71.95758, 41.634436], [-71.956491, 41.635064], [-71.954983, 41.634799], [-71.951936, 41.634328], [-71.936549, 41.635883], [-71.909061, 41.638666], [-71.884422, 41.641204], [-71.88387, 41.630022], [-71.883219, 41.625098], [-71.875459, 41.57945], [-71.87529, 41.57913], [-71.874268, 41.572758], [-71.871821, 41.559919], [-71.870438, 41.55261], [-71.868881, 41.551755], [-71.86579, 41.551185], [-71.864586, 41.553156], [-71.860999, 41.552531], [-71.858718, 41.549578], [-71.859644, 41.547406], [-71.859292, 41.546077], [-71.857026, 41.543916], [-71.856711, 41.541873], [-71.853583, 41.539175], [-71.850967, 41.535961], [-71.850674, 41.534503], [-71.848782, 41.534437], [-71.848533, 41.533584], [-71.850963, 41.53008], [-71.853846, 41.527696], [-71.854493, 41.524012], [-71.857354, 41.521204], [-71.858228, 41.51908], [-71.861547, 41.516365], [-71.862033, 41.51477], [-71.863408, 41.514926], [-71.90286, 41.520262], [-71.940003, 41.553461], [-71.95458, 41.56653], [-71.980767, 41.565936], [-71.989233, 41.565641], [-71.991149, 41.564907], [-71.993055, 41.566418], [-72.000038, 41.565654], [-72.00332, 41.566601], [-72.007027, 41.568687], [-72.01072, 41.569398], [-72.011941, 41.567916], [-72.012685, 41.564742], [-72.015777, 41.557301], [-72.019159, 41.553963], [-72.022691, 41.553427], [-72.026781, 41.55494], [-72.029543, 41.555276], [-72.032132, 41.554944], [-72.035222, 41.553712], [-72.036842, 41.553938], [-72.041414, 41.555584], [-72.04612, 41.555998], [-72.045616, 41.557014], [-72.045045, 41.558075], [-72.043939, 41.55963], [-72.043208, 41.561089], [-72.043399, 41.56296], [-72.044569, 41.566285], [-72.045841, 41.569557], [-72.045326, 41.573023], [-72.041184, 41.58043], [-72.042985, 41.581925], [-72.045921, 41.585229], [-72.04598, 41.58536], [-72.047516, 41.594091], [-72.047864, 41.594823]]]}}, {"type": "Feature", "id": "02861", "properties": {"ZCTA5CE20": "02861", "GEOID20": "02861", "zip": "02861", "STUSPS": "RI"}, "geometry": {"type": "Polygon", "coordinates": [[[-71.3737565749265, 41.8944020303624], [-71.3711903265602, 41.8945853338172], [-71.3710771725888, 41.8945934162437], [-71.370999, 41.894599], [-71.3668451016317, 41.895118237296], [-71.365399, 41.895299], [-71.364699, 41.895399], [-71.362499, 41.895599], [-71.3595183751825, 41.8959429182482], [-71.35961, 41.896463], [-71.359138, 41.897063], [-71.354831, 41.89781], [-71.3545367227723, 41.8965152277228], [-71.3545188256255, 41.8965170174375], [-71.352699, 41.896699], [-71.3490536354034, 41.8971416197996], [-71.3458749094161, 41.8975275803866], [-71.3397631896385, 41.8982696647821], [-71.3387624937221, 41.8983911691788], [-71.338698, 41.898399], [-71.3391777169811, 41.8945612641509], [-71.339298, 41.893599], [-71.339298, 41.893399], [-71.3397157557079, 41.8901129336013], [-71.3397188707898, 41.8900884303672], [-71.340798, 41.8816], [-71.338863843395, 41.8761112156336], [-71.3378288661724, 41.873174138675], [-71.3378266820677, 41.8731679405833], [-71.3374129679819, 41.871993895317], [-71.333997, 41.8623], [-71.3344939886823, 41.8612394827533], [-71.334653, 41.861314], [-71.341443, 41.86071], [-71.342969, 41.860684], [-71.354507, 41.859467], [-71.358688, 41.859046], [-71.363744, 41.85854], [-71.364067, 41.864662], [-71.364381, 41.870407], [-71.364587, 41.874956], [-71.364655, 41.876281], [-71.364915, 41.880487], [-71.365471, 41.882407], [-71.367027, 41.885227], [-71.367626, 41.886277], [-71.368362, 41.887601], [-71.370522, 41.890362], [-71.372246, 41.892509], [-71.3737565749265, 41.8944020303624]]]}}, {"type": "Feature", "id": "02912", "properties": {"ZCTA5CE20": "02912", "GEOID20": "02912", "zip": "02912", "STUSPS": "RI"}, "geometry": {"type": "MultiPolygon", "coordinates": [[[[-71.397263, 41.82505], [-71.396357, 41.825063], [-71.395424, 41.824291], [-71.395309, 41.823399], [-71.397018, 41.823185], [-71.397263, 41.82505]]], [[[-71.39975, 41.831554], [-71.395325, 41.833302], [-71.394302, 41.833485], [-71.392479, 41.830307], [-71.392166, 41.829369], [-71.393936, 41.829014], [-71.394308, 41.82895], [-71.394713, 41.830485], [-71.397805, 41.829488], [-71.39975, 41.831554]]], [[[-71.40683, 41.826], [-71.404808, 41.827721], [-71.403183, 41.827858], [-71.403282, 41.828304], [-71.403263, 41.830711], [-71.401001, 41.830841], [-71.40065, 41.828098], [-71.400536, 41.827282], [-71.397232, 41.827579], [-71.397263, 41.82579], [-71.399524, 41.825253], [-71.399205, 41.823017], [-71.40004, 41.822956], [-71.4012, 41.82287], [-71.404009, 41.82374], [-71.404121, 41.825275], [-71.40554, 41.825207], [-71.406187, 41.826034], [-71.40683, 41.826]]]]}}, {"type": "Feature", "id": "02830", "properties": {"ZCTA5CE20": "02830", "GEOID20": "02830", "zip": "02830", "STUSPS": "RI"}, "geometry": {"type": "Polygon", "coordinates": [[[-71.7249374175186, 42.0106904630388], [-71.6808758163105, 42.0117047312646], [-71.6780229685747, 42.0117704018878], [-71.661603714444, 42.0121483620005], [-71.6453334734301, 42.0125228919322], [-71.6078918349085, 42.0133847730994], [-71.6067340253166, 42.0134114250923], [-71.605278, 42.006222], [-71.604693, 42.003246], [-71.601203, 41.986485], [-71.600605, 41.983879], [-71.600443, 41.983027], [-71.596898, 41.966123], [-71.593658, 41.950836], [-71.59082, 41.949491], [-71.587598, 41.9504], [-71.583838, 41.950622], [-71.585176, 41.948551], [-71.584039, 41.947567], [-71.583926, 41.943963], [-71.584386, 41.943226], [-71.582358, 41.941339], [-71.581896, 41.939559], [-71.582481, 41.935728], [-71.585034, 41.934149], [-71.585399, 41.934116], [-71.590312, 41.933665], [-71.613563, 41.932897], [-71.614629, 41.934249], [-71.613314, 41.936055], [-71.612828, 41.940184], [-71.613727, 41.940761], [-71.615912, 41.944849], [-71.616122, 41.946058], [-71.618996, 41.945852], [-71.61818, 41.94963], [-71.625824, 41.951469], [-71.626068, 41.953934], [-71.627302, 41.953187], [-71.631896, 41.95268], [-71.634397, 41.953109], [-71.635904, 41.951579], [-71.638611, 41.951996], [-71.642695, 41.951019], [-71.64318, 41.951805], [-71.644734, 41.952027], [-71.645318, 41.951943], [-71.647107, 41.953307], [-71.64595, 41.953683], [-71.645724, 41.955324], [-71.64421, 41.954259], [-71.643982, 41.956083], [-71.642675, 41.957094], [-71.64137, 41.959943], [-71.638007, 41.963807], [-71.634228, 41.966014], [-71.63223, 41.968673], [-71.62973, 41.969236], [-71.622327, 41.970902], [-71.621579, 41.972598], [-71.624479, 41.973909], [-71.619404, 41.976903], [-71.61512, 41.977932], [-71.61512, 41.978012], [-71.61508, 41.978097], [-71.614999, 41.978272], [-71.616396, 41.979114], [-71.617639, 41.981566], [-71.61869, 41.983018], [-71.622107, 41.983724], [-71.625393, 41.986207], [-71.626644, 41.98578], [-71.628279, 41.981464], [-71.629308, 41.9814], [-71.629106, 41.984188], [-71.633385, 41.98412], [-71.635765, 41.983181], [-71.638803, 41.982389], [-71.639715, 41.983948], [-71.640979, 41.983648], [-71.642435, 41.986683], [-71.642547, 41.989979], [-71.649808, 41.992483], [-71.654435, 41.993125], [-71.656896, 41.992736], [-71.659615, 41.993252], [-71.661934, 41.994999], [-71.665329, 41.999039], [-71.66629, 42.002174], [-71.673943, 41.995487], [-71.676926, 41.991783], [-71.676577, 41.991064], [-71.670675, 41.992266], [-71.66955, 41.99039], [-71.665702, 41.98682], [-71.665175, 41.98637], [-71.666383, 41.983712], [-71.665997, 41.981137], [-71.664008, 41.982392], [-71.664367, 41.979858], [-71.666069, 41.979628], [-71.666062, 41.978291], [-71.666071, 41.978237], [-71.663162, 41.978729], [-71.660885, 41.980879], [-71.655303, 41.980069], [-71.652747, 41.980333], [-71.647206, 41.982341], [-71.645172, 41.981731], [-71.641853, 41.979618], [-71.645011, 41.978296], [-71.644625, 41.977055], [-71.645644, 41.976104], [-71.6407, 41.970812], [-71.641611, 41.969495], [-71.641403, 41.969357], [-71.641838, 41.969002], [-71.644837, 41.965989], [-71.64581, 41.966644], [-71.646379, 41.967436], [-71.648312, 41.972351], [-71.652269, 41.969415], [-71.647376, 41.966048], [-71.648626, 41.964855], [-71.651912, 41.96644], [-71.652484, 41.967792], [-71.657543, 41.968198], [-71.659253, 41.966711], [-71.659325, 41.969776], [-71.66288, 41.969315], [-71.664055, 41.968808], [-71.664698, 41.966923], [-71.662863, 41.965365], [-71.661055, 41.965654], [-71.658864, 41.962845], [-71.655564, 41.962372], [-71.652512, 41.962742], [-71.650734, 41.96107], [-71.650073, 41.960344], [-71.651085, 41.958462], [-71.652351, 41.959637], [-71.652697, 41.959889], [-71.653672, 41.960367], [-71.65612, 41.958854], [-71.657501, 41.958401], [-71.659378, 41.958675], [-71.660586, 41.958204], [-71.663554, 41.96031], [-71.662994, 41.96072], [-71.665031, 41.961819], [-71.668903, 41.962107], [-71.669002, 41.961023], [-71.667815, 41.960617], [-71.665737, 41.958785], [-71.665074, 41.95697], [-71.666814, 41.951719], [-71.670615, 41.949639], [-71.673561, 41.943718], [-71.676903, 41.944427], [-71.68, 41.94738], [-71.684196, 41.947808], [-71.685349, 41.947906], [-71.685425, 41.948536], [-71.686644, 41.950089], [-71.689217, 41.950457], [-71.688869, 41.954277], [-71.687995, 41.955574], [-71.689235, 41.960356], [-71.689313, 41.96115], [-71.693197, 41.963317], [-71.692297, 41.96429], [-71.690996, 41.965087], [-71.692379, 41.965689], [-71.692795, 41.965529], [-71.693391, 41.965131], [-71.699121, 41.967079], [-71.699547, 41.967968], [-71.697235, 41.968693], [-71.697155, 41.973443], [-71.700431, 41.98225], [-71.704737, 41.988579], [-71.703896, 41.989487], [-71.705025, 41.991683], [-71.707665, 41.994165], [-71.712182, 41.999538], [-71.717123, 41.994209], [-71.718697, 41.993532], [-71.719719, 41.998226], [-71.721909, 42.001495], [-71.72213, 42.003807], [-71.72481, 42.009006], [-71.7249374175186, 42.0106904630388]]]}}, {"type": "Feature", "id": "02909", "properties": {"ZCTA5CE20": "02909", "GEOID20": "02909", "zip": "02909", "STUSPS": "RI"}, "geometry": {"type": "Polygon", "coordinates": [[[-71.471721, 41.836169], [-71.465996, 41.836998], [-71.466094, 41.838866], [-71.465683, 41.840885], [-71.464504, 41.840909], [-71.464119, 41.838062], [-71.463852, 41.837139], [-71.462517, 41.83728], [-71.461502, 41.834015], [-71.459511, 41.83315], [-71.45858, 41.83289], [-71.456497, 41.832108], [-71.455032, 41.835114], [-71.453629, 41.835819], [-71.453559, 41.835498], [-71.453863, 41.835331], [-71.453819, 41.835281], [-71.453909, 41.834627], [-71.453574, 41.834674], [-71.453494, 41.83434], [-71.453278, 41.834366], [-71.452782, 41.832409], [-71.453026, 41.832382], [-71.453064, 41.828796], [-71.452617, 41.825626], [-71.452202, 41.825237], [-71.448631, 41.825066], [-71.448628, 41.825102], [-71.44742, 41.826175], [-71.446655, 41.824966], [-71.444626, 41.824852], [-71.443718, 41.824802], [-71.443398, 41.82478], [-71.443383, 41.82523], [-71.441534, 41.825007], [-71.439396, 41.8249], [-71.439476, 41.824562], [-71.438312, 41.824514], [-71.43849, 41.825029], [-71.431805, 41.82806], [-71.428596, 41.828558], [-71.428543, 41.828415], [-71.431877, 41.827915], [-71.433716, 41.827164], [-71.43309, 41.825039], [-71.430237, 41.825726], [-71.430511, 41.826385], [-71.427963, 41.82703], [-71.427666, 41.826324], [-71.425931, 41.826675], [-71.425882, 41.825894], [-71.428597, 41.825559], [-71.43364, 41.824219], [-71.43338, 41.824173], [-71.431414, 41.824777], [-71.429886, 41.823803], [-71.430267, 41.823833], [-71.429444, 41.822851], [-71.428776, 41.82161], [-71.42797, 41.820514], [-71.427767, 41.820171], [-71.428101, 41.820095], [-71.426605, 41.819321], [-71.426727, 41.818577], [-71.427483, 41.818256], [-71.426254, 41.817131], [-71.428406, 41.816917], [-71.427216, 41.814457], [-71.429664, 41.813717], [-71.429934, 41.813377], [-71.429588, 41.812603], [-71.431061, 41.811859], [-71.431564, 41.811466], [-71.432986, 41.810549], [-71.432617, 41.810425], [-71.433449, 41.809635], [-71.433683, 41.80971], [-71.43454, 41.808323], [-71.435074, 41.807732], [-71.435707, 41.807011], [-71.436295, 41.806339], [-71.43668, 41.80655], [-71.437171, 41.805984], [-71.43679, 41.805801], [-71.437874, 41.804977], [-71.439255, 41.80373], [-71.439938, 41.803415], [-71.440252, 41.803705], [-71.440541, 41.803946], [-71.441318, 41.80475], [-71.442015, 41.80604], [-71.442223, 41.807203], [-71.443678, 41.807032], [-71.447533, 41.806614], [-71.450128, 41.805839], [-71.452294, 41.806076], [-71.452314, 41.806133], [-71.457703, 41.805569], [-71.459473, 41.80537], [-71.460089, 41.804399], [-71.460551, 41.804566], [-71.460784, 41.804614], [-71.461145, 41.804919], [-71.461825, 41.805023], [-71.462306, 41.804965], [-71.463665, 41.805046], [-71.464583, 41.804991], [-71.46492, 41.805874], [-71.467072, 41.80447], [-71.469165, 41.804864], [-71.466803, 41.8078], [-71.468703, 41.8106], [-71.466551, 41.810742], [-71.468193, 41.815445], [-71.469347, 41.818122], [-71.470723, 41.817911], [-71.470918, 41.818701], [-71.46965, 41.818876], [-71.470031, 41.819828], [-71.470877, 41.821944], [-71.463837, 41.823128], [-71.460487, 41.822819], [-71.459468, 41.822642], [-71.460251, 41.823363], [-71.462171, 41.824351], [-71.462423, 41.824687], [-71.462432, 41.827413], [-71.464769, 41.831048], [-71.46759, 41.831491], [-71.470444, 41.832912], [-71.472432, 41.834181], [-71.471721, 41.836169]]]}}, {"type": "Feature", "id": "02826", "properties": {"ZCTA5CE20": "02826", "GEOID20": "02826", "zip": "02826", "STUSPS": "RI"}, "geometry": {"type": "Polygon", "coordinates": [[[-71.676926, 41.991783], [-71.673943, 41.995487], [-71.66629, 42.002174], [-71.665329, 41.999039], [-71.661934, 41.994999], [-71.659615, 41.993252], [-71.656896, 41.992736], [-71.654435, 41.993125], [-71.649808, 41.992483], [-71.642547, 41.989979], [-71.642435, 41.986683], [-71.640979, 41.983648], [-71.639715, 41.983948], [-71.638803, 41.982389], [-71.635765, 41.983181], [-71.633385, 41.98412], [-71.629106, 41.984188], [-71.629308, 41.9814], [-71.628279, 41.981464], [-71.626644, 41.98578], [-71.625393, 41.986207], [-71.622107, 41.983724], [-71.61869, 41.983018], [-71.617639, 41.981566], [-71.616396, 41.979114], [-71.614999, 41.978272], [-71.61508, 41.978097], [-71.61512, 41.978012], [-71.61512, 41.977932], [-71.619404, 41.976903], [-71.624479, 41.973909], [-71.621579, 41.972598], [-71.622327, 41.970902], [-71.62973, 41.969236], [-71.63223, 41.968673], [-71.635693, 41.96767], [-71.64418, 41.963253], [-71.643822, 41.963818], [-71.644036, 41.96459], [-71.645546, 41.965252], [-71.644837, 41.965989], [-71.641838, 41.969002], [-71.641403, 41.969357], [-71.641611, 41.969495], [-71.6407, 41.970812], [-71.645644, 41.976104], [-71.644625, 41.977055], [-71.645011, 41.978296], [-71.641853, 41.979618], [-71.645172, 41.981731], [-71.647206, 41.982341], [-71.652747, 41.980333], [-71.655303, 41.980069], [-71.660885, 41.980879], [-71.663162, 41.978729], [-71.666071, 41.978237], [-71.666062, 41.978291], [-71.666069, 41.979628], [-71.664367, 41.979858], [-71.664008, 41.982392], [-71.665997, 41.981137], [-71.666383, 41.983712], [-71.665175, 41.98637], [-71.665702, 41.98682], [-71.66955, 41.99039], [-71.670675, 41.992266], [-71.676577, 41.991064], [-71.676926, 41.991783]]]}}, {"type": "Feature", "id": "02812", "properties": {"ZCTA5CE20": "02812", "GEOID20": "02812", "zip": "02812", "STUSPS": "RI"}, "geometry": {"type": "Polygon", "coordinates": [[[-71.690276, 41.468458], [-71.688714, 41.471498], [-71.686043, 41.473902], [-71.686189, 41.476823], [-71.685297, 41.478312], [-71.684259, 41.47887], [-71.684721, 41.479822], [-71.681898, 41.481785], [-71.675867, 41.477909], [-71.666885, 41.491489], [-71.664246, 41.493065], [-71.660805, 41.492168], [-71.660749, 41.492564], [-71.656328, 41.492438], [-71.657741, 41.493602], [-71.65636, 41.494692], [-71.654982, 41.500637], [-71.652426, 41.501179], [-71.650432, 41.498766], [-71.64758, 41.495136], [-71.647788, 41.492613], [-71.649056, 41.491191], [-71.648175, 41.489497], [-71.646263, 41.48909], [-71.64318, 41.486747], [-71.642053, 41.483875], [-71.642136, 41.482473], [-71.641851, 41.480967], [-71.642827, 41.480273], [-71.642927, 41.475379], [-71.643749, 41.472824], [-71.643137, 41.471889], [-71.643985, 41.470441], [-71.645204, 41.465445], [-71.649576, 41.456073], [-71.651324, 41.455257], [-71.655227, 41.459137], [-71.658664, 41.458606], [-71.662053, 41.4595], [-71.663612, 41.458424], [-71.66434, 41.458418], [-71.669478, 41.460783], [-71.668854, 41.460867], [-71.668619, 41.465991], [-71.670586, 41.467266], [-71.676773, 41.46965], [-71.683266, 41.466793], [-71.690135, 41.466408], [-71.690276, 41.468458]]]}}, {"type": "Feature", "id": "02764", "properties": {"ZCTA5CE20": "02764", "GEOID20": "02764", "zip": "02764", "STUSPS": "RI"}, "geometry": {"type": "Polygon", "coordinates": [[[-71.203463, 41.881843], [-71.186788, 41.879338], [-71.175089, 41.877459], [-71.17323, 41.877158], [-71.171149, 41.877705], [-71.171379, 41.876854], [-71.1372, 41.871322], [-71.130638, 41.87028], [-71.130025, 41.868181], [-71.125882, 41.867803], [-71.122836, 41.866461], [-71.121381, 41.864387], [-71.121985, 41.86442], [-71.122372, 41.861891], [-71.121338, 41.859008], [-71.120048, 41.857513], [-71.117175, 41.857138], [-71.116015, 41.855969], [-71.115441, 41.855473], [-71.114712, 41.855308], [-71.113288, 41.855688], [-71.108685, 41.85407], [-71.107819, 41.853239], [-71.1117, 41.850537], [-71.112845, 41.84868], [-71.112845, 41.847294], [-71.110528, 41.843563], [-71.110913, 41.84167], [-71.108381, 41.836932], [-71.108427, 41.83502], [-71.109712, 41.83909], [-71.113202, 41.843641], [-71.114795, 41.841349], [-71.115466, 41.838143], [-71.118013, 41.836537], [-71.118031, 41.835427], [-71.120237, 41.836863], [-71.124105, 41.837399], [-71.127277, 41.829937], [-71.127948, 41.831026], [-71.12784, 41.832262], [-71.1281, 41.831527], [-71.128277, 41.831101], [-71.13063, 41.831671], [-71.143847, 41.837396], [-71.144442, 41.840238], [-71.142929, 41.840038], [-71.143367, 41.842604], [-71.144933, 41.844764], [-71.146884, 41.844825], [-71.152679, 41.843196], [-71.15229, 41.842136], [-71.157714, 41.843694], [-71.158108, 41.842175], [-71.158155, 41.842006], [-71.159331, 41.842895], [-71.180387, 41.834187], [-71.188299, 41.834701], [-71.188872, 41.839245], [-71.190746, 41.842359], [-71.192767, 41.843033], [-71.195683, 41.830759], [-71.198894, 41.851938], [-71.201136, 41.866708], [-71.201561, 41.869472], [-71.202217, 41.873738], [-71.203463, 41.881843]]]}}, {"type": "Feature", "id": "06239", "properties": {"ZCTA5CE20": "06239", "GEOID20": "06239", "zip": "06239", "STUSPS": "RI"}, "geometry": {"type": "Polygon", "coordinates": [[[-71.917241, 41.759714], [-71.913961, 41.764093], [-71.913516, 41.766022], [-71.911234, 41.767781], [-71.908427, 41.771017], [-71.9057, 41.773119], [-71.905809, 41.776472], [-71.903997, 41.779909], [-71.902641, 41.780618], [-71.890601, 41.783793], [-71.888964, 41.784878], [-71.888643, 41.786428], [-71.889184, 41.788488], [-71.890121, 41.792776], [-71.886079, 41.795582], [-71.885723, 41.79717], [-71.886474, 41.800719], [-71.887249, 41.801814], [-71.887703, 41.80204], [-71.899013, 41.807541], [-71.895132, 41.810066], [-71.8952, 41.812222], [-71.89527, 41.812333], [-71.896503, 41.813952], [-71.896304, 41.815953], [-71.894945, 41.815441], [-71.89418, 41.815565], [-71.892736, 41.819203], [-71.894301, 41.826918], [-71.890648, 41.828361], [-71.888945, 41.828363], [-71.88642, 41.828927], [-71.884966, 41.829426], [-71.885353, 41.837233], [-71.881512, 41.83678], [-71.882773, 41.835983], [-71.882189, 41.834374], [-71.880461, 41.834193], [-71.880317, 41.832762], [-71.876792, 41.831617], [-71.876824, 41.831983], [-71.874882, 41.833157], [-71.874336, 41.833555], [-71.873093, 41.833282], [-71.867181, 41.836405], [-71.86633, 41.836237], [-71.86459, 41.836572], [-71.8649, 41.838494], [-71.862736, 41.837335], [-71.860302, 41.839051], [-71.856581, 41.837626], [-71.853762, 41.835252], [-71.846918, 41.836762], [-71.843156, 41.835951], [-71.841288, 41.836862], [-71.837203, 41.838007], [-71.837137, 41.838025], [-71.835323, 41.831537], [-71.835656, 41.830025], [-71.836192, 41.826037], [-71.837574, 41.823388], [-71.837832, 41.822374], [-71.835646, 41.822618], [-71.832224, 41.808509], [-71.822144, 41.808368], [-71.816914, 41.815187], [-71.816217, 41.815125], [-71.814623, 41.812396], [-71.799442, 41.805347], [-71.799505, 41.802173], [-71.7926270381587, 41.8039860331338], [-71.791258063576, 41.774496473912], [-71.838705, 41.768833], [-71.839378, 41.764086], [-71.841727, 41.765077], [-71.844749, 41.763069], [-71.850414, 41.763035], [-71.851794, 41.766549], [-71.850804, 41.766194], [-71.850166, 41.767445], [-71.8717, 41.764848], [-71.871888, 41.764842], [-71.87352, 41.762842], [-71.8745, 41.759645], [-71.878634, 41.752561], [-71.882633, 41.752244], [-71.883839, 41.750669], [-71.884974, 41.748957], [-71.883861, 41.745936], [-71.885169, 41.745916], [-71.885787, 41.743783], [-71.889641, 41.738354], [-71.892344, 41.736005], [-71.897633, 41.737072], [-71.897654, 41.738492], [-71.896857, 41.740342], [-71.902277, 41.742732], [-71.90631, 41.742623], [-71.906794, 41.742585], [-71.906841, 41.742742], [-71.906904, 41.743355], [-71.90668, 41.745734], [-71.910294, 41.745728], [-71.911251, 41.746872], [-71.912215, 41.745933], [-71.913626, 41.746892], [-71.914688, 41.74744], [-71.912918, 41.751764], [-71.913987, 41.75444], [-71.916407, 41.7561], [-71.91803, 41.757216], [-71.917241, 41.759714]]]}}, {"type": "Feature", "id": "02874", "properties": {"ZCTA5CE20": "02874", "GEOID20": "02874", "zip": "02874", "STUSPS": "RI"}, "geometry": {"type": "Polygon", "coordinates": [[[-71.519754, 41.524395], [-71.518597, 41.527341], [-71.518439, 41.527656], [-71.519566, 41.529925], [-71.519493, 41.544415], [-71.510615, 41.542605], [-71.502579, 41.541016], [-71.500427, 41.54039], [-71.498353, 41.538682], [-71.498028, 41.538614], [-71.498354, 41.539921], [-71.497334, 41.541773], [-71.49555, 41.5419], [-71.493186, 41.545638], [-71.491683, 41.544844], [-71.492388, 41.544452], [-71.492843, 41.538908], [-71.491013, 41.539085], [-71.4897, 41.539555], [-71.489471, 41.54002], [-71.489269, 41.542146], [-71.484525, 41.538018], [-71.479762, 41.537596], [-71.476002, 41.534752], [-71.47424, 41.534853], [-71.474062, 41.533363], [-71.47627, 41.531211], [-71.475869, 41.528836], [-71.473291, 41.529825], [-71.471288, 41.529337], [-71.470347, 41.52753], [-71.471879, 41.526983], [-71.473033, 41.528073], [-71.473713, 41.52592], [-71.475511, 41.525045], [-71.477967, 41.525142], [-71.476662, 41.523533], [-71.474579, 41.52327], [-71.473495, 41.520794], [-71.465122, 41.522571], [-71.465719, 41.524919], [-71.465744, 41.528961], [-71.465988, 41.53006], [-71.46258, 41.530749], [-71.459907, 41.531024], [-71.455641, 41.53098], [-71.445765, 41.529105], [-71.444168, 41.532521], [-71.445932, 41.534868], [-71.445493, 41.53653], [-71.438629, 41.535557], [-71.438774, 41.538757], [-71.437462, 41.536907], [-71.436325, 41.537292], [-71.437683, 41.539058], [-71.43613, 41.541612], [-71.434858, 41.542242], [-71.433282, 41.54496], [-71.434248, 41.545538], [-71.432079, 41.545663], [-71.432948, 41.546554], [-71.432493, 41.547549], [-71.433978, 41.547657], [-71.437405, 41.549204], [-71.438658, 41.550978], [-71.436731, 41.549382], [-71.431831, 41.547727], [-71.429508, 41.545638], [-71.4268494307401, 41.5481213351875], [-71.424777, 41.549431], [-71.4240880304895, 41.5488249979446], [-71.423357, 41.548182], [-71.426671, 41.543563], [-71.423119, 41.538754], [-71.417652, 41.536263], [-71.4180744690164, 41.5326311865229], [-71.418128, 41.532171], [-71.4165763491424, 41.5307985455321], [-71.415887701598, 41.5301894282203], [-71.415513, 41.529858], [-71.4156329553562, 41.529280225081], [-71.415911, 41.527941], [-71.414825, 41.523126], [-71.4148914161945, 41.5190799491519], [-71.414922697857, 41.5171742814431], [-71.414937, 41.516303], [-71.4157533982558, 41.5140790445787], [-71.4178423006898, 41.5083886528374], [-71.419580644601, 41.5036532196857], [-71.4197497932245, 41.5031924408985], [-71.421425, 41.498629], [-71.4212809401925, 41.4972534448009], [-71.4212789508847, 41.4972344498935], [-71.421242, 41.49543], [-71.430565, 41.495213], [-71.430321, 41.492359], [-71.438049, 41.492046], [-71.437973, 41.49398], [-71.437721, 41.495121], [-71.447691, 41.494865], [-71.447255, 41.494062], [-71.446657, 41.489077], [-71.447047, 41.48833], [-71.455469, 41.487749], [-71.455141, 41.490465], [-71.454147, 41.491929], [-71.456424, 41.494771], [-71.47557, 41.492293], [-71.482866, 41.491488], [-71.487825, 41.490674], [-71.488079, 41.490573], [-71.49164, 41.490507], [-71.49343, 41.492582], [-71.497537, 41.492652], [-71.497457, 41.49449], [-71.500481, 41.49469], [-71.500342, 41.49298], [-71.502873, 41.491714], [-71.503935, 41.490325], [-71.503346, 41.489093], [-71.506061, 41.482469], [-71.508118, 41.482176], [-71.509106, 41.483002], [-71.509836, 41.48405], [-71.510627, 41.489476], [-71.511115, 41.492958], [-71.510987, 41.498415], [-71.512312, 41.49867], [-71.51213, 41.500812], [-71.514896, 41.501341], [-71.517408, 41.501801], [-71.517797, 41.501831], [-71.517594, 41.506847], [-71.517864, 41.509096], [-71.526448, 41.511084], [-71.519754, 41.524395]]]}}, {"type": "Feature", "id": "02886", "properties": {"ZCTA5CE20": "02886", "GEOID20": "02886", "zip": "02886", "STUSPS": "RI"}, "geometry": {"type": "Polygon", "coordinates": [[[-71.518913, 41.695899], [-71.514507, 41.703641], [-71.513336, 41.705694], [-71.512634, 41.70679], [-71.506691, 41.709482], [-71.504883, 41.711386], [-71.502365, 41.711472], [-71.500786, 41.711606], [-71.497116, 41.713167], [-71.492892, 41.717826], [-71.490539, 41.717516], [-71.490578, 41.717627], [-71.489738, 41.718902], [-71.49028, 41.721227], [-71.489327, 41.72284], [-71.485802, 41.726125], [-71.484781, 41.728724], [-71.48391, 41.731603], [-71.476971, 41.731752], [-71.476815, 41.731789], [-71.467939, 41.732079], [-71.460599, 41.732268], [-71.460249, 41.732278], [-71.455342, 41.732365], [-71.45285, 41.734335], [-71.453736, 41.737428], [-71.451278, 41.739704], [-71.446198, 41.739979], [-71.444684, 41.740155], [-71.443963, 41.74118], [-71.443731, 41.741274], [-71.443255, 41.741978], [-71.443165, 41.73743], [-71.439896, 41.737322], [-71.441122, 41.73396], [-71.439633, 41.734026], [-71.439733, 41.733749], [-71.439446, 41.732837], [-71.4366, 41.732263], [-71.436501, 41.732562], [-71.43567, 41.732579], [-71.435668, 41.733261], [-71.432278, 41.733388], [-71.430954, 41.736104], [-71.427154, 41.735907], [-71.427353, 41.733616], [-71.426125, 41.734286], [-71.420853, 41.734653], [-71.420669, 41.736891], [-71.417062, 41.736746], [-71.415857, 41.737261], [-71.413726, 41.735301], [-71.413536, 41.735078], [-71.415382, 41.734872], [-71.415093, 41.733194], [-71.416584, 41.733149], [-71.414734, 41.728987], [-71.415742, 41.728024], [-71.420235, 41.72752], [-71.420982, 41.724573], [-71.419968, 41.724495], [-71.41723, 41.722373], [-71.41597, 41.719248], [-71.415254, 41.71627], [-71.415291, 41.716166], [-71.415099, 41.715939], [-71.414803, 41.715727], [-71.413415, 41.714017], [-71.413132, 41.712985], [-71.417338, 41.711436], [-71.417893, 41.711838], [-71.418775, 41.708963], [-71.419305, 41.707993], [-71.41703, 41.706103], [-71.417748, 41.70584], [-71.417616, 41.705591], [-71.418281, 41.705403], [-71.420319, 41.704066], [-71.420563, 41.704489], [-71.426712, 41.704386], [-71.424301, 41.703239], [-71.425301, 41.703092], [-71.424171, 41.699207], [-71.423172, 41.699147], [-71.422371, 41.697827], [-71.42247, 41.698347], [-71.417435, 41.698408], [-71.416504, 41.699598], [-71.414303, 41.697769], [-71.408035, 41.6949], [-71.407151, 41.694487], [-71.40398, 41.690475], [-71.403644, 41.689631], [-71.40285, 41.686646], [-71.4013082772103, 41.6835335631993], [-71.4078083040297, 41.6837951185837], [-71.418069, 41.684208], [-71.42862119165, 41.6860502440522], [-71.4299621251923, 41.6862843496224], [-71.433815, 41.686957], [-71.4340424620043, 41.6869415455279], [-71.441336, 41.686446], [-71.4421321821577, 41.6872927985491], [-71.443082, 41.688303], [-71.441896, 41.690025], [-71.4419262716038, 41.6900334117022], [-71.4451744781266, 41.6909360049724], [-71.445923, 41.691144], [-71.44848, 41.688414], [-71.4495384544187, 41.6872095306236], [-71.450198, 41.686459], [-71.449997, 41.68399], [-71.4497216772003, 41.6832567643454], [-71.4482864692403, 41.6794345394911], [-71.449005, 41.678534], [-71.453011, 41.677701], [-71.457306, 41.677582], [-71.458948, 41.678093], [-71.458267, 41.676746], [-71.457848, 41.672414], [-71.457848, 41.672076], [-71.458017, 41.670426], [-71.467827, 41.671214], [-71.468268, 41.67314], [-71.469345, 41.673176], [-71.469945, 41.670066], [-71.475557, 41.6699], [-71.478745, 41.671164], [-71.478051, 41.673951], [-71.478775, 41.676855], [-71.481285, 41.679219], [-71.482078, 41.681746], [-71.480797, 41.682454], [-71.480758, 41.683936], [-71.484257, 41.67966], [-71.490507, 41.679501], [-71.492481, 41.679776], [-71.491698, 41.676788], [-71.497986, 41.676741], [-71.500001, 41.67739], [-71.500723, 41.685016], [-71.50103, 41.68759], [-71.501679, 41.696474], [-71.506142, 41.696467], [-71.511574, 41.696087], [-71.515419, 41.696039], [-71.518913, 41.695899]], [[-71.429948, 41.700074], [-71.425499, 41.698508], [-71.425156, 41.699236], [-71.426292, 41.702936], [-71.429633, 41.702405], [-71.429085, 41.700176], [-71.429948, 41.700074]]]}}, {"type": "Feature", "id": "02724", "properties": {"ZCTA5CE20": "02724", "GEOID20": "02724", "zip": "02724", "STUSPS": "RI"}, "geometry": {"type": "Polygon", "coordinates": [[[-71.19619, 41.686302], [-71.18979, 41.691502], [-71.185513, 41.690329], [-71.184475, 41.690174], [-71.181578, 41.693395], [-71.179261, 41.694996], [-71.17779, 41.695842], [-71.17479, 41.695296], [-71.168727, 41.694234], [-71.164461, 41.693459], [-71.164795, 41.69278], [-71.163022, 41.692479], [-71.162249, 41.691323], [-71.161748, 41.692971], [-71.160681, 41.692775], [-71.16097, 41.691809], [-71.159592, 41.691553], [-71.160601, 41.688824], [-71.161268, 41.688658], [-71.161946, 41.68736], [-71.163046, 41.685693], [-71.163415, 41.684723], [-71.163006, 41.684663], [-71.163793, 41.683608], [-71.164011, 41.683333], [-71.163594, 41.681665], [-71.160386, 41.680316], [-71.160573, 41.679742], [-71.163038, 41.679498], [-71.162582, 41.677763], [-71.165278, 41.678277], [-71.165243, 41.677296], [-71.166272, 41.675371], [-71.168793, 41.676878], [-71.171688, 41.675629], [-71.175685, 41.675193], [-71.177332, 41.673824], [-71.1778044812287, 41.6717785904437], [-71.18129, 41.672502], [-71.184329906138, 41.6730524736456], [-71.1843331898864, 41.6730530682748], [-71.191175, 41.674292], [-71.191178, 41.674216], [-71.19439, 41.674802], [-71.19564, 41.67509], [-71.19569, 41.675102], [-71.2012209584915, 41.6818607518953], [-71.19619, 41.686302]]]}}, {"type": "Feature", "id": "06384", "properties": {"ZCTA5CE20": "06384", "GEOID20": "06384", "zip": "06384", "STUSPS": "RI"}, "geometry": {"type": "Polygon", "coordinates": [[[-71.884279, 41.641219], [-71.874516, 41.642129], [-71.857917, 41.644227], [-71.857481, 41.644201], [-71.854213, 41.645785], [-71.849418, 41.645524], [-71.847298, 41.645648], [-71.846992, 41.643757], [-71.820089, 41.641844], [-71.817437, 41.641866], [-71.796401, 41.640476], [-71.7876366458895, 41.6399171462982], [-71.787855198595, 41.6344503677445], [-71.789356, 41.59691], [-71.7893586727423, 41.5968521603427], [-71.79050845462, 41.5719702287765], [-71.7917036308261, 41.5461059382128], [-71.7925957022037, 41.5268010079481], [-71.7935683158896, 41.5057530964788], [-71.823172, 41.509564], [-71.831579, 41.510763], [-71.841191, 41.511856], [-71.847305, 41.512934], [-71.862033, 41.51477], [-71.861547, 41.516365], [-71.858228, 41.51908], [-71.857354, 41.521204], [-71.854493, 41.524012], [-71.853846, 41.527696], [-71.850963, 41.53008], [-71.848533, 41.533584], [-71.848782, 41.534437], [-71.850674, 41.534503], [-71.850967, 41.535961], [-71.853583, 41.539175], [-71.856711, 41.541873], [-71.857026, 41.543916], [-71.859292, 41.546077], [-71.859644, 41.547406], [-71.858718, 41.549578], [-71.860999, 41.552531], [-71.864586, 41.553156], [-71.86579, 41.551185], [-71.868881, 41.551755], [-71.870438, 41.55261], [-71.871821, 41.559919], [-71.874268, 41.572758], [-71.87529, 41.57913], [-71.875459, 41.57945], [-71.883219, 41.625098], [-71.88387, 41.630022], [-71.884422, 41.641204], [-71.884279, 41.641219]]]}}, {"type": "Feature", "id": "02903", "properties": {"ZCTA5CE20": "02903", "GEOID20": "02903", "zip": "02903", "STUSPS": "RI"}, "geometry": {"type": "Polygon", "coordinates": [[[-71.433716, 41.827164], [-71.431877, 41.827915], [-71.428543, 41.828415], [-71.428596, 41.828558], [-71.4265, 41.828963], [-71.424394, 41.829097], [-71.418218, 41.82774], [-71.418289, 41.828037], [-71.417793, 41.831066], [-71.41745, 41.832012], [-71.416878, 41.831894], [-71.412804, 41.83152], [-71.41229, 41.831468], [-71.411507, 41.831394], [-71.410629, 41.831528], [-71.410393, 41.830826], [-71.409073, 41.83099], [-71.408836, 41.830341], [-71.408301, 41.830378], [-71.408006, 41.829089], [-71.407279, 41.828025], [-71.406685, 41.827595], [-71.404808, 41.827721], [-71.40683, 41.826], [-71.406187, 41.826034], [-71.406281, 41.825252], [-71.40579, 41.82519], [-71.404579, 41.823502], [-71.403908, 41.822823], [-71.403168, 41.822052], [-71.4011, 41.819771], [-71.400368, 41.819476], [-71.398282, 41.819653], [-71.396095, 41.819895], [-71.394805, 41.819992], [-71.393631, 41.820129], [-71.393336, 41.820144], [-71.393366, 41.820348], [-71.393184, 41.820363], [-71.393205, 41.820502], [-71.393023, 41.820517], [-71.393076, 41.820864], [-71.391899, 41.820961], [-71.3918, 41.820271], [-71.38958, 41.820446], [-71.389653, 41.819043], [-71.385572, 41.818996], [-71.387083, 41.816372], [-71.38876, 41.815944], [-71.392876, 41.815121], [-71.395258, 41.811669], [-71.394984, 41.810773], [-71.393499, 41.8071], [-71.401855, 41.804043], [-71.403389, 41.807487], [-71.407242, 41.806549], [-71.407249, 41.807312], [-71.407211, 41.810131], [-71.407181, 41.810818], [-71.411209, 41.810226], [-71.411705, 41.811546], [-71.412315, 41.813282], [-71.414299, 41.813046], [-71.415298, 41.814495], [-71.416779, 41.814301], [-71.417374, 41.813686], [-71.418076, 41.814053], [-71.420662, 41.815285], [-71.420952, 41.814754], [-71.422104, 41.815601], [-71.425385, 41.814171], [-71.425896, 41.814537], [-71.422264, 41.817169], [-71.422333, 41.817413], [-71.426254, 41.817131], [-71.427483, 41.818256], [-71.426727, 41.818577], [-71.426605, 41.819321], [-71.428101, 41.820095], [-71.427767, 41.820171], [-71.42797, 41.820514], [-71.428776, 41.82161], [-71.429444, 41.822851], [-71.430267, 41.823833], [-71.429886, 41.823803], [-71.431414, 41.824777], [-71.43338, 41.824173], [-71.43364, 41.824219], [-71.428597, 41.825559], [-71.425882, 41.825894], [-71.425931, 41.826675], [-71.427666, 41.826324], [-71.427963, 41.82703], [-71.430511, 41.826385], [-71.430237, 41.825726], [-71.43309, 41.825039], [-71.433716, 41.827164]]]}}, {"type": "Feature", "id": "02921", "properties": {"ZCTA5CE20": "02921", "GEOID20": "02921", "zip": "02921", "STUSPS": "RI"}, "geometry": {"type": "Polygon", "coordinates": [[[-71.55929, 41.789344], [-71.55524, 41.789537], [-71.551445, 41.791014], [-71.54731, 41.792126], [-71.543488, 41.792538], [-71.535027, 41.793297], [-71.534225, 41.793213], [-71.530556, 41.791447], [-71.526405, 41.790329], [-71.521797, 41.789738], [-71.51894, 41.788879], [-71.516174, 41.788582], [-71.513844, 41.788417], [-71.506058, 41.788879], [-71.503067, 41.789143], [-71.497426, 41.790893], [-71.496758, 41.791031], [-71.495013, 41.791264], [-71.496694, 41.790216], [-71.496578, 41.786728], [-71.495056, 41.786301], [-71.494162, 41.785534], [-71.494453, 41.784119], [-71.493545, 41.78393], [-71.491966, 41.783215], [-71.486881, 41.782779], [-71.478518, 41.785465], [-71.478063, 41.784238], [-71.479798, 41.782063], [-71.479563, 41.780742], [-71.476397, 41.780909], [-71.475334, 41.780071], [-71.476532, 41.778999], [-71.477603, 41.77913], [-71.48079, 41.778206], [-71.480064, 41.775066], [-71.481361, 41.773613], [-71.481522, 41.771824], [-71.482079, 41.769291], [-71.482037, 41.767534], [-71.479121, 41.767089], [-71.480072, 41.763752], [-71.479474, 41.759121], [-71.479535, 41.758854], [-71.477028, 41.756931], [-71.477203, 41.756388], [-71.480263, 41.755566], [-71.481202, 41.752741], [-71.48372, 41.748451], [-71.488541, 41.740868], [-71.489365, 41.738964], [-71.489029, 41.734959], [-71.491192, 41.734718], [-71.493751, 41.731295], [-71.497849, 41.73115], [-71.516861, 41.730608], [-71.519413, 41.730469], [-71.519928, 41.730443], [-71.525348, 41.730328], [-71.530518, 41.730244], [-71.534286, 41.730171], [-71.540803, 41.730127], [-71.53909, 41.730753], [-71.537817, 41.731592], [-71.53711, 41.733474], [-71.535581, 41.734915], [-71.536278, 41.736476], [-71.535385, 41.737363], [-71.534668, 41.740246], [-71.5383, 41.740612], [-71.540115, 41.744339], [-71.54081, 41.74778], [-71.540756, 41.750999], [-71.537401, 41.752879], [-71.538364, 41.75663], [-71.549597, 41.756], [-71.547926, 41.759625], [-71.547774, 41.761782], [-71.547295, 41.762662], [-71.54002, 41.764391], [-71.537753, 41.764874], [-71.538812, 41.767267], [-71.540605, 41.76699], [-71.541127, 41.768398], [-71.54277, 41.76767], [-71.543256, 41.767383], [-71.54525, 41.769053], [-71.54844, 41.770302], [-71.54896, 41.77168], [-71.552388, 41.776723], [-71.55672, 41.775036], [-71.557796, 41.780386], [-71.55929, 41.789344]]]}}, {"type": "Feature", "id": "02908", "properties": {"ZCTA5CE20": "02908", "GEOID20": "02908", "zip": "02908", "STUSPS": "RI"}, "geometry": {"type": "Polygon", "coordinates": [[[-71.466949, 41.840477], [-71.46456, 41.842066], [-71.460292, 41.844957], [-71.45988, 41.844985], [-71.458861, 41.845124], [-71.458603, 41.845177], [-71.458473, 41.846035], [-71.458656, 41.846054], [-71.455905, 41.847903], [-71.456184, 41.848011], [-71.45614, 41.850727], [-71.451263, 41.85102], [-71.449829, 41.851994], [-71.449493, 41.852185], [-71.448418, 41.852264], [-71.449303, 41.851185], [-71.449896, 41.850104], [-71.443985, 41.851147], [-71.443596, 41.850945], [-71.442391, 41.851054], [-71.441357, 41.853349], [-71.439163, 41.854095], [-71.43792, 41.853271], [-71.437141, 41.852753], [-71.436827, 41.852814], [-71.436462, 41.852802], [-71.436418, 41.852529], [-71.435776, 41.852476], [-71.435041, 41.851597], [-71.434751, 41.851686], [-71.434099, 41.85047], [-71.433815, 41.850227], [-71.431145, 41.851902], [-71.431404, 41.852085], [-71.430201, 41.853021], [-71.42939, 41.852507], [-71.428825, 41.853676], [-71.428055, 41.853474], [-71.426628, 41.853081], [-71.425735, 41.851334], [-71.424454, 41.849792], [-71.420647, 41.845284], [-71.417953, 41.840633], [-71.417801, 41.840631], [-71.415688, 41.836838], [-71.415443, 41.836182], [-71.415021, 41.836616], [-71.414928, 41.836479], [-71.412733, 41.832819], [-71.41229, 41.831468], [-71.412804, 41.83152], [-71.416878, 41.831894], [-71.41745, 41.832012], [-71.417793, 41.831066], [-71.418289, 41.828037], [-71.418218, 41.82774], [-71.424394, 41.829097], [-71.4265, 41.828963], [-71.428596, 41.828558], [-71.431805, 41.82806], [-71.43849, 41.825029], [-71.438312, 41.824514], [-71.439476, 41.824562], [-71.439396, 41.8249], [-71.441534, 41.825007], [-71.443383, 41.82523], [-71.443398, 41.82478], [-71.443718, 41.824802], [-71.444626, 41.824852], [-71.446655, 41.824966], [-71.44742, 41.826175], [-71.448628, 41.825102], [-71.448631, 41.825066], [-71.452202, 41.825237], [-71.452617, 41.825626], [-71.453064, 41.828796], [-71.453026, 41.832382], [-71.452782, 41.832409], [-71.453278, 41.834366], [-71.453494, 41.83434], [-71.453574, 41.834674], [-71.453909, 41.834627], [-71.453819, 41.835281], [-71.453863, 41.835331], [-71.453559, 41.835498], [-71.453629, 41.835819], [-71.455032, 41.835114], [-71.456497, 41.832108], [-71.45858, 41.83289], [-71.459511, 41.83315], [-71.461502, 41.834015], [-71.462517, 41.83728], [-71.463852, 41.837139], [-71.464119, 41.838062], [-71.464504, 41.840909], [-71.465683, 41.840885], [-71.466094, 41.838866], [-71.466949, 41.840477]], [[-71.440498, 41.843094], [-71.438576, 41.842121], [-71.433594, 41.841496], [-71.432205, 41.841328], [-71.429871, 41.841137], [-71.42972, 41.841124], [-71.429276, 41.844156], [-71.429374, 41.844169], [-71.433043, 41.844464], [-71.432643, 41.84679], [-71.434205, 41.847197], [-71.434475, 41.846179], [-71.437668, 41.846672], [-71.438583, 41.846813], [-71.438889, 41.845612], [-71.439713, 41.845726], [-71.440498, 41.843094]]]}}, {"type": "Feature", "id": "02904", "properties": {"ZCTA5CE20": "02904", "GEOID20": "02904", "zip": "02904", "STUSPS": "RI"}, "geometry": {"type": "Polygon", "coordinates": [[[-71.474826, 41.871727], [-71.466759, 41.872767], [-71.463265, 41.873529], [-71.455584, 41.874429], [-71.449154, 41.875242], [-71.438179, 41.876588], [-71.433654, 41.87721], [-71.4219, 41.878695], [-71.42114, 41.875346], [-71.419876, 41.869774], [-71.419523, 41.868421], [-71.418624, 41.864849], [-71.417418, 41.859666], [-71.411057, 41.858913], [-71.410803, 41.856724], [-71.406527, 41.855551], [-71.405543, 41.856672], [-71.399596, 41.856782], [-71.399456, 41.856786], [-71.39949, 41.855297], [-71.400551, 41.854176], [-71.40065, 41.853963], [-71.402252, 41.851278], [-71.402306, 41.851192], [-71.402672, 41.850567], [-71.400795, 41.849941], [-71.40303, 41.849976], [-71.40387, 41.848579], [-71.405052, 41.84676], [-71.403671, 41.846653], [-71.405357, 41.846252], [-71.407837, 41.841953], [-71.407982, 41.841991], [-71.408722, 41.84063], [-71.409531, 41.838345], [-71.40799, 41.838364], [-71.406324, 41.837088], [-71.404394, 41.837031], [-71.405441, 41.835606], [-71.409813, 41.835091], [-71.409821, 41.834618], [-71.409462, 41.834848], [-71.408301, 41.830378], [-71.408836, 41.830341], [-71.409073, 41.83099], [-71.410393, 41.830826], [-71.410629, 41.831528], [-71.411507, 41.831394], [-71.41229, 41.831468], [-71.412733, 41.832819], [-71.414928, 41.836479], [-71.415021, 41.836616], [-71.415443, 41.836182], [-71.415688, 41.836838], [-71.417801, 41.840631], [-71.417953, 41.840633], [-71.420647, 41.845284], [-71.424454, 41.849792], [-71.425735, 41.851334], [-71.426628, 41.853081], [-71.428055, 41.853474], [-71.428825, 41.853676], [-71.42939, 41.852507], [-71.430201, 41.853021], [-71.431404, 41.852085], [-71.431145, 41.851902], [-71.433815, 41.850227], [-71.434099, 41.85047], [-71.434751, 41.851686], [-71.435041, 41.851597], [-71.435776, 41.852476], [-71.436418, 41.852529], [-71.436462, 41.852802], [-71.436827, 41.852814], [-71.437141, 41.852753], [-71.43792, 41.853271], [-71.439163, 41.854095], [-71.441357, 41.853349], [-71.442391, 41.851054], [-71.443596, 41.850945], [-71.443985, 41.851147], [-71.449896, 41.850104], [-71.449303, 41.851185], [-71.448418, 41.852264], [-71.449493, 41.852185], [-71.449829, 41.851994], [-71.44976, 41.852764], [-71.449112, 41.852856], [-71.450653, 41.85301], [-71.451647, 41.856313], [-71.452535, 41.856407], [-71.454535, 41.855848], [-71.458665, 41.856014], [-71.458984, 41.856441], [-71.462494, 41.857334], [-71.461548, 41.85836], [-71.463165, 41.859974], [-71.463249, 41.859791], [-71.465561, 41.86079], [-71.466614, 41.859379], [-71.470955, 41.858883], [-71.471725, 41.859787], [-71.472015, 41.861067], [-71.472626, 41.861], [-71.47287, 41.860897], [-71.472649, 41.859688], [-71.473503, 41.859596], [-71.474053, 41.86265], [-71.472747, 41.862637], [-71.470856, 41.866589], [-71.471252, 41.866974], [-71.471931, 41.86784], [-71.471573, 41.869187], [-71.473966, 41.868913], [-71.473602, 41.870823], [-71.475526, 41.87157], [-71.474826, 41.871727]]]}}, {"type": "Feature", "id": "02809", "properties": {"ZCTA5CE20": "02809", "GEOID20": "02809", "zip": "02809", "STUSPS": "RI"}, "geometry": {"type": "Polygon", "coordinates": [[[-71.306095, 41.672575], [-71.302627, 41.681747], [-71.298935, 41.681524], [-71.2985352815244, 41.6819929269531], [-71.2981918315147, 41.6823958429462], [-71.2942149415977, 41.6870613037274], [-71.293119, 41.688347], [-71.2926625181534, 41.6917835739017], [-71.2913386099386, 41.7017504728124], [-71.291217, 41.702666], [-71.2913768606385, 41.7028418614594], [-71.2953436947808, 41.7072057452012], [-71.294039, 41.71028], [-71.291377, 41.70955], [-71.280524, 41.711059], [-71.267494, 41.712886], [-71.258159, 41.714172], [-71.255492, 41.714601], [-71.25153, 41.715408], [-71.246558, 41.703415], [-71.24443, 41.701208], [-71.2436945481979, 41.6983903268528], [-71.24581, 41.697162], [-71.2457826920228, 41.6970293694664], [-71.245335, 41.694855], [-71.2442359893783, 41.6921885606296], [-71.2430069827236, 41.6892067225421], [-71.242482, 41.687933], [-71.2380507055388, 41.6821751513273], [-71.237635, 41.681635], [-71.234639, 41.67746], [-71.2346510265335, 41.6773701636506], [-71.235352, 41.672134], [-71.236778, 41.66805], [-71.238442, 41.665565], [-71.240343, 41.665565], [-71.244384, 41.669116], [-71.250326, 41.665032], [-71.2514108243768, 41.6634735743015], [-71.253416, 41.660593], [-71.254604, 41.652247], [-71.2565612673864, 41.6504590147391], [-71.256743, 41.650293], [-71.2567806115379, 41.6500123357507], [-71.257219, 41.646741], [-71.25956, 41.642595], [-71.2596337688876, 41.6426035220376], [-71.263161, 41.643011], [-71.267055, 41.644945], [-71.2685623242623, 41.6486853602722], [-71.270075, 41.652439], [-71.26918, 41.6549], [-71.267676, 41.657397], [-71.2690496932564, 41.6599605214729], [-71.269103, 41.66006], [-71.272192, 41.661303], [-71.2736618661081, 41.6626397796396], [-71.2769264653466, 41.6656087914219], [-71.2773698209797, 41.6660120041908], [-71.277659, 41.666275], [-71.278575201343, 41.6684072750133], [-71.2790078719423, 41.6694142291233], [-71.2791683740253, 41.6697877655558], [-71.280366, 41.672575], [-71.2800211241292, 41.6738854829009], [-71.2793395571677, 41.6764753476156], [-71.278847, 41.678347], [-71.2792489249264, 41.6784971179938], [-71.282175, 41.67959], [-71.2824213589768, 41.6798002974133], [-71.285502, 41.68243], [-71.287404, 41.680478], [-71.289068, 41.67959], [-71.287637, 41.672463], [-71.290546, 41.662395], [-71.293346, 41.660238], [-71.297862, 41.658284], [-71.297624, 41.653845], [-71.299159, 41.649531], [-71.301396, 41.649978], [-71.303746, 41.654788], [-71.304992, 41.65935], [-71.306095, 41.672575]]]}}, {"type": "Feature", "id": "02837", "properties": {"ZCTA5CE20": "02837", "GEOID20": "02837", "zip": "02837", "STUSPS": "RI"}, "geometry": {"type": "Polygon", "coordinates": [[[-71.2117224238898, 41.5454484574611], [-71.196739, 41.548677], [-71.159843, 41.556302], [-71.141391, 41.56025], [-71.140106, 41.560472], [-71.135147, 41.561576], [-71.132672, 41.562124], [-71.1276180795753, 41.5632308113072], [-71.1268724270765, 41.5573613079298], [-71.1265952228316, 41.5551792576397], [-71.1256847608839, 41.548012434642], [-71.1224, 41.522156], [-71.12057, 41.497448], [-71.129229, 41.496284], [-71.1346872777598, 41.4946103568325], [-71.136867, 41.493942], [-71.1381332537541, 41.4927419653845], [-71.141093, 41.489937], [-71.140224, 41.485855], [-71.139087, 41.483445], [-71.142439, 41.481215], [-71.145747, 41.481176], [-71.14646, 41.478505], [-71.148905, 41.477056], [-71.150859, 41.475819], [-71.154394, 41.476692], [-71.159274, 41.475985], [-71.162086, 41.474009], [-71.163097, 41.471738], [-71.167345, 41.471405], [-71.170233, 41.468381], [-71.170131, 41.463974], [-71.168648, 41.461452], [-71.170444, 41.460621], [-71.173619, 41.461422], [-71.175535, 41.459854], [-71.177916, 41.46081], [-71.180544, 41.459742], [-71.186279, 41.460285], [-71.193979, 41.456396], [-71.194967, 41.459037], [-71.196857, 41.461116], [-71.196607, 41.464756], [-71.192354, 41.466564], [-71.192459, 41.470443], [-71.191924, 41.474363], [-71.190016, 41.478275], [-71.190167, 41.484285], [-71.19939, 41.491769], [-71.199692, 41.495511], [-71.202262, 41.498384], [-71.206382, 41.499215], [-71.200788, 41.514371], [-71.202034, 41.517065], [-71.204773, 41.519104], [-71.204796, 41.523344], [-71.207306, 41.526388], [-71.208257, 41.52888], [-71.204929, 41.5408], [-71.20683, 41.543468], [-71.2117224238898, 41.5454484574611]]]}}, {"type": "Feature", "id": "02882", "properties": {"ZCTA5CE20": "02882", "GEOID20": "02882", "zip": "02882", "STUSPS": "RI"}, "geometry": {"type": "Polygon", "coordinates": [[[-71.517312, 41.382136], [-71.51464, 41.38479], [-71.50839, 41.399198], [-71.505063, 41.406961], [-71.504827, 41.407512], [-71.503202, 41.417601], [-71.497101, 41.417502], [-71.495801, 41.422601], [-71.49265, 41.422427], [-71.493889, 41.427537], [-71.492724, 41.427029], [-71.485485, 41.425227], [-71.48465, 41.427615], [-71.488548, 41.430187], [-71.485069, 41.43153], [-71.487227, 41.431726], [-71.489991, 41.431714], [-71.489553, 41.431911], [-71.487704, 41.432149], [-71.483326, 41.435421], [-71.482628, 41.435757], [-71.475075, 41.438877], [-71.474835, 41.438891], [-71.4727, 41.440015], [-71.469497, 41.441295], [-71.46801, 41.441777], [-71.466022, 41.442563], [-71.464283, 41.443543], [-71.4526, 41.452202], [-71.451617, 41.453157], [-71.450869, 41.45791], [-71.451137, 41.461604], [-71.449924, 41.465952], [-71.448398, 41.468729], [-71.4496, 41.472401], [-71.448703, 41.475007], [-71.447819, 41.480547], [-71.447362, 41.481249], [-71.447922, 41.486443], [-71.447047, 41.48833], [-71.446657, 41.489077], [-71.447255, 41.494062], [-71.447691, 41.494865], [-71.437721, 41.495121], [-71.437973, 41.49398], [-71.438049, 41.492046], [-71.430321, 41.492359], [-71.430565, 41.495213], [-71.421242, 41.49543], [-71.4212789508847, 41.4972344498935], [-71.420858, 41.493215], [-71.4195117733819, 41.4925648710478], [-71.418603, 41.492126], [-71.420508435714, 41.4902285183312], [-71.420759, 41.489979], [-71.420267, 41.48358], [-71.417957, 41.482073], [-71.417621, 41.477934], [-71.418404, 41.472652], [-71.4194425306614, 41.4716093197427], [-71.421157, 41.469888], [-71.4213514430364, 41.4701842234698], [-71.422991, 41.472682], [-71.4274319330431, 41.4725462091964], [-71.427635, 41.47254], [-71.430744, 41.470636], [-71.430926, 41.465655], [-71.4303434893937, 41.4627781368961], [-71.430012, 41.461141], [-71.426684, 41.458825], [-71.425817, 41.456002], [-71.426855, 41.454127], [-71.4297764376354, 41.4531906637896], [-71.430259, 41.453036], [-71.432087, 41.449389], [-71.431137, 41.447301], [-71.433612, 41.444995], [-71.438129, 41.441654], [-71.43833, 41.439585], [-71.4390585068274, 41.4391944304806], [-71.4406, 41.438368], [-71.442223, 41.439721], [-71.442788, 41.441398], [-71.448948, 41.438479], [-71.4546297295387, 41.433953881781], [-71.4546807571771, 41.4339132416741], [-71.4546866550124, 41.4339085444421], [-71.4547148036345, 41.433886125944], [-71.455393086153, 41.4333459192057], [-71.455845, 41.432986], [-71.4550562836209, 41.4304838652801], [-71.455004, 41.430318], [-71.455388, 41.428005], [-71.4548685631494, 41.4223497227391], [-71.45482, 41.421821], [-71.452643, 41.41778], [-71.4526417970114, 41.4168711421373], [-71.452639, 41.414758], [-71.452974, 41.409676], [-71.455371, 41.407962], [-71.456211, 41.405123], [-71.459242, 41.403119], [-71.462325, 41.401276], [-71.462523, 41.398224], [-71.463743, 41.395753], [-71.467312, 41.394951], [-71.468984, 41.393621], [-71.4703911739429, 41.3918384373898], [-71.474918, 41.386104], [-71.4759927994283, 41.3844530802965], [-71.4784540235657, 41.3806725764034], [-71.484203, 41.371842], [-71.48294, 41.365929], [-71.480439, 41.362416], [-71.480702076382, 41.3611078587242], [-71.480875, 41.360248], [-71.484658, 41.361436], [-71.487696, 41.361487], [-71.489218, 41.362373], [-71.488956, 41.364351], [-71.494898, 41.368275], [-71.497275, 41.371307], [-71.502926, 41.3742], [-71.5132876462769, 41.3752257782519], [-71.513401, 41.375237], [-71.514246350559, 41.3753977691244], [-71.515712, 41.37815], [-71.515012, 41.378902], [-71.517312, 41.382136]]]}}, {"type": "Feature", "id": "02860", "properties": {"ZCTA5CE20": "02860", "GEOID20": "02860", "zip": "02860", "STUSPS": "RI"}, "geometry": {"type": "Polygon", "coordinates": [[[-71.4219, 41.878695], [-71.415553, 41.879547], [-71.406403, 41.880716], [-71.405004, 41.880894], [-71.403706, 41.881059], [-71.394872, 41.882259], [-71.39231, 41.882599], [-71.392166, 41.882446], [-71.391533, 41.882683], [-71.3907, 41.883004], [-71.390573, 41.882812], [-71.388234, 41.883125], [-71.386742, 41.883316], [-71.385269, 41.883511], [-71.381008, 41.884067], [-71.380219, 41.88793], [-71.383093, 41.88987], [-71.381638, 41.8927], [-71.3815293543911, 41.8932257679386], [-71.3766, 41.893999], [-71.3764963977197, 41.8940137950418], [-71.3763523440612, 41.8940343667888], [-71.373799, 41.894399], [-71.3737565749265, 41.8944020303624], [-71.372246, 41.892509], [-71.370522, 41.890362], [-71.368362, 41.887601], [-71.367626, 41.886277], [-71.367027, 41.885227], [-71.365471, 41.882407], [-71.364915, 41.880487], [-71.364655, 41.876281], [-71.364587, 41.874956], [-71.364381, 41.870407], [-71.364067, 41.864662], [-71.363744, 41.85854], [-71.365795, 41.858341], [-71.363645, 41.85636], [-71.363657, 41.853352], [-71.3658, 41.849695], [-71.369054, 41.848528], [-71.368317, 41.847431], [-71.370463, 41.846556], [-71.37226, 41.844157], [-71.372334, 41.850548], [-71.375021, 41.857449], [-71.376699, 41.8575], [-71.379003, 41.857478], [-71.383719, 41.857086], [-71.391101, 41.856945], [-71.399456, 41.856786], [-71.399596, 41.856782], [-71.405543, 41.856672], [-71.406527, 41.855551], [-71.410803, 41.856724], [-71.411057, 41.858913], [-71.417418, 41.859666], [-71.418624, 41.864849], [-71.419523, 41.868421], [-71.419876, 41.869774], [-71.42114, 41.875346], [-71.4219, 41.878695]]]}}, {"type": "Feature", "id": "02920", "properties": {"ZCTA5CE20": "02920", "GEOID20": "02920", "zip": "02920", "STUSPS": "RI"}, "geometry": {"type": "Polygon", "coordinates": [[[-71.496694, 41.790216], [-71.495013, 41.791264], [-71.490166, 41.791393], [-71.487373, 41.793221], [-71.484276, 41.795246], [-71.482727, 41.795998], [-71.481354, 41.796497], [-71.479736, 41.796852], [-71.47231, 41.79646], [-71.471598, 41.79831], [-71.469597, 41.798812], [-71.467582, 41.798109], [-71.466167, 41.802652], [-71.466027, 41.803749], [-71.463665, 41.805046], [-71.462306, 41.804965], [-71.461825, 41.805023], [-71.461145, 41.804919], [-71.460784, 41.804614], [-71.460551, 41.804566], [-71.460089, 41.804399], [-71.459473, 41.80537], [-71.457703, 41.805569], [-71.452314, 41.806133], [-71.452294, 41.806076], [-71.450128, 41.805839], [-71.447533, 41.806614], [-71.443678, 41.807032], [-71.442223, 41.807203], [-71.442015, 41.80604], [-71.441318, 41.80475], [-71.440541, 41.803946], [-71.440252, 41.803705], [-71.439911, 41.800915], [-71.441215, 41.7969], [-71.441216, 41.796215], [-71.440572, 41.793747], [-71.442213, 41.794225], [-71.445625, 41.793095], [-71.447868, 41.792645], [-71.448359, 41.793258], [-71.449475, 41.792121], [-71.452441, 41.789759], [-71.456061, 41.787147], [-71.456055, 41.786068], [-71.45726, 41.783974], [-71.456099, 41.78426], [-71.454947, 41.781546], [-71.452593, 41.779486], [-71.451591, 41.776604], [-71.454111, 41.773934], [-71.453776, 41.770716], [-71.451644, 41.768388], [-71.449907, 41.768722], [-71.448689, 41.767068], [-71.447616, 41.765494], [-71.44377, 41.762162], [-71.443685, 41.761247], [-71.443298, 41.75982], [-71.442035, 41.758337], [-71.440574, 41.757912], [-71.43912, 41.75639], [-71.441165, 41.754712], [-71.440619, 41.752153], [-71.446538, 41.748887], [-71.445327, 41.745607], [-71.444359, 41.744209], [-71.444044, 41.743349], [-71.443963, 41.74118], [-71.444684, 41.740155], [-71.446198, 41.739979], [-71.451278, 41.739704], [-71.453736, 41.737428], [-71.45285, 41.734335], [-71.455342, 41.732365], [-71.460249, 41.732278], [-71.460599, 41.732268], [-71.467939, 41.732079], [-71.476815, 41.731789], [-71.476971, 41.731752], [-71.48391, 41.731603], [-71.486568, 41.731519], [-71.493751, 41.731295], [-71.491192, 41.734718], [-71.489029, 41.734959], [-71.489365, 41.738964], [-71.488541, 41.740868], [-71.48372, 41.748451], [-71.481202, 41.752741], [-71.480263, 41.755566], [-71.477203, 41.756388], [-71.477028, 41.756931], [-71.479535, 41.758854], [-71.479474, 41.759121], [-71.480072, 41.763752], [-71.479121, 41.767089], [-71.482037, 41.767534], [-71.482079, 41.769291], [-71.481522, 41.771824], [-71.481361, 41.773613], [-71.480064, 41.775066], [-71.48079, 41.778206], [-71.477603, 41.77913], [-71.476532, 41.778999], [-71.475334, 41.780071], [-71.476397, 41.780909], [-71.479563, 41.780742], [-71.479798, 41.782063], [-71.478063, 41.784238], [-71.478518, 41.785465], [-71.486881, 41.782779], [-71.491966, 41.783215], [-71.493545, 41.78393], [-71.494453, 41.784119], [-71.494162, 41.785534], [-71.495056, 41.786301], [-71.496578, 41.786728], [-71.496694, 41.790216]]]}}, {"type": "Feature", "id": "02896", "properties": {"ZCTA5CE20": "02896", "GEOID20": "02896", "zip": "02896", "STUSPS": "RI"}, "geometry": {"type": "Polygon", "coordinates": [[[-71.6067340253166, 42.0134114250923], [-71.5943349658796, 42.0136968430452], [-71.5941189192252, 42.0137018162929], [-71.5911031922974, 42.0137712362848], [-71.5868638963374, 42.0138688220074], [-71.576908, 42.014098], [-71.5636650212292, 42.0142829726269], [-71.559439, 42.014342], [-71.553360975429, 42.0144672531687], [-71.5532550816325, 42.0144694353799], [-71.5291173605566, 42.0149668545684], [-71.530467, 42.011316], [-71.529658, 42.009827], [-71.539854, 42.009873], [-71.537849, 42.004677], [-71.535971, 42.00001], [-71.533195, 41.99342], [-71.531754, 41.989574], [-71.528008, 41.988407], [-71.522354, 41.985653], [-71.518066, 41.983696], [-71.515816, 41.98328], [-71.515274, 41.983063], [-71.507066, 41.981737], [-71.499427, 41.980541], [-71.491746, 41.979612], [-71.489547, 41.97935], [-71.487364, 41.979085], [-71.487959, 41.977536], [-71.488796, 41.977047], [-71.489096, 41.974743], [-71.487538, 41.97296], [-71.486681, 41.969489], [-71.48826, 41.968354], [-71.486439, 41.965911], [-71.487625, 41.963139], [-71.487221, 41.961536], [-71.486991, 41.961232], [-71.487292, 41.958456], [-71.4852, 41.956312], [-71.488129, 41.954871], [-71.487401, 41.952056], [-71.48719, 41.950504], [-71.48744, 41.947114], [-71.484332, 41.945598], [-71.485304, 41.942507], [-71.488229, 41.944392], [-71.490788, 41.943241], [-71.490891, 41.94322], [-71.508805, 41.941498], [-71.511805, 41.941298], [-71.526775, 41.93972], [-71.551483, 41.937286], [-71.551961, 41.937234], [-71.555328, 41.936874], [-71.585034, 41.934149], [-71.582481, 41.935728], [-71.581896, 41.939559], [-71.582358, 41.941339], [-71.584386, 41.943226], [-71.583926, 41.943963], [-71.584039, 41.947567], [-71.585176, 41.948551], [-71.583838, 41.950622], [-71.587598, 41.9504], [-71.59082, 41.949491], [-71.593658, 41.950836], [-71.596898, 41.966123], [-71.600443, 41.983027], [-71.600605, 41.983879], [-71.601203, 41.986485], [-71.604693, 42.003246], [-71.605278, 42.006222], [-71.6067340253166, 42.0134114250923]], [[-71.595071, 41.994399], [-71.594839, 41.994663], [-71.594114, 41.995132], [-71.592763, 41.994342], [-71.590538, 41.994852], [-71.585331, 41.994806], [-71.580633, 41.99899], [-71.579781, 41.999288], [-71.579076, 41.99913], [-71.580948, 41.998101], [-71.577621, 41.995792], [-71.576714, 41.996151], [-71.578953, 41.999141], [-71.573308, 41.998176], [-71.569518, 41.999146], [-71.568718, 41.998523], [-71.56526, 41.996149], [-71.563521, 41.996226], [-71.562892, 41.996453], [-71.557029, 41.996647], [-71.557892, 41.998459], [-71.558937, 42.000042], [-71.560013, 42.001068], [-71.56588, 42.00386], [-71.56685, 41.999709], [-71.568683, 42.000252], [-71.568405, 41.99887], [-71.56998, 41.999679], [-71.573202, 42.000126], [-71.572903, 42.000736], [-71.571563, 42.00041], [-71.571318, 42.001248], [-71.572854, 42.00167], [-71.574523, 42.001618], [-71.574755, 42.001172], [-71.573615, 42.00089], [-71.572992, 42.001026], [-71.573351, 42.000165], [-71.577133, 42.001003], [-71.579109, 42.000324], [-71.580048, 41.999947], [-71.580961, 42.000429], [-71.585188, 41.997744], [-71.58574, 41.998388], [-71.588107, 41.997228], [-71.588596, 42.001441], [-71.592084, 41.999514], [-71.590203, 41.998135], [-71.590622, 41.995766], [-71.594696, 41.995293], [-71.595265, 41.994417], [-71.595071, 41.994399]]]}}, {"type": "Feature", "id": "02878", "properties": {"ZCTA5CE20": "02878", "GEOID20": "02878", "zip": "02878", "STUSPS": "RI"}, "geometry": {"type": "Polygon", "coordinates": [[[-71.220998, 41.560877], [-71.219933, 41.562483], [-71.218714, 41.562678], [-71.216863, 41.561819], [-71.2142202491351, 41.5600726888558], [-71.21407544, 41.559977], [-71.211415, 41.558219], [-71.209823, 41.558709], [-71.209563, 41.560292], [-71.210207, 41.563039], [-71.20865, 41.571028], [-71.208352, 41.581172], [-71.214436, 41.583659], [-71.214674, 41.585971], [-71.209445, 41.590593], [-71.209207, 41.59397], [-71.205404, 41.594325], [-71.203741, 41.596103], [-71.2041537663438, 41.5974408723991], [-71.204454, 41.598414], [-71.20778, 41.60066], [-71.2119403128885, 41.6086905301285], [-71.212656, 41.610072], [-71.2121333145449, 41.6183296572725], [-71.212118455458, 41.6185644088737], [-71.212115, 41.618619], [-71.2120462331728, 41.619833550797], [-71.211837, 41.623529], [-71.215308, 41.625491], [-71.2167439753992, 41.62558690832], [-71.214127, 41.638142], [-71.2139295752828, 41.639103], [-71.211822, 41.639103], [-71.210871, 41.642301], [-71.208019, 41.653135], [-71.2053118849548, 41.6579362529944], [-71.2036776550012, 41.6608346711728], [-71.1964008932469, 41.6737405039796], [-71.19564, 41.67509], [-71.19439, 41.674802], [-71.191178, 41.674216], [-71.191175, 41.674292], [-71.1843331898864, 41.6730530682748], [-71.184329906138, 41.6730524736456], [-71.18129, 41.672502], [-71.1778044812287, 41.6717785904437], [-71.17599, 41.671402], [-71.1760865819477, 41.6686011235154], [-71.17609, 41.668502], [-71.17609, 41.668102], [-71.1622306023385, 41.6655936252366], [-71.1621482835032, 41.665578726574], [-71.159124752106, 41.6650315058334], [-71.153989, 41.664102], [-71.1535886121892, 41.6640375454035], [-71.14587, 41.662795], [-71.135188, 41.660502], [-71.134688, 41.660502], [-71.132888, 41.660102], [-71.13267, 41.658744], [-71.134478, 41.641262], [-71.134484, 41.641198], [-71.1347011713227, 41.6388899233839], [-71.1354605878785, 41.6308189148728], [-71.135675749492, 41.6285321972593], [-71.135688, 41.628402], [-71.140468, 41.623893], [-71.141509, 41.616076], [-71.14091, 41.607405], [-71.1408678892548, 41.607103816627], [-71.140588, 41.605102], [-71.1385490700026, 41.6034285758646], [-71.137492, 41.602561], [-71.131618, 41.593918], [-71.131491526431, 41.5932525671699], [-71.131312, 41.592308], [-71.1276180795753, 41.5632308113072], [-71.132672, 41.562124], [-71.135147, 41.561576], [-71.140106, 41.560472], [-71.141391, 41.56025], [-71.159843, 41.556302], [-71.196739, 41.548677], [-71.2117224238898, 41.5454484574611], [-71.215995, 41.547178], [-71.215953, 41.548464], [-71.215343, 41.549297], [-71.215701, 41.552131], [-71.215015, 41.553836], [-71.213532, 41.554741], [-71.213778, 41.556795], [-71.218739, 41.559296], [-71.220276, 41.559587], [-71.220998, 41.560877]]]}}, {"type": "Feature", "id": "02914", "properties": {"ZCTA5CE20": "02914", "GEOID20": "02914", "zip": "02914", "STUSPS": "RI"}, "geometry": {"type": "Polygon", "coordinates": [[[-71.395258, 41.811669], [-71.392876, 41.815121], [-71.38876, 41.815944], [-71.387083, 41.816372], [-71.385572, 41.818996], [-71.382797, 41.822695], [-71.379509, 41.826557], [-71.377434, 41.829288], [-71.373587, 41.832486], [-71.373099, 41.8366], [-71.372996, 41.838065], [-71.368779, 41.838812], [-71.365139, 41.838641], [-71.362238, 41.835498], [-71.362069, 41.834921], [-71.366288, 41.832576], [-71.367958, 41.83168], [-71.363457, 41.830869], [-71.362829, 41.831023], [-71.362083, 41.830765], [-71.362038, 41.83083], [-71.359623, 41.82951], [-71.359947, 41.828413], [-71.359642, 41.828304], [-71.359714, 41.828077], [-71.359183, 41.827942], [-71.35762, 41.827303], [-71.356008, 41.82991], [-71.353348, 41.829327], [-71.352386, 41.828938], [-71.351944, 41.829933], [-71.351074, 41.83085], [-71.349737, 41.829484], [-71.350148, 41.825888], [-71.34846, 41.825212], [-71.3458887317406, 41.8258871802048], [-71.347197, 41.8231], [-71.339197, 41.809], [-71.3390217068965, 41.8085909827586], [-71.3390037431442, 41.8085490673364], [-71.338897, 41.8083], [-71.3392736117647, 41.8066052470588], [-71.339297, 41.8065], [-71.339297, 41.8044], [-71.3401734253394, 41.8019460090498], [-71.340797, 41.8002], [-71.3407635773481, 41.7995649696132], [-71.344824, 41.801204], [-71.34547, 41.798982], [-71.350701, 41.803081], [-71.351456, 41.803238], [-71.351456, 41.801926], [-71.351471, 41.798183], [-71.351982, 41.795567], [-71.353271, 41.795856], [-71.363365, 41.798065], [-71.365784, 41.798981], [-71.36834, 41.798759], [-71.369011, 41.796764], [-71.369659, 41.796158], [-71.367142, 41.793961], [-71.368416, 41.793087], [-71.371231, 41.792427], [-71.373234, 41.790274], [-71.373352, 41.79099], [-71.374246, 41.791959], [-71.374444, 41.79216], [-71.375031, 41.792067], [-71.377299, 41.7947], [-71.380799, 41.7963], [-71.385199, 41.8021], [-71.390099, 41.8052], [-71.393499, 41.8071], [-71.394984, 41.810773], [-71.395258, 41.811669]]]}}, {"type": "Feature", "id": "02852", "properties": {"ZCTA5CE20": "02852", "GEOID20": "02852", "zip": "02852", "STUSPS": "RI"}, "geometry": {"type": "Polygon", "coordinates": [[[-71.522429, 41.602566], [-71.520447, 41.602616], [-71.510712, 41.602625], [-71.498405, 41.602655], [-71.498095, 41.602653], [-71.495697, 41.602634], [-71.484427, 41.602591], [-71.484458, 41.603739], [-71.485451, 41.612974], [-71.487503, 41.613487], [-71.488005, 41.615169], [-71.487441, 41.616905], [-71.48631, 41.617447], [-71.486073, 41.619833], [-71.483306, 41.621547], [-71.482482, 41.62358], [-71.479358, 41.6242], [-71.476023, 41.626204], [-71.47132, 41.629076], [-71.472535, 41.632077], [-71.469727, 41.634499], [-71.467844, 41.634165], [-71.463436, 41.636544], [-71.462354, 41.63838], [-71.459123, 41.637946], [-71.458324, 41.636366], [-71.45558, 41.635109], [-71.45423, 41.632953], [-71.454404, 41.631202], [-71.45311, 41.629859], [-71.451366, 41.629455], [-71.448888, 41.632525], [-71.449286, 41.63673], [-71.446809, 41.638936], [-71.446231, 41.638743], [-71.445084, 41.641373], [-71.441986, 41.643275], [-71.442508, 41.645818], [-71.440925, 41.64618], [-71.439984, 41.647596], [-71.435944, 41.649223], [-71.432796, 41.651323], [-71.428941, 41.650569], [-71.423884, 41.653888], [-71.417581, 41.654952], [-71.4088799626671, 41.6538406570683], [-71.408893, 41.651466], [-71.4081086005779, 41.6410646801769], [-71.4077646024752, 41.6365031848678], [-71.407600631395, 41.6343288899893], [-71.407525, 41.633326], [-71.403154, 41.627468], [-71.403392, 41.625513], [-71.408621, 41.62196], [-71.4081649117748, 41.620484420448], [-71.407907, 41.61965], [-71.4047746437057, 41.6173078960529], [-71.402441, 41.615563], [-71.4025921662108, 41.6152663134495], [-71.4034610771757, 41.6135609442701], [-71.404342, 41.611832], [-71.404563832697, 41.6117716737244], [-71.4047173144871, 41.6117299351309], [-71.4067460740885, 41.6111782242582], [-71.4068783634118, 41.6111422488484], [-71.409571, 41.61041], [-71.4104447190153, 41.6106713438031], [-71.411948, 41.611121], [-71.4120493491196, 41.610994694345], [-71.4166938624213, 41.6052065010498], [-71.416939, 41.604901], [-71.4160841762071, 41.6041452625152], [-71.414325, 41.60259], [-71.403613, 41.602959], [-71.4034577353724, 41.6013262624685], [-71.403392, 41.600635], [-71.4034173251213, 41.5998769882985], [-71.40377, 41.589321], [-71.4050296249572, 41.5888455251303], [-71.4065609643499, 41.5882674852986], [-71.4103401482552, 41.5868409440376], [-71.4106295372466, 41.5867317074016], [-71.410997, 41.586593], [-71.419584, 41.585781], [-71.4199010917085, 41.58571], [-71.42960906356, 41.5835362881593], [-71.430249, 41.583393], [-71.4304722782763, 41.5832473994412], [-71.4341785747194, 41.5808305103367], [-71.439519, 41.577348], [-71.438806, 41.581437], [-71.440945, 41.584993], [-71.446412, 41.583215], [-71.444272, 41.578948], [-71.44705, 41.578429], [-71.4468840113494, 41.5774075714069], [-71.446412, 41.574503], [-71.4438918062973, 41.5733432215387], [-71.443322, 41.573081], [-71.438093, 41.570591], [-71.444091, 41.568043], [-71.443831, 41.566068], [-71.442157, 41.563816], [-71.439064, 41.56368], [-71.4373894301527, 41.5622515174078], [-71.437356, 41.562223], [-71.4359663398523, 41.5621649113121], [-71.435179, 41.562132], [-71.434371, 41.561633], [-71.4345196196971, 41.5612697845721], [-71.435227, 41.559541], [-71.434783, 41.558097], [-71.4342013185528, 41.5578963522632], [-71.432716, 41.557384], [-71.430175, 41.558237], [-71.428407, 41.557085], [-71.427873, 41.555475], [-71.4308928186118, 41.5503607296397], [-71.431045, 41.550103], [-71.428646, 41.546986], [-71.4268494307401, 41.5481213351875], [-71.429508, 41.545638], [-71.431831, 41.547727], [-71.436731, 41.549382], [-71.438658, 41.550978], [-71.437405, 41.549204], [-71.433978, 41.547657], [-71.432493, 41.547549], [-71.432948, 41.546554], [-71.432079, 41.545663], [-71.434248, 41.545538], [-71.433282, 41.54496], [-71.434858, 41.542242], [-71.43613, 41.541612], [-71.437683, 41.539058], [-71.436325, 41.537292], [-71.437462, 41.536907], [-71.438774, 41.538757], [-71.438629, 41.535557], [-71.445493, 41.53653], [-71.445932, 41.534868], [-71.444168, 41.532521], [-71.445765, 41.529105], [-71.455641, 41.53098], [-71.459907, 41.531024], [-71.46258, 41.530749], [-71.465988, 41.53006], [-71.465744, 41.528961], [-71.465719, 41.524919], [-71.465122, 41.522571], [-71.473495, 41.520794], [-71.474579, 41.52327], [-71.476662, 41.523533], [-71.477967, 41.525142], [-71.475511, 41.525045], [-71.473713, 41.52592], [-71.473033, 41.528073], [-71.471879, 41.526983], [-71.470347, 41.52753], [-71.471288, 41.529337], [-71.473291, 41.529825], [-71.475869, 41.528836], [-71.47627, 41.531211], [-71.474062, 41.533363], [-71.47424, 41.534853], [-71.476002, 41.534752], [-71.479762, 41.537596], [-71.484525, 41.538018], [-71.489269, 41.542146], [-71.489471, 41.54002], [-71.4897, 41.539555], [-71.491013, 41.539085], [-71.492843, 41.538908], [-71.492388, 41.544452], [-71.491683, 41.544844], [-71.493186, 41.545638], [-71.49555, 41.5419], [-71.497334, 41.541773], [-71.498354, 41.539921], [-71.498028, 41.538614], [-71.498353, 41.538682], [-71.500427, 41.54039], [-71.502579, 41.541016], [-71.510615, 41.542605], [-71.519493, 41.544415], [-71.51918, 41.556332], [-71.51886, 41.564684], [-71.518059, 41.575981], [-71.517926, 41.577265], [-71.518015, 41.581416], [-71.51812, 41.592208], [-71.518433, 41.59404], [-71.521904, 41.600842], [-71.522429, 41.602566]]]}}, {"type": "Feature", "id": "06373", "properties": {"ZCTA5CE20": "06373", "GEOID20": "06373", "zip": "06373", "STUSPS": "RI"}, "geometry": {"type": "Polygon", "coordinates": [[[-71.813881, 41.69242], [-71.808952, 41.693567], [-71.808803, 41.695727], [-71.80939, 41.696878], [-71.809378, 41.697818], [-71.807199, 41.697321], [-71.806919, 41.694756], [-71.805945, 41.693845], [-71.800712, 41.69506], [-71.798548, 41.696595], [-71.788884, 41.698323], [-71.7886475406628, 41.6983421088834], [-71.7875342614766, 41.6698290545547], [-71.792411, 41.671827], [-71.79551, 41.671912], [-71.796979, 41.674296], [-71.79794, 41.674932], [-71.803735, 41.676826], [-71.804157, 41.664462], [-71.806755, 41.666184], [-71.810311, 41.666121], [-71.808501, 41.668833], [-71.808376, 41.674332], [-71.809182, 41.678213], [-71.806993, 41.679569], [-71.806768, 41.681104], [-71.80718, 41.682333], [-71.810283, 41.68651], [-71.811428, 41.689742], [-71.813881, 41.69242]]]}}, {"type": "Feature", "id": "02838", "properties": {"ZCTA5CE20": "02838", "GEOID20": "02838", "zip": "02838", "STUSPS": "RI"}, "geometry": {"type": "Polygon", "coordinates": [[[-71.488796, 41.977047], [-71.487959, 41.977536], [-71.487364, 41.979085], [-71.486156, 41.978222], [-71.47877, 41.977179], [-71.474141, 41.972624], [-71.469992, 41.971108], [-71.464898, 41.969095], [-71.464389, 41.968096], [-71.465011, 41.965998], [-71.462227, 41.960573], [-71.461972, 41.957718], [-71.462977, 41.957104], [-71.468719, 41.957019], [-71.468945, 41.958667], [-71.471466, 41.958885], [-71.471451, 41.959496], [-71.471508, 41.959963], [-71.472298, 41.958993], [-71.471549, 41.955651], [-71.468342, 41.949962], [-71.468275, 41.948092], [-71.47954, 41.958012], [-71.486991, 41.961232], [-71.487221, 41.961536], [-71.487625, 41.963139], [-71.486439, 41.965911], [-71.48826, 41.968354], [-71.486681, 41.969489], [-71.487538, 41.97296], [-71.489096, 41.974743], [-71.488796, 41.977047]]]}}, {"type": "Feature", "id": "02919", "properties": {"ZCTA5CE20": "02919", "GEOID20": "02919", "zip": "02919", "STUSPS": "RI"}, "geometry": {"type": "Polygon", "coordinates": [[[-71.574642, 41.858748], [-71.573608, 41.858807], [-71.562903, 41.86018], [-71.55687, 41.860969], [-71.55643, 41.86015], [-71.55747, 41.859847], [-71.557183, 41.859331], [-71.556604, 41.859397], [-71.555357, 41.858773], [-71.554336, 41.859406], [-71.554271, 41.859971], [-71.5551, 41.860707], [-71.554998, 41.861207], [-71.550423, 41.861765], [-71.54942, 41.861503], [-71.548874, 41.860775], [-71.549831, 41.859899], [-71.549626, 41.858069], [-71.548531, 41.858967], [-71.549065, 41.860218], [-71.548553, 41.861042], [-71.549385, 41.861937], [-71.531464, 41.864269], [-71.530013, 41.864422], [-71.529236, 41.864216], [-71.528198, 41.863766], [-71.527977, 41.86393], [-71.527885, 41.864151], [-71.527809, 41.864361], [-71.527467, 41.864793], [-71.514588, 41.866488], [-71.508042, 41.867342], [-71.505093, 41.867724], [-71.495545, 41.868983], [-71.492952, 41.867401], [-71.491185, 41.864107], [-71.488215, 41.86192], [-71.487421, 41.859073], [-71.487095, 41.856134], [-71.486065, 41.854312], [-71.485636, 41.853519], [-71.480974, 41.850821], [-71.480602, 41.846605], [-71.480782, 41.84597], [-71.479521, 41.844283], [-71.479012, 41.843458], [-71.478659, 41.842369], [-71.478123, 41.841804], [-71.477216, 41.837911], [-71.47331, 41.838982], [-71.472459, 41.836981], [-71.471721, 41.836169], [-71.472432, 41.834181], [-71.470444, 41.832912], [-71.46759, 41.831491], [-71.464769, 41.831048], [-71.462432, 41.827413], [-71.462423, 41.824687], [-71.462171, 41.824351], [-71.460251, 41.823363], [-71.459468, 41.822642], [-71.460487, 41.822819], [-71.463837, 41.823128], [-71.470877, 41.821944], [-71.470031, 41.819828], [-71.46965, 41.818876], [-71.470918, 41.818701], [-71.470723, 41.817911], [-71.469347, 41.818122], [-71.468193, 41.815445], [-71.466551, 41.810742], [-71.468703, 41.8106], [-71.466803, 41.8078], [-71.469165, 41.804864], [-71.467072, 41.80447], [-71.46492, 41.805874], [-71.464583, 41.804991], [-71.463665, 41.805046], [-71.466027, 41.803749], [-71.466167, 41.802652], [-71.467582, 41.798109], [-71.469597, 41.798812], [-71.471598, 41.79831], [-71.47231, 41.79646], [-71.479736, 41.796852], [-71.481354, 41.796497], [-71.482727, 41.795998], [-71.484276, 41.795246], [-71.487373, 41.793221], [-71.490166, 41.791393], [-71.495013, 41.791264], [-71.496758, 41.791031], [-71.497426, 41.790893], [-71.503067, 41.789143], [-71.506058, 41.788879], [-71.513844, 41.788417], [-71.516174, 41.788582], [-71.51894, 41.788879], [-71.521797, 41.789738], [-71.526405, 41.790329], [-71.530556, 41.791447], [-71.534225, 41.793213], [-71.535027, 41.793297], [-71.543488, 41.792538], [-71.54731, 41.792126], [-71.551445, 41.791014], [-71.55524, 41.789537], [-71.55929, 41.789344], [-71.561623, 41.797226], [-71.563301, 41.805233], [-71.56563, 41.814987], [-71.566046, 41.817177], [-71.568235, 41.82851], [-71.569627, 41.835079], [-71.570639, 41.838566], [-71.571606, 41.843021], [-71.574112, 41.856678], [-71.574642, 41.858748]]]}}, {"type": "Feature", "id": "02835", "properties": {"ZCTA5CE20": "02835", "GEOID20": "02835", "zip": "02835", "STUSPS": "RI"}, "geometry": {"type": "MultiPolygon", "coordinates": [[[[-71.40056, 41.46094], [-71.399063, 41.463878], [-71.395904, 41.464713], [-71.394417, 41.46722], [-71.39609, 41.471397], [-71.397577, 41.473764], [-71.396648, 41.478916], [-71.398134, 41.484903], [-71.397507, 41.486979], [-71.399993, 41.488801], [-71.40055, 41.490332], [-71.399435, 41.492977], [-71.396833, 41.493255], [-71.395927, 41.492215], [-71.392373, 41.491863], [-71.388846, 41.492859], [-71.386511, 41.493071], [-71.3842881963879, 41.4937295755604], [-71.38401, 41.493812], [-71.3846500313853, 41.4960156349419], [-71.38494, 41.497014], [-71.383453, 41.50105], [-71.3803957695964, 41.503675486696], [-71.378914, 41.504948], [-71.3790501776172, 41.5055913750067], [-71.379179, 41.5062], [-71.3811465514188, 41.5072309412726], [-71.382996, 41.5082], [-71.3838768, 41.5093744], [-71.38494, 41.510792], [-71.391005, 41.514578], [-71.392559, 41.517611], [-71.3923219154918, 41.521463342352], [-71.392137, 41.524468], [-71.3915542608193, 41.5262326651124], [-71.3914276912394, 41.5266159462254], [-71.388842, 41.534446], [-71.3869611777539, 41.5371788186482], [-71.385683, 41.539036], [-71.386613, 41.545832], [-71.385497, 41.548355], [-71.3847952397043, 41.554126789046], [-71.384478, 41.556736], [-71.383734, 41.558241], [-71.381409, 41.558786], [-71.381400723301, 41.5591893263306], [-71.38132, 41.563123], [-71.379021, 41.567772], [-71.3761942126966, 41.5706191916537], [-71.373618, 41.573214], [-71.3717860573968, 41.5736147374445], [-71.370194, 41.573963], [-71.367021372171, 41.5724790289187], [-71.36356, 41.57086], [-71.3629469909253, 41.5664721894665], [-71.362825, 41.565599], [-71.361907, 41.564346], [-71.359868, 41.556308], [-71.3599599234539, 41.5548502343877], [-71.360405, 41.547792], [-71.361184244792, 41.5461071237741], [-71.362267, 41.543766], [-71.364683, 41.541401], [-71.364869, 41.539593], [-71.3640763859918, 41.536032635892], [-71.36394, 41.53542], [-71.362639, 41.532498], [-71.361338, 41.526377], [-71.3613875520945, 41.5257570433015], [-71.361561, 41.523587], [-71.3628540728141, 41.5200351327752], [-71.3628968907951, 41.51991751853], [-71.363382, 41.518585], [-71.365426, 41.516637], [-71.3656099848878, 41.5140216449278], [-71.365612, 41.513993], [-71.3655976650669, 41.5139186020753], [-71.365233, 41.512026], [-71.363382, 41.510097], [-71.361152, 41.510097], [-71.359851, 41.510653], [-71.357621, 41.508705], [-71.3578221125711, 41.5078659231084], [-71.358922, 41.503277], [-71.363175, 41.501191], [-71.365984, 41.498823], [-71.3663046260598, 41.4964997562344], [-71.3664768834858, 41.4952515857295], [-71.366541, 41.494787], [-71.363203, 41.489704], [-71.3626567672023, 41.4888724915117], [-71.3625440637405, 41.4887009275091], [-71.360867, 41.486148], [-71.3600765828519, 41.4844070307228], [-71.35948, 41.483093], [-71.359265100293, 41.4829743821782], [-71.355949, 41.481144], [-71.35409, 41.480448], [-71.354315, 41.478891], [-71.357064, 41.479195], [-71.358736, 41.477106], [-71.364239, 41.476476], [-71.368214, 41.477802], [-71.371745, 41.477524], [-71.37286, 41.475435], [-71.37509, 41.473764], [-71.376763, 41.474878], [-71.378249, 41.479334], [-71.378249, 41.482815], [-71.378284594305, 41.482942871584], [-71.379179, 41.486156], [-71.3802876201163, 41.4881292841237], [-71.380665, 41.488801], [-71.383453, 41.488662], [-71.38624, 41.487687], [-71.3861724943219, 41.4875150748822], [-71.385311, 41.485321], [-71.384702, 41.482822], [-71.384754, 41.478359], [-71.382152, 41.472372], [-71.381594, 41.468055], [-71.383586, 41.464782], [-71.384505, 41.464108], [-71.386798, 41.464574], [-71.389028, 41.465549], [-71.390143, 41.464156], [-71.389284, 41.460605], [-71.390275, 41.455043], [-71.396037, 41.452016], [-71.399568, 41.448596], [-71.40078, 41.454975], [-71.40056, 41.46094]]], [[[-71.405096, 41.498214], [-71.402966, 41.502999], [-71.403626, 41.504566], [-71.401407, 41.506267], [-71.399621, 41.506617], [-71.397391, 41.5062], [-71.396276, 41.503695], [-71.400349, 41.500106], [-71.401791, 41.500095], [-71.403238, 41.497583], [-71.404475, 41.497328], [-71.405096, 41.498214]]]]}}, {"type": "Feature", "id": "06234", "properties": {"ZCTA5CE20": "06234", "GEOID20": "06234", "zip": "06234", "STUSPS": "RI"}, "geometry": {"type": "Polygon", "coordinates": [[[-72.022071, 41.763682], [-72.018006, 41.782635], [-72.014491, 41.804989], [-71.991969, 41.806133], [-71.992262, 41.818523], [-71.977629, 41.818307], [-71.978058, 41.820888], [-71.976661, 41.824179], [-71.976605, 41.826768], [-71.958701, 41.826823], [-71.936638, 41.82689], [-71.932982, 41.82677], [-71.931435, 41.827265], [-71.930306, 41.828909], [-71.932646, 41.829575], [-71.93255, 41.830901], [-71.934774, 41.831875], [-71.93354, 41.834777], [-71.931421, 41.834991], [-71.931083, 41.834207], [-71.928413, 41.834145], [-71.926894, 41.835797], [-71.928567, 41.836887], [-71.93046, 41.840071], [-71.929521, 41.840893], [-71.92963, 41.842688], [-71.931589, 41.845991], [-71.931295, 41.847343], [-71.927456, 41.848458], [-71.920873, 41.849313], [-71.919735, 41.846911], [-71.918356, 41.845635], [-71.91607, 41.844892], [-71.914264, 41.840714], [-71.91086, 41.838309], [-71.910147, 41.835805], [-71.907287, 41.832666], [-71.904298, 41.831278], [-71.905114, 41.828048], [-71.906181, 41.826817], [-71.907385, 41.825796], [-71.907937, 41.823264], [-71.906865, 41.821081], [-71.908892, 41.816975], [-71.914395, 41.815718], [-71.911396, 41.814809], [-71.909018, 41.815469], [-71.907627, 41.815682], [-71.907086, 41.815539], [-71.906799, 41.815499], [-71.906213, 41.815448], [-71.905758, 41.815575], [-71.905115, 41.815922], [-71.902013, 41.816649], [-71.899553, 41.816466], [-71.896503, 41.813952], [-71.89527, 41.812333], [-71.8952, 41.812222], [-71.895132, 41.810066], [-71.899013, 41.807541], [-71.887703, 41.80204], [-71.887249, 41.801814], [-71.886474, 41.800719], [-71.885723, 41.79717], [-71.886079, 41.795582], [-71.890121, 41.792776], [-71.889184, 41.788488], [-71.888643, 41.786428], [-71.888964, 41.784878], [-71.890601, 41.783793], [-71.902641, 41.780618], [-71.903997, 41.779909], [-71.905809, 41.776472], [-71.9057, 41.773119], [-71.908427, 41.771017], [-71.911234, 41.767781], [-71.913516, 41.766022], [-71.913961, 41.764093], [-71.917241, 41.759714], [-71.91803, 41.757216], [-71.916407, 41.7561], [-71.913987, 41.75444], [-71.912918, 41.751764], [-71.914688, 41.74744], [-71.915323, 41.746568], [-71.913943, 41.74233], [-71.920964, 41.743405], [-71.923412, 41.74378], [-71.960571, 41.749505], [-71.997682, 41.755706], [-71.999452, 41.755768], [-72.022903, 41.759625], [-72.022071, 41.763682]]]}}, {"type": "Feature", "id": "06260", "properties": {"ZCTA5CE20": "06260", "GEOID20": "06260", "zip": "06260", "STUSPS": "RI"}, "geometry": {"type": "Polygon", "coordinates": [[[-71.933847, 41.916861], [-71.928085, 41.917029], [-71.927355, 41.917049], [-71.930681, 41.92806], [-71.931792, 41.931574], [-71.924324, 41.931634], [-71.919238, 41.931697], [-71.914088, 41.931739], [-71.897257, 41.9319], [-71.896761, 41.931893], [-71.894727, 41.931919], [-71.892289, 41.93193], [-71.883904, 41.932043], [-71.879274, 41.931974], [-71.866998, 41.932146], [-71.852661, 41.932168], [-71.808799, 41.9323], [-71.807566, 41.931564], [-71.81089, 41.928919], [-71.811933, 41.925879], [-71.81529, 41.921494], [-71.81649, 41.917484], [-71.81401, 41.917286], [-71.812197, 41.920403], [-71.809699, 41.923454], [-71.807267, 41.925529], [-71.805203, 41.92653], [-71.802431, 41.929198], [-71.7976051393451, 41.9274508206346], [-71.7971589425621, 41.9162639874898], [-71.7966877946775, 41.9044515922139], [-71.7963964350815, 41.8971467632475], [-71.798669, 41.89772], [-71.801885, 41.901425], [-71.804504, 41.902712], [-71.811204, 41.901044], [-71.824772, 41.898096], [-71.867986, 41.88782], [-71.875734, 41.885913], [-71.886773, 41.883249], [-71.896004, 41.881201], [-71.896526, 41.881077], [-71.898342, 41.880644], [-71.901708, 41.877836], [-71.903794, 41.876653], [-71.905207, 41.873593], [-71.908145, 41.872752], [-71.908931, 41.870669], [-71.910403, 41.869346], [-71.912025, 41.869077], [-71.914212, 41.869952], [-71.91736, 41.869241], [-71.923204, 41.870481], [-71.924965, 41.874534], [-71.923726, 41.878025], [-71.923062, 41.881477], [-71.923474, 41.883498], [-71.92123, 41.886755], [-71.922507, 41.888652], [-71.924038, 41.892444], [-71.925659, 41.897574], [-71.92663, 41.899561], [-71.927171, 41.90075], [-71.931673, 41.905164], [-71.932701, 41.909475], [-71.933004, 41.909933], [-71.933847, 41.916861]]]}}, {"type": "Feature", "id": "06374", "properties": {"ZCTA5CE20": "06374", "GEOID20": "06374", "zip": "06374", "STUSPS": "RI"}, "geometry": {"type": "MultiPolygon", "coordinates": [[[[-71.922154, 41.734386], [-71.918954, 41.736131], [-71.91418, 41.741463], [-71.913943, 41.74233], [-71.915323, 41.746568], [-71.914688, 41.74744], [-71.913626, 41.746892], [-71.912215, 41.745933], [-71.911853, 41.739904], [-71.911141, 41.744047], [-71.906841, 41.742742], [-71.906794, 41.742585], [-71.906158, 41.741502], [-71.902656, 41.735531], [-71.902464, 41.733418], [-71.903567, 41.730778], [-71.906906, 41.725904], [-71.910771, 41.723165], [-71.910914, 41.722248], [-71.913779, 41.721806], [-71.913918, 41.721904], [-71.918594, 41.727791], [-71.918698, 41.728207], [-71.917221, 41.732839], [-71.923738, 41.734106], [-71.922154, 41.734386]]], [[[-71.966122, 41.714699], [-71.962765, 41.716133], [-71.958132, 41.719616], [-71.957275, 41.721742], [-71.95755, 41.724037], [-71.956258, 41.726218], [-71.953195, 41.726409], [-71.950196, 41.725233], [-71.945707, 41.722524], [-71.944832, 41.723009], [-71.943896, 41.725314], [-71.941695, 41.727017], [-71.935454, 41.729473], [-71.932749, 41.731401], [-71.930528, 41.730471], [-71.929343, 41.731111], [-71.925928, 41.728876], [-71.92205, 41.727535], [-71.925486, 41.725164], [-71.925334, 41.723358], [-71.9241, 41.720897], [-71.922924, 41.72029], [-71.920925, 41.720188], [-71.918199, 41.721394], [-71.91589, 41.720295], [-71.916411, 41.719854], [-71.915529, 41.717811], [-71.913423, 41.717527], [-71.908946, 41.71987], [-71.908017, 41.721369], [-71.907366, 41.722628], [-71.906581, 41.72272], [-71.90577, 41.7223], [-71.905051, 41.721483], [-71.90456, 41.720403], [-71.903926, 41.719501], [-71.903262, 41.717471], [-71.899542, 41.718581], [-71.896497, 41.718671], [-71.895, 41.717372], [-71.894844, 41.717245], [-71.896175, 41.712773], [-71.898002, 41.7088], [-71.898205, 41.708362], [-71.898127, 41.695148], [-71.893863, 41.6917], [-71.892491, 41.691542], [-71.890567, 41.691176], [-71.888701, 41.6932], [-71.884588, 41.694436], [-71.876174, 41.691846], [-71.878089, 41.688807], [-71.862655, 41.688674], [-71.863339, 41.687029], [-71.856812, 41.68705], [-71.861017, 41.682327], [-71.863857, 41.681616], [-71.863678, 41.677657], [-71.864592, 41.676822], [-71.863983, 41.675558], [-71.86225, 41.668018], [-71.859139, 41.66825], [-71.853826, 41.669445], [-71.855705, 41.657192], [-71.855986, 41.656158], [-71.857917, 41.644227], [-71.874516, 41.642129], [-71.884279, 41.641219], [-71.884422, 41.641204], [-71.909061, 41.638666], [-71.936549, 41.635883], [-71.951936, 41.634328], [-71.954983, 41.634799], [-71.951868, 41.654331], [-71.950224, 41.664146], [-71.949762, 41.667003], [-71.948423, 41.674769], [-71.953508, 41.675284], [-71.953307, 41.677061], [-71.955653, 41.679772], [-71.956143, 41.682691], [-71.954635, 41.686161], [-71.954489, 41.688843], [-71.955701, 41.691447], [-71.956797, 41.692554], [-71.959292, 41.691906], [-71.960057, 41.692133], [-71.962408, 41.695771], [-71.962665, 41.697858], [-71.961887, 41.699539], [-71.962588, 41.705496], [-71.965414, 41.70847], [-71.963951, 41.710749], [-71.966329, 41.714064], [-71.966122, 41.714699]]]]}}, {"type": "Feature", "id": "06359", "properties": {"ZCTA5CE20": "06359", "GEOID20": "06359", "zip": "06359", "STUSPS": "RI"}, "geometry": {"type": "Polygon", "coordinates": [[[-71.967227, 41.528666], [-71.90286, 41.520262], [-71.863408, 41.514926], [-71.862033, 41.51477], [-71.847305, 41.512934], [-71.841191, 41.511856], [-71.831579, 41.510763], [-71.823172, 41.509564], [-71.7935683158896, 41.5057530964788], [-71.7938802756582, 41.4990021102569], [-71.7945395881831, 41.4847342134994], [-71.7949846626488, 41.4751025497798], [-71.7955167123037, 41.4635886936663], [-71.7956832061219, 41.4599856730672], [-71.7956834364983, 41.4599806875911], [-71.796485908112, 41.4426147470055], [-71.7967394589644, 41.4371277628393], [-71.797235453979, 41.426394149577], [-71.7976736925498, 41.4169104184967], [-71.797683, 41.416709], [-71.801439, 41.415545], [-71.803684, 41.417428], [-71.806812, 41.416673], [-71.8129, 41.419404], [-71.816904, 41.419927], [-71.82033, 41.419382], [-71.823873, 41.417164], [-71.824573, 41.415235], [-71.827902, 41.414334], [-71.834107, 41.411582], [-71.836883, 41.412228], [-71.839649, 41.412119], [-71.842563, 41.409855], [-71.8428165698118, 41.4087322073789], [-71.844776, 41.408839], [-71.848961, 41.409777], [-71.855511, 41.411556], [-71.855884, 41.411642], [-71.868238, 41.414198], [-71.875299, 41.416036], [-71.893545, 41.420731], [-71.923452, 41.428416], [-71.94327, 41.433646], [-71.942573, 41.434795], [-71.943738, 41.437476], [-71.942413, 41.440037], [-71.942603, 41.440369], [-71.942726, 41.440903], [-71.942893, 41.441379], [-71.943194, 41.44143], [-71.943656, 41.44131], [-71.944041, 41.441244], [-71.94583, 41.441674], [-71.946609, 41.443355], [-71.947055, 41.446391], [-71.949352, 41.449221], [-71.949151, 41.451677], [-71.948131, 41.456911], [-71.947439, 41.458217], [-71.949829, 41.466237], [-71.951219, 41.470092], [-71.956618, 41.487398], [-71.959419, 41.497298], [-71.961009, 41.501994], [-71.963899, 41.514473], [-71.965922, 41.523103], [-71.967227, 41.528666]]]}}, {"type": "Feature", "id": "02827", "properties": {"ZCTA5CE20": "02827", "GEOID20": "02827", "zip": "02827", "STUSPS": "RI"}, "geometry": {"type": "Polygon", "coordinates": [[[-71.7896921119938, 41.7251983396573], [-71.720111, 41.726326], [-71.700584, 41.726694], [-71.6717, 41.727331], [-71.671959, 41.725688], [-71.669884, 41.721949], [-71.669304, 41.720062], [-71.664825, 41.719081], [-71.669037, 41.718884], [-71.66964, 41.717136], [-71.67144, 41.715454], [-71.672554, 41.715294], [-71.674393, 41.713113], [-71.674774, 41.710825], [-71.677521, 41.709581], [-71.679581, 41.707912], [-71.68145, 41.708067], [-71.681709, 41.705746], [-71.683319, 41.704614], [-71.680557, 41.704206], [-71.679747, 41.701532], [-71.67157, 41.702281], [-71.670036, 41.702713], [-71.668243, 41.699436], [-71.668999, 41.696617], [-71.671493, 41.694195], [-71.670303, 41.692656], [-71.671936, 41.691276], [-71.674217, 41.690975], [-71.674828, 41.688169], [-71.676384, 41.686791], [-71.677742, 41.685968], [-71.679619, 41.685453], [-71.680371, 41.686666], [-71.689533, 41.684115], [-71.694122, 41.681221], [-71.693161, 41.688534], [-71.693322, 41.691029], [-71.710442, 41.690033], [-71.717781, 41.688066], [-71.718208, 41.686579], [-71.720757, 41.686663], [-71.724678, 41.685021], [-71.727485, 41.682626], [-71.726906, 41.681285], [-71.724808, 41.68205], [-71.72316, 41.681495], [-71.722267, 41.680283], [-71.720795, 41.679971], [-71.719616, 41.678837], [-71.726898, 41.676471], [-71.730484, 41.676742], [-71.733772, 41.676619], [-71.741639, 41.676928], [-71.74337, 41.676966], [-71.742874, 41.673799], [-71.740502, 41.669938], [-71.739975, 41.667613], [-71.738426, 41.666016], [-71.739074, 41.663591], [-71.738289, 41.661052], [-71.739739, 41.659027], [-71.739624, 41.657352], [-71.740357, 41.657369], [-71.7869988956813, 41.6561173870817], [-71.7875342614766, 41.6698290545547], [-71.7886475406628, 41.6983421088834], [-71.789678, 41.724734], [-71.7896921119938, 41.7251983396573]]]}}, {"type": "Feature", "id": "06241", "properties": {"ZCTA5CE20": "06241", "GEOID20": "06241", "zip": "06241", "STUSPS": "RI"}, "geometry": {"type": "Polygon", "coordinates": [[[-71.927131, 41.853393], [-71.926156, 41.856355], [-71.923489, 41.859082], [-71.923234, 41.862094], [-71.921887, 41.864408], [-71.919187, 41.867809], [-71.91736, 41.869241], [-71.914212, 41.869952], [-71.912025, 41.869077], [-71.910403, 41.869346], [-71.908931, 41.870669], [-71.908145, 41.872752], [-71.905207, 41.873593], [-71.903794, 41.876653], [-71.901708, 41.877836], [-71.898342, 41.880644], [-71.896526, 41.881077], [-71.896004, 41.881201], [-71.886773, 41.883249], [-71.875734, 41.885913], [-71.867986, 41.88782], [-71.824772, 41.898096], [-71.811204, 41.901044], [-71.804504, 41.902712], [-71.801885, 41.901425], [-71.798669, 41.89772], [-71.7963964350815, 41.8971467632475], [-71.7946917826635, 41.854408530038], [-71.7944823560536, 41.8491578858595], [-71.796538, 41.848827], [-71.801809, 41.84905], [-71.803409, 41.84957], [-71.804803, 41.851113], [-71.806131, 41.849736], [-71.808296, 41.851066], [-71.809052, 41.848786], [-71.811122, 41.848938], [-71.810035, 41.850335], [-71.810608, 41.855021], [-71.808105, 41.857018], [-71.80738, 41.858344], [-71.809556, 41.863206], [-71.811031, 41.861508], [-71.812083, 41.857712], [-71.814842, 41.859012], [-71.812559, 41.855994], [-71.814397, 41.854349], [-71.813229, 41.851137], [-71.816069, 41.849872], [-71.818423, 41.849902], [-71.819713, 41.849088], [-71.819542, 41.849087], [-71.8186, 41.848542], [-71.818009, 41.847715], [-71.815003, 41.844001], [-71.812087, 41.8432], [-71.809314, 41.841615], [-71.807236, 41.838145], [-71.805488, 41.837525], [-71.802638, 41.838393], [-71.801383, 41.838317], [-71.799982, 41.84141], [-71.800071, 41.842921], [-71.798426, 41.845212], [-71.796063, 41.844493], [-71.795066, 41.842147], [-71.79418248642, 41.841639697284], [-71.794161, 41.841101], [-71.794161, 41.840141], [-71.792786, 41.80867], [-71.792767, 41.807001], [-71.7926566350564, 41.8046235902363], [-71.7926270381587, 41.8039860331338], [-71.799505, 41.802173], [-71.799442, 41.805347], [-71.814623, 41.812396], [-71.816217, 41.815125], [-71.816914, 41.815187], [-71.822144, 41.808368], [-71.832224, 41.808509], [-71.835646, 41.822618], [-71.837832, 41.822374], [-71.837574, 41.823388], [-71.836192, 41.826037], [-71.835656, 41.830025], [-71.835323, 41.831537], [-71.837137, 41.838025], [-71.837203, 41.838007], [-71.841288, 41.836862], [-71.843156, 41.835951], [-71.846918, 41.836762], [-71.853762, 41.835252], [-71.856581, 41.837626], [-71.860302, 41.839051], [-71.862736, 41.837335], [-71.8649, 41.838494], [-71.86459, 41.836572], [-71.86633, 41.836237], [-71.867181, 41.836405], [-71.873093, 41.833282], [-71.874336, 41.833555], [-71.874882, 41.833157], [-71.876824, 41.831983], [-71.876792, 41.831617], [-71.880317, 41.832762], [-71.880461, 41.834193], [-71.882189, 41.834374], [-71.882773, 41.835983], [-71.881512, 41.83678], [-71.885353, 41.837233], [-71.884966, 41.829426], [-71.88642, 41.828927], [-71.888945, 41.828363], [-71.890648, 41.828361], [-71.894301, 41.826918], [-71.892736, 41.819203], [-71.89418, 41.815565], [-71.894945, 41.815441], [-71.896304, 41.815953], [-71.896503, 41.813952], [-71.899553, 41.816466], [-71.902013, 41.816649], [-71.905115, 41.815922], [-71.905758, 41.815575], [-71.906213, 41.815448], [-71.906799, 41.815499], [-71.907086, 41.815539], [-71.907627, 41.815682], [-71.909018, 41.815469], [-71.911396, 41.814809], [-71.914395, 41.815718], [-71.908892, 41.816975], [-71.906865, 41.821081], [-71.907937, 41.823264], [-71.907385, 41.825796], [-71.906181, 41.826817], [-71.905114, 41.828048], [-71.904298, 41.831278], [-71.907287, 41.832666], [-71.910147, 41.835805], [-71.91086, 41.838309], [-71.914264, 41.840714], [-71.91607, 41.844892], [-71.918356, 41.845635], [-71.919735, 41.846911], [-71.920873, 41.849313], [-71.922882, 41.850174], [-71.92515, 41.849511], [-71.927003, 41.850248], [-71.927131, 41.853393]], [[-71.912145, 41.841836], [-71.910446, 41.841137], [-71.907488, 41.837383], [-71.904378, 41.835543], [-71.904115, 41.833226], [-71.901899, 41.833747], [-71.900241, 41.83341], [-71.898716, 41.833522], [-71.898477, 41.83644], [-71.90141, 41.837049], [-71.909803, 41.842652], [-71.909894, 41.842606], [-71.912106, 41.841855], [-71.912145, 41.841836]]]}}, {"type": "Feature", "id": "06378", "properties": {"ZCTA5CE20": "06378", "GEOID20": "06378", "zip": "06378", "STUSPS": "RI"}, "geometry": {"type": "Polygon", "coordinates": [[[-71.956667, 41.390446], [-71.949607, 41.392758], [-71.942515, 41.402245], [-71.94307, 41.40457], [-71.944232, 41.404299], [-71.949824, 41.402387], [-71.955431, 41.399059], [-71.954883, 41.400512], [-71.948429, 41.404136], [-71.9443, 41.407956], [-71.945443, 41.408139], [-71.942773, 41.421052], [-71.942982, 41.422716], [-71.94722, 41.423291], [-71.943498, 41.428881], [-71.942834, 41.430268], [-71.94327, 41.433646], [-71.923452, 41.428416], [-71.893545, 41.420731], [-71.875299, 41.416036], [-71.873919, 41.414123], [-71.871178, 41.414041], [-71.871294, 41.413481], [-71.872788, 41.413267], [-71.875792, 41.410165], [-71.877108, 41.405626], [-71.874455, 41.402989], [-71.8744, 41.401756], [-71.874161, 41.400795], [-71.874408, 41.400266], [-71.873386, 41.398055], [-71.873531, 41.397099], [-71.873121, 41.39621], [-71.873201, 41.395825], [-71.874617, 41.394246], [-71.874842, 41.393254], [-71.873265, 41.391656], [-71.871367, 41.390867], [-71.871673, 41.389803], [-71.87558, 41.386609], [-71.874989, 41.383602], [-71.874802, 41.382278], [-71.876231, 41.382409], [-71.880499, 41.3801], [-71.879475, 41.368189], [-71.874941, 41.367497], [-71.874622, 41.362057], [-71.876157, 41.361356], [-71.876831, 41.362829], [-71.87711, 41.364517], [-71.879188, 41.365833], [-71.885467, 41.36731], [-71.884378, 41.365475], [-71.8847, 41.363567], [-71.886305, 41.363568], [-71.886306, 41.359576], [-71.895735, 41.353244], [-71.895888, 41.352015], [-71.890961, 41.351319], [-71.89072, 41.351054], [-71.889925, 41.349756], [-71.886959, 41.349664], [-71.88466, 41.350807], [-71.882512, 41.350666], [-71.882832, 41.349104], [-71.88287, 41.3456], [-71.882581, 41.34495], [-71.8823774862605, 41.3362379310113], [-71.886302, 41.33641], [-71.892665, 41.33327], [-71.8936573290734, 41.3333181458508], [-71.897962, 41.333527], [-71.904655, 41.327353], [-71.9051670579552, 41.3273707585201], [-71.9057103436312, 41.3273896000389], [-71.9090940294406, 41.3275069485771], [-71.921206, 41.327927], [-71.921680471858, 41.3282492479322], [-71.9241702543779, 41.3299402381462], [-71.9251480774226, 41.3306043480378], [-71.92763, 41.33229], [-71.932663, 41.333348], [-71.9331295334766, 41.3339420861255], [-71.9333325383289, 41.3342005935472], [-71.933377, 41.334845], [-71.93377, 41.334972], [-71.933785, 41.335347], [-71.93321, 41.335818], [-71.933137, 41.33659], [-71.933348, 41.336821], [-71.934528, 41.337456], [-71.935387, 41.337726], [-71.9361116599624, 41.3377395413109], [-71.936284, 41.337959], [-71.9375554403829, 41.3379372845366], [-71.9376589654563, 41.3379355163884], [-71.9446219443681, 41.337816592752], [-71.945652, 41.337799], [-71.947748455275, 41.3353543719216], [-71.9504185941406, 41.3322407846575], [-71.953993, 41.332856], [-71.954009, 41.33498], [-71.952269, 41.335672], [-71.950122, 41.33835], [-71.952192, 41.34068], [-71.950954, 41.342737], [-71.948948, 41.341318], [-71.948513, 41.342753], [-71.950262, 41.343838], [-71.949959, 41.344981], [-71.94386, 41.346181], [-71.94168, 41.347357], [-71.942635, 41.349096], [-71.941362, 41.349733], [-71.941582, 41.354313], [-71.939182, 41.358967], [-71.937187, 41.361667], [-71.937208, 41.362328], [-71.938269, 41.361904], [-71.938921, 41.363636], [-71.937343, 41.365048], [-71.942883, 41.369682], [-71.947401, 41.373321], [-71.948084, 41.37387], [-71.948697, 41.374401], [-71.949592, 41.375139], [-71.947448, 41.375177], [-71.947248, 41.376344], [-71.947941, 41.377419], [-71.948461, 41.379898], [-71.953369, 41.380384], [-71.954912, 41.381251], [-71.955172, 41.383141], [-71.954738, 41.384563], [-71.955311, 41.386799], [-71.957781, 41.388381], [-71.956667, 41.390446]]]}}, {"type": "Feature", "id": "02804", "properties": {"ZCTA5CE20": "02804", "GEOID20": "02804", "zip": "02804", "STUSPS": "RI"}, "geometry": {"type": "Polygon", "coordinates": [[[-71.803475, 41.404065], [-71.798805, 41.404995], [-71.79598, 41.407289], [-71.798374, 41.408919], [-71.796952, 41.411623], [-71.79709, 41.413751], [-71.796113, 41.414466], [-71.79647, 41.416379], [-71.7976736925498, 41.4169104184967], [-71.797235453979, 41.426394149577], [-71.7967394589644, 41.4371277628393], [-71.796485908112, 41.4426147470055], [-71.7956834364983, 41.4599806875911], [-71.7956832061219, 41.4599856730672], [-71.7955167123037, 41.4635886936663], [-71.7949846626488, 41.4751025497798], [-71.7945395881831, 41.4847342134994], [-71.791877, 41.484389], [-71.792206, 41.475125], [-71.788581, 41.47517], [-71.786735, 41.471764], [-71.781731, 41.471776], [-71.783661, 41.469137], [-71.785856, 41.468638], [-71.786859, 41.466636], [-71.786182, 41.465513], [-71.782382, 41.464527], [-71.782163, 41.462572], [-71.782873, 41.461685], [-71.780869, 41.461918], [-71.777977, 41.461452], [-71.778748, 41.457249], [-71.778203, 41.454389], [-71.771928, 41.460093], [-71.76886, 41.462886], [-71.765778, 41.465529], [-71.760055, 41.469472], [-71.759128, 41.469176], [-71.756314, 41.466513], [-71.756442, 41.463407], [-71.755786, 41.462057], [-71.756253, 41.460827], [-71.751976, 41.460228], [-71.748713, 41.460177], [-71.747559, 41.461166], [-71.747317, 41.462544], [-71.745137, 41.463119], [-71.742712, 41.463318], [-71.740594, 41.463115], [-71.737755, 41.464126], [-71.73433, 41.46071], [-71.732795, 41.459568], [-71.731315, 41.457952], [-71.730237, 41.458046], [-71.7283, 41.455782], [-71.734736, 41.453229], [-71.739275, 41.450657], [-71.737372, 41.447935], [-71.737928, 41.44624], [-71.733633, 41.444761], [-71.732841, 41.443878], [-71.729603, 41.443407], [-71.727502, 41.44363], [-71.726756, 41.443226], [-71.724258, 41.440395], [-71.724052, 41.437901], [-71.723698, 41.437636], [-71.726949, 41.434765], [-71.730969, 41.434613], [-71.73793, 41.433464], [-71.740255, 41.433347], [-71.742873, 41.43406], [-71.753876, 41.434261], [-71.754997, 41.429111], [-71.754822, 41.427856], [-71.760548, 41.427668], [-71.759923, 41.42881], [-71.76005, 41.431172], [-71.761392, 41.431716], [-71.764448, 41.431559], [-71.766875, 41.430516], [-71.765529, 41.429175], [-71.76681, 41.426891], [-71.767929, 41.426189], [-71.768745, 41.424232], [-71.770699, 41.423851], [-71.770622, 41.4245], [-71.771858, 41.424558], [-71.773415, 41.422546], [-71.772317, 41.418736], [-71.765175, 41.418007], [-71.769206, 41.414314], [-71.768451, 41.413801], [-71.765909, 41.414176], [-71.76601, 41.41374], [-71.76563, 41.412845], [-71.764236, 41.412053], [-71.763724, 41.410891], [-71.763127, 41.406923], [-71.76371, 41.405176], [-71.767145, 41.402619], [-71.76718, 41.399206], [-71.771103, 41.40139], [-71.772674, 41.400404], [-71.771528, 41.39706], [-71.774179, 41.395412], [-71.776231, 41.393521], [-71.777808, 41.393256], [-71.779007, 41.394546], [-71.780783, 41.393488], [-71.778765, 41.389636], [-71.779222, 41.387277], [-71.780421, 41.387084], [-71.780455, 41.388711], [-71.782037, 41.388577], [-71.783069, 41.386548], [-71.783937, 41.386607], [-71.7852, 41.389532], [-71.786664, 41.38971], [-71.788774, 41.39108], [-71.790029, 41.392623], [-71.792265, 41.392142], [-71.796989, 41.393016], [-71.798463, 41.395563], [-71.798072, 41.396694], [-71.794371, 41.397035], [-71.794711, 41.397927], [-71.799756, 41.398589], [-71.799824, 41.399332], [-71.800487, 41.399612], [-71.800536, 41.401106], [-71.803475, 41.404065]]]}}, {"type": "Feature", "id": "02905", "properties": {"ZCTA5CE20": "02905", "GEOID20": "02905", "zip": "02905", "STUSPS": "RI"}, "geometry": {"type": "Polygon", "coordinates": [[[-71.420063, 41.787033], [-71.417591, 41.789592], [-71.409447, 41.794], [-71.410233, 41.794636], [-71.41153, 41.795682], [-71.412575, 41.796021], [-71.412766, 41.796673], [-71.414665, 41.798199], [-71.415466, 41.798851], [-71.416595, 41.799759], [-71.41642, 41.800724], [-71.417419, 41.800434], [-71.417435, 41.800449], [-71.418129, 41.801144], [-71.418907, 41.802975], [-71.41848, 41.803765], [-71.419104, 41.803619], [-71.419258, 41.804111], [-71.416199, 41.804813], [-71.41481, 41.805557], [-71.41552, 41.806217], [-71.415855, 41.807046], [-71.415474, 41.807095], [-71.417581, 41.807812], [-71.415802, 41.809299], [-71.415665, 41.809956], [-71.415268, 41.811848], [-71.415794, 41.812023], [-71.416527, 41.812393], [-71.415985, 41.812939], [-71.415298, 41.814495], [-71.414299, 41.813046], [-71.412315, 41.813282], [-71.411705, 41.811546], [-71.411209, 41.810226], [-71.407181, 41.810818], [-71.407211, 41.810131], [-71.407249, 41.807312], [-71.407242, 41.806549], [-71.403389, 41.807487], [-71.401855, 41.804043], [-71.393499, 41.8071], [-71.390099, 41.8052], [-71.385199, 41.8021], [-71.380799, 41.7963], [-71.377299, 41.7947], [-71.375031, 41.792067], [-71.374444, 41.79216], [-71.374246, 41.791959], [-71.373352, 41.79099], [-71.373234, 41.790274], [-71.37318, 41.788629], [-71.372329, 41.790176], [-71.370535, 41.7875], [-71.369694, 41.783058], [-71.3716853333333, 41.7833826666667], [-71.381287, 41.785303], [-71.3824715642505, 41.7850991833895], [-71.390557, 41.783708], [-71.391745, 41.78105], [-71.391219805321, 41.7797766584559], [-71.3910576408594, 41.7793834885434], [-71.3899278956899, 41.7766444062255], [-71.389844, 41.776441], [-71.388401, 41.773862], [-71.385495, 41.768664], [-71.3855062745127, 41.7673374186024], [-71.385566, 41.76031], [-71.3838043664653, 41.7585116982739], [-71.384733, 41.757602], [-71.385659, 41.758421], [-71.388517, 41.763775], [-71.390534, 41.764391], [-71.394121, 41.764038], [-71.395628, 41.766684], [-71.399577, 41.768321], [-71.401395, 41.766552], [-71.402355, 41.767524], [-71.405203, 41.76761], [-71.410702, 41.766554], [-71.412183, 41.765058], [-71.412491, 41.765961], [-71.412529, 41.767538], [-71.412804, 41.77269], [-71.413296, 41.772831], [-71.414543, 41.774399], [-71.41407, 41.776001], [-71.414894, 41.780266], [-71.416504, 41.780491], [-71.416908, 41.7803], [-71.419541, 41.781677], [-71.41877, 41.784283], [-71.417282, 41.784122], [-71.417475, 41.786325], [-71.419556, 41.78611], [-71.420063, 41.787033]]]}}, {"type": "Feature", "id": "02911", "properties": {"ZCTA5CE20": "02911", "GEOID20": "02911", "zip": "02911", "STUSPS": "RI"}, "geometry": {"type": "Polygon", "coordinates": [[[-71.495545, 41.868983], [-71.492477, 41.869465], [-71.49128, 41.869534], [-71.486682, 41.870119], [-71.475526, 41.87157], [-71.473602, 41.870823], [-71.473966, 41.868913], [-71.471573, 41.869187], [-71.471931, 41.86784], [-71.471252, 41.866974], [-71.470856, 41.866589], [-71.472747, 41.862637], [-71.474053, 41.86265], [-71.473503, 41.859596], [-71.472649, 41.859688], [-71.47287, 41.860897], [-71.472626, 41.861], [-71.472015, 41.861067], [-71.471725, 41.859787], [-71.470955, 41.858883], [-71.466614, 41.859379], [-71.465561, 41.86079], [-71.463249, 41.859791], [-71.463165, 41.859974], [-71.461548, 41.85836], [-71.462494, 41.857334], [-71.458984, 41.856441], [-71.458665, 41.856014], [-71.454535, 41.855848], [-71.452535, 41.856407], [-71.451647, 41.856313], [-71.450653, 41.85301], [-71.449112, 41.852856], [-71.44976, 41.852764], [-71.449829, 41.851994], [-71.451263, 41.85102], [-71.45614, 41.850727], [-71.456184, 41.848011], [-71.455905, 41.847903], [-71.458656, 41.846054], [-71.458473, 41.846035], [-71.458603, 41.845177], [-71.458861, 41.845124], [-71.45988, 41.844985], [-71.460292, 41.844957], [-71.46456, 41.842066], [-71.466949, 41.840477], [-71.466094, 41.838866], [-71.465996, 41.836998], [-71.471721, 41.836169], [-71.472459, 41.836981], [-71.47331, 41.838982], [-71.477216, 41.837911], [-71.478123, 41.841804], [-71.478659, 41.842369], [-71.479012, 41.843458], [-71.479521, 41.844283], [-71.480782, 41.84597], [-71.480602, 41.846605], [-71.480974, 41.850821], [-71.485636, 41.853519], [-71.486065, 41.854312], [-71.487095, 41.856134], [-71.487421, 41.859073], [-71.488215, 41.86192], [-71.491185, 41.864107], [-71.492952, 41.867401], [-71.495545, 41.868983]]]}}, {"type": "Feature", "id": "02048", "properties": {"ZCTA5CE20": "02048", "GEOID20": "02048", "zip": "02048", "STUSPS": "RI"}, "geometry": {"type": "Polygon", "coordinates": [[[-71.288265, 42.014462], [-71.27016, 42.021535], [-71.262564, 42.024503], [-71.258734, 42.025999], [-71.25686, 42.026731], [-71.242364, 42.032395], [-71.235435, 42.035105], [-71.223893, 42.039618], [-71.21158, 42.044428], [-71.208503, 42.045627], [-71.192629, 42.051825], [-71.178457, 42.057362], [-71.168681, 42.061161], [-71.166031, 42.048261], [-71.164092, 42.038849], [-71.163981, 42.03828], [-71.162591, 42.031544], [-71.161448, 42.02601], [-71.159263, 42.015433], [-71.158704, 42.012624], [-71.16827, 42.008477], [-71.182434, 42.002334], [-71.190907, 41.999579], [-71.202861, 41.995696], [-71.206791, 41.994162], [-71.210517, 41.992748], [-71.221469, 41.988577], [-71.235161, 41.983385], [-71.259289, 41.974216], [-71.260361, 41.975674], [-71.268739, 41.9873], [-71.27514, 41.996205], [-71.288265, 42.014462]]]}}, {"type": "Feature", "id": "06377", "properties": {"ZCTA5CE20": "06377", "GEOID20": "06377", "zip": "06377", "STUSPS": "RI"}, "geometry": {"type": "Polygon", "coordinates": [[[-71.846497, 41.71672], [-71.844211, 41.732301], [-71.839378, 41.764086], [-71.838705, 41.768833], [-71.791258063576, 41.774496473912], [-71.791062, 41.770273], [-71.7910592549219, 41.7701826762188], [-71.790106335744, 41.7388279172293], [-71.7896921119938, 41.7251983396573], [-71.789678, 41.724734], [-71.7886475406628, 41.6983421088834], [-71.788884, 41.698323], [-71.798548, 41.696595], [-71.800712, 41.69506], [-71.805945, 41.693845], [-71.806919, 41.694756], [-71.807199, 41.697321], [-71.809378, 41.697818], [-71.80939, 41.696878], [-71.808803, 41.695727], [-71.808952, 41.693567], [-71.813881, 41.69242], [-71.811428, 41.689742], [-71.810283, 41.68651], [-71.80718, 41.682333], [-71.806768, 41.681104], [-71.806993, 41.679569], [-71.809182, 41.678213], [-71.808376, 41.674332], [-71.808501, 41.668833], [-71.810311, 41.666121], [-71.81202, 41.666091], [-71.815255, 41.666862], [-71.821213, 41.666249], [-71.820286, 41.669628], [-71.821444, 41.669137], [-71.824387, 41.675435], [-71.825822, 41.677001], [-71.824895, 41.680211], [-71.823776, 41.681157], [-71.824472, 41.684473], [-71.82601, 41.68673], [-71.825016, 41.690913], [-71.82377, 41.692113], [-71.830846, 41.691738], [-71.834721, 41.691025], [-71.840699, 41.691107], [-71.840961, 41.693488], [-71.843243, 41.701361], [-71.848357, 41.704664], [-71.846497, 41.71672]]]}}, {"type": "Feature", "id": "02832", "properties": {"ZCTA5CE20": "02832", "GEOID20": "02832", "zip": "02832", "STUSPS": "RI"}, "geometry": {"type": "Polygon", "coordinates": [[[-71.786705, 41.505272], [-71.784492, 41.507862], [-71.783394, 41.508541], [-71.775787, 41.509106], [-71.773216, 41.51128], [-71.771172, 41.510956], [-71.768753, 41.511887], [-71.768028, 41.513256], [-71.764046, 41.514973], [-71.76313, 41.516201], [-71.756656, 41.514968], [-71.752544, 41.51606], [-71.753326, 41.518808], [-71.750354, 41.51956], [-71.750113, 41.521935], [-71.751892, 41.521851], [-71.751405, 41.524502], [-71.755949, 41.524226], [-71.757979, 41.526331], [-71.758208, 41.528301], [-71.760061, 41.529023], [-71.762636, 41.532817], [-71.765677, 41.534543], [-71.766576, 41.536734], [-71.768695, 41.539272], [-71.77056, 41.540525], [-71.766617, 41.543285], [-71.771333, 41.548392], [-71.751208, 41.551122], [-71.744267, 41.551144], [-71.729799, 41.552616], [-71.715018, 41.554203], [-71.684288, 41.557373], [-71.686664, 41.532123], [-71.685956, 41.530213], [-71.686783, 41.53001], [-71.687231, 41.524225], [-71.690055, 41.522139], [-71.691609, 41.522401], [-71.691983, 41.522133], [-71.698496, 41.520964], [-71.699235, 41.518793], [-71.702783, 41.519684], [-71.705788, 41.51759], [-71.703703, 41.515893], [-71.705473, 41.514597], [-71.704902, 41.514294], [-71.703455, 41.514813], [-71.703218, 41.514149], [-71.704673, 41.514122], [-71.705675, 41.512146], [-71.707707, 41.511185], [-71.708109, 41.509564], [-71.712467, 41.50782], [-71.711268, 41.505787], [-71.711901, 41.504767], [-71.70752, 41.502542], [-71.707378, 41.500948], [-71.704614, 41.497903], [-71.700964, 41.498813], [-71.697668, 41.492753], [-71.691274, 41.494856], [-71.691666, 41.491658], [-71.691124, 41.490284], [-71.689888, 41.490314], [-71.690517, 41.485544], [-71.685138, 41.483214], [-71.686996, 41.479972], [-71.684259, 41.47887], [-71.685297, 41.478312], [-71.686189, 41.476823], [-71.686043, 41.473902], [-71.688714, 41.471498], [-71.690276, 41.468458], [-71.690135, 41.466408], [-71.691925, 41.466339], [-71.694572, 41.46447], [-71.699654, 41.46241], [-71.698708, 41.457043], [-71.696243, 41.452209], [-71.703919, 41.452688], [-71.703591, 41.450467], [-71.714599, 41.451026], [-71.715907, 41.450937], [-71.717014, 41.449896], [-71.717194, 41.447214], [-71.716399, 41.44387], [-71.717323, 41.445321], [-71.723633, 41.446239], [-71.727004, 41.447415], [-71.727872, 41.446548], [-71.727502, 41.44363], [-71.729603, 41.443407], [-71.732841, 41.443878], [-71.733633, 41.444761], [-71.737928, 41.44624], [-71.737372, 41.447935], [-71.739275, 41.450657], [-71.734736, 41.453229], [-71.7283, 41.455782], [-71.730237, 41.458046], [-71.731315, 41.457952], [-71.732795, 41.459568], [-71.73433, 41.46071], [-71.737755, 41.464126], [-71.740594, 41.463115], [-71.742712, 41.463318], [-71.745137, 41.463119], [-71.747317, 41.462544], [-71.747559, 41.461166], [-71.748713, 41.460177], [-71.751976, 41.460228], [-71.756253, 41.460827], [-71.755786, 41.462057], [-71.756442, 41.463407], [-71.756314, 41.466513], [-71.759128, 41.469176], [-71.760055, 41.469472], [-71.760391, 41.46959], [-71.764786, 41.47007], [-71.765502, 41.475456], [-71.764343, 41.477898], [-71.763771, 41.480595], [-71.76281, 41.482346], [-71.760223, 41.484417], [-71.757726, 41.484432], [-71.761176, 41.487843], [-71.761072, 41.489404], [-71.766803, 41.491331], [-71.771492, 41.495016], [-71.772521, 41.500404], [-71.775464, 41.499208], [-71.778885, 41.498865], [-71.784209, 41.498984], [-71.783897, 41.50037], [-71.783646, 41.500763], [-71.783661, 41.501743], [-71.786064, 41.502846], [-71.786903, 41.504036], [-71.786705, 41.505272]]]}}, {"type": "Feature", "id": "02873", "properties": {"ZCTA5CE20": "02873", "GEOID20": "02873", "zip": "02873", "STUSPS": "RI"}, "geometry": {"type": "Polygon", "coordinates": [[[-71.7935683158896, 41.5057530964788], [-71.7925957022037, 41.5268010079481], [-71.7917036308261, 41.5461059382128], [-71.782154, 41.546883], [-71.771333, 41.548392], [-71.766617, 41.543285], [-71.77056, 41.540525], [-71.768695, 41.539272], [-71.766576, 41.536734], [-71.765677, 41.534543], [-71.762636, 41.532817], [-71.760061, 41.529023], [-71.758208, 41.528301], [-71.757979, 41.526331], [-71.755949, 41.524226], [-71.751405, 41.524502], [-71.751892, 41.521851], [-71.750113, 41.521935], [-71.750354, 41.51956], [-71.753326, 41.518808], [-71.752544, 41.51606], [-71.756656, 41.514968], [-71.76313, 41.516201], [-71.764046, 41.514973], [-71.768028, 41.513256], [-71.768753, 41.511887], [-71.771172, 41.510956], [-71.773216, 41.51128], [-71.775787, 41.509106], [-71.783394, 41.508541], [-71.784492, 41.507862], [-71.786705, 41.505272], [-71.786903, 41.504036], [-71.786064, 41.502846], [-71.783661, 41.501743], [-71.783646, 41.500763], [-71.787622, 41.500836], [-71.7938802756582, 41.4990021102569], [-71.7935683158896, 41.5057530964788]]]}}, {"type": "Feature", "id": "02891", "properties": {"ZCTA5CE20": "02891", "GEOID20": "02891", "zip": "02891", "STUSPS": "RI"}, "geometry": {"type": "Polygon", "coordinates": [[[-71.8626677422346, 41.310863612697], [-71.862109, 41.316612], [-71.860513, 41.320248], [-71.857458, 41.320789], [-71.851923, 41.324664], [-71.847709, 41.329604], [-71.844666, 41.330585], [-71.836156, 41.336013], [-71.830617723719, 41.3412470472827], [-71.829475472546, 41.3423265522306], [-71.829384, 41.342413], [-71.829902, 41.346636], [-71.831303, 41.351295], [-71.835703, 41.353568], [-71.836768, 41.355103], [-71.837873, 41.360145], [-71.8377317214458, 41.3632966890791], [-71.8377312531105, 41.3633071368596], [-71.837633, 41.365499], [-71.8355881682153, 41.3670686692761], [-71.8349469163787, 41.3675609118721], [-71.832499, 41.36944], [-71.8321077620934, 41.3700842619703], [-71.8320107595774, 41.3702439986192], [-71.831613, 41.370899], [-71.8320765800314, 41.3729621714499], [-71.832674, 41.375621], [-71.8313139597931, 41.3777248226273], [-71.8313037090757, 41.3777406792844], [-71.830637, 41.378772], [-71.8316433377617, 41.3800224459541], [-71.833531, 41.382368], [-71.8330005628195, 41.3852672388358], [-71.832655, 41.387156], [-71.835204, 41.389558], [-71.83817, 41.390595], [-71.8386323044412, 41.3911510258414], [-71.8410615505958, 41.3940727447712], [-71.842131, 41.395359], [-71.842244, 41.396879], [-71.8419592771383, 41.3974908678683], [-71.84115, 41.39923], [-71.8417094568745, 41.4031258012566], [-71.841726, 41.403241], [-71.843256, 41.404461], [-71.843472, 41.40583], [-71.8428165698118, 41.4087322073789], [-71.842563, 41.409855], [-71.839649, 41.412119], [-71.836883, 41.412228], [-71.834107, 41.411582], [-71.827902, 41.414334], [-71.824573, 41.415235], [-71.823873, 41.417164], [-71.82033, 41.419382], [-71.816904, 41.419927], [-71.8129, 41.419404], [-71.806812, 41.416673], [-71.803684, 41.417428], [-71.801439, 41.415545], [-71.797683, 41.416709], [-71.7976736925498, 41.4169104184967], [-71.79647, 41.416379], [-71.796113, 41.414466], [-71.79709, 41.413751], [-71.796952, 41.411623], [-71.798374, 41.408919], [-71.79598, 41.407289], [-71.798805, 41.404995], [-71.803475, 41.404065], [-71.800536, 41.401106], [-71.800487, 41.399612], [-71.799824, 41.399332], [-71.799756, 41.398589], [-71.794711, 41.397927], [-71.794371, 41.397035], [-71.798072, 41.396694], [-71.798463, 41.395563], [-71.796989, 41.393016], [-71.792265, 41.392142], [-71.790029, 41.392623], [-71.788774, 41.39108], [-71.786664, 41.38971], [-71.7852, 41.389532], [-71.783937, 41.386607], [-71.783069, 41.386548], [-71.782037, 41.388577], [-71.780455, 41.388711], [-71.780421, 41.387084], [-71.779222, 41.387277], [-71.776201, 41.386043], [-71.77617, 41.385476], [-71.771002, 41.386727], [-71.764155, 41.391951], [-71.759858, 41.395357], [-71.752952, 41.398582], [-71.752667, 41.39424], [-71.755247, 41.393333], [-71.75878, 41.390471], [-71.758469, 41.388878], [-71.759287, 41.387656], [-71.760672, 41.386838], [-71.762006, 41.383568], [-71.765725, 41.381134], [-71.766536, 41.379637], [-71.762611, 41.378909], [-71.762856, 41.378399], [-71.762535, 41.378748], [-71.758975, 41.378462], [-71.758741, 41.379968], [-71.755142, 41.379227], [-71.753304, 41.381718], [-71.751198, 41.38295], [-71.748306, 41.383217], [-71.748306, 41.37999], [-71.746552, 41.378929], [-71.746117, 41.372463], [-71.74514, 41.370964], [-71.740189, 41.372826], [-71.739548, 41.375618], [-71.737663, 41.377468], [-71.733138, 41.378708], [-71.730546, 41.378678], [-71.730107, 41.353254], [-71.730106, 41.351658], [-71.730388, 41.342792], [-71.7298800177561, 41.3316982914577], [-71.730717, 41.33164], [-71.746758, 41.328095], [-71.7489214513298, 41.3269054992995], [-71.751656, 41.325402], [-71.761029, 41.328493], [-71.7627725409344, 41.328611597175], [-71.7630228835294, 41.3286286256966], [-71.766395, 41.328858], [-71.773702, 41.327977], [-71.785957, 41.325739], [-71.7881224163691, 41.3253335556349], [-71.7966009417609, 41.3237460686308], [-71.8079616264004, 41.3216189370378], [-71.8144378655271, 41.3204063505356], [-71.815337, 41.320238], [-71.8197276575888, 41.3191397396291], [-71.8215211761285, 41.3186911165477], [-71.833755, 41.315631], [-71.8361175075275, 41.314860367666], [-71.845285, 41.31187], [-71.857432, 41.306318], [-71.8574721485076, 41.306368547736], [-71.859899, 41.309424], [-71.862772, 41.309791], [-71.8626677422346, 41.310863612697]]]}}, {"type": "Feature", "id": "02816", "properties": {"ZCTA5CE20": "02816", "GEOID20": "02816", "zip": "02816", "STUSPS": "RI"}, "geometry": {"type": "Polygon", "coordinates": [[[-71.74337, 41.676966], [-71.741639, 41.676928], [-71.733772, 41.676619], [-71.730484, 41.676742], [-71.726898, 41.676471], [-71.719616, 41.678837], [-71.720795, 41.679971], [-71.722267, 41.680283], [-71.72316, 41.681495], [-71.724808, 41.68205], [-71.726906, 41.681285], [-71.727485, 41.682626], [-71.724678, 41.685021], [-71.720757, 41.686663], [-71.718208, 41.686579], [-71.717781, 41.688066], [-71.710442, 41.690033], [-71.693322, 41.691029], [-71.693161, 41.688534], [-71.694122, 41.681221], [-71.689533, 41.684115], [-71.680371, 41.686666], [-71.679619, 41.685453], [-71.677742, 41.685968], [-71.676384, 41.686791], [-71.674828, 41.688169], [-71.674217, 41.690975], [-71.671936, 41.691276], [-71.670303, 41.692656], [-71.671493, 41.694195], [-71.668999, 41.696617], [-71.668243, 41.699436], [-71.670036, 41.702713], [-71.67157, 41.702281], [-71.679747, 41.701532], [-71.680557, 41.704206], [-71.683319, 41.704614], [-71.681709, 41.705746], [-71.68145, 41.708067], [-71.679581, 41.707912], [-71.677521, 41.709581], [-71.674774, 41.710825], [-71.674393, 41.713113], [-71.672554, 41.715294], [-71.67144, 41.715454], [-71.66964, 41.717136], [-71.669037, 41.718884], [-71.664825, 41.719081], [-71.669304, 41.720062], [-71.669884, 41.721949], [-71.671959, 41.725688], [-71.6717, 41.727331], [-71.669494, 41.727374], [-71.668434, 41.72747], [-71.665991, 41.727433], [-71.644913, 41.727789], [-71.644255, 41.7278], [-71.638485, 41.727906], [-71.637621, 41.724677], [-71.63484, 41.724208], [-71.63122, 41.724719], [-71.630708, 41.72373], [-71.629013, 41.724125], [-71.62071, 41.722337], [-71.618968, 41.722607], [-71.613958, 41.722107], [-71.615853, 41.721527], [-71.616232, 41.716092], [-71.609464, 41.722186], [-71.606583, 41.724392], [-71.604694, 41.724081], [-71.604797, 41.726667], [-71.603478, 41.726801], [-71.601807, 41.727717], [-71.598222, 41.728822], [-71.592133, 41.729317], [-71.586411, 41.729309], [-71.586186, 41.729105], [-71.576525, 41.72934], [-71.562938, 41.729672], [-71.556751, 41.72983], [-71.556866, 41.730387], [-71.555652, 41.730916], [-71.555129, 41.731065], [-71.554879, 41.730732], [-71.554597, 41.729886], [-71.550038, 41.729985], [-71.549722, 41.729989], [-71.548477, 41.730274], [-71.547353, 41.731203], [-71.545807, 41.730097], [-71.540803, 41.730127], [-71.534286, 41.730171], [-71.534152, 41.724769], [-71.534355, 41.724573], [-71.534546, 41.72442], [-71.53412, 41.723922], [-71.534055, 41.722204], [-71.534015, 41.721142], [-71.533883, 41.71768], [-71.533859, 41.716136], [-71.533774, 41.713727], [-71.533541, 41.708459], [-71.53346, 41.705381], [-71.533302, 41.700946], [-71.533211, 41.699705], [-71.533113, 41.69559], [-71.533109, 41.69533], [-71.533009, 41.688498], [-71.532875, 41.681921], [-71.532968, 41.680216], [-71.532988, 41.679772], [-71.533182, 41.672086], [-71.533218, 41.671146], [-71.533379, 41.662156], [-71.541475, 41.661977], [-71.544438, 41.661903], [-71.547113, 41.661851], [-71.560783, 41.661549], [-71.572671, 41.661275], [-71.589768, 41.660515], [-71.602958, 41.660191], [-71.606857, 41.660081], [-71.622371, 41.659688], [-71.665939, 41.658692], [-71.666039, 41.658721], [-71.694939, 41.658424], [-71.739624, 41.657352], [-71.739739, 41.659027], [-71.738289, 41.661052], [-71.739074, 41.663591], [-71.738426, 41.666016], [-71.739975, 41.667613], [-71.740502, 41.669938], [-71.742874, 41.673799], [-71.74337, 41.676966]]]}}, {"type": "Feature", "id": "02828", "properties": {"ZCTA5CE20": "02828", "GEOID20": "02828", "zip": "02828", "STUSPS": "RI"}, "geometry": {"type": "MultiPolygon", "coordinates": [[[[-71.532188, 41.873814], [-71.530801, 41.875495], [-71.526561, 41.876404], [-71.525937, 41.873785], [-71.531311, 41.872559], [-71.531387, 41.872738], [-71.531639, 41.87318], [-71.531891, 41.873524], [-71.532188, 41.873814]]], [[[-71.581891, 41.894665], [-71.578659, 41.896931], [-71.577081, 41.899363], [-71.572908, 41.901208], [-71.569756, 41.902405], [-71.569633, 41.9007], [-71.566147, 41.900307], [-71.566536, 41.899277], [-71.564896, 41.899157], [-71.563914, 41.897222], [-71.565703, 41.892877], [-71.565167, 41.89105], [-71.563377, 41.891592], [-71.562213, 41.893049], [-71.561312, 41.891623], [-71.555851, 41.88934], [-71.554349, 41.88464], [-71.555888, 41.8826], [-71.551048, 41.882381], [-71.548584, 41.879982], [-71.549307, 41.877536], [-71.546194, 41.880647], [-71.54236, 41.882723], [-71.54127, 41.884961], [-71.540886, 41.884186], [-71.540489, 41.881485], [-71.541565, 41.878872], [-71.541115, 41.877495], [-71.538467, 41.877769], [-71.537083, 41.877281], [-71.536308, 41.876195], [-71.53483, 41.875507], [-71.533959, 41.873806], [-71.535454, 41.870191], [-71.530724, 41.870178], [-71.531219, 41.86797], [-71.531464, 41.864269], [-71.549385, 41.861937], [-71.548553, 41.861042], [-71.549065, 41.860218], [-71.548531, 41.858967], [-71.549626, 41.858069], [-71.549831, 41.859899], [-71.548874, 41.860775], [-71.54942, 41.861503], [-71.550423, 41.861765], [-71.554998, 41.861207], [-71.5551, 41.860707], [-71.554271, 41.859971], [-71.554336, 41.859406], [-71.555357, 41.858773], [-71.556604, 41.859397], [-71.557183, 41.859331], [-71.55747, 41.859847], [-71.55643, 41.86015], [-71.55687, 41.860969], [-71.562903, 41.86018], [-71.573608, 41.858807], [-71.574642, 41.858748], [-71.575653, 41.863573], [-71.575752, 41.864055], [-71.576523, 41.867768], [-71.580046, 41.867016], [-71.577698, 41.871536], [-71.57936, 41.873102], [-71.578998, 41.875246], [-71.57805, 41.875088], [-71.579348, 41.881617], [-71.579389, 41.881812], [-71.579908, 41.88472], [-71.581842, 41.894372], [-71.581891, 41.894665]]], [[[-71.584434, 41.876122], [-71.583196, 41.87694], [-71.581174, 41.876635], [-71.580175, 41.875876], [-71.580874, 41.87496], [-71.580507, 41.873419], [-71.582176, 41.873798], [-71.582455, 41.87382], [-71.58283, 41.873902], [-71.583418, 41.873957], [-71.583841, 41.874068], [-71.584434, 41.876122]]]]}}, {"type": "Feature", "id": "02833", "properties": {"ZCTA5CE20": "02833", "GEOID20": "02833", "zip": "02833", "STUSPS": "RI"}, "geometry": {"type": "Polygon", "coordinates": [[[-71.7938802756582, 41.4990021102569], [-71.787622, 41.500836], [-71.783646, 41.500763], [-71.783897, 41.50037], [-71.784209, 41.498984], [-71.778885, 41.498865], [-71.775464, 41.499208], [-71.772521, 41.500404], [-71.771492, 41.495016], [-71.766803, 41.491331], [-71.761072, 41.489404], [-71.761176, 41.487843], [-71.757726, 41.484432], [-71.760223, 41.484417], [-71.76281, 41.482346], [-71.763771, 41.480595], [-71.764343, 41.477898], [-71.765502, 41.475456], [-71.764786, 41.47007], [-71.760391, 41.46959], [-71.760055, 41.469472], [-71.765778, 41.465529], [-71.76886, 41.462886], [-71.771928, 41.460093], [-71.778203, 41.454389], [-71.778748, 41.457249], [-71.777977, 41.461452], [-71.780869, 41.461918], [-71.782873, 41.461685], [-71.782163, 41.462572], [-71.782382, 41.464527], [-71.786182, 41.465513], [-71.786859, 41.466636], [-71.785856, 41.468638], [-71.783661, 41.469137], [-71.781731, 41.471776], [-71.786735, 41.471764], [-71.788581, 41.47517], [-71.792206, 41.475125], [-71.791877, 41.484389], [-71.7945395881831, 41.4847342134994], [-71.7938802756582, 41.4990021102569]]]}}, {"type": "Feature", "id": "02894", "properties": {"ZCTA5CE20": "02894", "GEOID20": "02894", "zip": "02894", "STUSPS": "RI"}, "geometry": {"type": "Polygon", "coordinates": [[[-71.730969, 41.434613], [-71.726949, 41.434765], [-71.723698, 41.437636], [-71.724052, 41.437901], [-71.724258, 41.440395], [-71.726756, 41.443226], [-71.727502, 41.44363], [-71.727872, 41.446548], [-71.727004, 41.447415], [-71.723633, 41.446239], [-71.717323, 41.445321], [-71.716399, 41.44387], [-71.717194, 41.447214], [-71.717014, 41.449896], [-71.715907, 41.450937], [-71.714599, 41.451026], [-71.703591, 41.450467], [-71.703919, 41.452688], [-71.696243, 41.452209], [-71.698708, 41.457043], [-71.699654, 41.46241], [-71.694572, 41.46447], [-71.691925, 41.466339], [-71.690135, 41.466408], [-71.683266, 41.466793], [-71.676773, 41.46965], [-71.670586, 41.467266], [-71.668619, 41.465991], [-71.668854, 41.460867], [-71.669478, 41.460783], [-71.671683, 41.461119], [-71.674437, 41.457967], [-71.675213, 41.453541], [-71.676579, 41.452054], [-71.676942, 41.448839], [-71.681129, 41.446046], [-71.681287, 41.442982], [-71.684142, 41.439688], [-71.685394, 41.439046], [-71.685252, 41.43766], [-71.68647, 41.436971], [-71.685342, 41.434737], [-71.68938, 41.433674], [-71.692143, 41.43277], [-71.6927, 41.433621], [-71.694152, 41.43294], [-71.69706, 41.432953], [-71.699459, 41.431775], [-71.699735, 41.430431], [-71.699916, 41.430362], [-71.700371, 41.430876], [-71.700738, 41.430872], [-71.701384, 41.430646], [-71.701477, 41.430421], [-71.702055, 41.43233], [-71.702936, 41.431774], [-71.705633, 41.433536], [-71.707506, 41.435392], [-71.714559, 41.433743], [-71.716823, 41.434125], [-71.716366, 41.433054], [-71.717502, 41.431245], [-71.716884, 41.430423], [-71.719006, 41.428324], [-71.721796, 41.428696], [-71.725721, 41.426965], [-71.726187, 41.427422], [-71.727645, 41.42788], [-71.726766, 41.430207], [-71.73, 41.432548], [-71.730969, 41.434613]]]}}, {"type": "Feature", "id": "06332", "properties": {"ZCTA5CE20": "06332", "GEOID20": "06332", "zip": "06332", "STUSPS": "RI"}, "geometry": {"type": "Polygon", "coordinates": [[[-71.931873, 41.73427], [-71.929462, 41.734982], [-71.923738, 41.734106], [-71.917221, 41.732839], [-71.918698, 41.728207], [-71.918594, 41.727791], [-71.913918, 41.721904], [-71.913779, 41.721806], [-71.910914, 41.722248], [-71.910771, 41.723165], [-71.906906, 41.725904], [-71.903567, 41.730778], [-71.902464, 41.733418], [-71.902656, 41.735531], [-71.906158, 41.741502], [-71.906794, 41.742585], [-71.90631, 41.742623], [-71.902277, 41.742732], [-71.896857, 41.740342], [-71.897654, 41.738492], [-71.897633, 41.737072], [-71.894505, 41.732493], [-71.894978, 41.728689], [-71.895997, 41.726742], [-71.897872, 41.725722], [-71.899077, 41.719385], [-71.897288, 41.719375], [-71.8959, 41.718702], [-71.895, 41.717372], [-71.896497, 41.718671], [-71.899542, 41.718581], [-71.903262, 41.717471], [-71.903926, 41.719501], [-71.90456, 41.720403], [-71.905051, 41.721483], [-71.90577, 41.7223], [-71.906581, 41.72272], [-71.907366, 41.722628], [-71.908017, 41.721369], [-71.908946, 41.71987], [-71.913423, 41.717527], [-71.915529, 41.717811], [-71.916411, 41.719854], [-71.91589, 41.720295], [-71.918199, 41.721394], [-71.920925, 41.720188], [-71.922924, 41.72029], [-71.9241, 41.720897], [-71.925334, 41.723358], [-71.925486, 41.725164], [-71.92205, 41.727535], [-71.925928, 41.728876], [-71.929343, 41.731111], [-71.930528, 41.730471], [-71.932749, 41.731401], [-71.931873, 41.73427]]]}}, {"type": "Feature", "id": "02813", "properties": {"ZCTA5CE20": "02813", "GEOID20": "02813", "zip": "02813", "STUSPS": "RI"}, "geometry": {"type": "Polygon", "coordinates": [[[-71.731252, 41.398514], [-71.728764, 41.398047], [-71.728363, 41.396687], [-71.727481, 41.397023], [-71.727462, 41.401703], [-71.723558, 41.404357], [-71.723307, 41.40763], [-71.72454, 41.409089], [-71.72705, 41.409793], [-71.728097, 41.411397], [-71.728547, 41.413431], [-71.730027, 41.414518], [-71.729093, 41.41626], [-71.729178, 41.417733], [-71.725949, 41.422363], [-71.725722, 41.425187], [-71.726187, 41.427422], [-71.725721, 41.426965], [-71.721796, 41.428696], [-71.719006, 41.428324], [-71.716884, 41.430423], [-71.717502, 41.431245], [-71.716366, 41.433054], [-71.716823, 41.434125], [-71.714559, 41.433743], [-71.707506, 41.435392], [-71.705633, 41.433536], [-71.702936, 41.431774], [-71.702055, 41.43233], [-71.701477, 41.430421], [-71.701384, 41.430646], [-71.700738, 41.430872], [-71.700371, 41.430876], [-71.699916, 41.430362], [-71.699735, 41.430431], [-71.699459, 41.431775], [-71.69706, 41.432953], [-71.694152, 41.43294], [-71.6927, 41.433621], [-71.692143, 41.43277], [-71.68938, 41.433674], [-71.685342, 41.434737], [-71.68647, 41.436971], [-71.685252, 41.43766], [-71.685394, 41.439046], [-71.684142, 41.439688], [-71.681287, 41.442982], [-71.681129, 41.446046], [-71.676942, 41.448839], [-71.676579, 41.452054], [-71.675213, 41.453541], [-71.674437, 41.457967], [-71.671683, 41.461119], [-71.669478, 41.460783], [-71.66434, 41.458418], [-71.663612, 41.458424], [-71.662053, 41.4595], [-71.658664, 41.458606], [-71.655227, 41.459137], [-71.651324, 41.455257], [-71.650113, 41.453522], [-71.650827, 41.451435], [-71.649158, 41.450129], [-71.649385, 41.44888], [-71.645485, 41.448665], [-71.642705, 41.446973], [-71.63921, 41.446057], [-71.637829, 41.447111], [-71.636391, 41.447813], [-71.632518, 41.448799], [-71.631973, 41.447206], [-71.630022, 41.446954], [-71.628831, 41.447999], [-71.627012, 41.446694], [-71.62687, 41.445225], [-71.624082, 41.446395], [-71.621284, 41.445992], [-71.618376, 41.446675], [-71.614133, 41.450714], [-71.614526, 41.450795], [-71.612286, 41.452041], [-71.609732, 41.45238], [-71.608912, 41.452227], [-71.604418, 41.449813], [-71.603667, 41.449618], [-71.601283, 41.450278], [-71.598242, 41.44962], [-71.596287, 41.44752], [-71.595141, 41.446225], [-71.600087, 41.432494], [-71.606734, 41.414029], [-71.606961, 41.413404], [-71.611332, 41.401103], [-71.613925, 41.393773], [-71.614031, 41.393495], [-71.622964, 41.368266], [-71.621805, 41.369837], [-71.619882, 41.367821], [-71.621998, 41.368562], [-71.62373, 41.366153], [-71.623852, 41.3658], [-71.624395, 41.364248], [-71.622104, 41.36483], [-71.618363, 41.36405], [-71.616442, 41.365327], [-71.615133, 41.365225], [-71.613584, 41.366613], [-71.612034, 41.366788], [-71.612501, 41.365315], [-71.610453, 41.364836], [-71.608441, 41.365794], [-71.606487, 41.363943], [-71.616506, 41.362989], [-71.624158, 41.36121], [-71.625619309585, 41.3607552747436], [-71.632989, 41.358462], [-71.638315, 41.355434], [-71.6386680036904, 41.3554517435717], [-71.642851, 41.355662], [-71.651576652566, 41.3531845313851], [-71.6745935433224, 41.346649361204], [-71.68807, 41.342823], [-71.6909922249473, 41.3421973902265], [-71.696688, 41.340978], [-71.701631, 41.336968], [-71.70517, 41.334285], [-71.716036, 41.331089], [-71.7179883566799, 41.3312873899857], [-71.72074, 41.331567], [-71.72427, 41.332089], [-71.7298800177561, 41.3316982914577], [-71.730388, 41.342792], [-71.730106, 41.351658], [-71.730107, 41.353254], [-71.730546, 41.378678], [-71.730777, 41.386471], [-71.730804, 41.387531], [-71.730883, 41.390302], [-71.731252, 41.398514]]]}}, {"type": "Feature", "id": "02822", "properties": {"ZCTA5CE20": "02822", "GEOID20": "02822", "zip": "02822", "STUSPS": "RI"}, "geometry": {"type": "Polygon", "coordinates": [[[-71.79050845462, 41.5719702287765], [-71.7893586727423, 41.5968521603427], [-71.760811, 41.598044], [-71.658757, 41.598693], [-71.65357, 41.598701], [-71.653019, 41.598828], [-71.643983, 41.600979], [-71.604801, 41.600879], [-71.544807, 41.601993], [-71.522429, 41.602566], [-71.521904, 41.600842], [-71.518433, 41.59404], [-71.51812, 41.592208], [-71.518015, 41.581416], [-71.517926, 41.577265], [-71.518059, 41.575981], [-71.51886, 41.564684], [-71.51918, 41.556332], [-71.519493, 41.544415], [-71.519566, 41.529925], [-71.518439, 41.527656], [-71.518597, 41.527341], [-71.519754, 41.524395], [-71.526448, 41.511084], [-71.52911, 41.505846], [-71.530528, 41.503752], [-71.557099, 41.510582], [-71.586982, 41.518213], [-71.592394, 41.519892], [-71.597275, 41.52113], [-71.603376, 41.522706], [-71.602526, 41.523704], [-71.604912, 41.525697], [-71.605785, 41.527115], [-71.605494, 41.530741], [-71.606821, 41.533167], [-71.607039, 41.536134], [-71.606303, 41.539131], [-71.60787, 41.541062], [-71.607915, 41.542847], [-71.609273, 41.544016], [-71.609713, 41.546322], [-71.602798, 41.548084], [-71.605545, 41.55687], [-71.605003, 41.558685], [-71.60466, 41.559057], [-71.608765, 41.558313], [-71.610046, 41.556802], [-71.611757, 41.559183], [-71.612739, 41.560658], [-71.620715, 41.564234], [-71.621753, 41.56793], [-71.622926, 41.569283], [-71.622151, 41.570225], [-71.624653, 41.572447], [-71.625776, 41.574731], [-71.625889, 41.578488], [-71.627401, 41.578655], [-71.642036, 41.563892], [-71.643974, 41.56176], [-71.66143, 41.559854], [-71.663399, 41.559669], [-71.684288, 41.557373], [-71.715018, 41.554203], [-71.729799, 41.552616], [-71.744267, 41.551144], [-71.751208, 41.551122], [-71.771333, 41.548392], [-71.782154, 41.546883], [-71.7917036308261, 41.5461059382128], [-71.79050845462, 41.5719702287765]]]}}, {"type": "Feature", "id": "02802", "properties": {"ZCTA5CE20": "02802", "GEOID20": "02802", "zip": "02802", "STUSPS": "RI"}, "geometry": {"type": "Polygon", "coordinates": [[[-71.461972, 41.957718], [-71.461781, 41.957415], [-71.45814, 41.956849], [-71.457241, 41.956568], [-71.455219, 41.955634], [-71.452315, 41.953105], [-71.451399, 41.951556], [-71.452289, 41.951832], [-71.450856, 41.949359], [-71.448544, 41.94874], [-71.449081, 41.947025], [-71.450134, 41.948204], [-71.451401, 41.948559], [-71.45195, 41.948315], [-71.451599, 41.947849], [-71.451385, 41.946632], [-71.451675, 41.945232], [-71.450699, 41.943966], [-71.451476, 41.9435], [-71.452452, 41.947896], [-71.454885, 41.950746], [-71.458674, 41.950649], [-71.460186, 41.949497], [-71.461675, 41.950784], [-71.461906, 41.950623], [-71.462357, 41.952164], [-71.4602, 41.952005], [-71.457236, 41.953989], [-71.462977, 41.957104], [-71.461972, 41.957718]]]}}, {"type": "Feature", "id": "02808", "properties": {"ZCTA5CE20": "02808", "GEOID20": "02808", "zip": "02808", "STUSPS": "RI"}, "geometry": {"type": "Polygon", "coordinates": [[[-71.779007, 41.394546], [-71.777808, 41.393256], [-71.776231, 41.393521], [-71.774179, 41.395412], [-71.771528, 41.39706], [-71.772674, 41.400404], [-71.771103, 41.40139], [-71.76718, 41.399206], [-71.767145, 41.402619], [-71.76371, 41.405176], [-71.763127, 41.406923], [-71.763724, 41.410891], [-71.764236, 41.412053], [-71.76563, 41.412845], [-71.76601, 41.41374], [-71.765909, 41.414176], [-71.768451, 41.413801], [-71.769206, 41.414314], [-71.765175, 41.418007], [-71.772317, 41.418736], [-71.773415, 41.422546], [-71.771858, 41.424558], [-71.770622, 41.4245], [-71.770699, 41.423851], [-71.768745, 41.424232], [-71.767929, 41.426189], [-71.76681, 41.426891], [-71.765529, 41.429175], [-71.766875, 41.430516], [-71.764448, 41.431559], [-71.761392, 41.431716], [-71.76005, 41.431172], [-71.759923, 41.42881], [-71.760548, 41.427668], [-71.754822, 41.427856], [-71.754997, 41.429111], [-71.753876, 41.434261], [-71.742873, 41.43406], [-71.740255, 41.433347], [-71.73793, 41.433464], [-71.730969, 41.434613], [-71.73, 41.432548], [-71.726766, 41.430207], [-71.727645, 41.42788], [-71.726187, 41.427422], [-71.725722, 41.425187], [-71.725949, 41.422363], [-71.729178, 41.417733], [-71.729093, 41.41626], [-71.730027, 41.414518], [-71.728547, 41.413431], [-71.728097, 41.411397], [-71.72705, 41.409793], [-71.72454, 41.409089], [-71.723307, 41.40763], [-71.723558, 41.404357], [-71.727462, 41.401703], [-71.727481, 41.397023], [-71.728363, 41.396687], [-71.728764, 41.398047], [-71.731252, 41.398514], [-71.730883, 41.390302], [-71.730804, 41.387531], [-71.730777, 41.386471], [-71.730546, 41.378678], [-71.733138, 41.378708], [-71.737663, 41.377468], [-71.739548, 41.375618], [-71.740189, 41.372826], [-71.74514, 41.370964], [-71.746117, 41.372463], [-71.746552, 41.378929], [-71.748306, 41.37999], [-71.748306, 41.383217], [-71.751198, 41.38295], [-71.753304, 41.381718], [-71.755142, 41.379227], [-71.758741, 41.379968], [-71.758975, 41.378462], [-71.762535, 41.378748], [-71.762856, 41.378399], [-71.762611, 41.378909], [-71.766536, 41.379637], [-71.765725, 41.381134], [-71.762006, 41.383568], [-71.760672, 41.386838], [-71.759287, 41.387656], [-71.758469, 41.388878], [-71.75878, 41.390471], [-71.755247, 41.393333], [-71.752667, 41.39424], [-71.752952, 41.398582], [-71.759858, 41.395357], [-71.764155, 41.391951], [-71.771002, 41.386727], [-71.77617, 41.385476], [-71.776201, 41.386043], [-71.779222, 41.387277], [-71.778765, 41.389636], [-71.780783, 41.393488], [-71.779007, 41.394546]]]}}, {"type": "Feature", "id": "02898", "properties": {"ZCTA5CE20": "02898", "GEOID20": "02898", "zip": "02898", "STUSPS": "RI"}, "geometry": {"type": "Polygon", "coordinates": [[[-71.712467, 41.50782], [-71.708109, 41.509564], [-71.707707, 41.511185], [-71.705675, 41.512146], [-71.704673, 41.514122], [-71.703218, 41.514149], [-71.703455, 41.514813], [-71.704902, 41.514294], [-71.705473, 41.514597], [-71.703703, 41.515893], [-71.705788, 41.51759], [-71.702783, 41.519684], [-71.699235, 41.518793], [-71.698496, 41.520964], [-71.691983, 41.522133], [-71.691609, 41.522401], [-71.690055, 41.522139], [-71.687231, 41.524225], [-71.686783, 41.53001], [-71.685956, 41.530213], [-71.686664, 41.532123], [-71.684288, 41.557373], [-71.663399, 41.559669], [-71.66143, 41.559854], [-71.643974, 41.56176], [-71.645782, 41.559978], [-71.646106, 41.559783], [-71.645005, 41.558747], [-71.645642, 41.557758], [-71.644527, 41.556834], [-71.644646, 41.553212], [-71.644008, 41.552447], [-71.64617, 41.547962], [-71.645544, 41.545752], [-71.643054, 41.544591], [-71.642473, 41.541303], [-71.644323, 41.540366], [-71.645374, 41.540914], [-71.647526, 41.540177], [-71.649545, 41.537741], [-71.652276, 41.536029], [-71.651726, 41.534653], [-71.648178, 41.536247], [-71.646667, 41.536182], [-71.641624, 41.537762], [-71.641151, 41.538628], [-71.639079, 41.535978], [-71.638795, 41.532098], [-71.640363, 41.529138], [-71.639179, 41.528043], [-71.640762, 41.523663], [-71.64093, 41.520447], [-71.642227, 41.518902], [-71.643646, 41.515797], [-71.644402, 41.512672], [-71.658776, 41.514419], [-71.660324, 41.514297], [-71.659386, 41.513153], [-71.659836, 41.512547], [-71.659966, 41.510601], [-71.658554, 41.504261], [-71.659536, 41.500425], [-71.652682, 41.502255], [-71.647041, 41.501694], [-71.644278, 41.500986], [-71.644925, 41.499835], [-71.650432, 41.498766], [-71.652426, 41.501179], [-71.654982, 41.500637], [-71.65636, 41.494692], [-71.657741, 41.493602], [-71.656328, 41.492438], [-71.660749, 41.492564], [-71.660805, 41.492168], [-71.664246, 41.493065], [-71.666885, 41.491489], [-71.675867, 41.477909], [-71.681898, 41.481785], [-71.684721, 41.479822], [-71.684259, 41.47887], [-71.686996, 41.479972], [-71.685138, 41.483214], [-71.690517, 41.485544], [-71.689888, 41.490314], [-71.691124, 41.490284], [-71.691666, 41.491658], [-71.691274, 41.494856], [-71.697668, 41.492753], [-71.700964, 41.498813], [-71.704614, 41.497903], [-71.707378, 41.500948], [-71.70752, 41.502542], [-71.711901, 41.504767], [-71.711268, 41.505787], [-71.712467, 41.50782]]]}}, {"type": "Feature", "id": "06243", "properties": {"ZCTA5CE20": "06243", "GEOID20": "06243", "zip": "06243", "STUSPS": "RI"}, "geometry": {"type": "Polygon", "coordinates": [[[-71.819713, 41.849088], [-71.818423, 41.849902], [-71.816069, 41.849872], [-71.813229, 41.851137], [-71.814397, 41.854349], [-71.812559, 41.855994], [-71.814842, 41.859012], [-71.812083, 41.857712], [-71.811031, 41.861508], [-71.809556, 41.863206], [-71.80738, 41.858344], [-71.808105, 41.857018], [-71.810608, 41.855021], [-71.810035, 41.850335], [-71.811122, 41.848938], [-71.809052, 41.848786], [-71.808296, 41.851066], [-71.806131, 41.849736], [-71.804803, 41.851113], [-71.803409, 41.84957], [-71.801809, 41.84905], [-71.796538, 41.848827], [-71.7944823560536, 41.8491578858595], [-71.79418248642, 41.841639697284], [-71.795066, 41.842147], [-71.796063, 41.844493], [-71.798426, 41.845212], [-71.800071, 41.842921], [-71.799982, 41.84141], [-71.801383, 41.838317], [-71.802638, 41.838393], [-71.805488, 41.837525], [-71.807236, 41.838145], [-71.809314, 41.841615], [-71.812087, 41.8432], [-71.815003, 41.844001], [-71.818009, 41.847715], [-71.8186, 41.848542], [-71.819542, 41.849087], [-71.819713, 41.849088]]]}}, {"type": "Feature", "id": "02907", "properties": {"ZCTA5CE20": "02907", "GEOID20": "02907", "zip": "02907", "STUSPS": "RI"}, "geometry": {"type": "Polygon", "coordinates": [[[-71.441215, 41.7969], [-71.439911, 41.800915], [-71.440252, 41.803705], [-71.439938, 41.803415], [-71.439255, 41.80373], [-71.437874, 41.804977], [-71.43679, 41.805801], [-71.437171, 41.805984], [-71.43668, 41.80655], [-71.436295, 41.806339], [-71.435707, 41.807011], [-71.435074, 41.807732], [-71.43454, 41.808323], [-71.433683, 41.80971], [-71.433449, 41.809635], [-71.432617, 41.810425], [-71.432986, 41.810549], [-71.431564, 41.811466], [-71.431061, 41.811859], [-71.429588, 41.812603], [-71.429934, 41.813377], [-71.429664, 41.813717], [-71.427216, 41.814457], [-71.428406, 41.816917], [-71.426254, 41.817131], [-71.422333, 41.817413], [-71.422264, 41.817169], [-71.425896, 41.814537], [-71.425385, 41.814171], [-71.422104, 41.815601], [-71.420952, 41.814754], [-71.420662, 41.815285], [-71.418076, 41.814053], [-71.417374, 41.813686], [-71.416779, 41.814301], [-71.415298, 41.814495], [-71.415985, 41.812939], [-71.416527, 41.812393], [-71.415794, 41.812023], [-71.415268, 41.811848], [-71.415665, 41.809956], [-71.415802, 41.809299], [-71.417581, 41.807812], [-71.415474, 41.807095], [-71.415855, 41.807046], [-71.41552, 41.806217], [-71.41481, 41.805557], [-71.416199, 41.804813], [-71.419258, 41.804111], [-71.419104, 41.803619], [-71.41848, 41.803765], [-71.418907, 41.802975], [-71.418129, 41.801144], [-71.417435, 41.800449], [-71.417419, 41.800434], [-71.41642, 41.800724], [-71.416595, 41.799759], [-71.415466, 41.798851], [-71.414665, 41.798199], [-71.412766, 41.796673], [-71.412575, 41.796021], [-71.41153, 41.795682], [-71.410233, 41.794636], [-71.409447, 41.794], [-71.417591, 41.789592], [-71.420063, 41.787033], [-71.419556, 41.78611], [-71.417475, 41.786325], [-71.417282, 41.784122], [-71.41877, 41.784283], [-71.419541, 41.781677], [-71.416908, 41.7803], [-71.416702, 41.778763], [-71.418972, 41.775817], [-71.419437, 41.776243], [-71.421421, 41.776792], [-71.421577, 41.776218], [-71.423172, 41.776497], [-71.42305, 41.777119], [-71.42381, 41.777267], [-71.422132, 41.78186], [-71.422791, 41.781902], [-71.422134, 41.78421], [-71.422849, 41.786001], [-71.425806, 41.786227], [-71.431603, 41.786254], [-71.434046, 41.786307], [-71.436482, 41.788412], [-71.436915, 41.7897], [-71.435127, 41.789978], [-71.434192, 41.790364], [-71.434071, 41.791055], [-71.434943, 41.791663], [-71.435707, 41.792755], [-71.435124, 41.794016], [-71.438541, 41.794229], [-71.440572, 41.793747], [-71.441216, 41.796215], [-71.441215, 41.7969]]]}}, {"type": "Feature", "id": "02917", "properties": {"ZCTA5CE20": "02917", "GEOID20": "02917", "zip": "02917", "STUSPS": "RI"}, "geometry": {"type": "Polygon", "coordinates": [[[-71.590312, 41.933665], [-71.585399, 41.934116], [-71.585034, 41.934149], [-71.555328, 41.936874], [-71.551961, 41.937234], [-71.551483, 41.937286], [-71.526775, 41.93972], [-71.511805, 41.941298], [-71.508805, 41.941498], [-71.490891, 41.94322], [-71.490788, 41.943241], [-71.489316, 41.938907], [-71.489167, 41.938469], [-71.4845, 41.924989], [-71.482705, 41.919002], [-71.482147, 41.917689], [-71.479248, 41.915371], [-71.481095, 41.914774], [-71.4768, 41.902143], [-71.473389, 41.891975], [-71.466759, 41.872767], [-71.474826, 41.871727], [-71.475526, 41.87157], [-71.486682, 41.870119], [-71.49128, 41.869534], [-71.492477, 41.869465], [-71.495545, 41.868983], [-71.505093, 41.867724], [-71.508042, 41.867342], [-71.514588, 41.866488], [-71.527467, 41.864793], [-71.527809, 41.864361], [-71.527885, 41.864151], [-71.527977, 41.86393], [-71.528198, 41.863766], [-71.529236, 41.864216], [-71.530013, 41.864422], [-71.531464, 41.864269], [-71.531219, 41.86797], [-71.530724, 41.870178], [-71.535454, 41.870191], [-71.533959, 41.873806], [-71.53483, 41.875507], [-71.536308, 41.876195], [-71.537083, 41.877281], [-71.538467, 41.877769], [-71.541115, 41.877495], [-71.541565, 41.878872], [-71.540489, 41.881485], [-71.540886, 41.884186], [-71.54127, 41.884961], [-71.54236, 41.882723], [-71.546194, 41.880647], [-71.549307, 41.877536], [-71.548584, 41.879982], [-71.551048, 41.882381], [-71.555888, 41.8826], [-71.554349, 41.88464], [-71.555851, 41.88934], [-71.561312, 41.891623], [-71.562213, 41.893049], [-71.563377, 41.891592], [-71.565167, 41.89105], [-71.565703, 41.892877], [-71.563914, 41.897222], [-71.564896, 41.899157], [-71.566536, 41.899277], [-71.566147, 41.900307], [-71.569633, 41.9007], [-71.569756, 41.902405], [-71.572908, 41.901208], [-71.572578, 41.902463], [-71.576246, 41.905079], [-71.577019, 41.90646], [-71.577988, 41.911514], [-71.578979, 41.914272], [-71.580719, 41.916504], [-71.582306, 41.917027], [-71.585457, 41.920216], [-71.587696, 41.92149], [-71.590312, 41.933665]], [[-71.531891, 41.873524], [-71.531639, 41.87318], [-71.531387, 41.872738], [-71.531311, 41.872559], [-71.525937, 41.873785], [-71.526561, 41.876404], [-71.530801, 41.875495], [-71.532188, 41.873814], [-71.531891, 41.873524]]]}}, {"type": "Feature", "id": "02766", "properties": {"ZCTA5CE20": "02766", "GEOID20": "02766", "zip": "02766", "STUSPS": "RI"}, "geometry": {"type": "Polygon", "coordinates": [[[-71.259289, 41.974216], [-71.235161, 41.983385], [-71.221469, 41.988577], [-71.210517, 41.992748], [-71.206791, 41.994162], [-71.202861, 41.995696], [-71.190907, 41.999579], [-71.182434, 42.002334], [-71.16827, 42.008477], [-71.158704, 42.012624], [-71.1571, 42.004381], [-71.15645, 42.001042], [-71.128656, 41.997113], [-71.123462, 41.996381], [-71.104156, 41.993649], [-71.102328, 41.99339], [-71.100854, 41.993151], [-71.125664, 41.967082], [-71.126126, 41.966627], [-71.144075, 41.949251], [-71.14421, 41.949121], [-71.15519, 41.938464], [-71.155409, 41.938254], [-71.158772, 41.93577], [-71.165049, 41.931323], [-71.193893, 41.910765], [-71.208162, 41.908852], [-71.235636, 41.943956], [-71.237109, 41.945848], [-71.237878, 41.946832], [-71.243383, 41.953845], [-71.255588, 41.969465], [-71.259289, 41.974216]]]}}, {"type": "Feature", "id": "02767", "properties": {"ZCTA5CE20": "02767", "GEOID20": "02767", "zip": "02767", "STUSPS": "RI"}, "geometry": {"type": "Polygon", "coordinates": [[[-71.125664, 41.967082], [-71.100854, 41.993151], [-71.087157, 41.990832], [-71.078553, 41.989304], [-71.083181, 42.003993], [-71.069703, 41.998504], [-71.067361, 41.997906], [-71.05716, 41.995675], [-71.054718, 41.985057], [-71.054184, 41.982716], [-71.050276, 41.9664], [-71.049776, 41.964307], [-71.049485, 41.963094], [-71.04722, 41.961948], [-71.042627, 41.959516], [-71.021046, 41.946407], [-71.016588, 41.943865], [-71.010567, 41.940079], [-70.999887, 41.929782], [-70.999773, 41.929671], [-70.999669, 41.928439], [-70.996804, 41.927404], [-70.995908, 41.926352], [-70.995631, 41.925588], [-70.996438, 41.923778], [-70.997223, 41.923111], [-70.997397, 41.918399], [-70.997132, 41.916682], [-70.995082, 41.914968], [-70.993279, 41.916465], [-70.991978, 41.915602], [-70.99115, 41.909133], [-70.993152, 41.906445], [-70.993912, 41.905291], [-70.995871, 41.903249], [-70.996966, 41.900801], [-70.999705, 41.896908], [-70.994453, 41.897036], [-70.99363, 41.894349], [-70.993725, 41.891119], [-70.992113, 41.889738], [-70.994983, 41.885107], [-70.996885, 41.884572], [-70.996465, 41.884051], [-70.998315, 41.883113], [-70.999169, 41.884063], [-71.000322, 41.883939], [-71.003478, 41.883053], [-71.003455, 41.885032], [-71.005839, 41.885192], [-71.00862, 41.890511], [-71.011875, 41.890044], [-71.013107, 41.8924], [-71.014853, 41.892133], [-71.017782, 41.889358], [-71.019882, 41.889341], [-71.021762, 41.888855], [-71.023544, 41.887067], [-71.025457, 41.886293], [-71.030025, 41.886026], [-71.032082, 41.886736], [-71.033778, 41.886364], [-71.037615, 41.88341], [-71.03777, 41.885205], [-71.038729, 41.885771], [-71.041074, 41.8853], [-71.042204, 41.883969], [-71.043323, 41.884384], [-71.04253, 41.886255], [-71.043917, 41.885411], [-71.045749, 41.885568], [-71.047912, 41.886943], [-71.04868, 41.889059], [-71.046861, 41.891033], [-71.044768, 41.891492], [-71.047241, 41.893477], [-71.044205, 41.895238], [-71.04347, 41.894043], [-71.041711, 41.895121], [-71.044288, 41.897588], [-71.045453, 41.899741], [-71.045309, 41.901749], [-71.048406, 41.904762], [-71.053763, 41.904687], [-71.055144, 41.901291], [-71.058084, 41.902366], [-71.063654, 41.903611], [-71.06509, 41.905374], [-71.06837, 41.905938], [-71.068223, 41.906229], [-71.067361, 41.906634], [-71.066547, 41.907151], [-71.075715, 41.918293], [-71.07958, 41.92302], [-71.085751, 41.930533], [-71.092234, 41.938416], [-71.092699, 41.938993], [-71.089181, 41.942934], [-71.086275, 41.946251], [-71.085451, 41.95025], [-71.083532, 41.954615], [-71.080524, 41.959538], [-71.08069, 41.959949], [-71.099823, 41.961164], [-71.100612, 41.962309], [-71.105111, 41.963347], [-71.10533, 41.966135], [-71.107091, 41.966855], [-71.109821, 41.966084], [-71.111467, 41.964852], [-71.113626, 41.964569], [-71.113525, 41.963382], [-71.116984, 41.962625], [-71.117824, 41.964316], [-71.121701, 41.966275], [-71.122449, 41.967918], [-71.125664, 41.967082]]]}}, {"type": "Feature", "id": "02771", "properties": {"ZCTA5CE20": "02771", "GEOID20": "02771", "zip": "02771", "STUSPS": "RI"}, "geometry": {"type": "Polygon", "coordinates": [[[-71.3458887317406, 41.8258871802048], [-71.344897, 41.828], [-71.3428393692991, 41.8295529288309], [-71.339597, 41.832], [-71.337597, 41.8337], [-71.33750452, 41.83376936], [-71.335197, 41.8355], [-71.3407956584837, 41.8424559090253], [-71.341797, 41.8437], [-71.342198, 41.8448], [-71.3416734226395, 41.845919388344], [-71.3344939886823, 41.8612394827533], [-71.333997, 41.8623], [-71.3374129679819, 41.871993895317], [-71.3378266820677, 41.8731679405833], [-71.3378288661724, 41.873174138675], [-71.338863843395, 41.8761112156336], [-71.340798, 41.8816], [-71.3397188707898, 41.8900884303672], [-71.3397157557079, 41.8901129336013], [-71.339298, 41.893399], [-71.339298, 41.893599], [-71.3391777169811, 41.8945612641509], [-71.338698, 41.898399], [-71.3387624937221, 41.8983911691788], [-71.338787, 41.898593], [-71.325552, 41.900356], [-71.32171, 41.90087], [-71.312177, 41.902136], [-71.305055, 41.903084], [-71.300719, 41.903661], [-71.300476, 41.899918], [-71.299834, 41.889843], [-71.298872, 41.874854], [-71.298499, 41.868951], [-71.296598, 41.839337], [-71.29622, 41.833445], [-71.295947, 41.829208], [-71.294799, 41.811413], [-71.294087, 41.80046], [-71.293722, 41.794789], [-71.294026, 41.792779], [-71.29384, 41.791442], [-71.293479, 41.790852], [-71.293047, 41.784089], [-71.292456, 41.77488], [-71.3163878442731, 41.7755072318263], [-71.317795, 41.776101], [-71.3179242335629, 41.7761572941963], [-71.327896, 41.780501], [-71.329396, 41.7826], [-71.329296, 41.7868], [-71.3301161647591, 41.7883554848879], [-71.332196, 41.7923], [-71.333896, 41.7945], [-71.335797, 41.7948], [-71.339297, 41.7963], [-71.340697, 41.7983], [-71.3407635773481, 41.7995649696132], [-71.340797, 41.8002], [-71.3401734253394, 41.8019460090498], [-71.339297, 41.8044], [-71.339297, 41.8065], [-71.3392736117647, 41.8066052470588], [-71.338897, 41.8083], [-71.3390037431442, 41.8085490673364], [-71.3390217068965, 41.8085909827586], [-71.339197, 41.809], [-71.347197, 41.8231], [-71.3458887317406, 41.8258871802048]]]}}, {"type": "Feature", "id": "02777", "properties": {"ZCTA5CE20": "02777", "GEOID20": "02777", "zip": "02777", "STUSPS": "RI"}, "geometry": {"type": "Polygon", "coordinates": [[[-71.3163878442731, 41.7755072318263], [-71.292456, 41.77488], [-71.283588, 41.774802], [-71.279886, 41.77512], [-71.275272, 41.775523], [-71.268173, 41.776142], [-71.264025, 41.776505], [-71.260405, 41.77682], [-71.253576, 41.777416], [-71.249882, 41.777738], [-71.236288, 41.778924], [-71.222663, 41.780112], [-71.210151, 41.781204], [-71.187776, 41.783156], [-71.18814, 41.785424], [-71.188541, 41.787616], [-71.193537, 41.816536], [-71.182295, 41.816125], [-71.177614, 41.813706], [-71.175531, 41.811975], [-71.171135, 41.789616], [-71.171145, 41.78937], [-71.153164, 41.789553], [-71.153961, 41.777795], [-71.154278, 41.771782], [-71.154495, 41.768522], [-71.154865, 41.762492], [-71.155613, 41.750496], [-71.156306, 41.73947], [-71.162119, 41.74041], [-71.173283, 41.742224], [-71.186017, 41.744266], [-71.190646, 41.744741], [-71.1881, 41.743218], [-71.186813, 41.740411], [-71.187532, 41.737609], [-71.191769, 41.730415], [-71.19197, 41.728103], [-71.19592, 41.721045], [-71.19669, 41.718948], [-71.201261, 41.707726], [-71.206278, 41.695412], [-71.206335, 41.692809], [-71.2082927532454, 41.6905023835889], [-71.208371, 41.690598], [-71.222470996299, 41.707679020658], [-71.224798, 41.710498], [-71.225791, 41.711701], [-71.2262367316647, 41.7122093201479], [-71.2452464955663, 41.7338883857474], [-71.2453326038605, 41.7339865851448], [-71.2520696714893, 41.7416696543205], [-71.2521307457507, 41.7417393044712], [-71.2547429944747, 41.7447183583796], [-71.261392, 41.752301], [-71.2658543855578, 41.7541839632515], [-71.2708172338825, 41.7562781034591], [-71.2708270398149, 41.7562822412034], [-71.2844017716869, 41.762010280821], [-71.2947568970711, 41.7663797644326], [-71.2947580514203, 41.7663802515257], [-71.2976875648494, 41.7676163988869], [-71.3163878442731, 41.7755072318263]]]}}, {"type": "Feature", "id": "02779", "properties": {"ZCTA5CE20": "02779", "GEOID20": "02779", "zip": "02779", "STUSPS": "RI"}, "geometry": {"type": "Polygon", "coordinates": [[[-71.119442, 41.795426], [-71.117551, 41.799753], [-71.119092, 41.803723], [-71.118863, 41.807191], [-71.118329, 41.808219], [-71.114911, 41.810763], [-71.112363, 41.813575], [-71.112699, 41.814915], [-71.114499, 41.816553], [-71.115385, 41.818443], [-71.116101, 41.82239], [-71.117702, 41.824943], [-71.115294, 41.827303], [-71.114577, 41.82975], [-71.109516, 41.831696], [-71.108427, 41.83502], [-71.108381, 41.836932], [-71.110913, 41.84167], [-71.110528, 41.843563], [-71.112845, 41.847294], [-71.112845, 41.84868], [-71.1117, 41.850537], [-71.107819, 41.853239], [-71.108685, 41.85407], [-71.107388, 41.85761], [-71.106721, 41.859825], [-71.105999, 41.860105], [-71.105449, 41.860256], [-71.104427, 41.860441], [-71.104916, 41.863622], [-71.104321, 41.868131], [-71.103115, 41.871275], [-71.102871, 41.871519], [-71.099743, 41.872427], [-71.093594, 41.873007], [-71.09419, 41.872566], [-71.091766, 41.872601], [-71.088502, 41.872689], [-71.085153, 41.872762], [-71.082727, 41.87282], [-71.076549, 41.872968], [-71.072935, 41.870128], [-71.060402, 41.863741], [-71.058295, 41.862675], [-71.055819, 41.861417], [-71.049565, 41.858258], [-71.035597, 41.851179], [-71.028904, 41.848052], [-71.022224, 41.845071], [-71.011067, 41.840092], [-71.007455, 41.838485], [-71.010944, 41.835855], [-71.03657, 41.816525], [-71.055644, 41.817006], [-71.062235, 41.81714], [-71.072273, 41.817398], [-71.088462, 41.817787], [-71.093149, 41.81285], [-71.093317, 41.810034], [-71.092829, 41.808467], [-71.088713, 41.809116], [-71.087673, 41.807959], [-71.086465, 41.80479], [-71.087722, 41.802492], [-71.091044, 41.801504], [-71.095443, 41.79917], [-71.095943, 41.797041], [-71.101604, 41.793562], [-71.103084, 41.789587], [-71.108989, 41.784506], [-71.114489, 41.778801], [-71.11961, 41.790968], [-71.119442, 41.795426]]]}}, {"type": "Feature", "id": "02780", "properties": {"ZCTA5CE20": "02780", "GEOID20": "02780", "zip": "02780", "STUSPS": "RI"}, "geometry": {"type": "Polygon", "coordinates": [[[-71.193893, 41.910765], [-71.165049, 41.931323], [-71.158772, 41.93577], [-71.155409, 41.938254], [-71.15519, 41.938464], [-71.14421, 41.949121], [-71.144075, 41.949251], [-71.126126, 41.966627], [-71.125664, 41.967082], [-71.122449, 41.967918], [-71.121701, 41.966275], [-71.117824, 41.964316], [-71.116984, 41.962625], [-71.113525, 41.963382], [-71.113626, 41.964569], [-71.111467, 41.964852], [-71.109821, 41.966084], [-71.107091, 41.966855], [-71.10533, 41.966135], [-71.105111, 41.963347], [-71.100612, 41.962309], [-71.099823, 41.961164], [-71.08069, 41.959949], [-71.080524, 41.959538], [-71.083532, 41.954615], [-71.085451, 41.95025], [-71.086275, 41.946251], [-71.089181, 41.942934], [-71.092699, 41.938993], [-71.092234, 41.938416], [-71.085751, 41.930533], [-71.07958, 41.92302], [-71.075715, 41.918293], [-71.066547, 41.907151], [-71.067361, 41.906634], [-71.068223, 41.906229], [-71.06837, 41.905938], [-71.06509, 41.905374], [-71.063654, 41.903611], [-71.058084, 41.902366], [-71.055144, 41.901291], [-71.053763, 41.904687], [-71.048406, 41.904762], [-71.045309, 41.901749], [-71.045453, 41.899741], [-71.044288, 41.897588], [-71.041711, 41.895121], [-71.04347, 41.894043], [-71.044205, 41.895238], [-71.047241, 41.893477], [-71.044768, 41.891492], [-71.046861, 41.891033], [-71.04868, 41.889059], [-71.047912, 41.886943], [-71.045749, 41.885568], [-71.043917, 41.885411], [-71.044819, 41.883693], [-71.048312, 41.882677], [-71.047748, 41.882502], [-71.046087, 41.88193], [-71.045143, 41.881685], [-71.044964, 41.880742], [-71.044796, 41.879994], [-71.052418, 41.87671], [-71.054345, 41.875898], [-71.055469, 41.871973], [-71.049395, 41.867784], [-71.048896, 41.865337], [-71.046625, 41.862915], [-71.047925, 41.862216], [-71.049565, 41.858258], [-71.055819, 41.861417], [-71.058295, 41.862675], [-71.060402, 41.863741], [-71.072935, 41.870128], [-71.076549, 41.872968], [-71.082727, 41.87282], [-71.085153, 41.872762], [-71.088502, 41.872689], [-71.091766, 41.872601], [-71.09419, 41.872566], [-71.093594, 41.873007], [-71.099743, 41.872427], [-71.102871, 41.871519], [-71.103115, 41.871275], [-71.104321, 41.868131], [-71.104916, 41.863622], [-71.104427, 41.860441], [-71.105449, 41.860256], [-71.105999, 41.860105], [-71.106721, 41.859825], [-71.107388, 41.85761], [-71.108685, 41.85407], [-71.113288, 41.855688], [-71.114712, 41.855308], [-71.115441, 41.855473], [-71.116015, 41.855969], [-71.117175, 41.857138], [-71.120048, 41.857513], [-71.121338, 41.859008], [-71.122372, 41.861891], [-71.121985, 41.86442], [-71.121381, 41.864387], [-71.122836, 41.866461], [-71.125882, 41.867803], [-71.130025, 41.868181], [-71.130638, 41.87028], [-71.1372, 41.871322], [-71.171379, 41.876854], [-71.171149, 41.877705], [-71.17323, 41.877158], [-71.175089, 41.877459], [-71.186788, 41.879338], [-71.19073, 41.896769], [-71.192674, 41.905376], [-71.193893, 41.910765]]]}}, {"type": "Feature", "id": "02790", "properties": {"ZCTA5CE20": "02790", "GEOID20": "02790", "zip": "02790", "STUSPS": "RI"}, "geometry": {"type": "Polygon", "coordinates": [[[-71.138303, 41.604054], [-71.13549, 41.625104], [-71.135244, 41.625939], [-71.133938, 41.628708], [-71.133038, 41.630968], [-71.134052, 41.632019], [-71.13419, 41.633997], [-71.132757, 41.636435], [-71.125184, 41.660929], [-71.119331, 41.679474], [-71.119222, 41.67982], [-71.119139, 41.680088], [-71.118926, 41.680757], [-71.118891, 41.68086], [-71.114407, 41.692804], [-71.105653, 41.692792], [-71.104746, 41.694395], [-71.103391, 41.693419], [-71.104446, 41.694878], [-71.10307, 41.695065], [-71.102387, 41.693227], [-71.098718, 41.692663], [-71.098177, 41.69426], [-71.096208, 41.695419], [-71.097147, 41.698525], [-71.096394, 41.699821], [-71.097829, 41.70032], [-71.095656, 41.703422], [-71.095313, 41.70497], [-71.096083, 41.706957], [-71.095439, 41.708872], [-71.096165, 41.709745], [-71.095677, 41.713466], [-71.097839, 41.715195], [-71.096741, 41.717478], [-71.097563, 41.71902], [-71.094237, 41.718862], [-71.092721, 41.720729], [-71.093676, 41.724709], [-71.092387, 41.725502], [-71.090024, 41.724737], [-71.088314, 41.726329], [-71.086934, 41.726088], [-71.086724, 41.730822], [-71.085648, 41.729981], [-71.080395, 41.728914], [-71.076959, 41.726156], [-71.073868, 41.725622], [-71.07153, 41.724326], [-71.070272, 41.723079], [-71.06808, 41.718377], [-71.065933, 41.715172], [-71.065801, 41.713259], [-71.06398, 41.708606], [-71.061337, 41.704826], [-71.059282, 41.70112], [-71.056611, 41.699127], [-71.05281, 41.697079], [-71.048881, 41.696321], [-71.046962, 41.695019], [-71.06663, 41.685619], [-71.076675, 41.687469], [-71.075118, 41.678069], [-71.063406, 41.66644], [-71.057761, 41.658233], [-71.053905, 41.652805], [-71.051658, 41.64834], [-71.048252, 41.639455], [-71.047057, 41.638078], [-71.04486, 41.636612], [-71.042967, 41.633177], [-71.038517, 41.628044], [-71.036637, 41.624095], [-71.038538, 41.622901], [-71.037629, 41.621996], [-71.036547, 41.61779], [-71.036822, 41.615255], [-71.038319, 41.608222], [-71.036814, 41.598175], [-71.039037, 41.595665], [-71.039737, 41.593718], [-71.044858, 41.589785], [-71.044898, 41.587307], [-71.040721, 41.581936], [-71.033099, 41.570937], [-71.032108, 41.568841], [-71.031578, 41.566058], [-71.029115, 41.558222], [-71.029599, 41.555243], [-71.030945, 41.5524], [-71.030175, 41.548604], [-71.031434, 41.546514], [-71.029742, 41.539162], [-71.028839, 41.536527], [-71.026596, 41.530417], [-71.030144, 41.528882], [-71.026896, 41.523919], [-71.023084, 41.521624], [-71.023085, 41.520262], [-71.020982, 41.519438], [-71.021077, 41.518559], [-71.019377, 41.516885], [-71.019772, 41.515403], [-71.022009, 41.512929], [-71.021834, 41.511727], [-71.023237, 41.510256], [-71.02112, 41.509289], [-71.022127, 41.510459], [-71.01711, 41.511022], [-71.014502, 41.512273], [-71.014778, 41.514084], [-71.01282, 41.514885], [-71.010775, 41.514736], [-71.008853, 41.516404], [-71.008119, 41.512204], [-71.002875, 41.51308], [-71.0034593259741, 41.5118769781795], [-71.019354, 41.508857], [-71.020471, 41.5071672659289], [-71.0222534069229, 41.5044709421096], [-71.022336, 41.504346], [-71.035514, 41.499047], [-71.038349, 41.492182], [-71.033609, 41.486802], [-71.03551, 41.481639], [-71.038362, 41.481105], [-71.041214, 41.490541], [-71.0412034434034, 41.4909082750243], [-71.041076389917, 41.4953285985609], [-71.041013, 41.497534], [-71.048593, 41.502659], [-71.058418, 41.505967], [-71.0687678258469, 41.5084218042395], [-71.06863, 41.514807], [-71.067666, 41.516747], [-71.068409, 41.518225], [-71.06947, 41.521185], [-71.070055, 41.52231], [-71.068111, 41.51917], [-71.066717, 41.520987], [-71.065841, 41.525219], [-71.064687, 41.525313], [-71.063752, 41.526811], [-71.065096, 41.528529], [-71.06782, 41.527947], [-71.069706, 41.528991], [-71.07329, 41.527404], [-71.076059, 41.526715], [-71.078089, 41.530305], [-71.081795, 41.533766], [-71.085477, 41.540046], [-71.085795, 41.54118], [-71.086568, 41.540541], [-71.090491, 41.539948], [-71.091725, 41.538487], [-71.091249, 41.535924], [-71.09165, 41.534727], [-71.095229, 41.532536], [-71.096712, 41.533216], [-71.097845, 41.535296], [-71.099409, 41.536317], [-71.100812, 41.535592], [-71.098977, 41.534555], [-71.099042, 41.53276], [-71.100246, 41.531383], [-71.099625, 41.527745], [-71.095026, 41.522925], [-71.093513, 41.521722], [-71.092404, 41.519502], [-71.09227, 41.512501], [-71.091763, 41.51035], [-71.090093, 41.508961], [-71.0865542380026, 41.5086795075684], [-71.093052, 41.504214], [-71.097407943702, 41.5036616731754], [-71.1032487461324, 41.5029210685946], [-71.106814, 41.502469], [-71.1138, 41.500106], [-71.115781, 41.496509], [-71.12057, 41.497448], [-71.1224, 41.522156], [-71.1256847608839, 41.548012434642], [-71.1265952228316, 41.5551792576397], [-71.1268724270765, 41.5573613079298], [-71.1276180795753, 41.5632308113072], [-71.131312, 41.592308], [-71.131491526431, 41.5932525671699], [-71.131618, 41.593918], [-71.137492, 41.602561], [-71.1385490700026, 41.6034285758646], [-71.138303, 41.604054]]]}}, {"type": "Feature", "id": "02723", "properties": {"ZCTA5CE20": "02723", "GEOID20": "02723", "zip": "02723", "STUSPS": "RI"}, "geometry": {"type": "Polygon", "coordinates": [[[-71.147098, 41.697144], [-71.146043, 41.698439], [-71.143986, 41.697505], [-71.143266, 41.699701], [-71.141815, 41.69943], [-71.141894, 41.699521], [-71.141676, 41.700151], [-71.142156, 41.700254], [-71.1417, 41.70157], [-71.141501, 41.701951], [-71.141081, 41.701872], [-71.140897, 41.702118], [-71.140969, 41.702207], [-71.140875, 41.702498], [-71.141201, 41.702558], [-71.141276, 41.702677], [-71.141124, 41.703126], [-71.140626, 41.703033], [-71.14032, 41.703942], [-71.140132, 41.70436], [-71.136736, 41.703509], [-71.135267, 41.70599], [-71.132051, 41.705729], [-71.132157, 41.705373], [-71.128468, 41.704688], [-71.127304, 41.704462], [-71.126512, 41.703968], [-71.125249, 41.703924], [-71.122611, 41.703134], [-71.123382, 41.703063], [-71.123305, 41.701786], [-71.122679, 41.701367], [-71.122957, 41.700761], [-71.124395, 41.701008], [-71.126222, 41.701338], [-71.127738, 41.696823], [-71.122907, 41.695923], [-71.122693, 41.69588], [-71.121195, 41.695471], [-71.114407, 41.692804], [-71.118891, 41.68086], [-71.118926, 41.680757], [-71.119139, 41.680088], [-71.121776, 41.680396], [-71.128818, 41.6818], [-71.130438, 41.68213], [-71.132051, 41.68087], [-71.134271, 41.680375], [-71.134739, 41.680417], [-71.138777, 41.681186], [-71.137795, 41.684101], [-71.136577, 41.685043], [-71.138082, 41.686098], [-71.140235, 41.68811], [-71.140084, 41.688218], [-71.146202, 41.693924], [-71.14988, 41.696614], [-71.147098, 41.697144]]]}}, {"type": "Feature", "id": "02720", "properties": {"ZCTA5CE20": "02720", "GEOID20": "02720", "zip": "02720", "STUSPS": "RI"}, "geometry": {"type": "Polygon", "coordinates": [[[-71.162713, 41.71561], [-71.158289, 41.721202], [-71.155449, 41.723795], [-71.149183, 41.729908], [-71.147011, 41.732081], [-71.140489, 41.738602], [-71.138744, 41.740793], [-71.131889, 41.749402], [-71.13171, 41.751818], [-71.131289, 41.757502], [-71.129382, 41.759904], [-71.123989, 41.766701], [-71.120076, 41.767605], [-71.119947, 41.765294], [-71.117997, 41.764699], [-71.115948, 41.765423], [-71.113368, 41.764966], [-71.106094, 41.76365], [-71.10256, 41.763013], [-71.095285, 41.761701], [-71.07203, 41.757501], [-71.057688, 41.754909], [-71.056539, 41.753128], [-71.055898, 41.750976], [-71.054406, 41.748553], [-71.053793, 41.746256], [-71.052244, 41.742943], [-71.05127, 41.741836], [-71.050893, 41.740099], [-71.048345, 41.737295], [-71.047596, 41.731808], [-71.047292, 41.725465], [-71.046081, 41.72399], [-71.077421, 41.734419], [-71.079308, 41.734053], [-71.082661, 41.731551], [-71.085648, 41.729981], [-71.086724, 41.730822], [-71.086934, 41.726088], [-71.088314, 41.726329], [-71.090024, 41.724737], [-71.092387, 41.725502], [-71.093676, 41.724709], [-71.092721, 41.720729], [-71.094237, 41.718862], [-71.097563, 41.71902], [-71.096741, 41.717478], [-71.097839, 41.715195], [-71.095677, 41.713466], [-71.096165, 41.709745], [-71.095439, 41.708872], [-71.096083, 41.706957], [-71.095313, 41.70497], [-71.095656, 41.703422], [-71.097829, 41.70032], [-71.096394, 41.699821], [-71.097147, 41.698525], [-71.096208, 41.695419], [-71.098177, 41.69426], [-71.098718, 41.692663], [-71.102387, 41.693227], [-71.10307, 41.695065], [-71.104446, 41.694878], [-71.103391, 41.693419], [-71.104746, 41.694395], [-71.105653, 41.692792], [-71.114407, 41.692804], [-71.121195, 41.695471], [-71.122693, 41.69588], [-71.122907, 41.695923], [-71.127738, 41.696823], [-71.126222, 41.701338], [-71.124395, 41.701008], [-71.122957, 41.700761], [-71.122679, 41.701367], [-71.123305, 41.701786], [-71.123382, 41.703063], [-71.122611, 41.703134], [-71.125249, 41.703924], [-71.126512, 41.703968], [-71.127304, 41.704462], [-71.128468, 41.704688], [-71.132157, 41.705373], [-71.132051, 41.705729], [-71.135267, 41.70599], [-71.136736, 41.703509], [-71.140132, 41.70436], [-71.14032, 41.703942], [-71.140626, 41.703033], [-71.141124, 41.703126], [-71.141276, 41.702677], [-71.141201, 41.702558], [-71.140875, 41.702498], [-71.140969, 41.702207], [-71.140897, 41.702118], [-71.141081, 41.701872], [-71.141501, 41.701951], [-71.1417, 41.70157], [-71.142156, 41.700254], [-71.141676, 41.700151], [-71.141894, 41.699521], [-71.141815, 41.69943], [-71.143266, 41.699701], [-71.145384, 41.700099], [-71.146327, 41.698565], [-71.147176, 41.698907], [-71.149954, 41.69943], [-71.149762, 41.70006], [-71.150835, 41.699598], [-71.152097, 41.699828], [-71.15328, 41.699869], [-71.155512, 41.701501], [-71.157259, 41.702271], [-71.156941, 41.702571], [-71.157061, 41.702661], [-71.159433, 41.703862], [-71.159716, 41.703979], [-71.161377, 41.704355], [-71.168431, 41.708337], [-71.162713, 41.71561]]]}}, {"type": "Feature", "id": "02721", "properties": {"ZCTA5CE20": "02721", "GEOID20": "02721", "zip": "02721", "STUSPS": "RI"}, "geometry": {"type": "Polygon", "coordinates": [[[-71.18979, 41.691502], [-71.17419, 41.702202], [-71.168517, 41.708227], [-71.168431, 41.708337], [-71.161377, 41.704355], [-71.159716, 41.703979], [-71.159433, 41.703862], [-71.157061, 41.702661], [-71.156941, 41.702571], [-71.157259, 41.702271], [-71.155512, 41.701501], [-71.15328, 41.699869], [-71.152097, 41.699828], [-71.150835, 41.699598], [-71.149762, 41.70006], [-71.149954, 41.69943], [-71.147176, 41.698907], [-71.146327, 41.698565], [-71.145384, 41.700099], [-71.143266, 41.699701], [-71.143986, 41.697505], [-71.146043, 41.698439], [-71.147098, 41.697144], [-71.14988, 41.696614], [-71.146202, 41.693924], [-71.140084, 41.688218], [-71.140235, 41.68811], [-71.138082, 41.686098], [-71.136577, 41.685043], [-71.137795, 41.684101], [-71.138777, 41.681186], [-71.134739, 41.680417], [-71.134271, 41.680375], [-71.132051, 41.68087], [-71.130438, 41.68213], [-71.128818, 41.6818], [-71.121776, 41.680396], [-71.119139, 41.680088], [-71.119222, 41.67982], [-71.119331, 41.679474], [-71.125184, 41.660929], [-71.132757, 41.636435], [-71.13419, 41.633997], [-71.134052, 41.632019], [-71.133038, 41.630968], [-71.133938, 41.628708], [-71.135244, 41.625939], [-71.13549, 41.625104], [-71.138303, 41.604054], [-71.1385490700026, 41.6034285758646], [-71.140588, 41.605102], [-71.1408678892548, 41.607103816627], [-71.14091, 41.607405], [-71.141509, 41.616076], [-71.140468, 41.623893], [-71.135688, 41.628402], [-71.135675749492, 41.6285321972593], [-71.1354605878785, 41.6308189148728], [-71.1347011713227, 41.6388899233839], [-71.134484, 41.641198], [-71.134478, 41.641262], [-71.13267, 41.658744], [-71.132888, 41.660102], [-71.134688, 41.660502], [-71.135188, 41.660502], [-71.14587, 41.662795], [-71.1535886121892, 41.6640375454035], [-71.153989, 41.664102], [-71.159124752106, 41.6650315058334], [-71.1621482835032, 41.665578726574], [-71.1622306023385, 41.6655936252366], [-71.17609, 41.668102], [-71.17609, 41.668502], [-71.1760865819477, 41.6686011235154], [-71.17599, 41.671402], [-71.1778044812287, 41.6717785904437], [-71.177332, 41.673824], [-71.175685, 41.675193], [-71.171688, 41.675629], [-71.168793, 41.676878], [-71.166272, 41.675371], [-71.165243, 41.677296], [-71.165278, 41.678277], [-71.162582, 41.677763], [-71.163038, 41.679498], [-71.160573, 41.679742], [-71.160386, 41.680316], [-71.163594, 41.681665], [-71.164011, 41.683333], [-71.163793, 41.683608], [-71.163006, 41.684663], [-71.163415, 41.684723], [-71.163046, 41.685693], [-71.161946, 41.68736], [-71.161268, 41.688658], [-71.160601, 41.688824], [-71.159592, 41.691553], [-71.16097, 41.691809], [-71.160681, 41.692775], [-71.161748, 41.692971], [-71.162249, 41.691323], [-71.163022, 41.692479], [-71.164795, 41.69278], [-71.164461, 41.693459], [-71.168727, 41.694234], [-71.17479, 41.695296], [-71.17779, 41.695842], [-71.179261, 41.694996], [-71.181578, 41.693395], [-71.184475, 41.690174], [-71.185513, 41.690329], [-71.18979, 41.691502]]]}}, {"type": "Feature", "id": "02760", "properties": {"ZCTA5CE20": "02760", "GEOID20": "02760", "zip": "02760", "STUSPS": "RI"}, "geometry": {"type": "Polygon", "coordinates": [[[-71.3817, 41.9155771386792], [-71.3817, 41.922699], [-71.3816, 41.922899], [-71.381567712287, 41.9296972672115], [-71.381481898709, 41.9477655532284], [-71.3814576922812, 41.9528622835027], [-71.3814576825117, 41.9528643404906], [-71.381401, 41.964799], [-71.381501, 41.966699], [-71.3814919782937, 41.9713992187725], [-71.3814895041633, 41.972688215943], [-71.3814702596934, 41.9827143923185], [-71.381470137216, 41.9827782018028], [-71.3814657108006, 41.9850843199885], [-71.378346, 41.985122], [-71.374583, 41.985166], [-71.364344, 41.985293], [-71.361275, 41.98647], [-71.360033, 41.986946], [-71.342822, 41.993546], [-71.338795, 41.995092], [-71.326932, 41.999647], [-71.303616, 42.008585], [-71.288265, 42.014462], [-71.27514, 41.996205], [-71.268739, 41.9873], [-71.291074, 41.971861], [-71.296414, 41.968163], [-71.29606, 41.969244], [-71.29564, 41.970888], [-71.294656, 41.978856], [-71.299634, 41.978034], [-71.30096, 41.977356], [-71.300151, 41.976398], [-71.299413, 41.975134], [-71.298958, 41.970559], [-71.299611, 41.969033], [-71.299643, 41.969031], [-71.301048, 41.972808], [-71.305381, 41.972659], [-71.305793, 41.975019], [-71.308227, 41.97412], [-71.308294, 41.973843], [-71.311896, 41.971979], [-71.312129, 41.971689], [-71.312687, 41.971645], [-71.313102, 41.970687], [-71.314074, 41.970971], [-71.315276, 41.972196], [-71.315832, 41.971307], [-71.318448, 41.971824], [-71.318347, 41.970927], [-71.317648, 41.97093], [-71.313515, 41.969758], [-71.313759, 41.969441], [-71.314163, 41.968794], [-71.311362, 41.966829], [-71.314829, 41.962434], [-71.31845, 41.963416], [-71.320526, 41.960931], [-71.320683, 41.959132], [-71.320034, 41.959022], [-71.317252, 41.957078], [-71.318294, 41.953668], [-71.317105, 41.953847], [-71.317731, 41.95342], [-71.332715, 41.943033], [-71.335958, 41.940786], [-71.340355, 41.93828], [-71.34172, 41.937497], [-71.352361, 41.931421], [-71.352805, 41.931168], [-71.35305, 41.931029], [-71.37285, 41.919718], [-71.3817, 41.914816], [-71.3817, 41.9155771386792]]]}}, {"type": "Feature", "id": "02725", "properties": {"ZCTA5CE20": "02725", "GEOID20": "02725", "zip": "02725", "STUSPS": "RI"}, "geometry": {"type": "Polygon", "coordinates": [[[-71.206335, 41.692809], [-71.206278, 41.695412], [-71.201261, 41.707726], [-71.19669, 41.718948], [-71.19592, 41.721045], [-71.19197, 41.728103], [-71.191769, 41.730415], [-71.187532, 41.737609], [-71.186813, 41.740411], [-71.172102, 41.732064], [-71.169013, 41.730483], [-71.160702, 41.72763], [-71.160321, 41.727419], [-71.155449, 41.723795], [-71.158289, 41.721202], [-71.162713, 41.71561], [-71.168431, 41.708337], [-71.168517, 41.708227], [-71.17419, 41.702202], [-71.18979, 41.691502], [-71.19619, 41.686302], [-71.2012209584915, 41.6818607518953], [-71.2082927532454, 41.6905023835889], [-71.206335, 41.692809]]]}}, {"type": "Feature", "id": "02857", "properties": {"ZCTA5CE20": "02857", "GEOID20": "02857", "zip": "02857", "STUSPS": "RI"}, "geometry": {"type": "Polygon", "coordinates": [[[-71.72435, 41.855892], [-71.724899, 41.857262], [-71.719899, 41.8599], [-71.719683, 41.861888], [-71.722922, 41.866895], [-71.721491, 41.86855], [-71.72242, 41.874157], [-71.720436, 41.87471], [-71.716927, 41.872814], [-71.714107, 41.872267], [-71.713537, 41.873832], [-71.71482, 41.876164], [-71.716685, 41.877091], [-71.715614, 41.878017], [-71.708138, 41.880657], [-71.70739, 41.880829], [-71.706593, 41.878893], [-71.703823, 41.880288], [-71.702676, 41.879755], [-71.702529, 41.876798], [-71.699689, 41.873725], [-71.697798, 41.874002], [-71.694847, 41.872849], [-71.692905, 41.872665], [-71.692709, 41.869432], [-71.688148, 41.870972], [-71.682243, 41.872618], [-71.683998, 41.877354], [-71.679503, 41.876771], [-71.675891, 41.873566], [-71.674229, 41.873669], [-71.671035, 41.875142], [-71.6705, 41.876407], [-71.667217, 41.876143], [-71.668425, 41.878759], [-71.668721, 41.882344], [-71.668247, 41.883477], [-71.66703, 41.882954], [-71.660244, 41.884611], [-71.658664, 41.88169], [-71.655121, 41.88269], [-71.654518, 41.882107], [-71.652543, 41.883098], [-71.650246, 41.879118], [-71.645585, 41.880347], [-71.643548, 41.878781], [-71.642671, 41.879085], [-71.642281, 41.878463], [-71.645208, 41.877535], [-71.64322, 41.873533], [-71.64229, 41.873148], [-71.641568, 41.870382], [-71.640329, 41.870257], [-71.63756, 41.868128], [-71.635414, 41.867051], [-71.633663, 41.870383], [-71.634841, 41.872407], [-71.634715, 41.873925], [-71.638857, 41.877224], [-71.640011, 41.878965], [-71.635544, 41.878944], [-71.63308, 41.879715], [-71.629819, 41.879665], [-71.62939, 41.882335], [-71.627632, 41.884822], [-71.625891, 41.884273], [-71.622513, 41.880225], [-71.622015, 41.883268], [-71.621186, 41.886563], [-71.623337, 41.888653], [-71.620012, 41.890131], [-71.61821, 41.889566], [-71.616811, 41.890359], [-71.617053, 41.891815], [-71.614788, 41.892289], [-71.611933, 41.892236], [-71.611479, 41.890514], [-71.609008, 41.888565], [-71.604596, 41.886632], [-71.600161, 41.884664], [-71.60218, 41.883091], [-71.604508, 41.883988], [-71.607994, 41.88271], [-71.605322, 41.879964], [-71.602904, 41.878439], [-71.602401, 41.875373], [-71.602403, 41.874131], [-71.602776, 41.873737], [-71.601887, 41.873261], [-71.597629, 41.878242], [-71.594997, 41.877212], [-71.594111, 41.877182], [-71.588202, 41.878823], [-71.587665, 41.879238], [-71.58743, 41.87938], [-71.587507, 41.88006], [-71.586953, 41.879533], [-71.58739, 41.877877], [-71.590507, 41.876563], [-71.592426, 41.876903], [-71.58857, 41.872322], [-71.586929, 41.874982], [-71.583841, 41.874068], [-71.583418, 41.873957], [-71.58283, 41.873902], [-71.582455, 41.87382], [-71.582176, 41.873798], [-71.580069, 41.87298], [-71.57936, 41.873102], [-71.577698, 41.871536], [-71.580046, 41.867016], [-71.576523, 41.867768], [-71.575752, 41.864055], [-71.575653, 41.863573], [-71.574642, 41.858748], [-71.574112, 41.856678], [-71.571606, 41.843021], [-71.570639, 41.838566], [-71.569627, 41.835079], [-71.568235, 41.82851], [-71.566046, 41.817177], [-71.56563, 41.814987], [-71.563301, 41.805233], [-71.561623, 41.797226], [-71.55929, 41.789344], [-71.557796, 41.780386], [-71.562405, 41.779993], [-71.564894, 41.781672], [-71.566781, 41.781519], [-71.569603, 41.779274], [-71.569687, 41.775436], [-71.568398, 41.773327], [-71.56781, 41.770939], [-71.571053, 41.762787], [-71.571175, 41.762028], [-71.570473, 41.760365], [-71.575073, 41.759022], [-71.588207, 41.751173], [-71.588899, 41.75074], [-71.589415, 41.750428], [-71.59088, 41.751271], [-71.59082, 41.753432], [-71.591966, 41.754971], [-71.594452, 41.754394], [-71.59629, 41.754807], [-71.59898, 41.751216], [-71.599149, 41.751965], [-71.602325, 41.751369], [-71.604525, 41.748752], [-71.605702, 41.748848], [-71.608686, 41.747049], [-71.609698, 41.746189], [-71.609718, 41.74876], [-71.607231, 41.75116], [-71.60582, 41.755692], [-71.606125, 41.757465], [-71.603546, 41.75827], [-71.602776, 41.759567], [-71.603966, 41.761017], [-71.603691, 41.762035], [-71.609711, 41.761818], [-71.611079, 41.76251], [-71.60955, 41.764974], [-71.610153, 41.768272], [-71.611324, 41.769799], [-71.611201, 41.771287], [-71.612944, 41.772652], [-71.614966, 41.771809], [-71.616563, 41.769375], [-71.617599, 41.768598], [-71.622098, 41.766806], [-71.622982, 41.768756], [-71.624716, 41.769755], [-71.626444, 41.76937], [-71.627368, 41.770247], [-71.629525, 41.770164], [-71.633245, 41.768114], [-71.632835, 41.770027], [-71.633018, 41.77174], [-71.637939, 41.774849], [-71.639527, 41.776731], [-71.63712, 41.777243], [-71.64002, 41.780132], [-71.640266, 41.781822], [-71.642149, 41.78136], [-71.643739, 41.779918], [-71.645302, 41.77962], [-71.650035, 41.781613], [-71.652985, 41.782249], [-71.656011, 41.784144], [-71.657288, 41.78384], [-71.662383, 41.785734], [-71.657662, 41.78564], [-71.654884, 41.786871], [-71.653091, 41.786736], [-71.65281, 41.788399], [-71.654039, 41.788537], [-71.657055, 41.790738], [-71.659809, 41.791054], [-71.665108, 41.789921], [-71.667496, 41.790375], [-71.673266, 41.793157], [-71.673719, 41.792205], [-71.67632, 41.79185], [-71.679749, 41.792596], [-71.682663, 41.808949], [-71.6855, 41.82538], [-71.685634, 41.825461], [-71.686031, 41.827803], [-71.686249, 41.828167], [-71.691307, 41.830444], [-71.692909, 41.832245], [-71.693741, 41.834908], [-71.693672, 41.837193], [-71.694415, 41.838125], [-71.695588, 41.837888], [-71.695856, 41.836227], [-71.697188, 41.835704], [-71.697814, 41.834258], [-71.69626, 41.832075], [-71.698502, 41.830151], [-71.698157, 41.828518], [-71.699051, 41.827486], [-71.699539, 41.829041], [-71.702869, 41.83119], [-71.705001, 41.832069], [-71.706713, 41.831305], [-71.707004, 41.833246], [-71.708814, 41.833176], [-71.708653, 41.834303], [-71.711676, 41.834143], [-71.714449, 41.835958], [-71.713952, 41.837054], [-71.716578, 41.837334], [-71.719642, 41.840453], [-71.719405, 41.842556], [-71.721138, 41.84499], [-71.719922, 41.848089], [-71.721686, 41.850195], [-71.721407, 41.852131], [-71.723485, 41.854312], [-71.726209, 41.855999], [-71.72435, 41.855892]]]}}, {"type": "Feature", "id": "02871", "properties": {"ZCTA5CE20": "02871", "GEOID20": "02871", "zip": "02871", "STUSPS": "RI"}, "geometry": {"type": "MultiPolygon", "coordinates": [[[[-71.288017, 41.645575], [-71.286471, 41.647571], [-71.281571, 41.648207], [-71.278171, 41.647309], [-71.276634, 41.643649], [-71.276347, 41.640531], [-71.272692, 41.638535], [-71.272129, 41.637064], [-71.277045, 41.638031], [-71.283791, 41.637797], [-71.285346, 41.636853], [-71.285908, 41.638009], [-71.285344, 41.640379], [-71.288158, 41.642948], [-71.288017, 41.645575]]], [[[-71.301515, 41.585658], [-71.298562, 41.584922], [-71.298, 41.583134], [-71.297719, 41.581767], [-71.297156, 41.579768], [-71.299125, 41.579768], [-71.300812, 41.58061], [-71.301234, 41.583029], [-71.301515, 41.585658]]], [[[-71.3011902457633, 41.5624643564622], [-71.2976247431664, 41.5661422548997], [-71.296673, 41.567124], [-71.2965164613868, 41.5674148500986], [-71.294363, 41.571416], [-71.2884836215711, 41.5732406008219], [-71.288376, 41.573274], [-71.285142, 41.577127], [-71.284076, 41.579393], [-71.2855845223415, 41.5824553728784], [-71.28574, 41.582771], [-71.289073, 41.582706], [-71.2874129837507, 41.5870206902861], [-71.28605120185, 41.5905602141559], [-71.2858047563333, 41.5912007717874], [-71.285635, 41.591642], [-71.285265, 41.59237], [-71.280868116751, 41.5928311249171], [-71.28065, 41.592854], [-71.2792173508302, 41.5956648159146], [-71.2760817026031, 41.6018168663431], [-71.273445, 41.60699], [-71.2732839867368, 41.6082449058874], [-71.2727941255119, 41.6120627884835], [-71.272412, 41.615041], [-71.2742236702447, 41.6178676421287], [-71.2750588440754, 41.6191707145513], [-71.275234, 41.619444], [-71.271862, 41.623986], [-71.2673334334471, 41.6247973842602], [-71.2661968711761, 41.625001022371], [-71.264824, 41.625247], [-71.261021, 41.627379], [-71.258879, 41.63323], [-71.2572186390075, 41.6344118652697], [-71.256024832839, 41.6352616311073], [-71.2554277252617, 41.6356866595867], [-71.2529072369701, 41.637480773992], [-71.251082, 41.63878], [-71.2483799185953, 41.6393624373926], [-71.246285, 41.639814], [-71.2451652028022, 41.6393955851123], [-71.242482, 41.638393], [-71.23654, 41.638393], [-71.233234, 41.64023], [-71.232262, 41.643366], [-71.225369, 41.647096], [-71.2245274360731, 41.6488934955312], [-71.224291275965, 41.6493979096647], [-71.2237711312252, 41.6505088862827], [-71.223706, 41.650648], [-71.22228, 41.6542], [-71.220331, 41.655572], [-71.21919, 41.653667], [-71.217288, 41.646208], [-71.217051, 41.642834], [-71.216575, 41.639103], [-71.2139295752828, 41.639103], [-71.214127, 41.638142], [-71.2167439753992, 41.62558690832], [-71.218018, 41.625672], [-71.219336, 41.625482], [-71.220074, 41.62494], [-71.219972, 41.623944], [-71.221005, 41.623502], [-71.224126, 41.622887], [-71.2262109654576, 41.6226307858968], [-71.2350888914, 41.6215398086695], [-71.236487, 41.621368], [-71.2380163778589, 41.6208537840171], [-71.238792, 41.620593], [-71.240709, 41.619225], [-71.241056, 41.606945], [-71.24127122122, 41.6059000919341], [-71.241532, 41.604634], [-71.2421958630219, 41.5991362639688], [-71.24261890763, 41.5956328490949], [-71.2426268590447, 41.595567], [-71.2426903933517, 41.5950408449989], [-71.2431482842692, 41.5912488528075], [-71.2436, 41.587508], [-71.2431733051866, 41.5867802254499], [-71.2412996925386, 41.5835845746964], [-71.2412445422788, 41.5834905099122], [-71.2404748497378, 41.5821777153219], [-71.237788, 41.577595], [-71.234877, 41.576548], [-71.23613, 41.574767], [-71.2362356988763, 41.5667584665317], [-71.236259, 41.564993], [-71.237655338282, 41.5605218458508], [-71.238204, 41.558765], [-71.2375388850464, 41.5565742636251], [-71.237016, 41.554852], [-71.233844, 41.55379], [-71.233688, 41.552362], [-71.2338091358247, 41.5520358807612], [-71.234877, 41.549161], [-71.236523, 41.544891], [-71.2363467390761, 41.5445481157483], [-71.234877, 41.541689], [-71.236642, 41.535852], [-71.2349764472416, 41.5328955769463], [-71.234775, 41.532538], [-71.2292365024352, 41.530418386634], [-71.228935, 41.530303], [-71.227989, 41.528297], [-71.2281551430777, 41.5275258905816], [-71.229444, 41.521544], [-71.2330729268312, 41.5147682545132], [-71.2334466872049, 41.5140703883718], [-71.265724, 41.53818], [-71.265663, 41.538269], [-71.280622, 41.546973], [-71.290753, 41.554221], [-71.300256, 41.561008], [-71.301606522057, 41.5620349578324], [-71.3011902457633, 41.5624643564622]]]]}}, {"type": "Feature", "id": "02807", "properties": {"ZCTA5CE20": "02807", "GEOID20": "02807", "zip": "02807", "STUSPS": "RI"}, "geometry": {"type": "Polygon", "coordinates": [[[-71.613133, 41.160281], [-71.610529, 41.162643], [-71.610572, 41.168374], [-71.609353, 41.171727], [-71.607985, 41.172862], [-71.607794, 41.175399], [-71.605565, 41.182139], [-71.601294, 41.183213], [-71.597457, 41.185186], [-71.594994, 41.188392], [-71.593419, 41.191445], [-71.592944, 41.198911], [-71.58955, 41.196557], [-71.5892986001572, 41.1968080598376], [-71.585853, 41.200249], [-71.580634, 41.203374], [-71.578519, 41.20908], [-71.576924, 41.211024], [-71.576725, 41.215738], [-71.576319, 41.22491], [-71.577691, 41.231232], [-71.574376, 41.227838], [-71.570301, 41.225342], [-71.567977, 41.224673], [-71.565785, 41.22495], [-71.562546, 41.224217], [-71.55991, 41.221632], [-71.55862, 41.219193], [-71.555861, 41.216637], [-71.554067, 41.212957], [-71.555564, 41.208315], [-71.557951, 41.204515], [-71.561372, 41.200601], [-71.564119, 41.195372], [-71.566405, 41.188207], [-71.566345, 41.184277], [-71.564667, 41.179674], [-71.561299, 41.175765], [-71.5594360124963, 41.1742549301644], [-71.5590461149474, 41.1739388934082], [-71.55791, 41.173018], [-71.554627, 41.173423], [-71.5545794230604, 41.1733051252579], [-71.552889, 41.169117], [-71.550226, 41.166787], [-71.544446, 41.164912], [-71.545594, 41.163453], [-71.543872, 41.161321], [-71.545434, 41.159961], [-71.545468, 41.157486], [-71.547051, 41.153684], [-71.551953, 41.151718], [-71.556527, 41.151569], [-71.561479, 41.150491], [-71.56589, 41.149009], [-71.568668, 41.149368], [-71.575549, 41.148241], [-71.578573, 41.14762], [-71.580505, 41.149092], [-71.584674, 41.148222], [-71.587375, 41.148062], [-71.5937, 41.146339], [-71.595495, 41.147371], [-71.599993, 41.146932], [-71.611567, 41.153905], [-71.613133, 41.160281]]]}}, {"type": "Feature", "id": "02839", "properties": {"ZCTA5CE20": "02839", "GEOID20": "02839", "zip": "02839", "STUSPS": "RI"}, "geometry": {"type": "Polygon", "coordinates": [[[-71.673439, 41.934162], [-71.673088, 41.939987], [-71.673561, 41.943718], [-71.670615, 41.949639], [-71.666814, 41.951719], [-71.665074, 41.95697], [-71.665737, 41.958785], [-71.667815, 41.960617], [-71.669002, 41.961023], [-71.668903, 41.962107], [-71.665031, 41.961819], [-71.662994, 41.96072], [-71.663554, 41.96031], [-71.660586, 41.958204], [-71.659378, 41.958675], [-71.657501, 41.958401], [-71.65612, 41.958854], [-71.653672, 41.960367], [-71.652697, 41.959889], [-71.652351, 41.959637], [-71.651085, 41.958462], [-71.650073, 41.960344], [-71.649518, 41.959402], [-71.649403, 41.956571], [-71.648468, 41.954528], [-71.647107, 41.953307], [-71.645318, 41.951943], [-71.644734, 41.952027], [-71.64318, 41.951805], [-71.642695, 41.951019], [-71.638611, 41.951996], [-71.635904, 41.951579], [-71.634397, 41.953109], [-71.631896, 41.95268], [-71.627302, 41.953187], [-71.626068, 41.953934], [-71.625824, 41.951469], [-71.61818, 41.94963], [-71.618996, 41.945852], [-71.616122, 41.946058], [-71.615912, 41.944849], [-71.613727, 41.940761], [-71.612828, 41.940184], [-71.613314, 41.936055], [-71.614629, 41.934249], [-71.613563, 41.932897], [-71.621809, 41.932626], [-71.621663, 41.933023], [-71.629387, 41.932381], [-71.63973, 41.932429], [-71.662664, 41.931858], [-71.66668, 41.931771], [-71.67473, 41.931634], [-71.673439, 41.934162]]]}}, {"type": "Feature", "id": "02859", "properties": {"ZCTA5CE20": "02859", "GEOID20": "02859", "zip": "02859", "STUSPS": "RI"}, "geometry": {"type": "Polygon", "coordinates": [[[-71.799242, 42.008065], [-71.76601, 42.009745], [-71.7551888562025, 42.0099940954033], [-71.7551091980533, 42.00999592908], [-71.7340673676756, 42.010480297768], [-71.7249374175186, 42.0106904630388], [-71.72481, 42.009006], [-71.72213, 42.003807], [-71.721909, 42.001495], [-71.719719, 41.998226], [-71.718697, 41.993532], [-71.717123, 41.994209], [-71.712182, 41.999538], [-71.707665, 41.994165], [-71.705025, 41.991683], [-71.703896, 41.989487], [-71.704737, 41.988579], [-71.700431, 41.98225], [-71.697155, 41.973443], [-71.697235, 41.968693], [-71.699547, 41.967968], [-71.699121, 41.967079], [-71.693391, 41.965131], [-71.692795, 41.965529], [-71.692379, 41.965689], [-71.690996, 41.965087], [-71.692297, 41.96429], [-71.693197, 41.963317], [-71.689313, 41.96115], [-71.689235, 41.960356], [-71.687995, 41.955574], [-71.688869, 41.954277], [-71.689217, 41.950457], [-71.686644, 41.950089], [-71.685425, 41.948536], [-71.685349, 41.947906], [-71.684196, 41.947808], [-71.68, 41.94738], [-71.676903, 41.944427], [-71.673561, 41.943718], [-71.673088, 41.939987], [-71.673439, 41.934162], [-71.67473, 41.931634], [-71.675456, 41.929623], [-71.67599, 41.930263], [-71.675806, 41.930979], [-71.675872, 41.931346], [-71.67626, 41.93159], [-71.678472, 41.931516], [-71.689924, 41.931147], [-71.700481, 41.930923], [-71.707337, 41.930749], [-71.709238, 41.930725], [-71.722423, 41.930304], [-71.741905, 41.929752], [-71.754312, 41.929552], [-71.7976528289549, 41.9286464718086], [-71.7978012534201, 41.9323676992798], [-71.797922, 41.935395], [-71.798676428909, 41.9769285975867], [-71.7988268815301, 41.9852114703], [-71.799242, 42.008065]]]}}, {"type": "Feature", "id": "02879", "properties": {"ZCTA5CE20": "02879", "GEOID20": "02879", "zip": "02879", "STUSPS": "RI"}, "geometry": {"type": "Polygon", "coordinates": [[[-71.623852, 41.3658], [-71.62373, 41.366153], [-71.621998, 41.368562], [-71.619882, 41.367821], [-71.621805, 41.369837], [-71.622964, 41.368266], [-71.614031, 41.393495], [-71.613925, 41.393773], [-71.611332, 41.401103], [-71.606961, 41.413404], [-71.606734, 41.414029], [-71.600087, 41.432494], [-71.595141, 41.446225], [-71.596287, 41.44752], [-71.598242, 41.44962], [-71.601283, 41.450278], [-71.603667, 41.449618], [-71.601378, 41.451312], [-71.597376, 41.449754], [-71.595591, 41.448739], [-71.599527, 41.452684], [-71.580618, 41.466695], [-71.565599, 41.465943], [-71.564315, 41.463998], [-71.563694, 41.464635], [-71.559956, 41.46447], [-71.559559, 41.463616], [-71.556641, 41.462519], [-71.554606, 41.463102], [-71.548916, 41.467009], [-71.547094, 41.464313], [-71.545894, 41.461038], [-71.545036, 41.460396], [-71.544488, 41.461793], [-71.542349, 41.461571], [-71.542387, 41.463484], [-71.539638, 41.463284], [-71.538777, 41.466484], [-71.533159, 41.466952], [-71.533248, 41.468144], [-71.526292, 41.46804], [-71.52623, 41.46875], [-71.520474, 41.469239], [-71.520483, 41.471328], [-71.515271, 41.471818], [-71.515541, 41.472153], [-71.515007, 41.472816], [-71.512644, 41.473198], [-71.512766, 41.47168], [-71.514097, 41.470402], [-71.513614, 41.469816], [-71.511769, 41.469306], [-71.509724, 41.469786], [-71.510657, 41.471007], [-71.507063, 41.472656], [-71.507256, 41.473731], [-71.509361, 41.474025], [-71.509511, 41.476137], [-71.513874, 41.47558], [-71.513825, 41.478389], [-71.517734, 41.478388], [-71.518388, 41.480574], [-71.513774, 41.481353], [-71.506064, 41.482385], [-71.506061, 41.482469], [-71.503346, 41.489093], [-71.503935, 41.490325], [-71.502873, 41.491714], [-71.500342, 41.49298], [-71.500481, 41.49469], [-71.497457, 41.49449], [-71.497537, 41.492652], [-71.49343, 41.492582], [-71.49164, 41.490507], [-71.488079, 41.490573], [-71.487825, 41.490674], [-71.482866, 41.491488], [-71.47557, 41.492293], [-71.456424, 41.494771], [-71.454147, 41.491929], [-71.455141, 41.490465], [-71.455469, 41.487749], [-71.447047, 41.48833], [-71.447922, 41.486443], [-71.447362, 41.481249], [-71.447819, 41.480547], [-71.448703, 41.475007], [-71.4496, 41.472401], [-71.448398, 41.468729], [-71.449924, 41.465952], [-71.451137, 41.461604], [-71.450869, 41.45791], [-71.451617, 41.453157], [-71.4526, 41.452202], [-71.464283, 41.443543], [-71.466022, 41.442563], [-71.46801, 41.441777], [-71.469497, 41.441295], [-71.4727, 41.440015], [-71.474835, 41.438891], [-71.475075, 41.438877], [-71.482628, 41.435757], [-71.483326, 41.435421], [-71.487704, 41.432149], [-71.489553, 41.431911], [-71.489991, 41.431714], [-71.487227, 41.431726], [-71.485069, 41.43153], [-71.488548, 41.430187], [-71.48465, 41.427615], [-71.485485, 41.425227], [-71.492724, 41.427029], [-71.493889, 41.427537], [-71.49265, 41.422427], [-71.495801, 41.422601], [-71.497101, 41.417502], [-71.503202, 41.417601], [-71.504827, 41.407512], [-71.505063, 41.406961], [-71.50839, 41.399198], [-71.51464, 41.38479], [-71.517312, 41.382136], [-71.515012, 41.378902], [-71.515712, 41.37815], [-71.514246350559, 41.3753977691244], [-71.520163, 41.376523], [-71.5228036135672, 41.3766898820575], [-71.5248323632647, 41.3768180954122], [-71.526429, 41.376919], [-71.531546, 41.376493], [-71.535372, 41.374964], [-71.537237, 41.373329], [-71.540901, 41.373011], [-71.545289, 41.374039], [-71.551566, 41.374423], [-71.5626191105799, 41.3723956787157], [-71.5732988797621, 41.3704368343509], [-71.586094, 41.36809], [-71.5945896950848, 41.365218215746], [-71.594756, 41.365162], [-71.598051, 41.365064], [-71.606487, 41.363943], [-71.608441, 41.365794], [-71.610453, 41.364836], [-71.612501, 41.365315], [-71.612034, 41.366788], [-71.613584, 41.366613], [-71.615133, 41.365225], [-71.616442, 41.365327], [-71.618363, 41.36405], [-71.622104, 41.36483], [-71.624395, 41.364248], [-71.623852, 41.3658]]]}}, {"type": "Feature", "id": "06277", "properties": {"ZCTA5CE20": "06277", "GEOID20": "06277", "zip": "06277", "STUSPS": "RI"}, "geometry": {"type": "Polygon", "coordinates": [[[-71.933065, 41.943553], [-71.929454, 41.943205], [-71.924531, 41.941066], [-71.921308, 41.940641], [-71.920172, 41.935766], [-71.911927, 41.945603], [-71.90594, 41.942954], [-71.900978, 41.944813], [-71.898558, 41.941966], [-71.897737, 41.943084], [-71.894953, 41.943094], [-71.893876, 41.942525], [-71.892533, 41.943468], [-71.891961, 41.943493], [-71.891439, 41.943907], [-71.891328, 41.944502], [-71.890747, 41.944919], [-71.890196, 41.945638], [-71.889476, 41.947291], [-71.889032, 41.946819], [-71.889138, 41.947487], [-71.888192, 41.947451], [-71.885247, 41.947431], [-71.882102, 41.953696], [-71.880953, 41.954864], [-71.87825, 41.95792], [-71.8767, 41.963137], [-71.874125, 41.96695], [-71.87239, 41.965819], [-71.870378, 41.969207], [-71.86904, 41.970824], [-71.856071, 41.980128], [-71.854539, 41.981815], [-71.853163, 41.984559], [-71.852813, 41.987043], [-71.8524, 42.001597], [-71.852883, 42.004205], [-71.854562, 42.008437], [-71.849867, 42.009624], [-71.847087, 42.009029], [-71.846906, 42.010302], [-71.8533407123943, 42.0240361017331], [-71.8457122262748, 42.023968475411], [-71.8456912124835, 42.0239682891243], [-71.8416470936308, 42.0239324381206], [-71.8335164438506, 42.0238603601313], [-71.8306254954102, 42.023834731952], [-71.8045665635015, 42.023603720229], [-71.80065, 42.023569], [-71.799242, 42.008065], [-71.7988268815301, 41.9852114703], [-71.798676428909, 41.9769285975867], [-71.797922, 41.935395], [-71.7978012534201, 41.9323676992798], [-71.7976528289549, 41.9286464718086], [-71.7976051393451, 41.9274508206346], [-71.802431, 41.929198], [-71.805203, 41.92653], [-71.807267, 41.925529], [-71.809699, 41.923454], [-71.812197, 41.920403], [-71.81401, 41.917286], [-71.81649, 41.917484], [-71.81529, 41.921494], [-71.811933, 41.925879], [-71.81089, 41.928919], [-71.807566, 41.931564], [-71.808799, 41.9323], [-71.852661, 41.932168], [-71.866998, 41.932146], [-71.879274, 41.931974], [-71.883904, 41.932043], [-71.892289, 41.93193], [-71.894727, 41.931919], [-71.896761, 41.931893], [-71.897257, 41.9319], [-71.914088, 41.931739], [-71.919238, 41.931697], [-71.924324, 41.931634], [-71.931792, 41.931574], [-71.931984, 41.932285], [-71.935586, 41.943518], [-71.933065, 41.943553]]]}}, {"type": "Feature", "id": "02875", "properties": {"ZCTA5CE20": "02875", "GEOID20": "02875", "zip": "02875", "STUSPS": "RI"}, "geometry": {"type": "Polygon", "coordinates": [[[-71.651324, 41.455257], [-71.649576, 41.456073], [-71.645204, 41.465445], [-71.643985, 41.470441], [-71.643137, 41.471889], [-71.643749, 41.472824], [-71.642927, 41.475379], [-71.642827, 41.480273], [-71.641851, 41.480967], [-71.642136, 41.482473], [-71.642053, 41.483875], [-71.639589, 41.478634], [-71.635167, 41.47879], [-71.636243, 41.475834], [-71.635902, 41.469558], [-71.635018, 41.468755], [-71.63252, 41.468331], [-71.63052, 41.469042], [-71.628565, 41.46778], [-71.627929, 41.46401], [-71.628142, 41.462412], [-71.62704, 41.461511], [-71.626129, 41.459268], [-71.628903, 41.45453], [-71.627967, 41.452747], [-71.629351, 41.451144], [-71.629501, 41.449654], [-71.632044, 41.447714], [-71.632518, 41.448799], [-71.636391, 41.447813], [-71.637829, 41.447111], [-71.63921, 41.446057], [-71.642705, 41.446973], [-71.645485, 41.448665], [-71.649385, 41.44888], [-71.649158, 41.450129], [-71.650827, 41.451435], [-71.650113, 41.453522], [-71.651324, 41.455257]]]}}, {"type": "Feature", "id": "02831", "properties": {"ZCTA5CE20": "02831", "GEOID20": "02831", "zip": "02831", "STUSPS": "RI"}, "geometry": {"type": "Polygon", "coordinates": [[[-71.646633, 41.729229], [-71.644877, 41.732901], [-71.643541, 41.734336], [-71.643654, 41.735977], [-71.642944, 41.740337], [-71.640436, 41.740823], [-71.640487, 41.74152], [-71.634929, 41.742036], [-71.633191, 41.743258], [-71.630735, 41.743247], [-71.631031, 41.741907], [-71.628488, 41.741335], [-71.625572, 41.743644], [-71.622195, 41.744238], [-71.626188, 41.750152], [-71.621964, 41.753681], [-71.615723, 41.752411], [-71.613068, 41.751503], [-71.610512, 41.751755], [-71.607231, 41.75116], [-71.609718, 41.74876], [-71.609698, 41.746189], [-71.608686, 41.747049], [-71.605702, 41.748848], [-71.604525, 41.748752], [-71.602325, 41.751369], [-71.599149, 41.751965], [-71.59898, 41.751216], [-71.59629, 41.754807], [-71.594452, 41.754394], [-71.591966, 41.754971], [-71.59082, 41.753432], [-71.59088, 41.751271], [-71.589415, 41.750428], [-71.588899, 41.75074], [-71.588207, 41.751173], [-71.575073, 41.759022], [-71.570473, 41.760365], [-71.571175, 41.762028], [-71.571053, 41.762787], [-71.56781, 41.770939], [-71.568398, 41.773327], [-71.569687, 41.775436], [-71.569603, 41.779274], [-71.566781, 41.781519], [-71.564894, 41.781672], [-71.562405, 41.779993], [-71.557796, 41.780386], [-71.55672, 41.775036], [-71.552388, 41.776723], [-71.54896, 41.77168], [-71.54844, 41.770302], [-71.54525, 41.769053], [-71.543256, 41.767383], [-71.54277, 41.76767], [-71.541127, 41.768398], [-71.540605, 41.76699], [-71.538812, 41.767267], [-71.537753, 41.764874], [-71.54002, 41.764391], [-71.547295, 41.762662], [-71.547774, 41.761782], [-71.547926, 41.759625], [-71.549597, 41.756], [-71.538364, 41.75663], [-71.537401, 41.752879], [-71.540756, 41.750999], [-71.54081, 41.74778], [-71.540115, 41.744339], [-71.5383, 41.740612], [-71.534668, 41.740246], [-71.535385, 41.737363], [-71.536278, 41.736476], [-71.535581, 41.734915], [-71.53711, 41.733474], [-71.537817, 41.731592], [-71.539319, 41.734053], [-71.541955, 41.73358], [-71.543266, 41.738803], [-71.545902, 41.736879], [-71.548676, 41.736318], [-71.547974, 41.733875], [-71.553055, 41.734951], [-71.552782, 41.733984], [-71.5491, 41.733693], [-71.550599, 41.731032], [-71.549722, 41.729989], [-71.550038, 41.729985], [-71.554597, 41.729886], [-71.554879, 41.730732], [-71.555129, 41.731065], [-71.555652, 41.730916], [-71.556866, 41.730387], [-71.556751, 41.72983], [-71.562938, 41.729672], [-71.576525, 41.72934], [-71.586186, 41.729105], [-71.586411, 41.729309], [-71.592133, 41.729317], [-71.598222, 41.728822], [-71.601807, 41.727717], [-71.603478, 41.726801], [-71.604797, 41.726667], [-71.604694, 41.724081], [-71.606583, 41.724392], [-71.609464, 41.722186], [-71.616232, 41.716092], [-71.615853, 41.721527], [-71.613958, 41.722107], [-71.618968, 41.722607], [-71.62071, 41.722337], [-71.629013, 41.724125], [-71.630708, 41.72373], [-71.63122, 41.724719], [-71.63484, 41.724208], [-71.637621, 41.724677], [-71.638485, 41.727906], [-71.644255, 41.7278], [-71.644913, 41.727789], [-71.646633, 41.729229]]]}}, {"type": "Feature", "id": "06354", "properties": {"ZCTA5CE20": "06354", "GEOID20": "06354", "zip": "06354", "STUSPS": "RI"}, "geometry": {"type": "Polygon", "coordinates": [[[-71.897872, 41.725722], [-71.895997, 41.726742], [-71.894978, 41.728689], [-71.894505, 41.732493], [-71.897633, 41.737072], [-71.892344, 41.736005], [-71.889641, 41.738354], [-71.885787, 41.743783], [-71.885169, 41.745916], [-71.883861, 41.745936], [-71.884974, 41.748957], [-71.883839, 41.750669], [-71.882633, 41.752244], [-71.878634, 41.752561], [-71.8745, 41.759645], [-71.87352, 41.762842], [-71.871888, 41.764842], [-71.8717, 41.764848], [-71.850166, 41.767445], [-71.850804, 41.766194], [-71.851794, 41.766549], [-71.850414, 41.763035], [-71.844749, 41.763069], [-71.841727, 41.765077], [-71.839378, 41.764086], [-71.844211, 41.732301], [-71.846497, 41.71672], [-71.848357, 41.704664], [-71.843243, 41.701361], [-71.840961, 41.693488], [-71.840699, 41.691107], [-71.834721, 41.691025], [-71.830846, 41.691738], [-71.82377, 41.692113], [-71.825016, 41.690913], [-71.82601, 41.68673], [-71.824472, 41.684473], [-71.823776, 41.681157], [-71.824895, 41.680211], [-71.825822, 41.677001], [-71.824387, 41.675435], [-71.821444, 41.669137], [-71.820286, 41.669628], [-71.821213, 41.666249], [-71.815255, 41.666862], [-71.81202, 41.666091], [-71.810311, 41.666121], [-71.806755, 41.666184], [-71.804157, 41.664462], [-71.803735, 41.676826], [-71.79794, 41.674932], [-71.796979, 41.674296], [-71.79551, 41.671912], [-71.792411, 41.671827], [-71.7875342614766, 41.6698290545547], [-71.7869988956813, 41.6561173870817], [-71.786994, 41.655992], [-71.7876366458895, 41.6399171462982], [-71.796401, 41.640476], [-71.817437, 41.641866], [-71.820089, 41.641844], [-71.846992, 41.643757], [-71.847298, 41.645648], [-71.849418, 41.645524], [-71.854213, 41.645785], [-71.857481, 41.644201], [-71.857917, 41.644227], [-71.855986, 41.656158], [-71.855705, 41.657192], [-71.853826, 41.669445], [-71.859139, 41.66825], [-71.86225, 41.668018], [-71.863983, 41.675558], [-71.864592, 41.676822], [-71.863678, 41.677657], [-71.863857, 41.681616], [-71.861017, 41.682327], [-71.856812, 41.68705], [-71.863339, 41.687029], [-71.862655, 41.688674], [-71.878089, 41.688807], [-71.876174, 41.691846], [-71.884588, 41.694436], [-71.888701, 41.6932], [-71.890567, 41.691176], [-71.892491, 41.691542], [-71.893863, 41.6917], [-71.898127, 41.695148], [-71.898205, 41.708362], [-71.898002, 41.7088], [-71.896175, 41.712773], [-71.894844, 41.717245], [-71.895, 41.717372], [-71.8959, 41.718702], [-71.897288, 41.719375], [-71.899077, 41.719385], [-71.897872, 41.725722]]]}}, {"type": "Feature", "id": "02769", "properties": {"ZCTA5CE20": "02769", "GEOID20": "02769", "zip": "02769", "STUSPS": "RI"}, "geometry": {"type": "Polygon", "coordinates": [[[-71.300719, 41.903661], [-71.268505, 41.907196], [-71.255509, 41.908628], [-71.224068, 41.912052], [-71.222494, 41.912244], [-71.208162, 41.908852], [-71.193893, 41.910765], [-71.192674, 41.905376], [-71.19073, 41.896769], [-71.186788, 41.879338], [-71.203463, 41.881843], [-71.202217, 41.873738], [-71.201561, 41.869472], [-71.201136, 41.866708], [-71.198894, 41.851938], [-71.195683, 41.830759], [-71.194706, 41.824392], [-71.193537, 41.816536], [-71.188541, 41.787616], [-71.18814, 41.785424], [-71.187776, 41.783156], [-71.210151, 41.781204], [-71.222663, 41.780112], [-71.236288, 41.778924], [-71.249882, 41.777738], [-71.253576, 41.777416], [-71.260405, 41.77682], [-71.264025, 41.776505], [-71.268173, 41.776142], [-71.275272, 41.775523], [-71.279886, 41.77512], [-71.283588, 41.774802], [-71.292456, 41.77488], [-71.293047, 41.784089], [-71.293479, 41.790852], [-71.29384, 41.791442], [-71.294026, 41.792779], [-71.293722, 41.794789], [-71.294087, 41.80046], [-71.294799, 41.811413], [-71.295947, 41.829208], [-71.29622, 41.833445], [-71.296598, 41.839337], [-71.298499, 41.868951], [-71.298872, 41.874854], [-71.299834, 41.889843], [-71.300476, 41.899918], [-71.300719, 41.903661]]]}}, {"type": "Feature", "id": "02910", "properties": {"ZCTA5CE20": "02910", "GEOID20": "02910", "zip": "02910", "STUSPS": "RI"}, "geometry": {"type": "Polygon", "coordinates": [[[-71.45726, 41.783974], [-71.456055, 41.786068], [-71.456061, 41.787147], [-71.452441, 41.789759], [-71.449475, 41.792121], [-71.448359, 41.793258], [-71.447868, 41.792645], [-71.445625, 41.793095], [-71.442213, 41.794225], [-71.440572, 41.793747], [-71.438541, 41.794229], [-71.435124, 41.794016], [-71.435707, 41.792755], [-71.434943, 41.791663], [-71.434071, 41.791055], [-71.434192, 41.790364], [-71.435127, 41.789978], [-71.436915, 41.7897], [-71.436482, 41.788412], [-71.434046, 41.786307], [-71.431603, 41.786254], [-71.425806, 41.786227], [-71.422849, 41.786001], [-71.422134, 41.78421], [-71.422791, 41.781902], [-71.422132, 41.78186], [-71.42381, 41.777267], [-71.42305, 41.777119], [-71.423172, 41.776497], [-71.421577, 41.776218], [-71.421421, 41.776792], [-71.419437, 41.776243], [-71.418972, 41.775817], [-71.416702, 41.778763], [-71.416908, 41.7803], [-71.416504, 41.780491], [-71.414894, 41.780266], [-71.41407, 41.776001], [-71.414543, 41.774399], [-71.413296, 41.772831], [-71.412804, 41.77269], [-71.412529, 41.767538], [-71.412491, 41.765961], [-71.412183, 41.765058], [-71.414383, 41.762953], [-71.415806, 41.762902], [-71.417586, 41.762254], [-71.419078, 41.761885], [-71.420091, 41.761746], [-71.418715, 41.764076], [-71.419797, 41.764785], [-71.421994, 41.76458], [-71.422957, 41.762971], [-71.426224, 41.761025], [-71.42989, 41.760761], [-71.430969, 41.760617], [-71.432968, 41.759335], [-71.433775, 41.761441], [-71.434069, 41.760936], [-71.435883, 41.759677], [-71.437561, 41.759827], [-71.438829, 41.757829], [-71.440574, 41.757912], [-71.442035, 41.758337], [-71.443298, 41.75982], [-71.443685, 41.761247], [-71.44377, 41.762162], [-71.447616, 41.765494], [-71.448689, 41.767068], [-71.449907, 41.768722], [-71.451644, 41.768388], [-71.453776, 41.770716], [-71.454111, 41.773934], [-71.451591, 41.776604], [-71.452593, 41.779486], [-71.454947, 41.781546], [-71.456099, 41.78426], [-71.45726, 41.783974]]]}}, {"type": "Feature", "id": "02375", "properties": {"ZCTA5CE20": "02375", "GEOID20": "02375", "zip": "02375", "STUSPS": "RI"}, "geometry": {"type": "Polygon", "coordinates": [[[-71.162591, 42.031544], [-71.153495, 42.029588], [-71.140185, 42.032619], [-71.139966, 42.031383], [-71.138026, 42.028078], [-71.137011, 42.024008], [-71.134156, 42.024423], [-71.130445, 42.024241], [-71.130146, 42.025596], [-71.128856, 42.02577], [-71.128243, 42.024075], [-71.120173, 42.023463], [-71.118844, 42.021985], [-71.120608, 42.021917], [-71.109543, 42.010143], [-71.096785, 42.016591], [-71.094412, 42.017246], [-71.097241, 42.022503], [-71.102624, 42.025904], [-71.108226, 42.027157], [-71.109374, 42.028244], [-71.112517, 42.028568], [-71.113725, 42.029839], [-71.113783, 42.030317], [-71.114455, 42.032171], [-71.117013, 42.033619], [-71.117662, 42.037471], [-71.119021, 42.039886], [-71.117421, 42.047254], [-71.116522, 42.047277], [-71.115038, 42.045455], [-71.113578, 42.046086], [-71.111648, 42.045593], [-71.111942, 42.043927], [-71.109723, 42.043513], [-71.110049, 42.042663], [-71.108083, 42.039456], [-71.105695, 42.03997], [-71.107623, 42.04097], [-71.105397, 42.042477], [-71.104064, 42.042382], [-71.102842, 42.045454], [-71.099434, 42.044945], [-71.09929, 42.044295], [-71.09347, 42.047781], [-71.093037, 42.048797], [-71.095648, 42.048727], [-71.094248, 42.049383], [-71.093798, 42.050765], [-71.095304, 42.055547], [-71.093518, 42.057088], [-71.093251, 42.059065], [-71.092156, 42.0609], [-71.093709, 42.06519], [-71.094848, 42.06602], [-71.09282, 42.066483], [-71.092739, 42.065871], [-71.09235, 42.065486], [-71.091598, 42.065588], [-71.090283, 42.065356], [-71.089482, 42.065824], [-71.088892, 42.065976], [-71.088542, 42.066319], [-71.088481, 42.0667], [-71.087256, 42.066732], [-71.087117, 42.064403], [-71.086678, 42.059343], [-71.08835, 42.059369], [-71.088157, 42.057546], [-71.086511, 42.057561], [-71.084442, 42.051007], [-71.083192, 42.051298], [-71.082888, 42.050055], [-71.075619, 42.053141], [-71.074141, 42.054391], [-71.072805, 42.05543], [-71.071197, 42.056459], [-71.069595, 42.049704], [-71.063867, 42.024802], [-71.060725, 42.011171], [-71.05716, 41.995675], [-71.067361, 41.997906], [-71.069703, 41.998504], [-71.083181, 42.003993], [-71.078553, 41.989304], [-71.087157, 41.990832], [-71.100854, 41.993151], [-71.102328, 41.99339], [-71.104156, 41.993649], [-71.123462, 41.996381], [-71.128656, 41.997113], [-71.15645, 42.001042], [-71.1571, 42.004381], [-71.158704, 42.012624], [-71.159263, 42.015433], [-71.161448, 42.02601], [-71.162591, 42.031544]]]}}, {"type": "Feature", "id": "06255", "properties": {"ZCTA5CE20": "06255", "GEOID20": "06255", "zip": "06255", "STUSPS": "RI"}, "geometry": {"type": "Polygon", "coordinates": [[[-71.956642, 42.008455], [-71.952404, 42.008878], [-71.946088, 42.008213], [-71.941859, 42.009893], [-71.94292, 42.012239], [-71.944759, 42.013935], [-71.945775, 42.017314], [-71.942045, 42.019954], [-71.939958, 42.018846], [-71.939798, 42.019504], [-71.939584, 42.020105], [-71.936852, 42.021184], [-71.935582, 42.02119], [-71.934475, 42.021261], [-71.93204, 42.024019], [-71.9288901116937, 42.0253595750064], [-71.9209864169382, 42.0251539312591], [-71.9208828863063, 42.0251512375282], [-71.9010880693507, 42.0246362024134], [-71.89078, 42.024368], [-71.883947767419, 42.0243074324439], [-71.882803750428, 42.0242972907644], [-71.877396643979, 42.0242493569126], [-71.8773761099018, 42.0242491748786], [-71.8713971886384, 42.0241961719042], [-71.8659515062247, 42.0241478960776], [-71.8603967710167, 42.024098653501], [-71.8533407123943, 42.0240361017331], [-71.846906, 42.010302], [-71.847087, 42.009029], [-71.849867, 42.009624], [-71.854562, 42.008437], [-71.852883, 42.004205], [-71.8524, 42.001597], [-71.852813, 41.987043], [-71.853163, 41.984559], [-71.854539, 41.981815], [-71.856071, 41.980128], [-71.86904, 41.970824], [-71.870378, 41.969207], [-71.87239, 41.965819], [-71.874125, 41.96695], [-71.8767, 41.963137], [-71.87825, 41.95792], [-71.880953, 41.954864], [-71.882102, 41.953696], [-71.885247, 41.947431], [-71.888192, 41.947451], [-71.889138, 41.947487], [-71.889032, 41.946819], [-71.889476, 41.947291], [-71.890196, 41.945638], [-71.890747, 41.944919], [-71.891328, 41.944502], [-71.891439, 41.943907], [-71.891961, 41.943493], [-71.892533, 41.943468], [-71.893876, 41.942525], [-71.894953, 41.943094], [-71.897737, 41.943084], [-71.898558, 41.941966], [-71.900978, 41.944813], [-71.90594, 41.942954], [-71.911927, 41.945603], [-71.920172, 41.935766], [-71.921308, 41.940641], [-71.924531, 41.941066], [-71.929454, 41.943205], [-71.933065, 41.943553], [-71.935586, 41.943518], [-71.946961, 41.979435], [-71.943662, 41.982976], [-71.946393, 41.985937], [-71.948424, 41.988759], [-71.950163, 41.989505], [-71.951392, 41.993567], [-71.953522, 42.000098], [-71.956642, 42.008455]]]}}, {"type": "Feature", "id": "02915", "properties": {"ZCTA5CE20": "02915", "GEOID20": "02915", "zip": "02915", "STUSPS": "RI"}, "geometry": {"type": "Polygon", "coordinates": [[[-71.373234, 41.790274], [-71.371231, 41.792427], [-71.368416, 41.793087], [-71.367142, 41.793961], [-71.369659, 41.796158], [-71.369011, 41.796764], [-71.36834, 41.798759], [-71.365784, 41.798981], [-71.363365, 41.798065], [-71.353271, 41.795856], [-71.351982, 41.795567], [-71.351471, 41.798183], [-71.351456, 41.801926], [-71.351456, 41.803238], [-71.350701, 41.803081], [-71.34547, 41.798982], [-71.344824, 41.801204], [-71.3407635773481, 41.7995649696132], [-71.340697, 41.7983], [-71.339297, 41.7963], [-71.335797, 41.7948], [-71.333896, 41.7945], [-71.332196, 41.7923], [-71.3301161647591, 41.7883554848879], [-71.329296, 41.7868], [-71.329396, 41.7826], [-71.327896, 41.780501], [-71.3179242335629, 41.7761572941963], [-71.31995, 41.77451], [-71.322678, 41.772592], [-71.324717, 41.771201], [-71.331997, 41.766165], [-71.332659, 41.765715], [-71.336781, 41.762855], [-71.342395, 41.758965], [-71.34653, 41.756106], [-71.351495, 41.752635], [-71.353897, 41.751301], [-71.355818, 41.745061], [-71.3558965537634, 41.745061], [-71.359896, 41.745061], [-71.359421, 41.746657], [-71.360134, 41.749494], [-71.3605022131895, 41.7497261705567], [-71.362348, 41.75089], [-71.3622650288337, 41.7511264761153], [-71.360847, 41.755168], [-71.3612621864308, 41.7575674370388], [-71.361798, 41.760664], [-71.36465, 41.764742], [-71.3648203717811, 41.7647359579633], [-71.369641, 41.764565], [-71.3688312222772, 41.766054854722], [-71.3664555007201, 41.7704257825461], [-71.366076, 41.771124], [-71.366314, 41.775201], [-71.365125, 41.777505], [-71.3661042767854, 41.7786003341323], [-71.367977, 41.780695], [-71.370583, 41.780874], [-71.371542, 41.783354], [-71.3716853333333, 41.7833826666667], [-71.369694, 41.783058], [-71.370535, 41.7875], [-71.372329, 41.790176], [-71.37318, 41.788629], [-71.373234, 41.790274]]]}}, {"type": "Feature", "id": "02715", "properties": {"ZCTA5CE20": "02715", "GEOID20": "02715", "zip": "02715", "STUSPS": "RI"}, "geometry": {"type": "Polygon", "coordinates": [[[-71.195683, 41.830759], [-71.192767, 41.843033], [-71.190746, 41.842359], [-71.188872, 41.839245], [-71.188299, 41.834701], [-71.180387, 41.834187], [-71.159331, 41.842895], [-71.158155, 41.842006], [-71.158108, 41.842175], [-71.157714, 41.843694], [-71.15229, 41.842136], [-71.152679, 41.843196], [-71.146884, 41.844825], [-71.144933, 41.844764], [-71.143367, 41.842604], [-71.142929, 41.840038], [-71.144442, 41.840238], [-71.143847, 41.837396], [-71.13063, 41.831671], [-71.128277, 41.831101], [-71.1281, 41.831527], [-71.12784, 41.832262], [-71.127948, 41.831026], [-71.127277, 41.829937], [-71.124105, 41.837399], [-71.120237, 41.836863], [-71.118031, 41.835427], [-71.118013, 41.836537], [-71.115466, 41.838143], [-71.114795, 41.841349], [-71.113202, 41.843641], [-71.109712, 41.83909], [-71.108427, 41.83502], [-71.109516, 41.831696], [-71.114577, 41.82975], [-71.115294, 41.827303], [-71.117702, 41.824943], [-71.116101, 41.82239], [-71.115385, 41.818443], [-71.114499, 41.816553], [-71.112699, 41.814915], [-71.112363, 41.813575], [-71.114911, 41.810763], [-71.118329, 41.808219], [-71.118863, 41.807191], [-71.119092, 41.803723], [-71.117551, 41.799753], [-71.119442, 41.795426], [-71.11961, 41.790968], [-71.123891, 41.790999], [-71.124416, 41.790902], [-71.124652, 41.791004], [-71.125361, 41.790891], [-71.1255, 41.791064], [-71.130989, 41.790534], [-71.130947, 41.790189], [-71.133195, 41.790144], [-71.153164, 41.789553], [-71.171145, 41.78937], [-71.171135, 41.789616], [-71.175531, 41.811975], [-71.177614, 41.813706], [-71.182295, 41.816125], [-71.193537, 41.816536], [-71.194706, 41.824392], [-71.195683, 41.830759]]]}}, {"type": "Feature", "id": "02814", "properties": {"ZCTA5CE20": "02814", "GEOID20": "02814", "zip": "02814", "STUSPS": "RI"}, "geometry": {"type": "Polygon", "coordinates": [[[-71.7976528289549, 41.9286464718086], [-71.754312, 41.929552], [-71.741905, 41.929752], [-71.722423, 41.930304], [-71.709238, 41.930725], [-71.707337, 41.930749], [-71.700481, 41.930923], [-71.689924, 41.931147], [-71.678472, 41.931516], [-71.67626, 41.93159], [-71.675872, 41.931346], [-71.675806, 41.930979], [-71.67599, 41.930263], [-71.675456, 41.929623], [-71.67473, 41.931634], [-71.66668, 41.931771], [-71.662664, 41.931858], [-71.63973, 41.932429], [-71.629387, 41.932381], [-71.621663, 41.933023], [-71.621809, 41.932626], [-71.613563, 41.932897], [-71.590312, 41.933665], [-71.587696, 41.92149], [-71.585457, 41.920216], [-71.582306, 41.917027], [-71.580719, 41.916504], [-71.578979, 41.914272], [-71.577988, 41.911514], [-71.577019, 41.90646], [-71.576246, 41.905079], [-71.572578, 41.902463], [-71.572908, 41.901208], [-71.577081, 41.899363], [-71.578659, 41.896931], [-71.581891, 41.894665], [-71.583716, 41.895126], [-71.587058, 41.896931], [-71.589016, 41.899039], [-71.594184, 41.901993], [-71.595474, 41.901661], [-71.599259, 41.897941], [-71.601624, 41.897057], [-71.597885, 41.892834], [-71.594279, 41.887783], [-71.592231, 41.887744], [-71.591511, 41.887108], [-71.587601, 41.889458], [-71.585548, 41.886364], [-71.582167, 41.883591], [-71.582436, 41.883981], [-71.584309, 41.887761], [-71.583597, 41.888955], [-71.584752, 41.891784], [-71.581797, 41.893718], [-71.58213, 41.894368], [-71.581842, 41.894372], [-71.579908, 41.88472], [-71.579389, 41.881812], [-71.579348, 41.881617], [-71.57805, 41.875088], [-71.578998, 41.875246], [-71.57936, 41.873102], [-71.580069, 41.87298], [-71.582176, 41.873798], [-71.580507, 41.873419], [-71.580874, 41.87496], [-71.580175, 41.875876], [-71.581174, 41.876635], [-71.583196, 41.87694], [-71.584434, 41.876122], [-71.583841, 41.874068], [-71.586929, 41.874982], [-71.58857, 41.872322], [-71.592426, 41.876903], [-71.590507, 41.876563], [-71.58739, 41.877877], [-71.586953, 41.879533], [-71.587507, 41.88006], [-71.58743, 41.87938], [-71.587665, 41.879238], [-71.588202, 41.878823], [-71.594111, 41.877182], [-71.594997, 41.877212], [-71.597629, 41.878242], [-71.601887, 41.873261], [-71.602776, 41.873737], [-71.602403, 41.874131], [-71.602401, 41.875373], [-71.602904, 41.878439], [-71.605322, 41.879964], [-71.607994, 41.88271], [-71.604508, 41.883988], [-71.60218, 41.883091], [-71.600161, 41.884664], [-71.604596, 41.886632], [-71.609008, 41.888565], [-71.611479, 41.890514], [-71.611933, 41.892236], [-71.614788, 41.892289], [-71.617053, 41.891815], [-71.616811, 41.890359], [-71.61821, 41.889566], [-71.620012, 41.890131], [-71.623337, 41.888653], [-71.621186, 41.886563], [-71.622015, 41.883268], [-71.622513, 41.880225], [-71.625891, 41.884273], [-71.627632, 41.884822], [-71.62939, 41.882335], [-71.629819, 41.879665], [-71.63308, 41.879715], [-71.635544, 41.878944], [-71.640011, 41.878965], [-71.638857, 41.877224], [-71.634715, 41.873925], [-71.634841, 41.872407], [-71.633663, 41.870383], [-71.635414, 41.867051], [-71.63756, 41.868128], [-71.640329, 41.870257], [-71.641568, 41.870382], [-71.64229, 41.873148], [-71.64322, 41.873533], [-71.645208, 41.877535], [-71.642281, 41.878463], [-71.642671, 41.879085], [-71.643548, 41.878781], [-71.645585, 41.880347], [-71.650246, 41.879118], [-71.652543, 41.883098], [-71.654518, 41.882107], [-71.655121, 41.88269], [-71.658664, 41.88169], [-71.660244, 41.884611], [-71.66703, 41.882954], [-71.668247, 41.883477], [-71.668721, 41.882344], [-71.668425, 41.878759], [-71.667217, 41.876143], [-71.6705, 41.876407], [-71.671035, 41.875142], [-71.674229, 41.873669], [-71.675891, 41.873566], [-71.679503, 41.876771], [-71.683998, 41.877354], [-71.682243, 41.872618], [-71.688148, 41.870972], [-71.692709, 41.869432], [-71.692905, 41.872665], [-71.694847, 41.872849], [-71.697798, 41.874002], [-71.699689, 41.873725], [-71.702529, 41.876798], [-71.702676, 41.879755], [-71.703823, 41.880288], [-71.706593, 41.878893], [-71.70739, 41.880829], [-71.708138, 41.880657], [-71.715614, 41.878017], [-71.716685, 41.877091], [-71.71482, 41.876164], [-71.713537, 41.873832], [-71.714107, 41.872267], [-71.716927, 41.872814], [-71.720436, 41.87471], [-71.72242, 41.874157], [-71.721491, 41.86855], [-71.722922, 41.866895], [-71.719683, 41.861888], [-71.719899, 41.8599], [-71.724899, 41.857262], [-71.72435, 41.855892], [-71.726209, 41.855999], [-71.737663, 41.855721], [-71.747483, 41.855236], [-71.758215, 41.855093], [-71.7946917826635, 41.854408530038], [-71.7963964350815, 41.8971467632475], [-71.7966877946775, 41.9044515922139], [-71.7971589425621, 41.9162639874898], [-71.7976051393451, 41.9274508206346], [-71.7976528289549, 41.9286464718086]]]}}, {"type": "Feature", "id": "02881", "properties": {"ZCTA5CE20": "02881", "GEOID20": "02881", "zip": "02881", "STUSPS": "RI"}, "geometry": {"type": "Polygon", "coordinates": [[[-71.548916, 41.467009], [-71.545327, 41.469466], [-71.544406, 41.471031], [-71.543959, 41.472195], [-71.544011, 41.472453], [-71.54187, 41.473847], [-71.54035, 41.475663], [-71.539469, 41.478267], [-71.538339, 41.479501], [-71.54293, 41.480169], [-71.542358, 41.482752], [-71.54072, 41.487511], [-71.541004, 41.48955], [-71.539498, 41.489353], [-71.538991, 41.491711], [-71.538052, 41.49194], [-71.536171, 41.49173], [-71.535887, 41.492839], [-71.534622, 41.497456], [-71.533112, 41.500166], [-71.520549, 41.498408], [-71.519506, 41.502121], [-71.517797, 41.501831], [-71.517408, 41.501801], [-71.514896, 41.501341], [-71.51213, 41.500812], [-71.512312, 41.49867], [-71.510987, 41.498415], [-71.511115, 41.492958], [-71.510627, 41.489476], [-71.509836, 41.48405], [-71.509106, 41.483002], [-71.508118, 41.482176], [-71.506061, 41.482469], [-71.506064, 41.482385], [-71.513774, 41.481353], [-71.518388, 41.480574], [-71.517734, 41.478388], [-71.513825, 41.478389], [-71.513874, 41.47558], [-71.509511, 41.476137], [-71.509361, 41.474025], [-71.507256, 41.473731], [-71.507063, 41.472656], [-71.510657, 41.471007], [-71.509724, 41.469786], [-71.511769, 41.469306], [-71.513614, 41.469816], [-71.514097, 41.470402], [-71.512766, 41.47168], [-71.512644, 41.473198], [-71.515007, 41.472816], [-71.515541, 41.472153], [-71.515271, 41.471818], [-71.520483, 41.471328], [-71.520474, 41.469239], [-71.52623, 41.46875], [-71.526292, 41.46804], [-71.533248, 41.468144], [-71.533159, 41.466952], [-71.538777, 41.466484], [-71.539638, 41.463284], [-71.542387, 41.463484], [-71.542349, 41.461571], [-71.544488, 41.461793], [-71.545036, 41.460396], [-71.545894, 41.461038], [-71.547094, 41.464313], [-71.548916, 41.467009]]]}}, {"type": "Feature", "id": "02825", "properties": {"ZCTA5CE20": "02825", "GEOID20": "02825", "zip": "02825", "STUSPS": "RI"}, "geometry": {"type": "Polygon", "coordinates": [[[-71.7946917826635, 41.854408530038], [-71.758215, 41.855093], [-71.747483, 41.855236], [-71.737663, 41.855721], [-71.726209, 41.855999], [-71.723485, 41.854312], [-71.721407, 41.852131], [-71.721686, 41.850195], [-71.719922, 41.848089], [-71.721138, 41.84499], [-71.719405, 41.842556], [-71.719642, 41.840453], [-71.716578, 41.837334], [-71.713952, 41.837054], [-71.714449, 41.835958], [-71.711676, 41.834143], [-71.708653, 41.834303], [-71.708814, 41.833176], [-71.707004, 41.833246], [-71.706713, 41.831305], [-71.705001, 41.832069], [-71.702869, 41.83119], [-71.699539, 41.829041], [-71.699051, 41.827486], [-71.698157, 41.828518], [-71.698502, 41.830151], [-71.69626, 41.832075], [-71.697814, 41.834258], [-71.697188, 41.835704], [-71.695856, 41.836227], [-71.695588, 41.837888], [-71.694415, 41.838125], [-71.693672, 41.837193], [-71.693741, 41.834908], [-71.692909, 41.832245], [-71.691307, 41.830444], [-71.686249, 41.828167], [-71.686031, 41.827803], [-71.685634, 41.825461], [-71.6855, 41.82538], [-71.682663, 41.808949], [-71.679749, 41.792596], [-71.679504, 41.791203], [-71.678029, 41.782552], [-71.675898, 41.770386], [-71.675894, 41.770362], [-71.671963, 41.768258], [-71.671898, 41.764301], [-71.672501, 41.759361], [-71.67363, 41.757648], [-71.673729, 41.75676], [-71.673347, 41.754897], [-71.671634, 41.754244], [-71.671774, 41.757857], [-71.667895, 41.757621], [-71.667922, 41.760967], [-71.666447, 41.760806], [-71.665143, 41.763524], [-71.665927, 41.765083], [-71.665016, 41.765604], [-71.66187, 41.766712], [-71.657302, 41.76689], [-71.656622, 41.768499], [-71.650978, 41.77026], [-71.645081, 41.771103], [-71.638626, 41.770939], [-71.634171, 41.769833], [-71.632835, 41.770027], [-71.633245, 41.768114], [-71.629525, 41.770164], [-71.627368, 41.770247], [-71.626444, 41.76937], [-71.624716, 41.769755], [-71.622982, 41.768756], [-71.622098, 41.766806], [-71.617599, 41.768598], [-71.616563, 41.769375], [-71.614966, 41.771809], [-71.612944, 41.772652], [-71.611201, 41.771287], [-71.611324, 41.769799], [-71.610153, 41.768272], [-71.60955, 41.764974], [-71.611079, 41.76251], [-71.609711, 41.761818], [-71.603691, 41.762035], [-71.603966, 41.761017], [-71.602776, 41.759567], [-71.603546, 41.75827], [-71.606125, 41.757465], [-71.60582, 41.755692], [-71.607231, 41.75116], [-71.610512, 41.751755], [-71.613068, 41.751503], [-71.615723, 41.752411], [-71.621964, 41.753681], [-71.626188, 41.750152], [-71.622195, 41.744238], [-71.625572, 41.743644], [-71.628488, 41.741335], [-71.631031, 41.741907], [-71.630735, 41.743247], [-71.633191, 41.743258], [-71.634929, 41.742036], [-71.640487, 41.74152], [-71.640436, 41.740823], [-71.642944, 41.740337], [-71.643654, 41.735977], [-71.643541, 41.734336], [-71.644877, 41.732901], [-71.646633, 41.729229], [-71.644913, 41.727789], [-71.665991, 41.727433], [-71.668434, 41.72747], [-71.669494, 41.727374], [-71.6717, 41.727331], [-71.700584, 41.726694], [-71.720111, 41.726326], [-71.7896921119938, 41.7251983396573], [-71.790106335744, 41.7388279172293], [-71.7910592549219, 41.7701826762188], [-71.791062, 41.770273], [-71.791258063576, 41.774496473912], [-71.7926270381587, 41.8039860331338], [-71.7926566350564, 41.8046235902363], [-71.792767, 41.807001], [-71.792786, 41.80867], [-71.794161, 41.840141], [-71.794161, 41.841101], [-71.79418248642, 41.841639697284], [-71.7944823560536, 41.8491578858595], [-71.7946917826635, 41.854408530038]]]}}, {"type": "Feature", "id": "02865", "properties": {"ZCTA5CE20": "02865", "GEOID20": "02865", "zip": "02865", "STUSPS": "RI"}, "geometry": {"type": "Polygon", "coordinates": [[[-71.490788, 41.943241], [-71.488229, 41.944392], [-71.485304, 41.942507], [-71.484332, 41.945598], [-71.48744, 41.947114], [-71.48719, 41.950504], [-71.487401, 41.952056], [-71.488129, 41.954871], [-71.4852, 41.956312], [-71.487292, 41.958456], [-71.486991, 41.961232], [-71.47954, 41.958012], [-71.468275, 41.948092], [-71.468342, 41.949962], [-71.471549, 41.955651], [-71.472298, 41.958993], [-71.471508, 41.959963], [-71.471451, 41.959496], [-71.471466, 41.958885], [-71.468945, 41.958667], [-71.468719, 41.957019], [-71.462977, 41.957104], [-71.457236, 41.953989], [-71.4602, 41.952005], [-71.462357, 41.952164], [-71.461906, 41.950623], [-71.461675, 41.950784], [-71.460186, 41.949497], [-71.458674, 41.950649], [-71.454885, 41.950746], [-71.452452, 41.947896], [-71.451476, 41.9435], [-71.450699, 41.943966], [-71.451675, 41.945232], [-71.451385, 41.946632], [-71.451599, 41.947849], [-71.45195, 41.948315], [-71.451401, 41.948559], [-71.450134, 41.948204], [-71.449081, 41.947025], [-71.448544, 41.94874], [-71.450856, 41.949359], [-71.452289, 41.951832], [-71.451399, 41.951556], [-71.450987, 41.949913], [-71.45058, 41.949571], [-71.442885, 41.947656], [-71.440818, 41.94459], [-71.438092, 41.942627], [-71.433982, 41.938219], [-71.430955, 41.934636], [-71.430717, 41.933398], [-71.431287, 41.930541], [-71.430939, 41.926987], [-71.429006, 41.924063], [-71.428327, 41.923543], [-71.425322, 41.922463], [-71.422853, 41.922232], [-71.4217, 41.922145], [-71.418425, 41.918819], [-71.408768, 41.91364], [-71.405393, 41.910999], [-71.403023, 41.911393], [-71.398765, 41.911972], [-71.397162, 41.910361], [-71.398283, 41.909525], [-71.399604, 41.906355], [-71.40067, 41.901841], [-71.399908, 41.901612], [-71.398398, 41.90028], [-71.394782, 41.898625], [-71.394296, 41.897652], [-71.397243, 41.896782], [-71.404568, 41.894824], [-71.404691, 41.894784], [-71.407055, 41.89191], [-71.405817, 41.887239], [-71.40428, 41.882739], [-71.403706, 41.881059], [-71.405004, 41.880894], [-71.406403, 41.880716], [-71.415553, 41.879547], [-71.4219, 41.878695], [-71.433654, 41.87721], [-71.438179, 41.876588], [-71.449154, 41.875242], [-71.455584, 41.874429], [-71.463265, 41.873529], [-71.466759, 41.872767], [-71.473389, 41.891975], [-71.4768, 41.902143], [-71.481095, 41.914774], [-71.479248, 41.915371], [-71.482147, 41.917689], [-71.482705, 41.919002], [-71.4845, 41.924989], [-71.489167, 41.938469], [-71.489316, 41.938907], [-71.490788, 41.943241]]]}}, {"type": "Feature", "id": "02895", "properties": {"ZCTA5CE20": "02895", "GEOID20": "02895", "zip": "02895", "STUSPS": "RI"}, "geometry": {"type": "Polygon", "coordinates": [[[-71.539854, 42.009873], [-71.529658, 42.009827], [-71.530467, 42.011316], [-71.5291173605566, 42.0149668545684], [-71.5276999611655, 42.014996063691], [-71.527606, 42.014998], [-71.527306, 42.015098], [-71.5246411875339, 42.0152998720856], [-71.5116333994735, 42.0162852732492], [-71.5020555032736, 42.0170108439625], [-71.5020495411129, 42.0170112956242], [-71.500905, 42.017098], [-71.499905, 42.017198], [-71.498258301062, 42.0172202331592], [-71.4913542802411, 42.0173134488592], [-71.4894123033105, 42.0173396687597], [-71.4837831179649, 42.0174156720723], [-71.483712882957, 42.0174166203611], [-71.4581166451263, 42.0177622119068], [-71.4581035191943, 42.0177623891286], [-71.4541177522349, 42.0178162035748], [-71.45822, 42.016209], [-71.458132, 42.01377], [-71.458725, 42.013958], [-71.459297, 42.010551], [-71.459891, 42.00757], [-71.463733, 42.003586], [-71.472726, 41.99426], [-71.480327, 41.986378], [-71.487364, 41.979085], [-71.489547, 41.97935], [-71.491746, 41.979612], [-71.499427, 41.980541], [-71.507066, 41.981737], [-71.515274, 41.983063], [-71.515816, 41.98328], [-71.518066, 41.983696], [-71.522354, 41.985653], [-71.528008, 41.988407], [-71.531754, 41.989574], [-71.533195, 41.99342], [-71.535971, 42.00001], [-71.537849, 42.004677], [-71.539854, 42.009873]]]}}, {"type": "Feature", "id": "02892", "properties": {"ZCTA5CE20": "02892", "GEOID20": "02892", "zip": "02892", "STUSPS": "RI"}, "geometry": {"type": "Polygon", "coordinates": [[[-71.660324, 41.514297], [-71.658776, 41.514419], [-71.644402, 41.512672], [-71.643646, 41.515797], [-71.642227, 41.518902], [-71.64093, 41.520447], [-71.640762, 41.523663], [-71.639179, 41.528043], [-71.640363, 41.529138], [-71.638795, 41.532098], [-71.639079, 41.535978], [-71.641151, 41.538628], [-71.641624, 41.537762], [-71.646667, 41.536182], [-71.648178, 41.536247], [-71.651726, 41.534653], [-71.652276, 41.536029], [-71.649545, 41.537741], [-71.647526, 41.540177], [-71.645374, 41.540914], [-71.644323, 41.540366], [-71.642473, 41.541303], [-71.643054, 41.544591], [-71.645544, 41.545752], [-71.64617, 41.547962], [-71.644008, 41.552447], [-71.644646, 41.553212], [-71.644527, 41.556834], [-71.645642, 41.557758], [-71.645005, 41.558747], [-71.646106, 41.559783], [-71.645782, 41.559978], [-71.643974, 41.56176], [-71.642036, 41.563892], [-71.627401, 41.578655], [-71.625889, 41.578488], [-71.625776, 41.574731], [-71.624653, 41.572447], [-71.622151, 41.570225], [-71.622926, 41.569283], [-71.621753, 41.56793], [-71.620715, 41.564234], [-71.612739, 41.560658], [-71.611757, 41.559183], [-71.610046, 41.556802], [-71.608765, 41.558313], [-71.60466, 41.559057], [-71.605003, 41.558685], [-71.605545, 41.55687], [-71.602798, 41.548084], [-71.609713, 41.546322], [-71.609273, 41.544016], [-71.607915, 41.542847], [-71.60787, 41.541062], [-71.606303, 41.539131], [-71.607039, 41.536134], [-71.606821, 41.533167], [-71.605494, 41.530741], [-71.605785, 41.527115], [-71.604912, 41.525697], [-71.602526, 41.523704], [-71.603376, 41.522706], [-71.597275, 41.52113], [-71.592394, 41.519892], [-71.586982, 41.518213], [-71.557099, 41.510582], [-71.530528, 41.503752], [-71.52911, 41.505846], [-71.526448, 41.511084], [-71.517864, 41.509096], [-71.517594, 41.506847], [-71.517797, 41.501831], [-71.519506, 41.502121], [-71.520549, 41.498408], [-71.533112, 41.500166], [-71.534622, 41.497456], [-71.535887, 41.492839], [-71.536171, 41.49173], [-71.538052, 41.49194], [-71.538991, 41.491711], [-71.539498, 41.489353], [-71.541004, 41.48955], [-71.54072, 41.487511], [-71.542358, 41.482752], [-71.54293, 41.480169], [-71.538339, 41.479501], [-71.539469, 41.478267], [-71.54035, 41.475663], [-71.54187, 41.473847], [-71.544011, 41.472453], [-71.543959, 41.472195], [-71.544406, 41.471031], [-71.545327, 41.469466], [-71.548916, 41.467009], [-71.554606, 41.463102], [-71.556641, 41.462519], [-71.559559, 41.463616], [-71.559956, 41.46447], [-71.563694, 41.464635], [-71.564315, 41.463998], [-71.565599, 41.465943], [-71.580618, 41.466695], [-71.599527, 41.452684], [-71.595591, 41.448739], [-71.597376, 41.449754], [-71.601378, 41.451312], [-71.603667, 41.449618], [-71.604418, 41.449813], [-71.608912, 41.452227], [-71.609732, 41.45238], [-71.612286, 41.452041], [-71.614526, 41.450795], [-71.616189, 41.45029], [-71.617343, 41.452638], [-71.617012, 41.458893], [-71.618471, 41.462189], [-71.620146, 41.461672], [-71.619067, 41.4596], [-71.619008, 41.454455], [-71.622221, 41.454605], [-71.621975, 41.452686], [-71.624718, 41.45285], [-71.624922, 41.451468], [-71.623557, 41.451317], [-71.62381, 41.449554], [-71.625369, 41.449199], [-71.624965, 41.446983], [-71.627012, 41.446694], [-71.628831, 41.447999], [-71.630022, 41.446954], [-71.631973, 41.447206], [-71.632518, 41.448799], [-71.632044, 41.447714], [-71.629501, 41.449654], [-71.629351, 41.451144], [-71.627967, 41.452747], [-71.628903, 41.45453], [-71.626129, 41.459268], [-71.62704, 41.461511], [-71.628142, 41.462412], [-71.627929, 41.46401], [-71.628565, 41.46778], [-71.63052, 41.469042], [-71.63252, 41.468331], [-71.635018, 41.468755], [-71.635902, 41.469558], [-71.636243, 41.475834], [-71.635167, 41.47879], [-71.639589, 41.478634], [-71.642053, 41.483875], [-71.64318, 41.486747], [-71.646263, 41.48909], [-71.648175, 41.489497], [-71.649056, 41.491191], [-71.647788, 41.492613], [-71.64758, 41.495136], [-71.650432, 41.498766], [-71.644925, 41.499835], [-71.644278, 41.500986], [-71.647041, 41.501694], [-71.652682, 41.502255], [-71.659536, 41.500425], [-71.658554, 41.504261], [-71.659966, 41.510601], [-71.659836, 41.512547], [-71.659386, 41.513153], [-71.660324, 41.514297]]]}}, {"type": "Feature", "id": "02885", "properties": {"ZCTA5CE20": "02885", "GEOID20": "02885", "zip": "02885", "STUSPS": "RI"}, "geometry": {"type": "Polygon", "coordinates": [[[-71.292854, 41.711759], [-71.289294, 41.716001], [-71.287604, 41.722949], [-71.287478, 41.723803], [-71.287294, 41.728501], [-71.288254, 41.730291], [-71.289494, 41.732601], [-71.2898, 41.733807], [-71.289337, 41.737427], [-71.289305, 41.737777], [-71.289002, 41.738959], [-71.286593, 41.742401], [-71.284748, 41.758918], [-71.2844017716869, 41.762010280821], [-71.2708270398149, 41.7562822412034], [-71.2708172338825, 41.7562781034591], [-71.2658543855578, 41.7541839632515], [-71.261392, 41.752301], [-71.2547429944747, 41.7447183583796], [-71.2521307457507, 41.7417393044712], [-71.2520696714893, 41.7416696543205], [-71.2453326038605, 41.7339865851448], [-71.2452464955663, 41.7338883857474], [-71.2262367316647, 41.7122093201479], [-71.225791, 41.711701], [-71.224798, 41.710498], [-71.2265692780425, 41.7076197451373], [-71.227875, 41.705498], [-71.2327287388049, 41.7021241756738], [-71.232975, 41.701953], [-71.2339971814875, 41.7014162782085], [-71.240991, 41.697744], [-71.2434081556032, 41.6983392696635], [-71.243671, 41.698404], [-71.2436945481979, 41.6983903268528], [-71.24443, 41.701208], [-71.246558, 41.703415], [-71.25153, 41.715408], [-71.255492, 41.714601], [-71.258159, 41.714172], [-71.267494, 41.712886], [-71.280524, 41.711059], [-71.291377, 41.70955], [-71.294039, 41.71028], [-71.292854, 41.711759]]]}}, {"type": "Feature", "id": "02840", "properties": {"ZCTA5CE20": "02840", "GEOID20": "02840", "zip": "02840", "STUSPS": "RI"}, "geometry": {"type": "MultiPolygon", "coordinates": [[[[-71.327568, 41.452868], [-71.326348, 41.45471], [-71.324955, 41.45469], [-71.324296, 41.453924], [-71.325649, 41.452106], [-71.32689, 41.45196], [-71.327568, 41.452868]]], [[[-71.328827, 41.492334], [-71.3280298850642, 41.4926673389732], [-71.326957, 41.493116], [-71.326940361834, 41.4930768107198], [-71.325657, 41.490054], [-71.3254144460617, 41.4880163807854], [-71.3253976476548, 41.4878752626619], [-71.325365, 41.487601], [-71.3264, 41.483789], [-71.3271317061033, 41.4833752927517], [-71.327822, 41.482985], [-71.328534299044, 41.485487101303], [-71.329002, 41.48713], [-71.328827, 41.492334]]], [[[-71.362911, 41.461746], [-71.361185, 41.46462], [-71.359559, 41.464229], [-71.3592661841595, 41.4642749944011], [-71.3585637269391, 41.4643853337156], [-71.358273, 41.464431], [-71.357206, 41.466124], [-71.352766, 41.469245], [-71.3479, 41.47059], [-71.3462243992835, 41.4720874628456], [-71.341833, 41.476012], [-71.3375043832928, 41.4808079242426], [-71.336442, 41.481985], [-71.33438, 41.478204], [-71.3356695276204, 41.4740055681804], [-71.336366, 41.471738], [-71.335992, 41.469647], [-71.3344749238518, 41.4704002421257], [-71.323662249488, 41.4757688334337], [-71.323531, 41.475834], [-71.3191348988858, 41.4769160979069], [-71.316519, 41.47756], [-71.3167231683641, 41.4789075640279], [-71.3168751707653, 41.4799108192036], [-71.3172491789493, 41.4823793699867], [-71.3172630183702, 41.4824707137452], [-71.3175147326617, 41.4841320931953], [-71.3177014136299, 41.4853642358856], [-71.318065, 41.487764], [-71.3194672906501, 41.4879256107062], [-71.321154, 41.48812], [-71.32161146874, 41.4889521862235], [-71.322818, 41.491147], [-71.3228254510023, 41.4914368124403], [-71.3228708514855, 41.4932026989861], [-71.3229025648486, 41.4944362145172], [-71.3229052931974, 41.4945423357331], [-71.3230306816626, 41.4994194160691], [-71.322045, 41.499493], [-71.322071, 41.500261], [-71.323205, 41.505722], [-71.324876, 41.50645], [-71.325264, 41.506538], [-71.324135, 41.51041], [-71.324521, 41.511935], [-71.319473, 41.513158], [-71.321853, 41.517793], [-71.3174534377673, 41.51966350489], [-71.314579, 41.519809], [-71.3126978823709, 41.5213984539582], [-71.312237, 41.520853], [-71.311141, 41.519396], [-71.311771, 41.519168], [-71.311782, 41.517697], [-71.309955, 41.517677], [-71.306441, 41.512716], [-71.30412, 41.509426], [-71.303558, 41.508579], [-71.302421, 41.506998], [-71.301521, 41.505949], [-71.300369, 41.504642], [-71.300274, 41.504571], [-71.29663, 41.500662], [-71.295761, 41.500763], [-71.295875, 41.500562], [-71.295865, 41.499841], [-71.294291, 41.498262], [-71.294273, 41.498183], [-71.287138, 41.490549], [-71.286555, 41.489884], [-71.2856725598751, 41.4889675435699], [-71.29133, 41.487862], [-71.2932014924303, 41.4870779692592], [-71.2952945986939, 41.4862010970754], [-71.296918, 41.485521], [-71.297392, 41.48479], [-71.2970197611259, 41.4826827710311], [-71.296516, 41.479831], [-71.2966571303438, 41.4788030175187], [-71.2970442846926, 41.4759830152604], [-71.297065782256, 41.4758264286757], [-71.297393, 41.473443], [-71.296851, 41.469131], [-71.298182, 41.467492], [-71.301414, 41.467278], [-71.303981, 41.463716], [-71.302762, 41.459748], [-71.303052, 41.459083], [-71.303911, 41.45868], [-71.304394, 41.454502], [-71.307639, 41.452435], [-71.310168, 41.451124], [-71.3110451340311, 41.451244308655], [-71.312049, 41.451382], [-71.311918, 41.452885], [-71.310983, 41.455106], [-71.312558, 41.456498], [-71.314711, 41.456389], [-71.316908, 41.454788], [-71.31848, 41.455724], [-71.319485, 41.458385], [-71.320326, 41.459783], [-71.323751, 41.460129], [-71.326909, 41.458942], [-71.327536, 41.457072], [-71.331466, 41.452803], [-71.3327335083189, 41.451539719271], [-71.3329990327522, 41.4512750804559], [-71.334764, 41.449516], [-71.337483, 41.449317], [-71.338036, 41.449528], [-71.337544, 41.450979], [-71.337933, 41.451693], [-71.339006, 41.451902], [-71.339697, 41.452577], [-71.344177, 41.454028], [-71.3468593328697, 41.4528116792108], [-71.349049, 41.4518187608142], [-71.3491715981652, 41.4517631679016], [-71.3515704564481, 41.450675390455], [-71.353609, 41.449751], [-71.356163, 41.450538], [-71.3570374188252, 41.4550701079224], [-71.3571544212851, 41.4556765310228], [-71.357245, 41.456146], [-71.358447, 41.457439], [-71.358795, 41.459661], [-71.3588814301946, 41.4597183651734], [-71.360038, 41.460486], [-71.36189, 41.460196], [-71.362911, 41.461746]]]]}}, {"type": "Feature", "id": "02817", "properties": {"ZCTA5CE20": "02817", "GEOID20": "02817", "zip": "02817", "STUSPS": "RI"}, "geometry": {"type": "Polygon", "coordinates": [[[-71.789356, 41.59691], [-71.787855198595, 41.6344503677445], [-71.7876366458895, 41.6399171462982], [-71.786994, 41.655992], [-71.7869988956813, 41.6561173870817], [-71.740357, 41.657369], [-71.739624, 41.657352], [-71.694939, 41.658424], [-71.666039, 41.658721], [-71.665939, 41.658692], [-71.622371, 41.659688], [-71.606857, 41.660081], [-71.602958, 41.660191], [-71.589768, 41.660515], [-71.572671, 41.661275], [-71.560783, 41.661549], [-71.547113, 41.661851], [-71.547041, 41.659386], [-71.546764, 41.651909], [-71.546625, 41.646283], [-71.546417, 41.642085], [-71.546092, 41.625761], [-71.544807, 41.601993], [-71.604801, 41.600879], [-71.643983, 41.600979], [-71.653019, 41.598828], [-71.65357, 41.598701], [-71.658757, 41.598693], [-71.760811, 41.598044], [-71.7893586727423, 41.5968521603427], [-71.789356, 41.59691]]]}}, {"type": "Feature", "id": "02893", "properties": {"ZCTA5CE20": "02893", "GEOID20": "02893", "zip": "02893", "STUSPS": "RI"}, "geometry": {"type": "Polygon", "coordinates": [[[-71.534355, 41.724573], [-71.534152, 41.724769], [-71.534286, 41.730171], [-71.530518, 41.730244], [-71.525348, 41.730328], [-71.519928, 41.730443], [-71.519413, 41.730469], [-71.516861, 41.730608], [-71.497849, 41.73115], [-71.493751, 41.731295], [-71.486568, 41.731519], [-71.48391, 41.731603], [-71.484781, 41.728724], [-71.485802, 41.726125], [-71.489327, 41.72284], [-71.49028, 41.721227], [-71.489738, 41.718902], [-71.490578, 41.717627], [-71.490539, 41.717516], [-71.492892, 41.717826], [-71.497116, 41.713167], [-71.500786, 41.711606], [-71.502365, 41.711472], [-71.504883, 41.711386], [-71.506691, 41.709482], [-71.512634, 41.70679], [-71.513336, 41.705694], [-71.514507, 41.703641], [-71.518913, 41.695899], [-71.515419, 41.696039], [-71.511574, 41.696087], [-71.506142, 41.696467], [-71.501679, 41.696474], [-71.50103, 41.68759], [-71.500723, 41.685016], [-71.500001, 41.67739], [-71.499836, 41.673776], [-71.499473, 41.666509], [-71.499054, 41.664509], [-71.499225, 41.662948], [-71.523544, 41.662302], [-71.523993, 41.662296], [-71.533379, 41.662156], [-71.533218, 41.671146], [-71.533182, 41.672086], [-71.532988, 41.679772], [-71.532968, 41.680216], [-71.532875, 41.681921], [-71.533009, 41.688498], [-71.533109, 41.69533], [-71.533113, 41.69559], [-71.533211, 41.699705], [-71.533302, 41.700946], [-71.53346, 41.705381], [-71.533541, 41.708459], [-71.533774, 41.713727], [-71.533859, 41.716136], [-71.533883, 41.71768], [-71.534015, 41.721142], [-71.534055, 41.722204], [-71.53412, 41.723922], [-71.534546, 41.72442], [-71.534355, 41.724573]]]}}]}