{"type": "FeatureCollection", "features": [{"type": "Feature", "id": "11970", "properties": {"ZCTA5CE20": "11970", "GEOID20": "11970", "zip": "11970", "STUSPS": "CT"}, "geometry": {"type": "Polygon", "coordinates": [[[-72.583956, 40.939022], [-72.581822, 40.940245], [-72.582711, 40.941245], [-72.579284, 40.943037], [-72.578869, 40.941762], [-72.576713, 40.942023], [-72.569503, 40.94588], [-72.568921, 40.944841], [-72.569041, 40.943421], [-72.56767, 40.944171], [-72.567773, 40.944825], [-72.568972, 40.946081], [-72.564692, 40.947689], [-72.563324, 40.945805], [-72.568161, 40.941796], [-72.569795, 40.937589], [-72.571336, 40.937737], [-72.574038, 40.935509], [-72.575692, 40.933541], [-72.58011, 40.935197], [-72.582193, 40.935094], [-72.580659, 40.937634], [-72.582172, 40.93942], [-72.583956, 40.939022]]]}}, {"type": "Feature", "id": "06232", "properties": {"ZCTA5CE20": "06232", "GEOID20": "06232", "zip": "06232", "STUSPS": "CT"}, "geometry": {"type": "Polygon", "coordinates": [[[-72.421499, 41.732009], [-72.420327, 41.732098], [-72.418418, 41.732106], [-72.403622, 41.733992], [-72.405105, 41.738801], [-72.405333, 41.742595], [-72.410251, 41.765505], [-72.38092, 41.76386], [-72.376672, 41.764384], [-72.354883, 41.767127], [-72.353271, 41.765844], [-72.328872, 41.738819], [-72.32949, 41.737437], [-72.334379, 41.731458], [-72.342621, 41.722328], [-72.35072, 41.711881], [-72.356478, 41.701497], [-72.388538, 41.698043], [-72.398746, 41.696908], [-72.412393, 41.715798], [-72.413909, 41.718583], [-72.415658, 41.720456], [-72.419113, 41.725103], [-72.421727, 41.730343], [-72.421499, 41.732009]]]}}, {"type": "Feature", "id": "06090", "properties": {"ZCTA5CE20": "06090", "GEOID20": "06090", "zip": "06090", "STUSPS": "CT"}, "geometry": {"type": "Polygon", "coordinates": [[[-72.902968, 41.931361], [-72.902244, 41.931995], [-72.88706, 41.973121], [-72.88661, 41.974527], [-72.886558, 41.974725], [-72.880943, 41.990193], [-72.8784, 41.989729], [-72.877519, 41.987725], [-72.875629, 41.986928], [-72.873493, 41.98321], [-72.870874, 41.982119], [-72.870217, 41.979694], [-72.870149, 41.977855], [-72.871413, 41.976334], [-72.871867, 41.973957], [-72.87065, 41.973473], [-72.865798, 41.972904], [-72.864075, 41.972001], [-72.863649, 41.974687], [-72.847805, 41.976252], [-72.847378, 41.975314], [-72.844763, 41.975475], [-72.843805, 41.976277], [-72.839925, 41.975703], [-72.838329, 41.974095], [-72.836233, 41.97415], [-72.836957, 41.961214], [-72.837508, 41.959535], [-72.836099, 41.955903], [-72.833829, 41.95579], [-72.825572, 41.942435], [-72.826366, 41.934367], [-72.827586, 41.933964], [-72.829056, 41.931415], [-72.826571, 41.929705], [-72.828268, 41.923456], [-72.825838, 41.920813], [-72.825451, 41.92004], [-72.826429, 41.918907], [-72.854954, 41.920303], [-72.876644, 41.920796], [-72.89111, 41.921229], [-72.905945, 41.921696], [-72.902968, 41.931361]]]}}, {"type": "Feature", "id": "06450", "properties": {"ZCTA5CE20": "06450", "GEOID20": "06450", "zip": "06450", "STUSPS": "CT"}, "geometry": {"type": "Polygon", "coordinates": [[[-72.814002, 41.513395], [-72.812905, 41.51673], [-72.810556, 41.521676], [-72.810058, 41.522253], [-72.80761, 41.52516], [-72.805781, 41.530453], [-72.805506, 41.531537], [-72.804824, 41.533203], [-72.804101, 41.534822], [-72.802423, 41.537542], [-72.802076, 41.53796], [-72.798712, 41.541708], [-72.796464, 41.543943], [-72.796305, 41.5441], [-72.794916, 41.545543], [-72.794274, 41.546464], [-72.793284, 41.548337], [-72.793133, 41.548733], [-72.792476, 41.55053], [-72.791759, 41.554977], [-72.790959, 41.557562], [-72.789556, 41.560189], [-72.779721, 41.575936], [-72.768079, 41.577313], [-72.767821, 41.577339], [-72.752181, 41.578894], [-72.750864, 41.564441], [-72.75024, 41.559177], [-72.749269, 41.547485], [-72.748991, 41.546308], [-72.748931, 41.545673], [-72.748878, 41.544279], [-72.747242, 41.528659], [-72.7472, 41.528072], [-72.747116, 41.527719], [-72.747056, 41.527289], [-72.746038, 41.513555], [-72.74566, 41.508922], [-72.74478, 41.498183], [-72.759655, 41.497474], [-72.768038, 41.497015], [-72.772648, 41.49675], [-72.777049, 41.498236], [-72.788636, 41.502205], [-72.792627, 41.503567], [-72.795918, 41.504718], [-72.800268, 41.505552], [-72.815187, 41.508516], [-72.814002, 41.513395]]]}}, {"type": "Feature", "id": "06753", "properties": {"ZCTA5CE20": "06753", "GEOID20": "06753", "zip": "06753", "STUSPS": "CT"}, "geometry": {"type": "Polygon", "coordinates": [[[-73.365104, 41.813484], [-73.362707, 41.812982], [-73.358359, 41.818439], [-73.361884, 41.819707], [-73.358588, 41.821985], [-73.356521, 41.825661], [-73.352036, 41.82945], [-73.348019, 41.831136], [-73.347027, 41.833131], [-73.34737, 41.835936], [-73.347993, 41.837307], [-73.349679, 41.838811], [-73.34922, 41.839725], [-73.34779, 41.841113], [-73.344242, 41.842066], [-73.343707, 41.841619], [-73.338833, 41.841664], [-73.338283, 41.842021], [-73.337839, 41.844911], [-73.335886, 41.845385], [-73.333629, 41.84675], [-73.330331, 41.846863], [-73.326556, 41.846409], [-73.32583, 41.846317], [-73.327773, 41.842907], [-73.32507, 41.841655], [-73.324918, 41.839613], [-73.327943, 41.839386], [-73.329111, 41.840451], [-73.329179, 41.835819], [-73.333701, 41.835812], [-73.334354, 41.834863], [-73.332915, 41.832635], [-73.333155, 41.829239], [-73.332575, 41.827911], [-73.334937, 41.82455], [-73.336068, 41.824593], [-73.337439, 41.821992], [-73.337674, 41.82028], [-73.336608, 41.820162], [-73.336965, 41.817116], [-73.338173, 41.813916], [-73.340059, 41.810849], [-73.341336, 41.807938], [-73.343746, 41.807089], [-73.349426, 41.807546], [-73.352295, 41.806085], [-73.352336, 41.807485], [-73.35486, 41.808247], [-73.356929, 41.807776], [-73.361596, 41.80873], [-73.365596, 41.810868], [-73.365104, 41.813484]]]}}, {"type": "Feature", "id": "01570", "properties": {"ZCTA5CE20": "01570", "GEOID20": "01570", "zip": "01570", "STUSPS": "CT"}, "geometry": {"type": "Polygon", "coordinates": [[[-71.889073, 42.037564], [-71.887509, 42.041854], [-71.88731, 42.043169], [-71.886332, 42.045951], [-71.887426, 42.049266], [-71.887173, 42.050812], [-71.88372, 42.05073], [-71.880473, 42.051783], [-71.880736, 42.052397], [-71.880387, 42.055507], [-71.880248, 42.058148], [-71.882325, 42.058768], [-71.882132, 42.061836], [-71.881771, 42.06289], [-71.879118, 42.065084], [-71.87884, 42.066018], [-71.879098, 42.06695], [-71.879083, 42.068176], [-71.881509, 42.075893], [-71.876493, 42.077542], [-71.874332, 42.078249], [-71.866608, 42.080786], [-71.86378, 42.081718], [-71.840595, 42.089324], [-71.830064, 42.092778], [-71.817205, 42.057887], [-71.816361, 42.055621], [-71.8045665635015, 42.023603720229], [-71.8306254954102, 42.023834731952], [-71.8335164438506, 42.0238603601313], [-71.8416470936308, 42.0239324381206], [-71.8456912124835, 42.0239682891243], [-71.8457122262748, 42.023968475411], [-71.8533407123943, 42.0240361017331], [-71.8603967710167, 42.024098653501], [-71.8659515062247, 42.0241478960776], [-71.8713971886384, 42.0241961719042], [-71.8773761099018, 42.0242491748786], [-71.877396643979, 42.0242493569126], [-71.882803750428, 42.0242972907644], [-71.883947767419, 42.0243074324439], [-71.88526, 42.025277], [-71.88704, 42.028292], [-71.887475, 42.032225], [-71.889313, 42.03557], [-71.889073, 42.037564]]]}}, {"type": "Feature", "id": "06067", "properties": {"ZCTA5CE20": "06067", "GEOID20": "06067", "zip": "06067", "STUSPS": "CT"}, "geometry": {"type": "Polygon", "coordinates": [[[-72.715296, 41.652706], [-72.709071, 41.653152], [-72.703, 41.654271], [-72.706039, 41.668799], [-72.695875, 41.670062], [-72.693497, 41.670971], [-72.688374, 41.670994], [-72.683111, 41.671851], [-72.682407, 41.670837], [-72.672465, 41.669642], [-72.671746, 41.6696], [-72.66994, 41.669893], [-72.667743, 41.671508], [-72.667199, 41.672173], [-72.66697, 41.672641], [-72.66629, 41.675695], [-72.665355, 41.680027], [-72.665337, 41.680098], [-72.660355, 41.681509], [-72.659053, 41.682182], [-72.659048, 41.681671], [-72.658141, 41.682201], [-72.654395, 41.683422], [-72.649115, 41.68498], [-72.648825, 41.684999], [-72.632073, 41.686799], [-72.62698, 41.687087], [-72.615735, 41.688099], [-72.610729, 41.684198], [-72.608632, 41.681131], [-72.609522, 41.6746], [-72.612016, 41.6725], [-72.624797, 41.669301], [-72.628021, 41.666037], [-72.628136, 41.661699], [-72.623535, 41.650299], [-72.624436, 41.645099], [-72.627836, 41.640199], [-72.630373, 41.639763], [-72.634036, 41.639199], [-72.647136, 41.637199], [-72.648764, 41.637097], [-72.650837, 41.636899], [-72.67355, 41.633446], [-72.67587, 41.633095], [-72.675884, 41.633093], [-72.688425, 41.631399], [-72.713897, 41.627705], [-72.712339, 41.630599], [-72.713833, 41.636205], [-72.71311, 41.63885], [-72.708975, 41.639236], [-72.705882, 41.642389], [-72.704692, 41.64456], [-72.71094, 41.644866], [-72.714099, 41.64577], [-72.71476, 41.646725], [-72.715271, 41.650531], [-72.715296, 41.652706]]]}}, {"type": "Feature", "id": "06066", "properties": {"ZCTA5CE20": "06066", "GEOID20": "06066", "zip": "06066", "STUSPS": "CT"}, "geometry": {"type": "Polygon", "coordinates": [[[-72.506428, 41.815506], [-72.50543, 41.820298], [-72.505255, 41.821308], [-72.504435, 41.824674], [-72.503211, 41.830868], [-72.502632, 41.833589], [-72.499273, 41.850273], [-72.49681, 41.860616], [-72.495537, 41.865991], [-72.494467, 41.86617], [-72.492511, 41.867417], [-72.492802, 41.866391], [-72.488149, 41.866895], [-72.485035, 41.867256], [-72.469569, 41.869305], [-72.464403, 41.869958], [-72.463868, 41.870015], [-72.460488, 41.870626], [-72.450816, 41.871699], [-72.438194, 41.873279], [-72.43802, 41.873299], [-72.428017, 41.874598], [-72.427324, 41.870775], [-72.426939, 41.8674], [-72.426263, 41.862264], [-72.425207, 41.855272], [-72.424627, 41.850331], [-72.423726, 41.843049], [-72.421527, 41.825498], [-72.421257, 41.824238], [-72.418995, 41.806973], [-72.418891, 41.806559], [-72.420821, 41.806198], [-72.421832, 41.806198], [-72.429428, 41.8049], [-72.439223, 41.803622], [-72.439247, 41.803541], [-72.449128, 41.802098], [-72.45514, 41.801448], [-72.473388, 41.798277], [-72.473468, 41.798264], [-72.47364, 41.799141], [-72.476029, 41.812997], [-72.485404, 41.812233], [-72.487364, 41.811751], [-72.491959, 41.811353], [-72.502559, 41.810176], [-72.507531, 41.809698], [-72.506428, 41.815506]]]}}, {"type": "Feature", "id": "06414", "properties": {"ZCTA5CE20": "06414", "GEOID20": "06414", "zip": "06414", "STUSPS": "CT"}, "geometry": {"type": "Polygon", "coordinates": [[[-72.562767, 41.558428], [-72.559523, 41.562355], [-72.559213, 41.566441], [-72.558397, 41.568919], [-72.557674, 41.578037], [-72.554087, 41.581516], [-72.550409, 41.58646], [-72.546898, 41.591743], [-72.54659, 41.593568], [-72.548339, 41.595698], [-72.551763, 41.59567], [-72.556593, 41.59381], [-72.555859, 41.597042], [-72.55458, 41.598823], [-72.55012, 41.598882], [-72.548286, 41.598092], [-72.543164, 41.597502], [-72.542945, 41.597065], [-72.54257, 41.595603], [-72.543069, 41.593602], [-72.54417, 41.591877], [-72.544314, 41.589189], [-72.545961, 41.586112], [-72.544988, 41.583673], [-72.545608, 41.582643], [-72.547379, 41.582207], [-72.548549, 41.578994], [-72.550084, 41.577887], [-72.549879, 41.577113], [-72.552782, 41.575842], [-72.553198, 41.574608], [-72.551642, 41.572337], [-72.551452, 41.571126], [-72.548238, 41.567495], [-72.547669, 41.563727], [-72.548612, 41.562052], [-72.550725, 41.5618], [-72.556198, 41.562428], [-72.555486, 41.561632], [-72.553839, 41.558329], [-72.559808, 41.558652], [-72.561992, 41.556175], [-72.562767, 41.558428]]]}}, {"type": "Feature", "id": "06262", "properties": {"ZCTA5CE20": "06262", "GEOID20": "06262", "zip": "06262", "STUSPS": "CT"}, "geometry": {"type": "Polygon", "coordinates": [[[-71.958334681661, 42.026125684009], [-71.9583121388472, 42.0261250974746], [-71.9523269561765, 42.0259693708897], [-71.9465483610241, 42.0258190194404], [-71.9379044878662, 42.0255941172241], [-71.9288901116937, 42.0253595750064], [-71.93204, 42.024019], [-71.934475, 42.021261], [-71.935582, 42.02119], [-71.936852, 42.021184], [-71.939584, 42.020105], [-71.939798, 42.019504], [-71.939958, 42.018846], [-71.942045, 42.019954], [-71.945775, 42.017314], [-71.944759, 42.013935], [-71.94292, 42.012239], [-71.941859, 42.009893], [-71.946088, 42.008213], [-71.952404, 42.008878], [-71.956642, 42.008455], [-71.9630193086355, 42.0262475718444], [-71.958334681661, 42.026125684009]]]}}, {"type": "Feature", "id": "06883", "properties": {"ZCTA5CE20": "06883", "GEOID20": "06883", "zip": "06883", "STUSPS": "CT"}, "geometry": {"type": "Polygon", "coordinates": [[[-73.430102, 41.254328], [-73.423909, 41.256402], [-73.420752, 41.257498], [-73.416078, 41.258986], [-73.380257, 41.271229], [-73.37295, 41.273409], [-73.368811, 41.274975], [-73.347528, 41.251965], [-73.341432, 41.245625], [-73.336789, 41.240163], [-73.333892, 41.23582], [-73.331364, 41.233466], [-73.325944, 41.227443], [-73.326924, 41.226497], [-73.32483, 41.224471], [-73.323634, 41.221922], [-73.324902, 41.220519], [-73.325674, 41.216213], [-73.329014, 41.213425], [-73.330311, 41.211233], [-73.328945, 41.210184], [-73.331844, 41.205859], [-73.332417, 41.205073], [-73.333296, 41.202855], [-73.333426, 41.1991], [-73.337184, 41.197375], [-73.338457, 41.194539], [-73.342096, 41.19273], [-73.345524, 41.19028], [-73.354653, 41.185059], [-73.358007, 41.183063], [-73.361729, 41.180896], [-73.363826, 41.179351], [-73.364752, 41.179031], [-73.370454, 41.175722], [-73.371603, 41.174685], [-73.376548, 41.18143], [-73.378157, 41.184204], [-73.379568, 41.185777], [-73.381786, 41.18876], [-73.382494, 41.189467], [-73.389158, 41.199246], [-73.39023, 41.200178], [-73.392387, 41.202992], [-73.410859, 41.228476], [-73.411375, 41.229423], [-73.415892, 41.235633], [-73.425197, 41.248182], [-73.430102, 41.254328]]]}}, {"type": "Feature", "id": "11709", "properties": {"ZCTA5CE20": "11709", "GEOID20": "11709", "zip": "11709", "STUSPS": "CT"}, "geometry": {"type": "Polygon", "coordinates": [[[-73.58397820988, 40.9094579609204], [-73.582329, 40.909581], [-73.5792565998504, 40.9103658945077], [-73.576109, 40.91117], [-73.574786626858, 40.9120805852841], [-73.569969, 40.915398], [-73.566169, 40.915798], [-73.5586615111867, 40.9121658708958], [-73.557434, 40.911572], [-73.5489499840107, 40.9089686408335], [-73.5488475674624, 40.9089372138465], [-73.548068, 40.908698], [-73.5472024394697, 40.9090125880914], [-73.538793, 40.912069], [-73.531063, 40.91356], [-73.5287998806815, 40.9155165155158], [-73.528152, 40.914572], [-73.528043, 40.914101], [-73.5287273994458, 40.9105499827235], [-73.5311483477513, 40.9099783257216], [-73.531425, 40.909913], [-73.5331657938459, 40.9082387757085], [-73.5336360508468, 40.9077865017669], [-73.5337527518563, 40.9076742635111], [-73.53404, 40.907398], [-73.5365187188487, 40.9052567802912], [-73.537367, 40.904524], [-73.540337674155, 40.9042689162946], [-73.547825, 40.903626], [-73.547825, 40.9030892475248], [-73.548644, 40.902962], [-73.557969, 40.900471], [-73.566822, 40.898199], [-73.57199, 40.895195], [-73.573589, 40.895951], [-73.574373, 40.895928], [-73.573558, 40.897643], [-73.577816, 40.901357], [-73.58134, 40.903731], [-73.581577, 40.906091], [-73.582914, 40.908362], [-73.58397820988, 40.9094579609204]]]}}, {"type": "Feature", "id": "11944", "properties": {"ZCTA5CE20": "11944", "GEOID20": "11944", "zip": "11944", "STUSPS": "CT"}, "geometry": {"type": "Polygon", "coordinates": [[[-72.4027959108776, 41.0939958303819], [-72.3993478839043, 41.0953707609755], [-72.397, 41.096307], [-72.3951319449161, 41.0980117869666], [-72.3876532433519, 41.1048368496016], [-72.386119, 41.106237], [-72.382970063865, 41.1135677303906], [-72.382555, 41.114534], [-72.37551, 41.118835], [-72.3713272508576, 41.1195367827069], [-72.370122, 41.119739], [-72.362285, 41.125965], [-72.3608554421105, 41.1277340721221], [-72.357972, 41.125061], [-72.355172, 41.123684], [-72.355371, 41.122082], [-72.352936, 41.119827], [-72.35172, 41.119535], [-72.351236, 41.119667], [-72.346471, 41.114603], [-72.345862, 41.114437], [-72.347025, 41.112729], [-72.348245, 41.111297], [-72.348358, 41.111137], [-72.350662, 41.107364], [-72.350747, 41.106724], [-72.347405, 41.103509], [-72.344961, 41.101194], [-72.348561, 41.097734], [-72.359759, 41.088379], [-72.372423, 41.076055], [-72.374536, 41.074403], [-72.37708, 41.074019], [-72.385832, 41.074659], [-72.38804, 41.073955], [-72.391016, 41.071475], [-72.393878, 41.072461], [-72.397719, 41.0741], [-72.400103, 41.075573], [-72.399638, 41.076196], [-72.397127, 41.075859], [-72.396837, 41.075925], [-72.395052, 41.076901], [-72.391045, 41.077763], [-72.38756, 41.079506], [-72.387178, 41.079572], [-72.38688, 41.07959], [-72.386666, 41.081348], [-72.386988, 41.081876], [-72.391207, 41.082707], [-72.392992, 41.082441], [-72.392533, 41.084785], [-72.391437, 41.088428], [-72.394464, 41.088057], [-72.399157, 41.087881], [-72.40001, 41.089045], [-72.4030351630545, 41.093900426506], [-72.4027959108776, 41.0939958303819]]]}}, {"type": "Feature", "id": "06783", "properties": {"ZCTA5CE20": "06783", "GEOID20": "06783", "zip": "06783", "STUSPS": "CT"}, "geometry": {"type": "Polygon", "coordinates": [[[-73.346912, 41.595202], [-73.346103, 41.595398], [-73.341006, 41.595771], [-73.332835, 41.596462], [-73.327766, 41.596558], [-73.320599, 41.597787], [-73.311956, 41.599035], [-73.293278, 41.600578], [-73.267336, 41.603199], [-73.266536, 41.597215], [-73.261198, 41.562607], [-73.260904, 41.557223], [-73.258027, 41.536936], [-73.25401, 41.518902], [-73.252265, 41.512134], [-73.254471, 41.511999], [-73.30739, 41.506064], [-73.318889, 41.505189], [-73.330311, 41.504409], [-73.332457, 41.511806], [-73.325524, 41.513851], [-73.326877, 41.517875], [-73.329214, 41.521687], [-73.330355, 41.524816], [-73.331494, 41.525913], [-73.335335, 41.526463], [-73.336439, 41.533782], [-73.338674, 41.541081], [-73.339248, 41.544512], [-73.341043, 41.549572], [-73.341216, 41.550681], [-73.343067, 41.565855], [-73.348619, 41.595183], [-73.346912, 41.595202]]]}}, {"type": "Feature", "id": "06422", "properties": {"ZCTA5CE20": "06422", "GEOID20": "06422", "zip": "06422", "STUSPS": "CT"}, "geometry": {"type": "Polygon", "coordinates": [[[-72.746141, 41.423297], [-72.740241, 41.436497], [-72.73912, 41.438294], [-72.735437, 41.473273], [-72.735399, 41.473564], [-72.733886, 41.485368], [-72.731036, 41.485993], [-72.699134, 41.491701], [-72.694962, 41.492425], [-72.690104, 41.493318], [-72.680863, 41.494355], [-72.679162, 41.494593], [-72.677896, 41.49623], [-72.677595, 41.494838], [-72.671501, 41.495685], [-72.654672, 41.497743], [-72.648322, 41.498425], [-72.633701, 41.500201], [-72.629496, 41.488723], [-72.62792, 41.485459], [-72.637039, 41.463829], [-72.63136, 41.459679], [-72.623455, 41.45497], [-72.622647, 41.45461], [-72.619174, 41.451455], [-72.60896, 41.44309], [-72.614791, 41.441745], [-72.623701, 41.44104], [-72.62689, 41.440544], [-72.638379, 41.439583], [-72.645026, 41.439202], [-72.65308, 41.438206], [-72.653672, 41.438125], [-72.666833, 41.435694], [-72.671092, 41.435364], [-72.678739, 41.433797], [-72.682666, 41.433776], [-72.690555, 41.432569], [-72.691558, 41.432437], [-72.705525, 41.43008], [-72.707938, 41.429601], [-72.708343, 41.429443], [-72.71042, 41.429073], [-72.72064, 41.427397], [-72.730471, 41.425928], [-72.73801, 41.424669], [-72.744736, 41.423578], [-72.746141, 41.423297]]]}}, {"type": "Feature", "id": "06258", "properties": {"ZCTA5CE20": "06258", "GEOID20": "06258", "zip": "06258", "STUSPS": "CT"}, "geometry": {"type": "Polygon", "coordinates": [[[-71.965169, 41.887453], [-71.962081, 41.887601], [-71.961892, 41.883539], [-71.964143, 41.883384], [-71.964415, 41.88468], [-71.96543, 41.88534], [-71.965169, 41.887453]]]}}, {"type": "Feature", "id": "06264", "properties": {"ZCTA5CE20": "06264", "GEOID20": "06264", "zip": "06264", "STUSPS": "CT"}, "geometry": {"type": "MultiPolygon", "coordinates": [[[[-72.083957, 41.694868], [-72.084277, 41.698453], [-72.084243, 41.698912], [-72.084295, 41.70114], [-72.083102, 41.702879], [-72.083117, 41.704081], [-72.082092, 41.704235], [-72.081828, 41.698458], [-72.08145, 41.698465], [-72.082317, 41.697499], [-72.083468, 41.692657], [-72.087338, 41.691773], [-72.083957, 41.694868]]], [[[-72.121976, 41.707487], [-72.117928, 41.706493], [-72.110865, 41.707075], [-72.101681, 41.707489], [-72.101485, 41.704225], [-72.095655, 41.704018], [-72.094065, 41.699607], [-72.088503, 41.699201], [-72.088336, 41.698313], [-72.084277, 41.698453], [-72.100454, 41.690578], [-72.10639, 41.689084], [-72.109169, 41.684062], [-72.109185, 41.686286], [-72.112321, 41.690926], [-72.111819, 41.694778], [-72.112392, 41.697618], [-72.121099, 41.697452], [-72.121976, 41.707487]]]]}}, {"type": "Feature", "id": "06350", "properties": {"ZCTA5CE20": "06350", "GEOID20": "06350", "zip": "06350", "STUSPS": "CT"}, "geometry": {"type": "Polygon", "coordinates": [[[-72.076319, 41.654572], [-72.070815, 41.653678], [-72.070024, 41.652739], [-72.067599, 41.652352], [-72.063737, 41.649339], [-72.064292, 41.6462], [-72.062879, 41.64683], [-72.060523, 41.647207], [-72.064097, 41.643022], [-72.065304, 41.643506], [-72.06623, 41.640705], [-72.068692, 41.642683], [-72.07235, 41.645395], [-72.077048, 41.652758], [-72.076319, 41.654572]]]}}, {"type": "Feature", "id": "06098", "properties": {"ZCTA5CE20": "06098", "GEOID20": "06098", "zip": "06098", "STUSPS": "CT"}, "geometry": {"type": "Polygon", "coordinates": [[[-73.168319, 41.902091], [-73.165005, 41.913246], [-73.151494, 41.959726], [-73.124737, 41.960972], [-73.121814, 41.961253], [-73.102604, 41.962261], [-73.091836, 41.962502], [-73.070631, 41.963607], [-73.064238, 41.963913], [-73.049251, 41.965072], [-73.044713, 41.965437], [-73.039683, 41.965834], [-73.034024, 41.966301], [-73.036373, 41.956272], [-73.037086, 41.951873], [-73.042218, 41.9316], [-73.042656, 41.931248], [-73.044211, 41.924392], [-73.047669, 41.910417], [-73.047883, 41.909458], [-73.053534, 41.887324], [-73.070885, 41.884557], [-73.075143, 41.883837], [-73.103606, 41.879519], [-73.120205, 41.877156], [-73.127149, 41.876088], [-73.137005, 41.874831], [-73.135218, 41.884766], [-73.135392, 41.885799], [-73.13658, 41.886731], [-73.138134, 41.8893], [-73.141349, 41.892275], [-73.141811, 41.894804], [-73.145129, 41.898023], [-73.147295, 41.901058], [-73.148447, 41.901774], [-73.154424, 41.901198], [-73.156877, 41.900583], [-73.166459, 41.902083], [-73.168319, 41.902091]]]}}, {"type": "Feature", "id": "06417", "properties": {"ZCTA5CE20": "06417", "GEOID20": "06417", "zip": "06417", "STUSPS": "CT"}, "geometry": {"type": "Polygon", "coordinates": [[[-72.522382, 41.376531], [-72.516029, 41.376547], [-72.511213, 41.377411], [-72.50344, 41.37831], [-72.493946, 41.37917], [-72.465452, 41.381491], [-72.454571, 41.382377], [-72.45997, 41.386587], [-72.454956, 41.388356], [-72.453818, 41.388745], [-72.44676, 41.391225], [-72.442313, 41.392589], [-72.439305, 41.396103], [-72.437072, 41.397762], [-72.436612, 41.400369], [-72.433558, 41.401798], [-72.431763, 41.401386], [-72.430591, 41.401408], [-72.425663, 41.400805], [-72.426339, 41.398783], [-72.425753, 41.395968], [-72.423514, 41.391888], [-72.421676, 41.39051], [-72.416213, 41.389347], [-72.411751, 41.389524], [-72.405295, 41.388444], [-72.402022, 41.388545], [-72.397246, 41.387664], [-72.394893, 41.38755], [-72.38718, 41.386054], [-72.384833, 41.38519], [-72.382594, 41.38248], [-72.394152, 41.37822], [-72.398542, 41.377511], [-72.409028, 41.375098], [-72.412938, 41.374105], [-72.424303, 41.365034], [-72.424462, 41.364933], [-72.42523, 41.364498], [-72.42713, 41.363717], [-72.434965, 41.36053], [-72.446057, 41.356177], [-72.448804, 41.354812], [-72.454916, 41.351907], [-72.460142, 41.349493], [-72.460766, 41.349248], [-72.468943, 41.345381], [-72.472724, 41.334209], [-72.474333, 41.334253], [-72.47693, 41.334497], [-72.483031, 41.338334], [-72.498233, 41.347599], [-72.501119, 41.347461], [-72.51395, 41.346403], [-72.524062, 41.376179], [-72.522382, 41.376531]]]}}, {"type": "Feature", "id": "06035", "properties": {"ZCTA5CE20": "06035", "GEOID20": "06035", "zip": "06035", "STUSPS": "CT"}, "geometry": {"type": "Polygon", "coordinates": [[[-72.836957, 41.961214], [-72.836233, 41.97415], [-72.834152, 41.977916], [-72.833388, 41.980819], [-72.824335, 41.985646], [-72.823473, 41.984397], [-72.822242, 41.985126], [-72.824317, 41.988123], [-72.826104, 41.991906], [-72.829402, 41.994167], [-72.825674, 41.992252], [-72.827028, 41.994145], [-72.826497, 41.99687], [-72.819609, 41.997913], [-72.81711, 41.997464], [-72.81202, 41.996058], [-72.81278, 41.994634], [-72.810349, 41.993712], [-72.81121, 41.992543], [-72.810046, 41.990444], [-72.809758, 41.990451], [-72.809881, 41.992499], [-72.8085983692563, 41.9984743689456], [-72.7949002458136, 41.9999537071038], [-72.7948454404142, 41.9999596258502], [-72.7849047651194, 42.0010331758401], [-72.77475938856, 42.0021288326822], [-72.778412, 41.98944], [-72.770464, 41.987707], [-72.762939, 41.985896], [-72.767266, 41.974096], [-72.771528, 41.960507], [-72.773775, 41.954195], [-72.775307, 41.949358], [-72.77492, 41.948538], [-72.77546, 41.94841], [-72.777321, 41.942887], [-72.778829, 41.938626], [-72.782006, 41.928905], [-72.78464, 41.920197], [-72.78314, 41.919197], [-72.78294, 41.918097], [-72.783187, 41.918102], [-72.78544, 41.917997], [-72.790854, 41.918093], [-72.80089, 41.918412], [-72.817841, 41.918692], [-72.826429, 41.918907], [-72.825451, 41.92004], [-72.825838, 41.920813], [-72.828268, 41.923456], [-72.826571, 41.929705], [-72.829056, 41.931415], [-72.827586, 41.933964], [-72.826366, 41.934367], [-72.825572, 41.942435], [-72.833829, 41.95579], [-72.836099, 41.955903], [-72.837508, 41.959535], [-72.836957, 41.961214]]]}}, {"type": "Feature", "id": "06751", "properties": {"ZCTA5CE20": "06751", "GEOID20": "06751", "zip": "06751", "STUSPS": "CT"}, "geometry": {"type": "Polygon", "coordinates": [[[-73.261446, 41.664641], [-73.232462, 41.665998], [-73.231631, 41.666183], [-73.224726, 41.666527], [-73.221248, 41.666728], [-73.207988, 41.667363], [-73.195295, 41.668197], [-73.184279, 41.66856], [-73.170756, 41.669196], [-73.169183, 41.66157], [-73.165794, 41.648722], [-73.165557, 41.646586], [-73.161609, 41.629914], [-73.160549, 41.625073], [-73.162934, 41.624593], [-73.165627, 41.622533], [-73.16707, 41.61903], [-73.169872, 41.616895], [-73.17078, 41.612688], [-73.169313, 41.611866], [-73.179619, 41.611091], [-73.188469, 41.610142], [-73.195549, 41.609639], [-73.210932, 41.608248], [-73.249574, 41.604968], [-73.253509, 41.604532], [-73.259172, 41.647036], [-73.261446, 41.664641]]]}}, {"type": "Feature", "id": "06061", "properties": {"ZCTA5CE20": "06061", "GEOID20": "06061", "zip": "06061", "STUSPS": "CT"}, "geometry": {"type": "Polygon", "coordinates": [[[-72.976847, 41.87798], [-72.967852, 41.879199], [-72.964937, 41.878719], [-72.964651, 41.878125], [-72.964085, 41.87565], [-72.964283, 41.871348], [-72.962542, 41.870054], [-72.957498, 41.868462], [-72.9591, 41.867886], [-72.959824, 41.868432], [-72.96335, 41.869966], [-72.967215, 41.871597], [-72.967982, 41.873197], [-72.969368, 41.874815], [-72.970283, 41.87635], [-72.97134, 41.877697], [-72.976692, 41.877409], [-72.978041, 41.87763], [-72.976847, 41.87798]]]}}, {"type": "Feature", "id": "06353", "properties": {"ZCTA5CE20": "06353", "GEOID20": "06353", "zip": "06353", "STUSPS": "CT"}, "geometry": {"type": "MultiPolygon", "coordinates": [[[[-72.141218, 41.455866], [-72.139403, 41.455996], [-72.139577, 41.456822], [-72.137998, 41.457269], [-72.133554, 41.455153], [-72.126629, 41.45242], [-72.125693, 41.450827], [-72.129976, 41.449005], [-72.130226, 41.448839], [-72.134708, 41.452381], [-72.136246, 41.452316], [-72.138112, 41.454213], [-72.140635, 41.454999], [-72.141218, 41.455866]]], [[[-72.158503, 41.465914], [-72.155034, 41.464409], [-72.153217, 41.46463], [-72.153276, 41.464384], [-72.151921, 41.462823], [-72.149251, 41.462302], [-72.146969, 41.460922], [-72.148122, 41.460451], [-72.145446, 41.459511], [-72.142289, 41.457113], [-72.141218, 41.455866], [-72.142435, 41.456499], [-72.144642, 41.458265], [-72.150595, 41.461338], [-72.152708, 41.461583], [-72.157443, 41.463472], [-72.158737, 41.464868], [-72.158503, 41.465914]]]]}}, {"type": "Feature", "id": "01128", "properties": {"ZCTA5CE20": "01128", "GEOID20": "01128", "zip": "01128", "STUSPS": "CT"}, "geometry": {"type": "Polygon", "coordinates": [[[-72.500128, 42.09108], [-72.501058, 42.091608], [-72.500318, 42.093242], [-72.499283, 42.09301], [-72.498852, 42.094063], [-72.49863, 42.094538], [-72.500409, 42.094981], [-72.500194, 42.096639], [-72.497781, 42.096556], [-72.495542, 42.102903], [-72.496009, 42.104008], [-72.495201, 42.103144], [-72.494328, 42.104889], [-72.491695, 42.104962], [-72.491043, 42.103203], [-72.482966, 42.104435], [-72.482796, 42.104312], [-72.481466, 42.102284], [-72.481869, 42.097497], [-72.480025, 42.094142], [-72.48043, 42.093228], [-72.474049, 42.092962], [-72.472548, 42.094529], [-72.472274, 42.09556], [-72.471087, 42.089722], [-72.479622, 42.088638], [-72.490967, 42.087193], [-72.49111, 42.087175], [-72.497237, 42.089201], [-72.499157, 42.090332], [-72.502271, 42.087588], [-72.500128, 42.09108]]]}}, {"type": "Feature", "id": "10597", "properties": {"ZCTA5CE20": "10597", "GEOID20": "10597", "zip": "10597", "STUSPS": "CT"}, "geometry": {"type": "Polygon", "coordinates": [[[-73.614497, 41.302955], [-73.614441, 41.307314], [-73.614036, 41.307878], [-73.613681, 41.30826], [-73.59359, 41.310191], [-73.584783, 41.311029], [-73.585714, 41.302454], [-73.585934, 41.299522], [-73.582466, 41.300771], [-73.580465, 41.301036], [-73.581671, 41.299483], [-73.578666, 41.299323], [-73.578852, 41.298141], [-73.573687, 41.298515], [-73.572751, 41.297926], [-73.573414, 41.296977], [-73.576308, 41.296631], [-73.577536, 41.294487], [-73.577144, 41.293287], [-73.57818, 41.29055], [-73.576203, 41.288742], [-73.577664, 41.288132], [-73.579217, 41.288107], [-73.578984, 41.287674], [-73.58063, 41.28643], [-73.580107, 41.28461], [-73.590696, 41.281469], [-73.592126, 41.277896], [-73.592598, 41.277853], [-73.595439, 41.27689], [-73.598308, 41.274625], [-73.600814, 41.274667], [-73.603677, 41.279353], [-73.610013, 41.279356], [-73.610385, 41.281788], [-73.612259, 41.28166], [-73.612496, 41.283365], [-73.612218, 41.284586], [-73.61189, 41.289823], [-73.611725, 41.290362], [-73.611534, 41.291352], [-73.612678, 41.294106], [-73.614408, 41.295768], [-73.61544, 41.297423], [-73.614497, 41.302955]]]}}, {"type": "Feature", "id": "06786", "properties": {"ZCTA5CE20": "06786", "GEOID20": "06786", "zip": "06786", "STUSPS": "CT"}, "geometry": {"type": "Polygon", "coordinates": [[[-73.056365, 41.698922], [-73.055262, 41.70816], [-73.036879, 41.710195], [-72.99895, 41.714398], [-72.99855, 41.712498], [-72.99574, 41.699155], [-72.99354, 41.690123], [-72.99138, 41.679924], [-72.989473, 41.66958], [-72.989283, 41.66873], [-72.987636, 41.660433], [-72.987394, 41.659673], [-72.986661, 41.655884], [-72.985842, 41.652076], [-72.98555, 41.649399], [-72.98325, 41.639598], [-73.003146, 41.629083], [-73.004046, 41.628577], [-73.007022, 41.628325], [-73.021471, 41.627104], [-73.020084, 41.620709], [-73.01865, 41.614097], [-73.034777, 41.615134], [-73.033719, 41.617199], [-73.032685, 41.621782], [-73.030551, 41.625624], [-73.033123, 41.625898], [-73.030961, 41.629279], [-73.031765, 41.629991], [-73.032094, 41.631812], [-73.031054, 41.633784], [-73.029751, 41.634582], [-73.030986, 41.638142], [-73.030991, 41.642479], [-73.031825, 41.642777], [-73.033865, 41.645757], [-73.034361, 41.651021], [-73.035385, 41.651588], [-73.036049, 41.653944], [-73.034994, 41.653704], [-73.035058, 41.654723], [-73.03417, 41.65639], [-73.036635, 41.663467], [-73.036934, 41.668485], [-73.040417, 41.674369], [-73.040125, 41.676712], [-73.042628, 41.680086], [-73.043103, 41.682981], [-73.04366, 41.683472], [-73.041807, 41.685427], [-73.039289, 41.685832], [-73.031868, 41.685974], [-73.031321, 41.686032], [-73.031916, 41.68822], [-73.034151, 41.694952], [-73.036635, 41.700613], [-73.041575, 41.698216], [-73.041964, 41.701762], [-73.044618, 41.702786], [-73.047354, 41.699988], [-73.053233, 41.700181], [-73.055478, 41.701214], [-73.056365, 41.698922]]]}}, {"type": "Feature", "id": "06052", "properties": {"ZCTA5CE20": "06052", "GEOID20": "06052", "zip": "06052", "STUSPS": "CT"}, "geometry": {"type": "Polygon", "coordinates": [[[-72.825418, 41.668938], [-72.816924, 41.667657], [-72.80942, 41.666289], [-72.806742, 41.665341], [-72.801965, 41.664626], [-72.799232, 41.665558], [-72.793468, 41.668423], [-72.788871, 41.669653], [-72.785988, 41.669547], [-72.785489, 41.669473], [-72.785075, 41.667172], [-72.78494, 41.666825], [-72.786379, 41.66502], [-72.787066, 41.666578], [-72.787285, 41.666481], [-72.789454, 41.664075], [-72.78958, 41.662833], [-72.787876, 41.662011], [-72.784712, 41.66214], [-72.784634, 41.659977], [-72.783314, 41.66004], [-72.783447, 41.659019], [-72.784311, 41.657952], [-72.786569, 41.657799], [-72.787229, 41.65777], [-72.786664, 41.656837], [-72.788426, 41.655222], [-72.787903, 41.650885], [-72.789775, 41.649392], [-72.789623, 41.647553], [-72.790973, 41.647491], [-72.79116, 41.647484], [-72.794642, 41.647213], [-72.796388, 41.647201], [-72.800128, 41.646781], [-72.809612, 41.64605], [-72.810966, 41.645181], [-72.814989, 41.64448], [-72.814188, 41.645706], [-72.814322, 41.645699], [-72.818048, 41.645025], [-72.819442, 41.645579], [-72.819428, 41.646101], [-72.820739, 41.655715], [-72.822573, 41.65571], [-72.82343, 41.658779], [-72.82537, 41.667341], [-72.825418, 41.668938]]]}}, {"type": "Feature", "id": "06444", "properties": {"ZCTA5CE20": "06444", "GEOID20": "06444", "zip": "06444", "STUSPS": "CT"}, "geometry": {"type": "Polygon", "coordinates": [[[-72.945103, 41.55969], [-72.944682, 41.562862], [-72.942615, 41.571126], [-72.93924, 41.569641], [-72.933686, 41.566263], [-72.931937, 41.565987], [-72.931301, 41.565967], [-72.924455, 41.566762], [-72.92353, 41.569087], [-72.921745, 41.568646], [-72.918132, 41.567778], [-72.909976, 41.568725], [-72.915673, 41.561515], [-72.917806, 41.560039], [-72.926399, 41.558919], [-72.928538, 41.558891], [-72.94635, 41.556797], [-72.945103, 41.55969]]]}}, {"type": "Feature", "id": "06020", "properties": {"ZCTA5CE20": "06020", "GEOID20": "06020", "zip": "06020", "STUSPS": "CT"}, "geometry": {"type": "Polygon", "coordinates": [[[-72.913253, 41.860636], [-72.91219, 41.863195], [-72.911221, 41.8661], [-72.910986, 41.866541], [-72.905266, 41.864276], [-72.906993, 41.862163], [-72.913173, 41.858535], [-72.913509, 41.858925], [-72.913253, 41.860636]]]}}, {"type": "Feature", "id": "01036", "properties": {"ZCTA5CE20": "01036", "GEOID20": "01036", "zip": "01036", "STUSPS": "CT"}, "geometry": {"type": "Polygon", "coordinates": [[[-72.469939, 42.084764], [-72.460792, 42.08578], [-72.434542, 42.088689], [-72.418173, 42.090491], [-72.414539, 42.099222], [-72.379439, 42.103134], [-72.376613, 42.087096], [-72.3669917600491, 42.0326543063241], [-72.3974333745419, 42.0331107167355], [-72.4414941437451, 42.0337713188137], [-72.45668, 42.033999], [-72.4582913228665, 42.0340056752259], [-72.461338, 42.047511], [-72.463136, 42.055325], [-72.467995, 42.076335], [-72.469248, 42.081784], [-72.469939, 42.084764]]]}}, {"type": "Feature", "id": "06336", "properties": {"ZCTA5CE20": "06336", "GEOID20": "06336", "zip": "06336", "STUSPS": "CT"}, "geometry": {"type": "Polygon", "coordinates": [[[-72.202243, 41.575194], [-72.195947, 41.587407], [-72.194024, 41.590399], [-72.190843, 41.589564], [-72.191095, 41.58592], [-72.189122, 41.584137], [-72.186819, 41.579334], [-72.18931, 41.57729], [-72.189986, 41.575773], [-72.191553, 41.575403], [-72.193591, 41.571921], [-72.204161, 41.570838], [-72.202243, 41.575194]]]}}, {"type": "Feature", "id": "06376", "properties": {"ZCTA5CE20": "06376", "GEOID20": "06376", "zip": "06376", "STUSPS": "CT"}, "geometry": {"type": "Polygon", "coordinates": [[[-72.252815, 41.295964], [-72.251625, 41.295632], [-72.251408, 41.293413], [-72.252048, 41.292622], [-72.255082, 41.295486], [-72.252815, 41.295964]]]}}, {"type": "Feature", "id": "06770", "properties": {"ZCTA5CE20": "06770", "GEOID20": "06770", "zip": "06770", "STUSPS": "CT"}, "geometry": {"type": "Polygon", "coordinates": [[[-73.104532, 41.492058], [-73.101868, 41.496955], [-73.099592, 41.498036], [-73.097384, 41.500665], [-73.095314, 41.501569], [-73.096049, 41.508049], [-73.094747, 41.511511], [-73.094685, 41.513805], [-73.093843, 41.513907], [-73.081009, 41.514009], [-73.080811, 41.513086], [-73.079858, 41.514091], [-73.077256, 41.51407], [-73.070114, 41.514301], [-73.069892, 41.514292], [-73.066508, 41.51422], [-73.059318, 41.514524], [-73.055016, 41.514657], [-73.054191, 41.514758], [-73.05429, 41.517228], [-73.05199, 41.519139], [-73.050536, 41.519623], [-73.04818, 41.519426], [-73.048007, 41.519212], [-73.049399, 41.516611], [-73.049366, 41.515192], [-73.047552, 41.515204], [-73.039504, 41.516586], [-73.027925, 41.517923], [-73.022453, 41.519001], [-73.020356, 41.519417], [-73.01817, 41.519834], [-73.01655, 41.513996], [-73.013717, 41.505202], [-73.011322, 41.497586], [-73.007621, 41.486148], [-73.00732, 41.485752], [-73.006996, 41.484718], [-73.007011, 41.484509], [-73.007109, 41.484239], [-73.007075, 41.483948], [-73.006613, 41.483211], [-73.001913, 41.474656], [-73.001811, 41.471159], [-73.003503, 41.467092], [-73.004229, 41.462557], [-73.025751, 41.459596], [-73.026185, 41.461558], [-73.028329, 41.46364], [-73.0289, 41.463634], [-73.029442, 41.463749], [-73.029596, 41.463948], [-73.02959, 41.464156], [-73.0294, 41.464827], [-73.030471, 41.465907], [-73.032349, 41.46533], [-73.034259, 41.466401], [-73.037208, 41.466144], [-73.039188, 41.466387], [-73.041437, 41.468875], [-73.051245, 41.468939], [-73.052117, 41.46896], [-73.05352, 41.466068], [-73.053726, 41.461613], [-73.056108, 41.459623], [-73.060265, 41.457893], [-73.061768, 41.456268], [-73.062451, 41.456802], [-73.067776, 41.459956], [-73.070198, 41.460539], [-73.077366, 41.465189], [-73.083417, 41.469167], [-73.096446, 41.477623], [-73.103355, 41.481737], [-73.104319, 41.483595], [-73.104234, 41.489396], [-73.104532, 41.492058]]]}}, {"type": "Feature", "id": "10526", "properties": {"ZCTA5CE20": "10526", "GEOID20": "10526", "zip": "10526", "STUSPS": "CT"}, "geometry": {"type": "Polygon", "coordinates": [[[-73.698977, 41.270275], [-73.698919, 41.272743], [-73.696831, 41.275232], [-73.693114, 41.276128], [-73.690896, 41.277526], [-73.692035, 41.281857], [-73.691328, 41.284149], [-73.687103, 41.285117], [-73.688386, 41.286527], [-73.691871, 41.287218], [-73.693803, 41.289459], [-73.694517, 41.291421], [-73.695952, 41.293565], [-73.695129, 41.29763], [-73.690293, 41.297208], [-73.687569, 41.29817], [-73.685812, 41.294304], [-73.684502, 41.294659], [-73.683067, 41.2958], [-73.681828, 41.297774], [-73.678802, 41.298956], [-73.677943, 41.302034], [-73.674696, 41.30236], [-73.670944, 41.302727], [-73.659286, 41.303848], [-73.647586, 41.305213], [-73.643153, 41.305411], [-73.619152, 41.307807], [-73.616493, 41.306813], [-73.614036, 41.307878], [-73.614441, 41.307314], [-73.614497, 41.302955], [-73.615762, 41.303118], [-73.616511, 41.301236], [-73.616043, 41.293221], [-73.627286, 41.294478], [-73.627273, 41.295989], [-73.627983, 41.297693], [-73.630673, 41.298901], [-73.634903, 41.299656], [-73.637591, 41.2992], [-73.640486, 41.29811], [-73.644883, 41.295605], [-73.648145, 41.294647], [-73.648377, 41.29361], [-73.651135, 41.293735], [-73.651732, 41.293995], [-73.653156, 41.291831], [-73.659696, 41.289127], [-73.661362, 41.289518], [-73.662469, 41.288369], [-73.678299, 41.285192], [-73.677183, 41.288411], [-73.676749, 41.295049], [-73.676941, 41.295101], [-73.677471, 41.288861], [-73.677917, 41.287407], [-73.680295, 41.282624], [-73.682885, 41.275806], [-73.685153, 41.271994], [-73.698484, 41.268111], [-73.699836, 41.269069], [-73.698977, 41.270275]]]}}, {"type": "Feature", "id": "10578", "properties": {"ZCTA5CE20": "10578", "GEOID20": "10578", "zip": "10578", "STUSPS": "CT"}, "geometry": {"type": "Polygon", "coordinates": [[[-73.688604, 41.307776], [-73.686519, 41.30687], [-73.684405, 41.307453], [-73.682958, 41.309939], [-73.684837, 41.312505], [-73.684372, 41.315314], [-73.681902, 41.317475], [-73.683226, 41.318937], [-73.683694, 41.321134], [-73.682203, 41.323743], [-73.680094, 41.32451], [-73.679791, 41.327862], [-73.676576, 41.329727], [-73.677118, 41.330182], [-73.676845, 41.331248], [-73.675096, 41.331896], [-73.675306, 41.333027], [-73.672213, 41.333762], [-73.670937, 41.32856], [-73.668325, 41.32837], [-73.669541, 41.330071], [-73.665367, 41.330517], [-73.664719, 41.331983], [-73.661958, 41.331074], [-73.662061, 41.334566], [-73.65987, 41.335554], [-73.658849, 41.33687], [-73.657539, 41.336931], [-73.65578, 41.342831], [-73.655901, 41.343466], [-73.652065, 41.346817], [-73.650444, 41.347166], [-73.654312, 41.343843], [-73.655079, 41.342901], [-73.65581, 41.341634], [-73.657002, 41.336727], [-73.658844, 41.332683], [-73.659219, 41.330717], [-73.658091, 41.326509], [-73.656152, 41.326629], [-73.655981, 41.326884], [-73.654405, 41.326446], [-73.654588, 41.325926], [-73.654957, 41.325329], [-73.656564, 41.325972], [-73.658076, 41.322569], [-73.658695, 41.321537], [-73.66357, 41.317471], [-73.668288, 41.312277], [-73.668823, 41.310612], [-73.668926, 41.309535], [-73.672553, 41.308976], [-73.673647, 41.307385], [-73.674696, 41.30236], [-73.677943, 41.302034], [-73.678802, 41.298956], [-73.681828, 41.297774], [-73.685123, 41.2994], [-73.68691, 41.301196], [-73.688523, 41.30478], [-73.688604, 41.307776]]]}}, {"type": "Feature", "id": "11789", "properties": {"ZCTA5CE20": "11789", "GEOID20": "11789", "zip": "11789", "STUSPS": "CT"}, "geometry": {"type": "Polygon", "coordinates": [[[-72.986997, 40.954517], [-72.985083, 40.961696], [-72.984761, 40.962272], [-72.9840495357432, 40.966395412789], [-72.9801796749137, 40.9663619995479], [-72.9741779201302, 40.9663101790592], [-72.9590948858006, 40.9661799487785], [-72.9561779519491, 40.9661547633214], [-72.955163, 40.966146], [-72.9548590657224, 40.9661189372077], [-72.954587, 40.962322], [-72.956044, 40.962313], [-72.958058, 40.962581], [-72.959936, 40.962921], [-72.960684, 40.959682], [-72.960913, 40.957359], [-72.962502, 40.956991], [-72.960473, 40.955855], [-72.95923, 40.950754], [-72.964845, 40.950451], [-72.964456, 40.946498], [-72.963457, 40.945234], [-72.964795, 40.945507], [-72.968944, 40.946894], [-72.969434, 40.947052], [-72.970454, 40.947345], [-72.970671, 40.947403], [-72.976652, 40.948982], [-72.979856, 40.949444], [-72.979971, 40.950332], [-72.980802, 40.949917], [-72.98126, 40.94965], [-72.983473, 40.950233], [-72.986853, 40.950504], [-72.986419, 40.950719], [-72.985883, 40.952637], [-72.985708, 40.95372], [-72.986125, 40.953854], [-72.986997, 40.954517]]]}}, {"type": "Feature", "id": "11931", "properties": {"ZCTA5CE20": "11931", "GEOID20": "11931", "zip": "11931", "STUSPS": "CT"}, "geometry": {"type": "Polygon", "coordinates": [[[-72.630865, 40.932525], [-72.631118, 40.932742], [-72.620678, 40.938405], [-72.620538, 40.938383], [-72.618768, 40.939143], [-72.616962, 40.934579], [-72.61555, 40.93354], [-72.61643, 40.932521], [-72.615214, 40.928819], [-72.6183, 40.92979], [-72.622723, 40.929847], [-72.625474, 40.930947], [-72.631813, 40.932101], [-72.630865, 40.932525]]]}}, {"type": "Feature", "id": "11947", "properties": {"ZCTA5CE20": "11947", "GEOID20": "11947", "zip": "11947", "STUSPS": "CT"}, "geometry": {"type": "Polygon", "coordinates": [[[-72.584819, 40.943657], [-72.581206, 40.944063], [-72.579747, 40.944468], [-72.579284, 40.943037], [-72.582711, 40.941245], [-72.584819, 40.943657]]]}}, {"type": "Feature", "id": "12534", "properties": {"ZCTA5CE20": "12534", "GEOID20": "12534", "zip": "12534", "STUSPS": "CT"}, "geometry": {"type": "Polygon", "coordinates": [[[-73.853609, 42.195633], [-73.851084, 42.203091], [-73.850385, 42.206719], [-73.849473, 42.20964], [-73.849609, 42.211812], [-73.851286, 42.220612], [-73.849203, 42.227777], [-73.847813, 42.230347], [-73.841935, 42.235631], [-73.83855, 42.238441], [-73.835206, 42.24208], [-73.832603, 42.244058], [-73.829449, 42.245681], [-73.82526, 42.245541], [-73.82299, 42.246156], [-73.819, 42.248468], [-73.816584, 42.250087], [-73.815238, 42.250804], [-73.808974, 42.251646], [-73.802996, 42.253655], [-73.799588, 42.256469], [-73.795257, 42.261106], [-73.7932, 42.263043], [-73.792831, 42.263473], [-73.789502, 42.267738], [-73.788235, 42.269832], [-73.784116, 42.280465], [-73.783326, 42.288356], [-73.782988, 42.292918], [-73.781767, 42.298339], [-73.780996, 42.301835], [-73.780551, 42.305688], [-73.781003, 42.308447], [-73.782111, 42.310756], [-73.783013, 42.317555], [-73.784289, 42.320083], [-73.784072, 42.321498], [-73.782406, 42.32497], [-73.782394, 42.327301], [-73.78295, 42.33036], [-73.783707, 42.332811], [-73.78544, 42.336213], [-73.787353, 42.342621], [-73.773014, 42.346835], [-73.762524, 42.343491], [-73.760709, 42.341983], [-73.756618, 42.342554], [-73.749497, 42.341882], [-73.747324, 42.341834], [-73.746471, 42.339864], [-73.746963, 42.334606], [-73.75171, 42.335115], [-73.752419, 42.334744], [-73.754237, 42.329135], [-73.753407, 42.328152], [-73.751645, 42.328557], [-73.75049, 42.325679], [-73.744278, 42.330196], [-73.7456, 42.331659], [-73.74447, 42.33119], [-73.74374, 42.332434], [-73.738806, 42.334413], [-73.738359, 42.336313], [-73.733989, 42.34272], [-73.723012, 42.343719], [-73.722953, 42.345228], [-73.719205, 42.345894], [-73.704956, 42.348963], [-73.704254, 42.330622], [-73.702019, 42.31867], [-73.701342, 42.314105], [-73.701912, 42.310732], [-73.703354, 42.309052], [-73.706417, 42.309288], [-73.709224, 42.307965], [-73.710503, 42.308832], [-73.711188, 42.311056], [-73.713655, 42.313275], [-73.714278, 42.318064], [-73.717528, 42.318469], [-73.71822, 42.31862], [-73.720423, 42.316928], [-73.72312, 42.316356], [-73.723416, 42.316505], [-73.725073, 42.311985], [-73.723747, 42.311503], [-73.72055, 42.312426], [-73.720192, 42.311034], [-73.718717, 42.310239], [-73.717139, 42.308984], [-73.71738, 42.306713], [-73.716138, 42.305569], [-73.716362, 42.302974], [-73.715308, 42.301683], [-73.713887, 42.301486], [-73.713265, 42.297638], [-73.717956, 42.294169], [-73.718826, 42.290415], [-73.71874, 42.288317], [-73.717136, 42.287524], [-73.720829, 42.279471], [-73.722658, 42.275362], [-73.723273, 42.272619], [-73.714379, 42.27785], [-73.710249, 42.280005], [-73.708278, 42.281027], [-73.70759, 42.277871], [-73.702171, 42.27936], [-73.699247, 42.278833], [-73.695334, 42.279785], [-73.695247, 42.282607], [-73.696973, 42.282606], [-73.698333, 42.284684], [-73.697091, 42.285693], [-73.69656, 42.288832], [-73.68958, 42.29046], [-73.689246, 42.290568], [-73.688514, 42.290819], [-73.689444, 42.286486], [-73.689302, 42.283592], [-73.686893, 42.283878], [-73.686623, 42.289567], [-73.684973, 42.289689], [-73.683332, 42.287689], [-73.68163, 42.285546], [-73.677202, 42.285256], [-73.674847, 42.284016], [-73.67554, 42.281542], [-73.673826, 42.2807], [-73.674415, 42.278491], [-73.676409, 42.277941], [-73.677671, 42.275311], [-73.67796, 42.269143], [-73.676752, 42.26855], [-73.676415, 42.263858], [-73.6748, 42.259938], [-73.669083, 42.256306], [-73.668354, 42.253017], [-73.667235, 42.252611], [-73.665601, 42.253081], [-73.665134, 42.253236], [-73.663536, 42.255392], [-73.661006, 42.254853], [-73.660201, 42.25646], [-73.661722, 42.257598], [-73.660191, 42.262411], [-73.662314, 42.265057], [-73.647332, 42.259954], [-73.648367, 42.25845], [-73.648638, 42.257258], [-73.655914, 42.257363], [-73.656104, 42.250172], [-73.657926, 42.250182], [-73.657998, 42.248698], [-73.658038, 42.24798], [-73.657444, 42.244678], [-73.657233, 42.241928], [-73.656275, 42.240654], [-73.651778, 42.238769], [-73.649847, 42.239479], [-73.647471, 42.237982], [-73.64706, 42.237835], [-73.646747, 42.237814], [-73.646472, 42.23784], [-73.645457, 42.238064], [-73.64492, 42.238113], [-73.644151, 42.23811], [-73.64356, 42.238281], [-73.633856, 42.240974], [-73.633851, 42.244461], [-73.632344, 42.241921], [-73.634171, 42.239225], [-73.632744, 42.235496], [-73.632053, 42.23548], [-73.630235, 42.233595], [-73.630001, 42.233079], [-73.632935, 42.233881], [-73.636125, 42.230255], [-73.635899, 42.229582], [-73.634933, 42.226144], [-73.635886, 42.222388], [-73.634884, 42.221108], [-73.637449, 42.221436], [-73.644622, 42.223813], [-73.647043, 42.220666], [-73.647085, 42.219238], [-73.648452, 42.217555], [-73.648129, 42.216591], [-73.650921, 42.214707], [-73.653952, 42.21327], [-73.655649, 42.210924], [-73.659909, 42.21101], [-73.660126, 42.208448], [-73.66422, 42.208048], [-73.66941, 42.206849], [-73.670273, 42.20692], [-73.674412, 42.208212], [-73.679277, 42.2097], [-73.680662, 42.209811], [-73.680974, 42.209785], [-73.688379, 42.209906], [-73.694352, 42.20925], [-73.699487, 42.209713], [-73.700552, 42.210028], [-73.701343, 42.210569], [-73.703678, 42.21289], [-73.702758, 42.216626], [-73.703488, 42.216826], [-73.704001, 42.217931], [-73.702513, 42.219369], [-73.702624, 42.219901], [-73.702596, 42.220579], [-73.702965, 42.221082], [-73.703016, 42.22157], [-73.702885, 42.221657], [-73.70293, 42.221901], [-73.703149, 42.222018], [-73.703207, 42.222198], [-73.70111, 42.222835], [-73.702885, 42.226599], [-73.701618, 42.22842], [-73.698979, 42.230246], [-73.70031, 42.232113], [-73.702417, 42.231684], [-73.70659, 42.227531], [-73.711267, 42.227145], [-73.714372, 42.225691], [-73.715745, 42.225058], [-73.71787, 42.224804], [-73.718271, 42.226813], [-73.716574, 42.230985], [-73.71464, 42.23256], [-73.713932, 42.234837], [-73.720095, 42.23592], [-73.722181, 42.235542], [-73.728777, 42.228286], [-73.731582, 42.226195], [-73.730214, 42.2336], [-73.73057, 42.233893], [-73.730456, 42.234547], [-73.732058, 42.23486], [-73.732521, 42.233048], [-73.734095, 42.229001], [-73.735069, 42.223009], [-73.734971, 42.222454], [-73.734753, 42.222003], [-73.73338, 42.220307], [-73.735088, 42.218602], [-73.737906, 42.221134], [-73.740757, 42.221285], [-73.741358, 42.220303], [-73.740099, 42.219374], [-73.739167, 42.213539], [-73.735899, 42.213654], [-73.733058, 42.214501], [-73.730495, 42.216225], [-73.730483, 42.214244], [-73.73077, 42.212624], [-73.729726, 42.214203], [-73.728753, 42.215183], [-73.726136, 42.21345], [-73.721078, 42.215707], [-73.719833, 42.216973], [-73.717762, 42.217076], [-73.716076, 42.216007], [-73.712161, 42.217938], [-73.711527, 42.220571], [-73.711334, 42.220415], [-73.706215, 42.215464], [-73.706738, 42.215262], [-73.710701, 42.209427], [-73.710223, 42.205475], [-73.71176, 42.204671], [-73.712839, 42.207563], [-73.716272, 42.207497], [-73.716364, 42.209045], [-73.720523, 42.212742], [-73.724576, 42.209388], [-73.725462, 42.206975], [-73.728805, 42.206412], [-73.728582, 42.205314], [-73.726361, 42.203228], [-73.724568, 42.200115], [-73.720727, 42.198062], [-73.717566, 42.20031], [-73.711538, 42.20096], [-73.707446, 42.199846], [-73.70299, 42.20303], [-73.697784, 42.204699], [-73.697188, 42.204385], [-73.695248, 42.203945], [-73.694058, 42.204493], [-73.692122, 42.204977], [-73.689247, 42.204697], [-73.688878, 42.205171], [-73.688212, 42.205556], [-73.68709, 42.204292], [-73.679579, 42.197385], [-73.681862, 42.193179], [-73.680741, 42.191516], [-73.685953, 42.168452], [-73.7195, 42.175458], [-73.720146, 42.175674], [-73.721105, 42.175851], [-73.721727, 42.175401], [-73.723852, 42.169518], [-73.735406, 42.150364], [-73.739326, 42.143873], [-73.739542, 42.143516], [-73.736472, 42.142554], [-73.7353, 42.141367], [-73.735208, 42.140328], [-73.733169, 42.137302], [-73.734398, 42.138637], [-73.740175, 42.142467], [-73.745836, 42.133091], [-73.749565, 42.126939], [-73.749835, 42.126822], [-73.753199, 42.121002], [-73.761283, 42.106779], [-73.765963, 42.106356], [-73.766769, 42.108667], [-73.768685, 42.108928], [-73.77004, 42.108061], [-73.771738, 42.108389], [-73.773584, 42.109525], [-73.773979, 42.112101], [-73.773664, 42.113343], [-73.775677, 42.114228], [-73.778117, 42.114166], [-73.78001, 42.112549], [-73.783677, 42.112334], [-73.784605, 42.111899], [-73.786388, 42.113116], [-73.790111, 42.1121], [-73.789757, 42.111538], [-73.796444, 42.105149], [-73.796436, 42.103452], [-73.80075, 42.103295], [-73.800112, 42.099101], [-73.801568, 42.09958], [-73.80501, 42.09912], [-73.805312, 42.099234], [-73.807967, 42.101514], [-73.814309, 42.105035], [-73.816732, 42.109014], [-73.818432, 42.113358], [-73.820225, 42.122834], [-73.820469, 42.128076], [-73.820305, 42.132836], [-73.812173, 42.131958], [-73.81275, 42.126979], [-73.805147, 42.126041], [-73.805104, 42.128076], [-73.803111, 42.132434], [-73.800344, 42.133077], [-73.798644, 42.136686], [-73.801461, 42.138308], [-73.806662, 42.138113], [-73.809586, 42.139622], [-73.813804, 42.139312], [-73.814268, 42.144383], [-73.811401, 42.146183], [-73.811846, 42.147235], [-73.807832, 42.14751], [-73.808944, 42.150034], [-73.803708, 42.149432], [-73.806753, 42.150934], [-73.810009, 42.154151], [-73.810842, 42.155768], [-73.811484, 42.156134], [-73.814492, 42.156167], [-73.82011, 42.157049], [-73.819959, 42.162375], [-73.823523, 42.168205], [-73.82799, 42.168625], [-73.830856, 42.171965], [-73.830902, 42.17572], [-73.83329, 42.178627], [-73.834123, 42.184096], [-73.839313, 42.181643], [-73.840273, 42.180028], [-73.842414, 42.178838], [-73.842492, 42.182789], [-73.843785, 42.186251], [-73.851664, 42.189469], [-73.855021, 42.192014], [-73.853609, 42.195633]], [[-73.746874, 42.282301], [-73.745997, 42.282154], [-73.74259, 42.281584], [-73.735838, 42.281453], [-73.73134, 42.283205], [-73.730574, 42.286397], [-73.733879, 42.285738], [-73.737087, 42.286416], [-73.733751, 42.286196], [-73.733386, 42.28852], [-73.733977, 42.291798], [-73.735608, 42.293426], [-73.739532, 42.295247], [-73.740886, 42.299271], [-73.742554, 42.301433], [-73.741408, 42.3036], [-73.743512, 42.303981], [-73.743382, 42.298518], [-73.743983, 42.293809], [-73.741795, 42.286953], [-73.741729, 42.285676], [-73.743382, 42.284344], [-73.74606, 42.283459], [-73.746874, 42.282301]]]}}, {"type": "Feature", "id": "06247", "properties": {"ZCTA5CE20": "06247", "GEOID20": "06247", "zip": "06247", "STUSPS": "CT"}, "geometry": {"type": "Polygon", "coordinates": [[[-72.122489, 41.712754], [-72.1185, 41.725365], [-72.113618, 41.740905], [-72.112353, 41.741575], [-72.109716, 41.743596], [-72.109375, 41.744037], [-72.112001, 41.745892], [-72.102628, 41.744435], [-72.099728, 41.757105], [-72.096642, 41.768086], [-72.092446, 41.83167], [-72.049528, 41.831487], [-72.044738, 41.831548], [-72.031799, 41.831717], [-72.021401, 41.828199], [-72.016318, 41.812662], [-72.014491, 41.804989], [-72.018006, 41.782635], [-72.022071, 41.763682], [-72.022903, 41.759625], [-72.045833, 41.730473], [-72.052565, 41.731423], [-72.056104, 41.701203], [-72.057276, 41.7006], [-72.064282, 41.698786], [-72.08145, 41.698465], [-72.081828, 41.698458], [-72.082092, 41.704235], [-72.083117, 41.704081], [-72.083102, 41.702879], [-72.084295, 41.70114], [-72.084243, 41.698912], [-72.084277, 41.698453], [-72.088336, 41.698313], [-72.088503, 41.699201], [-72.094065, 41.699607], [-72.095655, 41.704018], [-72.101485, 41.704225], [-72.101681, 41.707489], [-72.110865, 41.707075], [-72.117928, 41.706493], [-72.121976, 41.707487], [-72.122489, 41.712754]]]}}, {"type": "Feature", "id": "11721", "properties": {"ZCTA5CE20": "11721", "GEOID20": "11721", "zip": "11721", "STUSPS": "CT"}, "geometry": {"type": "Polygon", "coordinates": [[[-73.389897, 40.883189], [-73.387846, 40.884188], [-73.387655, 40.886848], [-73.385725, 40.888037], [-73.384497, 40.890071], [-73.384545, 40.890134], [-73.385716, 40.893828], [-73.389636, 40.899277], [-73.388275, 40.900817], [-73.388517, 40.901023], [-73.386403, 40.903212], [-73.3857178734686, 40.9034431797284], [-73.383603, 40.90022], [-73.381969859113, 40.9002016870343], [-73.3804504829101, 40.9001846497508], [-73.380125, 40.900181], [-73.3792367417721, 40.9022661248718], [-73.377264, 40.906897], [-73.376263, 40.912398], [-73.373892, 40.912864], [-73.369961, 40.908396], [-73.3631206535278, 40.9043886337889], [-73.362389, 40.90396], [-73.3611831725466, 40.9022963589917], [-73.359744256098, 40.9003111326604], [-73.3596449930325, 40.90017418263], [-73.358238, 40.898233], [-73.359617, 40.894962], [-73.3578899550125, 40.8933556219112], [-73.358147, 40.892842], [-73.357886, 40.890943], [-73.357748, 40.888472], [-73.356862, 40.888674], [-73.354001, 40.885955], [-73.353943, 40.883757], [-73.351767, 40.884133], [-73.351353, 40.883555], [-73.350758, 40.882186], [-73.351483, 40.881614], [-73.351718, 40.881188], [-73.352408, 40.88145], [-73.353359, 40.878138], [-73.35247, 40.875196], [-73.351605, 40.875151], [-73.349972, 40.874079], [-73.349745, 40.873969], [-73.352627, 40.874906], [-73.355566, 40.874764], [-73.355733, 40.875354], [-73.361774, 40.876949], [-73.363961, 40.879992], [-73.367796, 40.884081], [-73.371511, 40.881793], [-73.371275, 40.880366], [-73.372177, 40.880186], [-73.372885, 40.880046], [-73.3729, 40.879859], [-73.379795, 40.88177], [-73.379426, 40.883527], [-73.381808, 40.883608], [-73.38634, 40.881713], [-73.38632, 40.882521], [-73.386968, 40.882426], [-73.388663, 40.882403], [-73.392089, 40.882071], [-73.389897, 40.883189]]]}}, {"type": "Feature", "id": "11743", "properties": {"ZCTA5CE20": "11743", "GEOID20": "11743", "zip": "11743", "STUSPS": "CT"}, "geometry": {"type": "MultiPolygon", "coordinates": [[[[-73.385583, 40.853098], [-73.385201, 40.854293], [-73.38171, 40.852032], [-73.377001, 40.854017], [-73.377458, 40.85733], [-73.374746, 40.857195], [-73.374601, 40.856829], [-73.373905, 40.856797], [-73.374454, 40.851673], [-73.373961, 40.851634], [-73.373861, 40.852215], [-73.372211, 40.852036], [-73.371354, 40.85296], [-73.371091, 40.854562], [-73.370288, 40.854028], [-73.365802, 40.853875], [-73.365803, 40.855416], [-73.365087, 40.855353], [-73.365217, 40.854491], [-73.364325, 40.854411], [-73.364681, 40.852183], [-73.365577, 40.852275], [-73.365634, 40.851933], [-73.361264, 40.851454], [-73.358998, 40.851996], [-73.357769, 40.850405], [-73.356105, 40.851384], [-73.355291, 40.854832], [-73.354784, 40.85558], [-73.352654, 40.856362], [-73.347954, 40.855981], [-73.348332, 40.854972], [-73.347799, 40.854773], [-73.345978, 40.85516], [-73.342823, 40.858474], [-73.34226, 40.857273], [-73.336808, 40.856428], [-73.336302, 40.850121], [-73.337269, 40.847998], [-73.335615, 40.84584], [-73.335302, 40.84497], [-73.334698, 40.842585], [-73.332578, 40.837806], [-73.333835, 40.837088], [-73.334662, 40.836493], [-73.334899, 40.836328], [-73.337687, 40.834277], [-73.344747, 40.831554], [-73.348531, 40.831245], [-73.358106, 40.831965], [-73.359229, 40.832156], [-73.360198, 40.832424], [-73.361624, 40.830764], [-73.359729, 40.829933], [-73.360452, 40.828194], [-73.361883, 40.826758], [-73.362834, 40.828206], [-73.364026, 40.826934], [-73.366344, 40.830074], [-73.367106, 40.834528], [-73.368891, 40.835053], [-73.37049, 40.835339], [-73.372956, 40.83566], [-73.376145, 40.838498], [-73.37873, 40.838145], [-73.379012, 40.839766], [-73.378844, 40.839793], [-73.378428, 40.840329], [-73.379068, 40.844439], [-73.374854, 40.846031], [-73.375943, 40.847237], [-73.378458, 40.849595], [-73.379194, 40.849323], [-73.383014, 40.851541], [-73.383364, 40.851107], [-73.385484, 40.852367], [-73.385583, 40.853098]]], [[[-73.496886, 40.925667], [-73.495786, 40.929875], [-73.493600466104, 40.9382384314915], [-73.492764, 40.941439], [-73.4917211824039, 40.9421377822194], [-73.485365, 40.946397], [-73.478365, 40.942297], [-73.4744102828026, 40.941055838841], [-73.463708, 40.937697], [-73.4607103745213, 40.9373424346378], [-73.4556510161567, 40.9367440032313], [-73.4456156278635, 40.9355569966788], [-73.437956, 40.934651], [-73.430189, 40.928688], [-73.4296896091862, 40.9238936078072], [-73.4296842770993, 40.9238424172066], [-73.429358, 40.92071], [-73.4303377481719, 40.9195853226599], [-73.4341292233652, 40.9152329938088], [-73.4345836625308, 40.9147113317668], [-73.435165, 40.914044], [-73.436496, 40.911425], [-73.433976, 40.909015], [-73.4327551184559, 40.9085387766616], [-73.4268438071302, 40.9062329801428], [-73.426608, 40.906141], [-73.4143678135582, 40.9041902057364], [-73.413463, 40.904046], [-73.402603, 40.905782], [-73.396692, 40.908937], [-73.3924144154237, 40.9071473037557], [-73.3888788505604, 40.9056680607286], [-73.3874281425736, 40.9050610998167], [-73.386534, 40.904687], [-73.3857178734686, 40.9034431797284], [-73.386403, 40.903212], [-73.388517, 40.901023], [-73.388275, 40.900817], [-73.389636, 40.899277], [-73.385716, 40.893828], [-73.384545, 40.890134], [-73.384497, 40.890071], [-73.385725, 40.888037], [-73.387655, 40.886848], [-73.387846, 40.884188], [-73.389897, 40.883189], [-73.392089, 40.882071], [-73.388663, 40.882403], [-73.386968, 40.882426], [-73.38632, 40.882521], [-73.38634, 40.881713], [-73.381808, 40.883608], [-73.379426, 40.883527], [-73.379795, 40.88177], [-73.3729, 40.879859], [-73.372885, 40.880046], [-73.372177, 40.880186], [-73.37077, 40.877526], [-73.373404, 40.875171], [-73.373754, 40.875861], [-73.375982, 40.874259], [-73.376234, 40.87276], [-73.380277, 40.872447], [-73.383695, 40.871531], [-73.380697, 40.869056], [-73.380339, 40.868239], [-73.380609, 40.868123], [-73.379398, 40.862959], [-73.384635, 40.861136], [-73.385038, 40.859417], [-73.384817, 40.8586], [-73.388457, 40.857352], [-73.390593, 40.8563], [-73.392668, 40.85799], [-73.393134, 40.858305], [-73.396347, 40.857278], [-73.398726, 40.858878], [-73.397646, 40.860091], [-73.398343, 40.860397], [-73.399752, 40.8616], [-73.401824, 40.863719], [-73.4028, 40.864699], [-73.404846, 40.866645], [-73.409247, 40.862526], [-73.409072, 40.861884], [-73.410805, 40.861254], [-73.412719, 40.861193], [-73.413741, 40.860105], [-73.414253, 40.858633], [-73.413785, 40.858054], [-73.41641, 40.858711], [-73.417038, 40.85883], [-73.419357, 40.859695], [-73.420882, 40.858614], [-73.421799, 40.858513], [-73.421806, 40.855845], [-73.418426, 40.85567], [-73.418236, 40.855193], [-73.41951, 40.851402], [-73.423904, 40.852057], [-73.424103, 40.853118], [-73.425135, 40.854108], [-73.427979, 40.854847], [-73.42916, 40.856295], [-73.431194, 40.854041], [-73.431827, 40.853091], [-73.432183, 40.851501], [-73.431504, 40.848106], [-73.431168, 40.846614], [-73.430008, 40.842804], [-73.429809, 40.841403], [-73.434394, 40.841116], [-73.43934, 40.840641], [-73.441512, 40.837813], [-73.43742, 40.836226], [-73.434654, 40.836211], [-73.433192, 40.836664], [-73.429483, 40.839325], [-73.42936, 40.838385], [-73.429305, 40.836518], [-73.428092, 40.833763], [-73.427575, 40.831961], [-73.425247, 40.832119], [-73.425359, 40.83263], [-73.423112, 40.832804], [-73.422984, 40.832234], [-73.42254, 40.83229], [-73.42234, 40.831348], [-73.423813, 40.831169], [-73.422981, 40.829509], [-73.421967, 40.8287], [-73.42109, 40.828677], [-73.420967, 40.825728], [-73.421983, 40.824298], [-73.421143, 40.819861], [-73.420464, 40.819279], [-73.418304, 40.819224], [-73.418289, 40.816997], [-73.418143, 40.816199], [-73.420944, 40.815499], [-73.423906, 40.81758], [-73.426319, 40.815995], [-73.422442, 40.812912], [-73.41945, 40.808308], [-73.423059, 40.808371], [-73.426251, 40.808311], [-73.423007, 40.803844], [-73.421559, 40.800747], [-73.421409, 40.800131], [-73.421511, 40.797838], [-73.423891, 40.80035], [-73.426998, 40.801969], [-73.431281, 40.802682], [-73.434814, 40.802728], [-73.441701, 40.802145], [-73.443414, 40.802497], [-73.448763, 40.804999], [-73.449766, 40.810398], [-73.451623, 40.81973], [-73.453921, 40.831969], [-73.454625, 40.835001], [-73.454681, 40.835908], [-73.454121, 40.836104], [-73.451783, 40.837737], [-73.451578, 40.838238], [-73.449845, 40.840137], [-73.448693, 40.841137], [-73.447059, 40.842178], [-73.437203, 40.845599], [-73.435029, 40.846129], [-73.437093, 40.848999], [-73.436349, 40.851315], [-73.434804, 40.851986], [-73.434769, 40.853565], [-73.434211, 40.853419], [-73.432213, 40.853258], [-73.433873, 40.853937], [-73.436676, 40.854854], [-73.437295, 40.855426], [-73.437135, 40.856128], [-73.437411, 40.856287], [-73.437506, 40.85649], [-73.437585, 40.856944], [-73.437485, 40.857274], [-73.43804, 40.858111], [-73.437336, 40.859172], [-73.437547, 40.86167], [-73.438289, 40.861462], [-73.437808, 40.86214], [-73.440082, 40.863349], [-73.439826, 40.863574], [-73.439796, 40.863776], [-73.439805, 40.863948], [-73.43988, 40.864116], [-73.439996, 40.864239], [-73.440202, 40.864363], [-73.440425, 40.864448], [-73.440772, 40.864581], [-73.442329, 40.865817], [-73.442699, 40.865625], [-73.443443, 40.866708], [-73.444808, 40.869442], [-73.444375, 40.869555], [-73.445115, 40.870493], [-73.441277, 40.872295], [-73.44071, 40.873064], [-73.438657, 40.873251], [-73.439117, 40.874456], [-73.439546, 40.874353], [-73.440194, 40.87557], [-73.440712, 40.87585], [-73.44196, 40.875835], [-73.44316, 40.875887], [-73.442603, 40.877001], [-73.441986, 40.878581], [-73.441591, 40.878721], [-73.441721, 40.879905], [-73.442551, 40.88031], [-73.443138, 40.880676], [-73.443679, 40.88145], [-73.443288, 40.882469], [-73.442222, 40.884101], [-73.443405, 40.884135], [-73.443778, 40.885022], [-73.456078, 40.886124], [-73.457384, 40.883179], [-73.461326, 40.883446], [-73.462428, 40.886858], [-73.466484, 40.886592], [-73.469009, 40.888545], [-73.4731048999781, 40.8882527801216], [-73.4731898580913, 40.892633432834], [-73.473194, 40.892847], [-73.4742522146233, 40.8951578557763], [-73.475333, 40.897518], [-73.4772731278718, 40.8986393362823], [-73.479373, 40.899853], [-73.4801679804384, 40.9010796805959], [-73.485078, 40.908656], [-73.486831, 40.915415], [-73.489921, 40.919707], [-73.496518, 40.923141], [-73.496886, 40.925667]]]]}}, {"type": "Feature", "id": "06607", "properties": {"ZCTA5CE20": "06607", "GEOID20": "06607", "zip": "06607", "STUSPS": "CT"}, "geometry": {"type": "Polygon", "coordinates": [[[-73.180455, 41.171296], [-73.176595, 41.176733], [-73.175824, 41.178038], [-73.171068, 41.185695], [-73.170109, 41.185685], [-73.167096, 41.185464], [-73.166555, 41.185431], [-73.154731, 41.184819], [-73.15446, 41.183834], [-73.154486, 41.183683], [-73.154613, 41.183554], [-73.154231, 41.18303], [-73.155319, 41.179431], [-73.155618, 41.177726], [-73.158783, 41.174325], [-73.157831, 41.173208], [-73.159923, 41.170692], [-73.161332, 41.166655], [-73.16273, 41.162841], [-73.164368, 41.1586], [-73.1647956314162, 41.1569078620246], [-73.172196, 41.159074], [-73.170701, 41.164945], [-73.175855, 41.1662216588435], [-73.177355, 41.169096], [-73.180455, 41.171296]]]}}, {"type": "Feature", "id": "06439", "properties": {"ZCTA5CE20": "06439", "GEOID20": "06439", "zip": "06439", "STUSPS": "CT"}, "geometry": {"type": "Polygon", "coordinates": [[[-72.41072, 41.421218], [-72.404064, 41.420444], [-72.406483, 41.421804], [-72.401826, 41.423464], [-72.390458, 41.417559], [-72.389034, 41.416008], [-72.388216, 41.411548], [-72.398044, 41.408212], [-72.405239, 41.412613], [-72.40802, 41.412301], [-72.411518, 41.419862], [-72.41072, 41.421218]]]}}, {"type": "Feature", "id": "06798", "properties": {"ZCTA5CE20": "06798", "GEOID20": "06798", "zip": "06798", "STUSPS": "CT"}, "geometry": {"type": "Polygon", "coordinates": [[[-73.267336, 41.603199], [-73.253509, 41.604532], [-73.249574, 41.604968], [-73.210932, 41.608248], [-73.195549, 41.609639], [-73.188469, 41.610142], [-73.179619, 41.611091], [-73.169313, 41.611866], [-73.157756, 41.612696], [-73.154473, 41.599805], [-73.15032, 41.580653], [-73.149121, 41.575354], [-73.148864, 41.574229], [-73.148299, 41.568775], [-73.147273, 41.567295], [-73.145036, 41.557822], [-73.164676, 41.557088], [-73.162523, 41.547083], [-73.157854, 41.525049], [-73.156061, 41.518288], [-73.15573, 41.515279], [-73.155492, 41.514304], [-73.170371, 41.512587], [-73.1812, 41.511288], [-73.204197, 41.508527], [-73.20684, 41.508803], [-73.208006, 41.509007], [-73.219724, 41.510225], [-73.239017, 41.512594], [-73.242247, 41.512952], [-73.242765, 41.512985], [-73.246048, 41.512774], [-73.250309, 41.512253], [-73.252265, 41.512134], [-73.25401, 41.518902], [-73.258027, 41.536936], [-73.260904, 41.557223], [-73.261198, 41.562607], [-73.266536, 41.597215], [-73.267336, 41.603199]]]}}, {"type": "Feature", "id": "06456", "properties": {"ZCTA5CE20": "06456", "GEOID20": "06456", "zip": "06456", "STUSPS": "CT"}, "geometry": {"type": "Polygon", "coordinates": [[[-72.561992, 41.556175], [-72.559808, 41.558652], [-72.553839, 41.558329], [-72.555486, 41.561632], [-72.556198, 41.562428], [-72.550725, 41.5618], [-72.548612, 41.562052], [-72.544468, 41.562648], [-72.542952, 41.563218], [-72.546499, 41.560706], [-72.548454, 41.558116], [-72.550403, 41.553966], [-72.549741, 41.552303], [-72.545066, 41.552744], [-72.543376, 41.552279], [-72.540498, 41.550437], [-72.536972, 41.529884], [-72.537994, 41.528938], [-72.540405, 41.528767], [-72.545715, 41.527225], [-72.549822, 41.526664], [-72.548633, 41.524362], [-72.551067, 41.525077], [-72.553017, 41.524866], [-72.553303, 41.517158], [-72.552581, 41.511407], [-72.554912, 41.51105], [-72.555736, 41.514567], [-72.556194, 41.51932], [-72.555858, 41.524958], [-72.553798, 41.530474], [-72.552974, 41.531527], [-72.551341, 41.535304], [-72.550945, 41.538073], [-72.551128, 41.542994], [-72.551585, 41.545497], [-72.55247, 41.547511], [-72.554393, 41.550646], [-72.560802, 41.554049], [-72.561992, 41.556175]]]}}, {"type": "Feature", "id": "06118", "properties": {"ZCTA5CE20": "06118", "GEOID20": "06118", "zip": "06118", "STUSPS": "CT"}, "geometry": {"type": "Polygon", "coordinates": [[[-72.65399, 41.753058], [-72.647731, 41.75714], [-72.645126, 41.758211], [-72.643865, 41.758581], [-72.645297, 41.761409], [-72.643582, 41.76293], [-72.643307, 41.763725], [-72.639859, 41.7632], [-72.633221, 41.763425], [-72.631903, 41.763657], [-72.618522, 41.767431], [-72.618606, 41.767784], [-72.605979, 41.770957], [-72.602346, 41.771557], [-72.602028, 41.771225], [-72.59082, 41.772804], [-72.582586, 41.773046], [-72.580396, 41.77345], [-72.578478, 41.774042], [-72.577684, 41.769421], [-72.577093, 41.765943], [-72.575625, 41.757063], [-72.573088, 41.743921], [-72.571233, 41.733799], [-72.574059, 41.733483], [-72.58651, 41.731862], [-72.592966, 41.731125], [-72.599312, 41.729872], [-72.603951, 41.729453], [-72.613848, 41.728123], [-72.616494, 41.72758], [-72.627099, 41.726175], [-72.630939, 41.725662], [-72.63424, 41.725089], [-72.636335, 41.724899], [-72.647836, 41.727899], [-72.642636, 41.735199], [-72.642536, 41.739899], [-72.644636, 41.745699], [-72.649036, 41.7502], [-72.65399, 41.753058]]]}}, {"type": "Feature", "id": "06901", "properties": {"ZCTA5CE20": "06901", "GEOID20": "06901", "zip": "06901", "STUSPS": "CT"}, "geometry": {"type": "Polygon", "coordinates": [[[-73.547419, 41.050401], [-73.546685, 41.050607], [-73.546131, 41.052083], [-73.545638, 41.052221], [-73.545575, 41.053697], [-73.543594, 41.055589], [-73.543159, 41.055605], [-73.541379, 41.055504], [-73.541353, 41.056891], [-73.541968, 41.05886], [-73.539797, 41.059228], [-73.538183, 41.060626], [-73.537636, 41.061229], [-73.537597, 41.061041], [-73.537414, 41.059608], [-73.535276, 41.059139], [-73.53367, 41.060284], [-73.533816, 41.059199], [-73.534134, 41.057952], [-73.531719, 41.057285], [-73.531164, 41.057162], [-73.531181, 41.056383], [-73.531024, 41.055237], [-73.529685, 41.055335], [-73.529643, 41.054663], [-73.529111, 41.05316], [-73.530607, 41.052216], [-73.533669, 41.050602], [-73.535787, 41.049889], [-73.538666, 41.048665], [-73.539404, 41.048404], [-73.542976, 41.047217], [-73.545029, 41.046638], [-73.545283, 41.048141], [-73.546304, 41.048036], [-73.546701, 41.050501], [-73.547419, 41.050401]]]}}, {"type": "Feature", "id": "06403", "properties": {"ZCTA5CE20": "06403", "GEOID20": "06403", "zip": "06403", "STUSPS": "CT"}, "geometry": {"type": "Polygon", "coordinates": [[[-73.092698, 41.41345], [-73.086402, 41.433728], [-73.085512, 41.43587], [-73.083455, 41.439135], [-73.078613, 41.457784], [-73.077366, 41.465189], [-73.070198, 41.460539], [-73.067776, 41.459956], [-73.062451, 41.456802], [-73.061768, 41.456268], [-73.060265, 41.457893], [-73.056108, 41.459623], [-73.053726, 41.461613], [-73.05352, 41.466068], [-73.052117, 41.46896], [-73.051245, 41.468939], [-73.041437, 41.468875], [-73.039188, 41.466387], [-73.037208, 41.466144], [-73.034259, 41.466401], [-73.032349, 41.46533], [-73.030471, 41.465907], [-73.0294, 41.464827], [-73.02959, 41.464156], [-73.029596, 41.463948], [-73.029442, 41.463749], [-73.0289, 41.463634], [-73.028329, 41.46364], [-73.026185, 41.461558], [-73.025751, 41.459596], [-73.02497, 41.451232], [-73.024952, 41.450094], [-73.025022, 41.437336], [-73.02522, 41.434567], [-73.029459, 41.419492], [-73.041651, 41.420896], [-73.049803, 41.421972], [-73.063108, 41.423598], [-73.065268, 41.41877], [-73.067881, 41.416663], [-73.069582, 41.413773], [-73.070256, 41.41136], [-73.068473, 41.410737], [-73.073695, 41.410553], [-73.073949, 41.410503], [-73.074304, 41.410528], [-73.075888, 41.410399], [-73.081865, 41.40559], [-73.083585, 41.403766], [-73.088719, 41.408967], [-73.092698, 41.41345]]]}}, {"type": "Feature", "id": "06415", "properties": {"ZCTA5CE20": "06415", "GEOID20": "06415", "zip": "06415", "STUSPS": "CT"}, "geometry": {"type": "Polygon", "coordinates": [[[-72.46673, 41.583899], [-72.42886, 41.588986], [-72.427729, 41.589198], [-72.417229, 41.590598], [-72.415331, 41.59373], [-72.410629, 41.601798], [-72.410367, 41.602581], [-72.408479, 41.602325], [-72.406057, 41.598789], [-72.401274, 41.595631], [-72.397283, 41.594743], [-72.393324, 41.592608], [-72.393137, 41.592509], [-72.385582, 41.589591], [-72.38415, 41.588652], [-72.383859, 41.59078], [-72.382369, 41.592066], [-72.382035, 41.593807], [-72.380517, 41.595465], [-72.377613, 41.596237], [-72.376595, 41.597701], [-72.375447, 41.601324], [-72.371366, 41.599484], [-72.36782, 41.6002], [-72.365217, 41.59978], [-72.363719, 41.601159], [-72.361591, 41.600791], [-72.358885, 41.598284], [-72.355851, 41.59761], [-72.353111, 41.598855], [-72.352374, 41.59905], [-72.343348, 41.599325], [-72.329104, 41.605057], [-72.328095, 41.605471], [-72.32451, 41.61857], [-72.313125, 41.609522], [-72.309505, 41.611514], [-72.29289, 41.598124], [-72.291971, 41.597697], [-72.289678, 41.595952], [-72.262671, 41.574513], [-72.261957, 41.574001], [-72.253229, 41.566125], [-72.249516, 41.562715], [-72.247409, 41.560367], [-72.231038, 41.548745], [-72.227823, 41.546203], [-72.21911, 41.538815], [-72.229683, 41.536783], [-72.229693, 41.536594], [-72.230141, 41.536558], [-72.233155, 41.535803], [-72.234764, 41.535527], [-72.234905, 41.53567], [-72.263949, 41.529578], [-72.295832, 41.522934], [-72.303771, 41.521307], [-72.314401, 41.519157], [-72.322931, 41.518119], [-72.321848, 41.512221], [-72.315246, 41.478091], [-72.312502, 41.478198], [-72.312545, 41.47736], [-72.314685, 41.476257], [-72.320298, 41.475544], [-72.322861, 41.478561], [-72.322902, 41.480971], [-72.326456, 41.482363], [-72.331809, 41.481822], [-72.335457, 41.482383], [-72.337526, 41.483837], [-72.341502, 41.484346], [-72.339069, 41.484947], [-72.338159, 41.487903], [-72.335312, 41.488512], [-72.336306, 41.492732], [-72.339298, 41.494229], [-72.344481, 41.494119], [-72.346468, 41.496406], [-72.34789, 41.496535], [-72.348606, 41.498087], [-72.350562, 41.499375], [-72.352278, 41.498698], [-72.353729, 41.499952], [-72.356811, 41.500928], [-72.360127, 41.507199], [-72.367605, 41.517782], [-72.370732, 41.517501], [-72.374208, 41.517769], [-72.379796, 41.516909], [-72.382542, 41.51621], [-72.383737, 41.516497], [-72.385088, 41.51779], [-72.383707, 41.526916], [-72.383057, 41.529], [-72.402354, 41.527244], [-72.430767, 41.524567], [-72.435138, 41.53187], [-72.446554, 41.550657], [-72.447945, 41.552864], [-72.448737, 41.553534], [-72.449059, 41.553937], [-72.45185, 41.558567], [-72.46673, 41.583899]]]}}, {"type": "Feature", "id": "06060", "properties": {"ZCTA5CE20": "06060", "GEOID20": "06060", "zip": "06060", "STUSPS": "CT"}, "geometry": {"type": "Polygon", "coordinates": [[[-72.880531, 41.990936], [-72.878714, 41.995878], [-72.877615, 41.998991], [-72.87762, 42.000161], [-72.874543, 42.008822], [-72.873001, 42.011628], [-72.863819, 42.035383], [-72.8636384107871, 42.0377091702701], [-72.863619, 42.037709], [-72.847142, 42.036894], [-72.8349699391824, 42.0367490988266], [-72.813541, 42.036494], [-72.8167357432203, 41.997658901085], [-72.816741, 41.997595], [-72.8085983692563, 41.9984743689456], [-72.809881, 41.992499], [-72.809758, 41.990451], [-72.810046, 41.990444], [-72.81121, 41.992543], [-72.810349, 41.993712], [-72.81278, 41.994634], [-72.81202, 41.996058], [-72.81711, 41.997464], [-72.819609, 41.997913], [-72.826497, 41.99687], [-72.827028, 41.994145], [-72.825674, 41.992252], [-72.829402, 41.994167], [-72.826104, 41.991906], [-72.824317, 41.988123], [-72.822242, 41.985126], [-72.823473, 41.984397], [-72.824335, 41.985646], [-72.833388, 41.980819], [-72.834152, 41.977916], [-72.836233, 41.97415], [-72.838329, 41.974095], [-72.839925, 41.975703], [-72.843805, 41.976277], [-72.844763, 41.975475], [-72.847378, 41.975314], [-72.847805, 41.976252], [-72.863649, 41.974687], [-72.864075, 41.972001], [-72.865798, 41.972904], [-72.87065, 41.973473], [-72.871867, 41.973957], [-72.871413, 41.976334], [-72.870149, 41.977855], [-72.870217, 41.979694], [-72.870874, 41.982119], [-72.873493, 41.98321], [-72.875629, 41.986928], [-72.877519, 41.987725], [-72.8784, 41.989729], [-72.880943, 41.990193], [-72.880531, 41.990936]]]}}, {"type": "Feature", "id": "06387", "properties": {"ZCTA5CE20": "06387", "GEOID20": "06387", "zip": "06387", "STUSPS": "CT"}, "geometry": {"type": "Polygon", "coordinates": [[[-71.912215, 41.745933], [-71.911251, 41.746872], [-71.910294, 41.745728], [-71.90668, 41.745734], [-71.906904, 41.743355], [-71.906841, 41.742742], [-71.911141, 41.744047], [-71.911853, 41.739904], [-71.912215, 41.745933]]]}}, {"type": "Feature", "id": "06459", "properties": {"ZCTA5CE20": "06459", "GEOID20": "06459", "zip": "06459", "STUSPS": "CT"}, "geometry": {"type": "Polygon", "coordinates": [[[-72.665001, 41.550034], [-72.66446, 41.550947], [-72.663558, 41.55125], [-72.662192, 41.551716], [-72.660337, 41.552595], [-72.659806, 41.550729], [-72.659497, 41.553022], [-72.659751, 41.552893], [-72.660246, 41.553326], [-72.660749, 41.554607], [-72.661153, 41.553745], [-72.662138, 41.557115], [-72.661065, 41.557139], [-72.66102, 41.556014], [-72.658172, 41.55737], [-72.659089, 41.559091], [-72.66111, 41.55841], [-72.661176, 41.55895], [-72.658255, 41.559858], [-72.654325, 41.561174], [-72.653737, 41.560264], [-72.654931, 41.559426], [-72.653691, 41.557292], [-72.654647, 41.555584], [-72.654272, 41.554169], [-72.658429, 41.553573], [-72.658423, 41.55104], [-72.659238, 41.548631], [-72.659292, 41.548275], [-72.659281, 41.54614], [-72.65984, 41.544048], [-72.659931, 41.543896], [-72.666515, 41.543217], [-72.665001, 41.550034]]]}}, {"type": "Feature", "id": "06023", "properties": {"ZCTA5CE20": "06023", "GEOID20": "06023", "zip": "06023", "STUSPS": "CT"}, "geometry": {"type": "Polygon", "coordinates": [[[-72.728197, 41.614569], [-72.727783, 41.615884], [-72.728571, 41.616569], [-72.724553, 41.622825], [-72.717081, 41.625107], [-72.715706, 41.625353], [-72.715527, 41.622821], [-72.713287, 41.620839], [-72.712809, 41.618915], [-72.711274, 41.617693], [-72.712567, 41.616684], [-72.713644, 41.610736], [-72.7151, 41.608074], [-72.715924, 41.606424], [-72.714538, 41.60431], [-72.723679, 41.603045], [-72.727175, 41.601994], [-72.727801, 41.606341], [-72.728703, 41.609116], [-72.728197, 41.614569]]]}}, {"type": "Feature", "id": "06071", "properties": {"ZCTA5CE20": "06071", "GEOID20": "06071", "zip": "06071", "STUSPS": "CT"}, "geometry": {"type": "Polygon", "coordinates": [[[-72.5092040512358, 42.0342165913446], [-72.4797597224356, 42.0340946123475], [-72.4601204240419, 42.0340132526419], [-72.4596911701656, 42.0340114743722], [-72.4582913228665, 42.0340056752259], [-72.45668, 42.033999], [-72.4414941437451, 42.0337713188137], [-72.3974333745419, 42.0331107167355], [-72.39971, 42.017421], [-72.398557, 42.016261], [-72.394744, 42.015273], [-72.393948, 42.009914], [-72.394105, 42.008459], [-72.397158, 42.008529], [-72.399633, 42.007546], [-72.400656, 42.009619], [-72.403522, 41.988156], [-72.400651, 41.988231], [-72.395334, 41.989789], [-72.396636, 41.986056], [-72.398097, 41.98476], [-72.398978, 41.981884], [-72.392685, 41.983237], [-72.393002, 41.981613], [-72.390159, 41.977379], [-72.395871, 41.979], [-72.40449, 41.979801], [-72.404424, 41.979069], [-72.406746, 41.957164], [-72.412118, 41.956883], [-72.430063, 41.955001], [-72.447329, 41.953106], [-72.457973, 41.95178], [-72.480891, 41.949176], [-72.482348, 41.948992], [-72.490489, 41.94768], [-72.491878, 41.947553], [-72.492729, 41.947497], [-72.498928, 41.977893], [-72.499406, 41.98159], [-72.499722, 41.984223], [-72.50232, 41.998039], [-72.503903, 42.006475], [-72.50539, 42.013567], [-72.505935, 42.016478], [-72.508637, 42.031135], [-72.5092040512358, 42.0342165913446]], [[-72.488171, 41.982952], [-72.488116, 41.982726], [-72.487108, 41.983627], [-72.484144, 41.986111], [-72.490612, 41.985019], [-72.488171, 41.982952]]]}}, {"type": "Feature", "id": "11939", "properties": {"ZCTA5CE20": "11939", "GEOID20": "11939", "zip": "11939", "STUSPS": "CT"}, "geometry": {"type": "Polygon", "coordinates": [[[-72.3608554421105, 41.1277340721221], [-72.3576246065867, 41.1317322180509], [-72.356087, 41.133635], [-72.355831933434, 41.1344553948561], [-72.354123, 41.139952], [-72.346398, 41.141006], [-72.3411955028733, 41.1409195821946], [-72.339234, 41.140887], [-72.339021243862, 41.140783243862], [-72.333351, 41.138018], [-72.326481, 41.137643], [-72.321635, 41.138716], [-72.3194380728434, 41.1407143373812], [-72.3192340811663, 41.1408998893658], [-72.3172563332812, 41.1391247050826], [-72.318146, 41.137134], [-72.3264321162856, 41.1322779686266], [-72.32663, 41.132162], [-72.329716, 41.126006], [-72.335271, 41.120274], [-72.339163, 41.115045], [-72.339124231484, 41.1139081841877], [-72.3390186363673, 41.1108118005527], [-72.338999, 41.110236], [-72.3374889231241, 41.1089246590395], [-72.339527, 41.106419], [-72.342102, 41.103943], [-72.344961, 41.101194], [-72.347405, 41.103509], [-72.350747, 41.106724], [-72.350662, 41.107364], [-72.348358, 41.111137], [-72.348245, 41.111297], [-72.347025, 41.112729], [-72.345862, 41.114437], [-72.346471, 41.114603], [-72.351236, 41.119667], [-72.35172, 41.119535], [-72.352936, 41.119827], [-72.355371, 41.122082], [-72.355172, 41.123684], [-72.357972, 41.125061], [-72.3608554421105, 41.1277340721221]]]}}, {"type": "Feature", "id": "11956", "properties": {"ZCTA5CE20": "11956", "GEOID20": "11956", "zip": "11956", "STUSPS": "CT"}, "geometry": {"type": "Polygon", "coordinates": [[[-72.484112, 40.990318], [-72.48212, 40.990869], [-72.482132, 40.991033], [-72.482188, 40.991139], [-72.483356, 40.992773], [-72.483638, 40.994357], [-72.484103, 40.998075], [-72.47793, 41.003343], [-72.472717, 41.004081], [-72.471489, 41.003703], [-72.468928, 41.003215], [-72.464843, 41.001273], [-72.464658, 40.987311], [-72.456406, 40.976861], [-72.451872, 40.967164], [-72.451513, 40.95767], [-72.451585, 40.956003], [-72.458007, 40.957758], [-72.46557, 40.961153], [-72.472732, 40.967398], [-72.480486, 40.977852], [-72.483166, 40.984063], [-72.484112, 40.990318]]]}}, {"type": "Feature", "id": "06469", "properties": {"ZCTA5CE20": "06469", "GEOID20": "06469", "zip": "06469", "STUSPS": "CT"}, "geometry": {"type": "Polygon", "coordinates": [[[-72.487847, 41.502236], [-72.485717, 41.504988], [-72.484033, 41.509037], [-72.481931, 41.512542], [-72.481723, 41.514339], [-72.483038, 41.516348], [-72.482592, 41.518443], [-72.480373, 41.519465], [-72.479439, 41.52184], [-72.47553, 41.524255], [-72.469742, 41.529652], [-72.468619, 41.53108], [-72.465926, 41.532677], [-72.463557, 41.533516], [-72.461695, 41.535415], [-72.459313, 41.539164], [-72.459704, 41.540022], [-72.458845, 41.539583], [-72.458657, 41.536817], [-72.455398, 41.531023], [-72.454193, 41.529765], [-72.449549, 41.52253], [-72.448508, 41.522567], [-72.430767, 41.524567], [-72.402354, 41.527244], [-72.401268, 41.526058], [-72.400809, 41.522653], [-72.398681, 41.517845], [-72.398683, 41.514158], [-72.401603, 41.512777], [-72.407308, 41.509947], [-72.408217, 41.508725], [-72.413218, 41.507016], [-72.414408, 41.507169], [-72.414897, 41.509387], [-72.417095, 41.508914], [-72.421056, 41.508439], [-72.424205, 41.507116], [-72.423428, 41.506927], [-72.422444, 41.506265], [-72.422068, 41.504664], [-72.421782, 41.504199], [-72.422274, 41.504038], [-72.421934, 41.503591], [-72.421898, 41.503036], [-72.422659, 41.502714], [-72.422769, 41.502189], [-72.423492, 41.501222], [-72.425018, 41.499914], [-72.425537, 41.498355], [-72.428108, 41.495632], [-72.431931, 41.493102], [-72.431253, 41.491816], [-72.431334, 41.490514], [-72.434221, 41.487781], [-72.435847, 41.487165], [-72.439531, 41.484566], [-72.441479, 41.484518], [-72.4452, 41.481536], [-72.446027, 41.48108], [-72.44758, 41.480549], [-72.454426, 41.479598], [-72.454643, 41.480467], [-72.465448, 41.484201], [-72.476867, 41.484214], [-72.47727, 41.488646], [-72.479011, 41.489586], [-72.483061, 41.489534], [-72.485687, 41.491413], [-72.486344, 41.493104], [-72.487915, 41.500363], [-72.487847, 41.502236]]]}}, {"type": "Feature", "id": "06762", "properties": {"ZCTA5CE20": "06762", "GEOID20": "06762", "zip": "06762", "STUSPS": "CT"}, "geometry": {"type": "Polygon", "coordinates": [[[-73.164676, 41.557088], [-73.145036, 41.557822], [-73.130878, 41.560917], [-73.130221, 41.561055], [-73.129082, 41.561293], [-73.118857, 41.56377], [-73.116488, 41.564288], [-73.1009, 41.568361], [-73.098529, 41.568976], [-73.093853, 41.570196], [-73.091269, 41.555744], [-73.090377, 41.551475], [-73.088159, 41.541199], [-73.087561, 41.539116], [-73.086324, 41.536177], [-73.083727, 41.531487], [-73.080485, 41.526407], [-73.077884, 41.523527], [-73.072266, 41.5183], [-73.070114, 41.514301], [-73.077256, 41.51407], [-73.079858, 41.514091], [-73.080811, 41.513086], [-73.081009, 41.514009], [-73.093843, 41.513907], [-73.094685, 41.513805], [-73.094747, 41.511511], [-73.096049, 41.508049], [-73.095314, 41.501569], [-73.097384, 41.500665], [-73.099592, 41.498036], [-73.101868, 41.496955], [-73.104532, 41.492058], [-73.104234, 41.489396], [-73.125017, 41.487552], [-73.15789, 41.489409], [-73.157319, 41.490243], [-73.156836, 41.492969], [-73.158016, 41.496589], [-73.159857, 41.497007], [-73.160353, 41.498056], [-73.159033, 41.500728], [-73.157902, 41.501736], [-73.156783, 41.505501], [-73.158381, 41.508161], [-73.156882, 41.511416], [-73.155561, 41.511399], [-73.155413, 41.514828], [-73.15573, 41.515279], [-73.156061, 41.518288], [-73.157854, 41.525049], [-73.162523, 41.547083], [-73.164676, 41.557088]]]}}, {"type": "Feature", "id": "06784", "properties": {"ZCTA5CE20": "06784", "GEOID20": "06784", "zip": "06784", "STUSPS": "CT"}, "geometry": {"type": "Polygon", "coordinates": [[[-73.530067, 41.527194], [-73.5274208272509, 41.5543355939442], [-73.5274190937751, 41.5543533740742], [-73.5213499900943, 41.6166037119497], [-73.521041, 41.619773], [-73.5210383249554, 41.619828966949], [-73.5200737332017, 41.6400100350447], [-73.520017, 41.641197], [-73.5182376035525, 41.6667339816894], [-73.516019, 41.665964], [-73.510379, 41.666498], [-73.506923, 41.665802], [-73.506929, 41.664029], [-73.503952, 41.661773], [-73.497952, 41.658893], [-73.494864, 41.661214], [-73.493968, 41.661118], [-73.49115, 41.654606], [-73.49032, 41.653278], [-73.484686, 41.64743], [-73.486728, 41.647053], [-73.488074, 41.645648], [-73.490029, 41.646414], [-73.49411, 41.644487], [-73.496289, 41.642498], [-73.49598, 41.640395], [-73.496762, 41.638514], [-73.49781, 41.638145], [-73.495016, 41.631785], [-73.488723, 41.617886], [-73.479791, 41.600798], [-73.474005, 41.588341], [-73.469106, 41.577743], [-73.467272, 41.573588], [-73.465126, 41.572054], [-73.460456, 41.562709], [-73.461333, 41.560719], [-73.455163, 41.547195], [-73.454017, 41.542687], [-73.450368, 41.534678], [-73.454738, 41.533861], [-73.464563, 41.532022], [-73.470662, 41.530867], [-73.480223, 41.528882], [-73.482792, 41.528372], [-73.485936, 41.527931], [-73.5306605365111, 41.5199685828257], [-73.530067, 41.527194]]]}}, {"type": "Feature", "id": "06409", "properties": {"ZCTA5CE20": "06409", "GEOID20": "06409", "zip": "06409", "STUSPS": "CT"}, "geometry": {"type": "MultiPolygon", "coordinates": [[[[-72.434965, 41.36053], [-72.42713, 41.363717], [-72.414545, 41.356602], [-72.409436, 41.354732], [-72.408286, 41.354353], [-72.408974, 41.353023], [-72.407284, 41.352459], [-72.406178, 41.351691], [-72.405642, 41.350586], [-72.408152, 41.349819], [-72.413781, 41.342109], [-72.414197, 41.340689], [-72.416487, 41.338274], [-72.418601, 41.339017], [-72.422677, 41.343077], [-72.424409, 41.343132], [-72.423195, 41.344595], [-72.421432, 41.344431], [-72.42147, 41.347292], [-72.422823, 41.34915], [-72.423784, 41.348622], [-72.431597, 41.347337], [-72.431567, 41.348848], [-72.432308, 41.350473], [-72.431508, 41.352678], [-72.430029, 41.355688], [-72.427791, 41.356283], [-72.429829, 41.359317], [-72.431749, 41.358595], [-72.434965, 41.36053]]], [[[-72.440541, 41.34747], [-72.440328, 41.348251], [-72.438471, 41.3479], [-72.436463, 41.347396], [-72.437379, 41.347212], [-72.437773, 41.346685], [-72.439455, 41.346479], [-72.440479, 41.346769], [-72.440541, 41.34747]]]]}}, {"type": "Feature", "id": "06072", "properties": {"ZCTA5CE20": "06072", "GEOID20": "06072", "zip": "06072", "STUSPS": "CT"}, "geometry": {"type": "Polygon", "coordinates": [[[-72.490612, 41.985019], [-72.484144, 41.986111], [-72.487108, 41.983627], [-72.488116, 41.982726], [-72.488171, 41.982952], [-72.490612, 41.985019]]]}}, {"type": "Feature", "id": "06263", "properties": {"ZCTA5CE20": "06263", "GEOID20": "06263", "zip": "06263", "STUSPS": "CT"}, "geometry": {"type": "Polygon", "coordinates": [[[-71.912106, 41.841855], [-71.909894, 41.842606], [-71.909803, 41.842652], [-71.90141, 41.837049], [-71.898477, 41.83644], [-71.898716, 41.833522], [-71.900241, 41.83341], [-71.901899, 41.833747], [-71.904115, 41.833226], [-71.904378, 41.835543], [-71.907488, 41.837383], [-71.910446, 41.841137], [-71.912145, 41.841836], [-71.912106, 41.841855]]]}}, {"type": "Feature", "id": "06758", "properties": {"ZCTA5CE20": "06758", "GEOID20": "06758", "zip": "06758", "STUSPS": "CT"}, "geometry": {"type": "Polygon", "coordinates": [[[-73.2415, 41.680051], [-73.239462, 41.681699], [-73.237406, 41.682387], [-73.228896, 41.683307], [-73.227212, 41.682962], [-73.225242, 41.681889], [-73.221004, 41.681132], [-73.222044, 41.674827], [-73.2213, 41.674096], [-73.221248, 41.666728], [-73.224726, 41.666527], [-73.226314, 41.668225], [-73.230228, 41.67412], [-73.233714, 41.676814], [-73.235266, 41.67686], [-73.235274, 41.6769], [-73.237243, 41.677169], [-73.239005, 41.678066], [-73.240347, 41.678195], [-73.2422, 41.677888], [-73.2415, 41.680051]]]}}, {"type": "Feature", "id": "06708", "properties": {"ZCTA5CE20": "06708", "GEOID20": "06708", "zip": "06708", "STUSPS": "CT"}, "geometry": {"type": "Polygon", "coordinates": [[[-73.092353, 41.570496], [-73.089406, 41.575211], [-73.089113, 41.575654], [-73.086755, 41.579592], [-73.085145, 41.582108], [-73.082984, 41.585565], [-73.080401, 41.586711], [-73.078203, 41.586145], [-73.077593, 41.587499], [-73.064209, 41.588491], [-73.064261, 41.583584], [-73.06546, 41.580419], [-73.064662, 41.578912], [-73.058337, 41.576342], [-73.054263, 41.578643], [-73.053139, 41.581416], [-73.052461, 41.580885], [-73.051937, 41.579725], [-73.052243, 41.577269], [-73.056317, 41.569831], [-73.057434, 41.56741], [-73.057898, 41.565302], [-73.057812, 41.563207], [-73.055963, 41.558757], [-73.05493, 41.556976], [-73.053679, 41.553747], [-73.051222, 41.551594], [-73.049865, 41.551678], [-73.045857, 41.551819], [-73.043594, 41.551917], [-73.042296, 41.551887], [-73.042512, 41.551486], [-73.043359, 41.550063], [-73.043476, 41.547545], [-73.040336, 41.547608], [-73.040188, 41.546986], [-73.039436, 41.540177], [-73.036552, 41.538273], [-73.036392, 41.537315], [-73.037669, 41.533374], [-73.040125, 41.529948], [-73.04263, 41.525011], [-73.042128, 41.525119], [-73.041413, 41.52317], [-73.044321, 41.520139], [-73.04774, 41.520014], [-73.04818, 41.519426], [-73.050536, 41.519623], [-73.05199, 41.519139], [-73.05429, 41.517228], [-73.054191, 41.514758], [-73.055016, 41.514657], [-73.059318, 41.514524], [-73.066508, 41.51422], [-73.069892, 41.514292], [-73.070114, 41.514301], [-73.072266, 41.5183], [-73.077884, 41.523527], [-73.080485, 41.526407], [-73.083727, 41.531487], [-73.086324, 41.536177], [-73.087561, 41.539116], [-73.088159, 41.541199], [-73.090377, 41.551475], [-73.091269, 41.555744], [-73.093853, 41.570196], [-73.092353, 41.570496]]]}}, {"type": "Feature", "id": "06062", "properties": {"ZCTA5CE20": "06062", "GEOID20": "06062", "zip": "06062", "STUSPS": "CT"}, "geometry": {"type": "Polygon", "coordinates": [[[-72.892883, 41.696693], [-72.877786, 41.698095], [-72.863845, 41.695429], [-72.85321, 41.693792], [-72.848861, 41.693041], [-72.844685, 41.692324], [-72.843172, 41.692073], [-72.843103, 41.692328], [-72.842918, 41.692524], [-72.842703, 41.69263], [-72.842602, 41.692473], [-72.842175, 41.691908], [-72.835817, 41.690879], [-72.832508, 41.690434], [-72.83311, 41.688656], [-72.834874, 41.685667], [-72.835005, 41.683445], [-72.836088, 41.682583], [-72.836651, 41.679914], [-72.835069, 41.676741], [-72.834856, 41.675413], [-72.83345, 41.673905], [-72.8336, 41.671565], [-72.8292, 41.669954], [-72.825335, 41.669244], [-72.825418, 41.668938], [-72.82537, 41.667341], [-72.82343, 41.658779], [-72.822573, 41.65571], [-72.846766, 41.653409], [-72.855054, 41.652457], [-72.866206, 41.651094], [-72.870588, 41.650695], [-72.872924, 41.650486], [-72.874881, 41.650305], [-72.880613, 41.649722], [-72.883388, 41.649468], [-72.885109, 41.657985], [-72.886174, 41.65978], [-72.886762, 41.66262], [-72.886473, 41.663003], [-72.886663, 41.666008], [-72.887507, 41.669279], [-72.887935, 41.669248], [-72.888268, 41.67145], [-72.887811, 41.671622], [-72.888526, 41.67516], [-72.889214, 41.678075], [-72.89032, 41.684057], [-72.891896, 41.69254], [-72.892883, 41.696693]]]}}, {"type": "Feature", "id": "06021", "properties": {"ZCTA5CE20": "06021", "GEOID20": "06021", "zip": "06021", "STUSPS": "CT"}, "geometry": {"type": "Polygon", "coordinates": [[[-73.143126, 41.988624], [-73.129014, 42.036255], [-73.1272774996918, 42.0419641690369], [-73.0532880861326, 42.0398619684613], [-73.053254, 42.039861], [-73.0087643066587, 42.038860282198], [-73.020539, 42.000094], [-73.023718, 41.988131], [-73.029537, 41.966606], [-73.030618, 41.966553], [-73.034024, 41.966301], [-73.039683, 41.965834], [-73.044713, 41.965437], [-73.049251, 41.965072], [-73.064238, 41.963913], [-73.070631, 41.963607], [-73.091836, 41.962502], [-73.102604, 41.962261], [-73.121814, 41.961253], [-73.124737, 41.960972], [-73.151494, 41.959726], [-73.143126, 41.988624]]]}}, {"type": "Feature", "id": "06089", "properties": {"ZCTA5CE20": "06089", "GEOID20": "06089", "zip": "06089", "STUSPS": "CT"}, "geometry": {"type": "Polygon", "coordinates": [[[-72.84082, 41.822139], [-72.838676, 41.832162], [-72.838892, 41.832346], [-72.836641, 41.83385], [-72.836238, 41.835475], [-72.835277, 41.835758], [-72.831343, 41.839825], [-72.830309, 41.841863], [-72.831086, 41.842213], [-72.833598, 41.842943], [-72.834457, 41.843761], [-72.837856, 41.845665], [-72.836666, 41.846379], [-72.834705, 41.850757], [-72.828149, 41.849508], [-72.827451, 41.854414], [-72.828852, 41.856043], [-72.82793, 41.855748], [-72.824569, 41.855339], [-72.823056, 41.856846], [-72.822821, 41.857802], [-72.820675, 41.857101], [-72.819633, 41.854812], [-72.818635, 41.854245], [-72.815275, 41.854137], [-72.812526, 41.854567], [-72.811573, 41.855964], [-72.810038, 41.855152], [-72.809342, 41.85469], [-72.809304, 41.854327], [-72.810318, 41.851849], [-72.807671, 41.848282], [-72.807273, 41.84716], [-72.806744, 41.84514], [-72.808929, 41.843487], [-72.810097, 41.84177], [-72.809326, 41.835598], [-72.808703, 41.833109], [-72.809158, 41.832031], [-72.812363, 41.828861], [-72.818558, 41.825024], [-72.819308, 41.822434], [-72.819679, 41.822327], [-72.829, 41.821389], [-72.840029, 41.820216], [-72.84082, 41.822139]]]}}, {"type": "Feature", "id": "06088", "properties": {"ZCTA5CE20": "06088", "GEOID20": "06088", "zip": "06088", "STUSPS": "CT"}, "geometry": {"type": "Polygon", "coordinates": [[[-72.623434, 41.934297], [-72.607763, 41.935891], [-72.606932, 41.936097], [-72.603892, 41.936314], [-72.590423, 41.937514], [-72.577367, 41.938657], [-72.576433, 41.936236], [-72.572849, 41.937158], [-72.571289, 41.935929], [-72.570199, 41.93457], [-72.569837, 41.927771], [-72.567096, 41.924714], [-72.567693, 41.923259], [-72.563184, 41.921819], [-72.562207, 41.916081], [-72.56448, 41.913978], [-72.564221, 41.913351], [-72.562699, 41.913456], [-72.562346, 41.912222], [-72.564332, 41.911134], [-72.566455, 41.910002], [-72.567685, 41.908434], [-72.568147, 41.906033], [-72.57154, 41.904205], [-72.57252, 41.902628], [-72.57059, 41.901939], [-72.572851, 41.899101], [-72.571653, 41.898313], [-72.571921, 41.896815], [-72.573134, 41.896329], [-72.572824, 41.894207], [-72.574063, 41.886561], [-72.577945, 41.886787], [-72.578754, 41.885905], [-72.578871, 41.883323], [-72.577808, 41.882775], [-72.580509, 41.880882], [-72.58182, 41.880021], [-72.585058, 41.880784], [-72.587988, 41.880129], [-72.589932, 41.87727], [-72.585941, 41.874046], [-72.588078, 41.872394], [-72.587988, 41.868313], [-72.603387, 41.868155], [-72.605601, 41.868038], [-72.616603, 41.868596], [-72.619264, 41.868296], [-72.619401, 41.876525], [-72.619693, 41.882841], [-72.620448, 41.88714], [-72.620441, 41.890404], [-72.621377, 41.893139], [-72.620685, 41.897712], [-72.621734, 41.904597], [-72.622678, 41.917109], [-72.62409, 41.929195], [-72.623434, 41.934297]]]}}, {"type": "Feature", "id": "11935", "properties": {"ZCTA5CE20": "11935", "GEOID20": "11935", "zip": "11935", "STUSPS": "CT"}, "geometry": {"type": "Polygon", "coordinates": [[[-72.5357772669725, 41.0281198618537], [-72.521548, 41.037652], [-72.5210463604463, 41.0379988021137], [-72.5195354572109, 41.0390433458138], [-72.517981, 41.040118], [-72.5164701236562, 41.0402612805644], [-72.5122089999662, 41.0406653746585], [-72.50964, 41.040909], [-72.4942800445234, 41.0462787483324], [-72.47962, 41.038662], [-72.481562, 41.037718], [-72.466595, 41.030009], [-72.465786, 41.030927], [-72.464278, 41.030271], [-72.461329, 41.024033], [-72.460494, 41.024832], [-72.459358, 41.025923], [-72.455071, 41.023518], [-72.454555, 41.023592], [-72.454425, 41.022922], [-72.454458, 41.021716], [-72.454058, 41.021218], [-72.45328, 41.02006], [-72.449176, 41.017827], [-72.447528, 41.018804], [-72.447382, 41.015763], [-72.444552, 41.009011], [-72.44227, 41.005144], [-72.439737, 41.000165], [-72.43971, 40.999471], [-72.434839, 40.988805], [-72.433688, 40.985253], [-72.435564, 40.987973], [-72.443003, 40.993077], [-72.443644, 40.993588], [-72.44617, 40.994901], [-72.446795, 40.995443], [-72.44929, 40.99701], [-72.452524, 40.998278], [-72.456203, 41.001444], [-72.455241, 41.003542], [-72.453837, 41.00226], [-72.452968, 41.003733], [-72.455537, 41.006486], [-72.459834, 41.008611], [-72.460315, 41.008566], [-72.460475, 41.00786], [-72.465099, 41.005715], [-72.46892, 41.003426], [-72.468928, 41.003215], [-72.471489, 41.003703], [-72.472717, 41.004081], [-72.47793, 41.003343], [-72.484103, 40.998075], [-72.483638, 40.994357], [-72.483356, 40.992773], [-72.482188, 40.991139], [-72.482132, 40.991033], [-72.48212, 40.990869], [-72.484112, 40.990318], [-72.485066, 40.990244], [-72.490635, 40.991013], [-72.496455, 40.990022], [-72.497357, 40.989397], [-72.49953, 40.988691], [-72.500378, 40.988691], [-72.501851, 40.991972], [-72.501963, 40.993047], [-72.503977, 40.993722], [-72.507871, 40.993434], [-72.508178, 40.998993], [-72.504693, 40.99925], [-72.506099, 41.00103], [-72.505209, 41.002597], [-72.508333, 41.005482], [-72.507946, 41.006746], [-72.509459, 41.007415], [-72.513112, 41.01063], [-72.517962, 41.007255], [-72.520198, 41.009463], [-72.520284, 41.009554], [-72.528742, 41.017795], [-72.52789, 41.018306], [-72.5357772669725, 41.0281198618537]]]}}, {"type": "Feature", "id": "12581", "properties": {"ZCTA5CE20": "12581", "GEOID20": "12581", "zip": "12581", "STUSPS": "CT"}, "geometry": {"type": "Polygon", "coordinates": [[[-73.753695, 41.937752], [-73.753303, 41.942314], [-73.75214, 41.946772], [-73.752379, 41.950577], [-73.754996, 41.954727], [-73.750959, 41.955484], [-73.74254, 41.960477], [-73.736483, 41.961226], [-73.735411, 41.962915], [-73.736005, 41.966294], [-73.735522, 41.967939], [-73.735518, 41.970712], [-73.734972, 41.972547], [-73.732644, 41.975097], [-73.730781, 41.975477], [-73.726157, 41.977551], [-73.721003, 41.979395], [-73.718418, 41.980425], [-73.71571, 41.981035], [-73.714157, 41.979966], [-73.713335, 41.975557], [-73.711498, 41.969514], [-73.697454, 41.970712], [-73.692181, 41.934826], [-73.656706, 41.939303], [-73.633265, 41.942228], [-73.632597, 41.941026], [-73.632028, 41.937807], [-73.630787, 41.933251], [-73.63091, 41.926903], [-73.629958, 41.923143], [-73.629754, 41.920174], [-73.630009, 41.917158], [-73.629493, 41.914585], [-73.630755, 41.91438], [-73.630033, 41.910153], [-73.629413, 41.909934], [-73.627131, 41.906786], [-73.625166, 41.906161], [-73.624956, 41.906018], [-73.624695, 41.905543], [-73.624899, 41.904303], [-73.623304, 41.901506], [-73.625866, 41.898362], [-73.627323, 41.893037], [-73.626948, 41.891432], [-73.625873, 41.889695], [-73.627382, 41.889571], [-73.636009, 41.886808], [-73.64325, 41.884489], [-73.642897, 41.880889], [-73.645257, 41.880498], [-73.644614, 41.877723], [-73.649268, 41.877113], [-73.651404, 41.874292], [-73.652781, 41.870923], [-73.652521, 41.869724], [-73.650748, 41.867673], [-73.650411, 41.866038], [-73.652055, 41.86323], [-73.653217, 41.858737], [-73.654722, 41.857192], [-73.655749, 41.855007], [-73.656654, 41.849192], [-73.656575, 41.846319], [-73.659139, 41.846132], [-73.658966, 41.84537], [-73.667703, 41.844529], [-73.667773, 41.84786], [-73.66864, 41.850374], [-73.686715, 41.848725], [-73.688, 41.846681], [-73.69044, 41.846425], [-73.690555, 41.842464], [-73.709481, 41.840761], [-73.710453, 41.841883], [-73.70965, 41.845295], [-73.710071, 41.848807], [-73.719281, 41.858474], [-73.718426, 41.859776], [-73.717477, 41.86093], [-73.71945, 41.861653], [-73.72104, 41.858184], [-73.722199, 41.858264], [-73.723643, 41.856691], [-73.727858, 41.854665], [-73.730581, 41.852778], [-73.732016, 41.852863], [-73.732698, 41.855345], [-73.735269, 41.857494], [-73.73501, 41.85981], [-73.737188, 41.861247], [-73.738028, 41.863636], [-73.740226, 41.864895], [-73.741858, 41.864949], [-73.744197, 41.869124], [-73.739332, 41.869735], [-73.739645, 41.876272], [-73.733092, 41.882556], [-73.733157, 41.883655], [-73.731951, 41.883751], [-73.74049, 41.891574], [-73.741351, 41.895281], [-73.739096, 41.899646], [-73.738766, 41.902136], [-73.742721, 41.903722], [-73.743151, 41.906324], [-73.744443, 41.908657], [-73.746692, 41.908607], [-73.747127, 41.910066], [-73.74921, 41.91134], [-73.749729, 41.927956], [-73.745069, 41.928453], [-73.725587, 41.93094], [-73.730847, 41.933956], [-73.733865, 41.93298], [-73.736607, 41.933136], [-73.738167, 41.9358], [-73.744307, 41.935948], [-73.745831, 41.934786], [-73.753165, 41.933919], [-73.755031, 41.93436], [-73.753695, 41.937752]]]}}, {"type": "Feature", "id": "06339", "properties": {"ZCTA5CE20": "06339", "GEOID20": "06339", "zip": "06339", "STUSPS": "CT"}, "geometry": {"type": "Polygon", "coordinates": [[[-72.060282, 41.471482], [-72.058092, 41.473586], [-72.058711, 41.478294], [-72.058417, 41.479896], [-72.05507, 41.483645], [-72.050076, 41.484942], [-72.046728, 41.485223], [-72.042005, 41.484557], [-72.039924, 41.484449], [-72.039684, 41.482944], [-72.033628, 41.484772], [-72.035529, 41.485936], [-72.034855, 41.487668], [-72.030086, 41.490288], [-72.025677, 41.490814], [-72.019001, 41.489925], [-72.016512, 41.489973], [-72.013532, 41.485464], [-72.011711, 41.4844], [-72.005915, 41.484797], [-71.974219, 41.486301], [-71.973909, 41.484982], [-71.974025, 41.483633], [-71.972781, 41.483366], [-71.971955, 41.481423], [-71.973214, 41.479748], [-71.968767, 41.479304], [-71.97359, 41.478282], [-71.97287, 41.477544], [-71.966543, 41.478486], [-71.965434, 41.477171], [-71.968971, 41.476587], [-71.967435, 41.474377], [-71.964168, 41.475194], [-71.96277, 41.473114], [-71.966823, 41.472176], [-71.967381, 41.471568], [-71.962358, 41.472266], [-71.967601, 41.470611], [-71.968234, 41.471365], [-71.971513, 41.470531], [-71.972138, 41.471325], [-71.97223, 41.471395], [-71.972575, 41.471501], [-71.972859, 41.471691], [-71.973418, 41.471843], [-71.973689, 41.471843], [-71.973985, 41.471955], [-71.9792, 41.472179], [-71.978604, 41.470573], [-71.979473, 41.466334], [-71.980517, 41.464419], [-71.984777, 41.466102], [-71.984809, 41.465443], [-71.990044, 41.465295], [-71.989268, 41.458534], [-71.987406, 41.454046], [-71.986274, 41.452616], [-71.984225, 41.450789], [-71.981266, 41.450146], [-71.979583, 41.449485], [-71.979451, 41.450448], [-71.975823, 41.450616], [-71.975396, 41.450833], [-71.969818, 41.452757], [-71.966765, 41.453354], [-71.966506, 41.453539], [-71.965845, 41.454278], [-71.965594, 41.454472], [-71.969793, 41.463323], [-71.969497, 41.463458], [-71.967707, 41.46374], [-71.967064, 41.463777], [-71.966041, 41.463644], [-71.965721, 41.463669], [-71.964853, 41.464126], [-71.961777, 41.465106], [-71.960891, 41.465696], [-71.95947, 41.466126], [-71.958575, 41.466056], [-71.957696, 41.465825], [-71.956462, 41.466028], [-71.95549, 41.466662], [-71.954234, 41.466468], [-71.953799, 41.468528], [-71.952975, 41.46912], [-71.954867, 41.470961], [-71.956382, 41.471498], [-71.956292, 41.472651], [-71.957541, 41.47463], [-71.956766, 41.475371], [-71.957012, 41.475765], [-71.957515, 41.476333], [-71.958299, 41.47705], [-71.958688, 41.477358], [-71.958678, 41.477021], [-71.959054, 41.4769], [-71.959973, 41.478039], [-71.96849, 41.482036], [-71.969106, 41.482891], [-71.97141, 41.486495], [-71.956618, 41.487398], [-71.951219, 41.470092], [-71.949829, 41.466237], [-71.947439, 41.458217], [-71.948131, 41.456911], [-71.949151, 41.451677], [-71.949352, 41.449221], [-71.947055, 41.446391], [-71.946609, 41.443355], [-71.94583, 41.441674], [-71.944041, 41.441244], [-71.943656, 41.44131], [-71.943194, 41.44143], [-71.942893, 41.441379], [-71.942726, 41.440903], [-71.942603, 41.440369], [-71.942413, 41.440037], [-71.943738, 41.437476], [-71.942573, 41.434795], [-71.94327, 41.433646], [-71.942834, 41.430268], [-71.943498, 41.428881], [-71.947288, 41.42687], [-71.950772, 41.424517], [-71.953386, 41.420281], [-71.953563, 41.418566], [-71.956463, 41.415661], [-71.956871, 41.413839], [-71.958269, 41.412737], [-71.96101, 41.412517], [-71.962467, 41.411709], [-71.962994, 41.409295], [-71.963675, 41.407022], [-71.96204, 41.401323], [-71.962965, 41.400393], [-71.962666, 41.399471], [-71.961295, 41.397899], [-71.965611, 41.397964], [-71.973421, 41.398297], [-71.984786, 41.398596], [-71.992987, 41.398776], [-72.001868, 41.398841], [-72.011217, 41.399018], [-72.019827, 41.399267], [-72.026347, 41.399369], [-72.036985, 41.399442], [-72.037219, 41.400017], [-72.035569, 41.405404], [-72.033023, 41.408837], [-72.032614, 41.413138], [-72.034042, 41.417087], [-72.029004, 41.420965], [-72.026943, 41.423834], [-72.0303, 41.428528], [-72.034873, 41.433582], [-72.039312, 41.436072], [-72.040311, 41.437545], [-72.04225, 41.43927], [-72.039453, 41.44164], [-72.038784, 41.444886], [-72.038729, 41.448552], [-72.040107, 41.450209], [-72.045801, 41.452422], [-72.04707, 41.453638], [-72.048008, 41.453623], [-72.047036, 41.456497], [-72.049271, 41.457265], [-72.048666, 41.458853], [-72.04643, 41.458329], [-72.044357, 41.46335], [-72.047753, 41.464311], [-72.048064, 41.465514], [-72.048667, 41.466097], [-72.048703, 41.467632], [-72.054379, 41.475075], [-72.056149, 41.474917], [-72.059116, 41.471014], [-72.059739, 41.471005], [-72.060282, 41.471482]]]}}, {"type": "Feature", "id": "06068", "properties": {"ZCTA5CE20": "06068", "GEOID20": "06068", "zip": "06068", "STUSPS": "CT"}, "geometry": {"type": "Polygon", "coordinates": [[[-73.4890805203513, 42.0116006174156], [-73.4882238286054, 42.0300472272559], [-73.487314, 42.049638], [-73.4367542184717, 42.0505183572836], [-73.432812, 42.050587], [-73.4261681710053, 42.0504140296269], [-73.405132814352, 42.0498663795459], [-73.408285, 42.038106], [-73.408273, 42.036519], [-73.409634, 42.034171], [-73.410269, 42.031383], [-73.409391, 42.029122], [-73.408278, 42.030681], [-73.407732, 42.033222], [-73.406841, 42.033316], [-73.407099, 42.032668], [-73.402233, 42.032063], [-73.403053, 42.02637], [-73.402421, 42.024658], [-73.400313, 42.029299], [-73.398226, 42.031579], [-73.39787, 42.033022], [-73.396508, 42.033404], [-73.397982, 42.036242], [-73.396224, 42.037972], [-73.390604, 42.040365], [-73.387558, 42.043224], [-73.381487, 42.045806], [-73.377687, 42.048205], [-73.3753553801167, 42.0490911317313], [-73.3407275663495, 42.0481896055376], [-73.3405304264512, 42.0481844730512], [-73.340367, 42.044516], [-73.342877, 42.042687], [-73.344892, 42.037461], [-73.347777, 42.033936], [-73.350632, 42.030159], [-73.352427, 42.028687], [-73.353249, 42.023906], [-73.352166, 42.023055], [-73.352342, 42.021117], [-73.350963, 42.018395], [-73.35111, 42.016435], [-73.356614, 42.013815], [-73.358114, 42.012525], [-73.359216, 42.008956], [-73.358714, 42.007019], [-73.357487, 42.005014], [-73.361028, 42.006885], [-73.362319, 42.007013], [-73.371132, 42.004413], [-73.371166, 42.000915], [-73.372543, 41.999259], [-73.372699, 41.997532], [-73.372288, 41.993729], [-73.373175, 41.991238], [-73.373927, 41.986521], [-73.37316, 41.983404], [-73.374616, 41.978626], [-73.39379, 41.978625], [-73.393724, 41.959456], [-73.38971, 41.956872], [-73.389857, 41.954114], [-73.391637, 41.953473], [-73.393929, 41.95482], [-73.395677, 41.957777], [-73.399299, 41.959288], [-73.399306, 41.959307], [-73.401321, 41.962169], [-73.401447, 41.964694], [-73.400991, 41.96725], [-73.404502, 41.968857], [-73.404611, 41.969646], [-73.407428, 41.970658], [-73.407074, 41.97177], [-73.408419, 41.973396], [-73.411427, 41.975581], [-73.414782, 41.975821], [-73.41865, 41.977604], [-73.420019, 41.979469], [-73.423361, 41.980649], [-73.42663, 41.976637], [-73.427252, 41.978716], [-73.429482, 41.978785], [-73.433231, 41.979883], [-73.433704, 41.981051], [-73.435775, 41.979961], [-73.441748, 41.979115], [-73.442983, 41.979669], [-73.449282, 41.980361], [-73.451516, 41.979945], [-73.451174, 41.97889], [-73.447146, 41.977372], [-73.444829, 41.973884], [-73.441978, 41.971261], [-73.435253, 41.96999], [-73.435867, 41.969535], [-73.44126, 41.970415], [-73.441659, 41.968875], [-73.44339, 41.969143], [-73.448107, 41.96732], [-73.449518, 41.96733], [-73.452666, 41.966071], [-73.455289, 41.967805], [-73.457425, 41.968986], [-73.45956, 41.972955], [-73.461562, 41.975409], [-73.467036, 41.977909], [-73.467843, 41.979101], [-73.470362, 41.981412], [-73.471056, 41.98383], [-73.473756, 41.986117], [-73.475031, 41.987959], [-73.47488, 41.991351], [-73.475843, 41.994156], [-73.476282, 41.997189], [-73.475927, 41.998855], [-73.46993, 42.004742], [-73.468886, 42.005203], [-73.471762, 42.006181], [-73.474249, 42.005198], [-73.476178, 42.00557], [-73.479433, 42.008984], [-73.480847, 42.009565], [-73.485735, 42.010117], [-73.487382, 42.009035], [-73.4891994439162, 42.009039910355], [-73.4890805203513, 42.0116006174156]]]}}, {"type": "Feature", "id": "06051", "properties": {"ZCTA5CE20": "06051", "GEOID20": "06051", "zip": "06051", "STUSPS": "CT"}, "geometry": {"type": "MultiPolygon", "coordinates": [[[[-72.776884, 41.684427], [-72.776589, 41.684657], [-72.776032, 41.684529], [-72.77577, 41.683098], [-72.775971, 41.683078], [-72.775948, 41.682846], [-72.776213, 41.68266], [-72.776406, 41.682918], [-72.776811, 41.683], [-72.777005, 41.684003], [-72.776884, 41.684427]]], [[[-72.789623, 41.647553], [-72.789775, 41.649392], [-72.787903, 41.650885], [-72.788426, 41.655222], [-72.786664, 41.656837], [-72.787229, 41.65777], [-72.786569, 41.657799], [-72.784311, 41.657952], [-72.783447, 41.659019], [-72.783314, 41.66004], [-72.784634, 41.659977], [-72.784712, 41.66214], [-72.787876, 41.662011], [-72.78958, 41.662833], [-72.789454, 41.664075], [-72.787285, 41.666481], [-72.787066, 41.666578], [-72.786379, 41.66502], [-72.78494, 41.666825], [-72.785075, 41.667172], [-72.785489, 41.669473], [-72.785988, 41.669547], [-72.785516, 41.669863], [-72.785688, 41.670967], [-72.786786, 41.670937], [-72.785848, 41.671344], [-72.785874, 41.671606], [-72.786528, 41.67155], [-72.786728, 41.672915], [-72.786597, 41.673095], [-72.786017, 41.673369], [-72.786024, 41.673422], [-72.787286, 41.677331], [-72.788362, 41.677215], [-72.788832, 41.679394], [-72.786999, 41.679524], [-72.785734, 41.678307], [-72.784329, 41.678167], [-72.784294, 41.678685], [-72.783907, 41.678836], [-72.783976, 41.679157], [-72.783107, 41.679536], [-72.782847, 41.679392], [-72.7826, 41.679133], [-72.780565, 41.679765], [-72.780973, 41.682153], [-72.776213, 41.68266], [-72.775704, 41.68271], [-72.775396, 41.681248], [-72.774533, 41.68224], [-72.773437, 41.682326], [-72.773414, 41.682174], [-72.772514, 41.681169], [-72.770107, 41.682695], [-72.770393, 41.681723], [-72.769047, 41.681708], [-72.769309, 41.683378], [-72.767616, 41.683559], [-72.761897, 41.684159], [-72.760895, 41.685238], [-72.757552, 41.688743], [-72.755217, 41.677048], [-72.755153, 41.676055], [-72.754427, 41.672096], [-72.751915, 41.659156], [-72.750552, 41.653948], [-72.750512, 41.651201], [-72.750357, 41.650167], [-72.751643, 41.650006], [-72.758153, 41.649722], [-72.767824, 41.648901], [-72.768871, 41.648879], [-72.77131, 41.648393], [-72.778572, 41.648244], [-72.78852, 41.647625], [-72.788972, 41.646828], [-72.790973, 41.647491], [-72.789623, 41.647553]]]]}}, {"type": "Feature", "id": "06053", "properties": {"ZCTA5CE20": "06053", "GEOID20": "06053", "zip": "06053", "STUSPS": "CT"}, "geometry": {"type": "Polygon", "coordinates": [[[-72.836088, 41.682583], [-72.835005, 41.683445], [-72.834874, 41.685667], [-72.83311, 41.688656], [-72.832508, 41.690434], [-72.815442, 41.68782], [-72.815428, 41.687854], [-72.814702, 41.688136], [-72.804971, 41.701664], [-72.801978, 41.706859], [-72.7994, 41.706138], [-72.79595, 41.703399], [-72.792604, 41.705622], [-72.782992, 41.71284], [-72.778195, 41.713622], [-72.771668, 41.714613], [-72.770017, 41.714712], [-72.7684, 41.714941], [-72.767557, 41.714351], [-72.765918, 41.713641], [-72.764643, 41.712998], [-72.764397, 41.71355], [-72.763389, 41.715615], [-72.761969, 41.715795], [-72.761586, 41.713334], [-72.761333, 41.711605], [-72.759063, 41.698758], [-72.758241, 41.693436], [-72.757552, 41.688743], [-72.760895, 41.685238], [-72.761897, 41.684159], [-72.767616, 41.683559], [-72.769309, 41.683378], [-72.769047, 41.681708], [-72.770393, 41.681723], [-72.770107, 41.682695], [-72.772514, 41.681169], [-72.773414, 41.682174], [-72.773437, 41.682326], [-72.774533, 41.68224], [-72.775396, 41.681248], [-72.775704, 41.68271], [-72.776213, 41.68266], [-72.780973, 41.682153], [-72.780565, 41.679765], [-72.7826, 41.679133], [-72.782847, 41.679392], [-72.783107, 41.679536], [-72.783976, 41.679157], [-72.783907, 41.678836], [-72.784294, 41.678685], [-72.784329, 41.678167], [-72.785734, 41.678307], [-72.786999, 41.679524], [-72.788832, 41.679394], [-72.788362, 41.677215], [-72.787286, 41.677331], [-72.786024, 41.673422], [-72.786017, 41.673369], [-72.786597, 41.673095], [-72.786728, 41.672915], [-72.786528, 41.67155], [-72.785874, 41.671606], [-72.785848, 41.671344], [-72.786786, 41.670937], [-72.785688, 41.670967], [-72.785516, 41.669863], [-72.785988, 41.669547], [-72.788871, 41.669653], [-72.793468, 41.668423], [-72.799232, 41.665558], [-72.801965, 41.664626], [-72.806742, 41.665341], [-72.80942, 41.666289], [-72.816924, 41.667657], [-72.825418, 41.668938], [-72.825335, 41.669244], [-72.8292, 41.669954], [-72.8336, 41.671565], [-72.83345, 41.673905], [-72.834856, 41.675413], [-72.835069, 41.676741], [-72.836651, 41.679914], [-72.836088, 41.682583]], [[-72.776213, 41.68266], [-72.775948, 41.682846], [-72.775971, 41.683078], [-72.77577, 41.683098], [-72.776032, 41.684529], [-72.776589, 41.684657], [-72.776884, 41.684427], [-72.777005, 41.684003], [-72.776811, 41.683], [-72.776406, 41.682918], [-72.776213, 41.68266]]]}}, {"type": "Feature", "id": "06268", "properties": {"ZCTA5CE20": "06268", "GEOID20": "06268", "zip": "06268", "STUSPS": "CT"}, "geometry": {"type": "Polygon", "coordinates": [[[-72.316781, 41.816359], [-72.313816, 41.818521], [-72.313069, 41.820425], [-72.314004, 41.822462], [-72.313333, 41.824135], [-72.312964, 41.827133], [-72.314159, 41.82792], [-72.313071, 41.829406], [-72.310958, 41.829395], [-72.308512, 41.833142], [-72.310183, 41.834924], [-72.310145, 41.836059], [-72.307775, 41.83611], [-72.307157, 41.836086], [-72.300662, 41.8359], [-72.296583, 41.836259], [-72.286103, 41.83619], [-72.28481, 41.836174], [-72.271679, 41.835989], [-72.269795, 41.836018], [-72.25829, 41.835843], [-72.223722, 41.835267], [-72.217719, 41.835184], [-72.200292, 41.835046], [-72.190427, 41.834999], [-72.190633, 41.834164], [-72.192274, 41.833223], [-72.19585, 41.828516], [-72.19693, 41.827871], [-72.196462, 41.825554], [-72.19462, 41.821755], [-72.195219, 41.822222], [-72.195855, 41.822222], [-72.191506, 41.801237], [-72.193161, 41.798757], [-72.195806, 41.796973], [-72.194826, 41.799382], [-72.19539, 41.801639], [-72.198735, 41.805344], [-72.199975, 41.807864], [-72.201082, 41.806767], [-72.199969, 41.804501], [-72.203854, 41.803651], [-72.200353, 41.801365], [-72.198916, 41.801304], [-72.20092, 41.799706], [-72.203226, 41.80011], [-72.207536, 41.797237], [-72.208709, 41.794826], [-72.20972, 41.79411], [-72.209762, 41.792903], [-72.208153, 41.790929], [-72.207788, 41.788933], [-72.206648, 41.787288], [-72.202946, 41.783847], [-72.20266, 41.781368], [-72.198592, 41.77793], [-72.194861, 41.77727], [-72.197369, 41.776801], [-72.201143, 41.774787], [-72.201466, 41.776151], [-72.204849, 41.779483], [-72.205613, 41.782208], [-72.20705, 41.784812], [-72.20911, 41.787315], [-72.209332, 41.786384], [-72.203173, 41.772003], [-72.203745, 41.77115], [-72.200653, 41.768307], [-72.200012, 41.767619], [-72.198688, 41.765821], [-72.198409, 41.765426], [-72.201201, 41.764133], [-72.202798, 41.759869], [-72.207448, 41.755885], [-72.210445, 41.751145], [-72.221402, 41.747521], [-72.225177, 41.746617], [-72.225826, 41.74771], [-72.226075, 41.750649], [-72.237705, 41.749736], [-72.241392, 41.748926], [-72.243314, 41.747161], [-72.245859, 41.745808], [-72.248337, 41.746886], [-72.251405, 41.747002], [-72.252964, 41.748556], [-72.257776, 41.751125], [-72.257382, 41.753764], [-72.258147, 41.756662], [-72.26085, 41.756321], [-72.264644, 41.763075], [-72.267071, 41.762534], [-72.26886, 41.762517], [-72.270897, 41.764123], [-72.271117, 41.766174], [-72.27241, 41.767158], [-72.271982, 41.771204], [-72.275188, 41.773779], [-72.275362, 41.776096], [-72.277318, 41.777778], [-72.280221, 41.779221], [-72.280228, 41.781278], [-72.280591, 41.784181], [-72.291557, 41.795325], [-72.295991, 41.795013], [-72.296303, 41.795469], [-72.299875, 41.797156], [-72.302717, 41.797457], [-72.305925, 41.795394], [-72.309015, 41.796287], [-72.312828, 41.798314], [-72.312704, 41.79928], [-72.309765, 41.800621], [-72.310223, 41.802925], [-72.316031, 41.805556], [-72.3161, 41.807742], [-72.316722, 41.808222], [-72.315321, 41.809289], [-72.315014, 41.813164], [-72.316678, 41.814497], [-72.316781, 41.816359]], [[-72.265684, 41.81292], [-72.26384, 41.809105], [-72.262199, 41.811151], [-72.261059, 41.80935], [-72.259324, 41.809592], [-72.25811, 41.808245], [-72.259796, 41.806066], [-72.257987, 41.802801], [-72.255763, 41.802761], [-72.255349, 41.80002], [-72.25617, 41.799604], [-72.260952, 41.799395], [-72.260742, 41.798133], [-72.25799, 41.795971], [-72.255959, 41.79528], [-72.255701, 41.794947], [-72.251239, 41.795308], [-72.247778, 41.797164], [-72.249977, 41.799389], [-72.250459, 41.802095], [-72.251672, 41.803624], [-72.247773, 41.806085], [-72.245853, 41.804948], [-72.245869, 41.803259], [-72.243659, 41.804265], [-72.24348, 41.804764], [-72.242115, 41.805915], [-72.243338, 41.807266], [-72.244609, 41.806796], [-72.245042, 41.807326], [-72.245846, 41.80694], [-72.246834, 41.808153], [-72.246427, 41.809067], [-72.245839, 41.810369], [-72.248323, 41.810946], [-72.243352, 41.814299], [-72.238628, 41.814632], [-72.239586, 41.816477], [-72.238889, 41.816982], [-72.240399, 41.818988], [-72.242009, 41.817747], [-72.243663, 41.819964], [-72.247638, 41.822151], [-72.254968, 41.818059], [-72.255391, 41.818773], [-72.255819, 41.81843], [-72.255281, 41.817406], [-72.257286, 41.816878], [-72.26238, 41.817007], [-72.265818, 41.81743], [-72.265684, 41.81292]], [[-72.262511, 41.762264], [-72.261193, 41.7616], [-72.250783, 41.760027], [-72.245778, 41.761276], [-72.248881, 41.761921], [-72.250254, 41.761904], [-72.25221, 41.762267], [-72.257369, 41.762226], [-72.258715, 41.762424], [-72.260647, 41.762305], [-72.262383, 41.762907], [-72.262511, 41.762264]]]}}, {"type": "Feature", "id": "06237", "properties": {"ZCTA5CE20": "06237", "GEOID20": "06237", "zip": "06237", "STUSPS": "CT"}, "geometry": {"type": "Polygon", "coordinates": [[[-72.356478, 41.701497], [-72.35072, 41.711881], [-72.342621, 41.722328], [-72.334379, 41.731458], [-72.32949, 41.737437], [-72.328872, 41.738819], [-72.327743, 41.738105], [-72.328556, 41.736382], [-72.327135, 41.734484], [-72.323098, 41.733617], [-72.321823, 41.733809], [-72.320754, 41.732377], [-72.3166, 41.731971], [-72.315054, 41.731148], [-72.311604, 41.731658], [-72.306983, 41.729039], [-72.302565, 41.727701], [-72.300295, 41.725209], [-72.298024, 41.726153], [-72.294611, 41.724994], [-72.284759, 41.725112], [-72.284475, 41.722599], [-72.282395, 41.722917], [-72.282461, 41.721989], [-72.280615, 41.722378], [-72.27819, 41.723881], [-72.275517, 41.72159], [-72.276747, 41.720659], [-72.275511, 41.720368], [-72.272449, 41.72113], [-72.26833, 41.719952], [-72.26637, 41.718043], [-72.26485, 41.717571], [-72.261517, 41.719497], [-72.259178, 41.722174], [-72.256964, 41.722186], [-72.253546, 41.721006], [-72.252704, 41.721921], [-72.249183, 41.723186], [-72.247813, 41.721936], [-72.246596, 41.722901], [-72.245285, 41.720486], [-72.244311, 41.717145], [-72.242814, 41.716446], [-72.239559, 41.714191], [-72.242847, 41.713257], [-72.24413, 41.714381], [-72.244965, 41.713878], [-72.243264, 41.712253], [-72.245701, 41.710951], [-72.246571, 41.708268], [-72.247677, 41.708766], [-72.247302, 41.706928], [-72.244021, 41.706529], [-72.245981, 41.703719], [-72.247446, 41.704108], [-72.251249, 41.703324], [-72.251354, 41.701223], [-72.250045, 41.699653], [-72.252007, 41.699078], [-72.254092, 41.700499], [-72.257724, 41.699789], [-72.258421, 41.698439], [-72.260728, 41.698645], [-72.261279, 41.695346], [-72.263562, 41.693261], [-72.263936, 41.691834], [-72.26576, 41.690891], [-72.266564, 41.690673], [-72.268825, 41.692391], [-72.270824, 41.691453], [-72.273596, 41.69293], [-72.274204, 41.692217], [-72.274762, 41.690682], [-72.272157, 41.688618], [-72.269392, 41.685708], [-72.269598, 41.684737], [-72.267858, 41.681532], [-72.267253, 41.678047], [-72.266141, 41.677273], [-72.267489, 41.675594], [-72.267503, 41.673685], [-72.268418, 41.671137], [-72.278669, 41.671975], [-72.290511, 41.663302], [-72.303238, 41.65427], [-72.303643, 41.653982], [-72.334226, 41.643598], [-72.344008, 41.668712], [-72.351471, 41.687161], [-72.356478, 41.701497]]]}}, {"type": "Feature", "id": "06106", "properties": {"ZCTA5CE20": "06106", "GEOID20": "06106", "zip": "06106", "STUSPS": "CT"}, "geometry": {"type": "Polygon", "coordinates": [[[-72.715369, 41.744354], [-72.715024, 41.744771], [-72.715145, 41.749745], [-72.714782, 41.756428], [-72.714968, 41.757502], [-72.713726, 41.757961], [-72.71361, 41.760049], [-72.714089, 41.760932], [-72.709663, 41.761426], [-72.709451, 41.760399], [-72.70763, 41.760633], [-72.707745, 41.761614], [-72.706651, 41.76175], [-72.706654, 41.761848], [-72.704764, 41.76218], [-72.704171, 41.762329], [-72.701008, 41.762175], [-72.700777, 41.762391], [-72.700561, 41.763517], [-72.698744, 41.763438], [-72.697017, 41.763958], [-72.693827, 41.765137], [-72.693759, 41.763949], [-72.687954, 41.765941], [-72.687882, 41.763888], [-72.686614, 41.763661], [-72.686447, 41.765773], [-72.683586, 41.76619], [-72.681831, 41.76786], [-72.680427, 41.767669], [-72.679784, 41.766527], [-72.679726, 41.766402], [-72.678299, 41.765325], [-72.676312, 41.765143], [-72.675871, 41.76305], [-72.674586, 41.761829], [-72.668029, 41.760242], [-72.665789, 41.758105], [-72.663574, 41.757427], [-72.659568, 41.7537], [-72.659073, 41.752075], [-72.661623, 41.750696], [-72.66413, 41.750431], [-72.662792, 41.751898], [-72.664085, 41.753044], [-72.663303, 41.753548], [-72.665111, 41.75439], [-72.673129, 41.754577], [-72.673624, 41.756397], [-72.675134, 41.755818], [-72.676382, 41.75537], [-72.676715, 41.755004], [-72.679395, 41.75213], [-72.680226, 41.752379], [-72.682356, 41.751447], [-72.683104, 41.751191], [-72.683328, 41.747706], [-72.683314, 41.747349], [-72.68718, 41.745148], [-72.689822, 41.743684], [-72.689593, 41.743261], [-72.691113, 41.742237], [-72.69156, 41.742705], [-72.692189, 41.742361], [-72.693403, 41.741689], [-72.693991, 41.741363], [-72.69624, 41.740062], [-72.69668, 41.739372], [-72.696746, 41.734549], [-72.695979, 41.7342], [-72.696499, 41.73266], [-72.696242, 41.730769], [-72.695722, 41.730823], [-72.695108, 41.72721], [-72.694537, 41.725885], [-72.695948, 41.725052], [-72.704838, 41.7245], [-72.705938, 41.7243], [-72.710233, 41.724185], [-72.714138, 41.72381], [-72.714561, 41.72363], [-72.714762, 41.72636], [-72.714147, 41.726388], [-72.714184, 41.726759], [-72.714317, 41.726896], [-72.714459, 41.728952], [-72.71489, 41.72894], [-72.714891, 41.728963], [-72.714446, 41.728978], [-72.714513, 41.730973], [-72.714997, 41.731309], [-72.715, 41.731363], [-72.715134, 41.742211], [-72.715138, 41.7426], [-72.715369, 41.744354]]]}}, {"type": "Feature", "id": "06084", "properties": {"ZCTA5CE20": "06084", "GEOID20": "06084", "zip": "06084", "STUSPS": "CT"}, "geometry": {"type": "Polygon", "coordinates": [[[-72.43084, 41.914541], [-72.430261, 41.914706], [-72.42997, 41.914811], [-72.429516, 41.915022], [-72.411542, 41.917648], [-72.389456, 41.91999], [-72.377932, 41.921243], [-72.335758, 41.926389], [-72.338562, 41.928918], [-72.33482, 41.937654], [-72.328064, 41.938246], [-72.325876, 41.934285], [-72.324222, 41.930027], [-72.322612, 41.929089], [-72.321575, 41.928145], [-72.307746, 41.929379], [-72.306904, 41.929627], [-72.306279, 41.925957], [-72.305201, 41.92421], [-72.30325, 41.922855], [-72.301721, 41.92055], [-72.299051, 41.919471], [-72.297467, 41.915927], [-72.297661, 41.914488], [-72.296822, 41.911091], [-72.293805, 41.908919], [-72.293007, 41.90699], [-72.291717, 41.906769], [-72.29095, 41.905559], [-72.291402, 41.903102], [-72.292677, 41.900519], [-72.291088, 41.896975], [-72.293038, 41.895592], [-72.299221, 41.893988], [-72.301258, 41.892959], [-72.302962, 41.8905], [-72.302775, 41.889118], [-72.299061, 41.888863], [-72.298156, 41.888032], [-72.301253, 41.886878], [-72.302602, 41.883866], [-72.306957, 41.882466], [-72.306519, 41.881341], [-72.308982, 41.878046], [-72.308438, 41.874779], [-72.311882, 41.873651], [-72.311654, 41.871922], [-72.310218, 41.87042], [-72.310179, 41.867761], [-72.307918, 41.864942], [-72.307991, 41.863332], [-72.306453, 41.860352], [-72.30718, 41.856107], [-72.303768, 41.853323], [-72.304057, 41.850781], [-72.305307, 41.850509], [-72.306553, 41.85032], [-72.309684, 41.847938], [-72.308906, 41.844859], [-72.309541, 41.842929], [-72.308933, 41.839281], [-72.309744, 41.837772], [-72.312722, 41.837596], [-72.314304, 41.837384], [-72.337347, 41.834312], [-72.357635, 41.832175], [-72.376083, 41.82996], [-72.405163, 41.827019], [-72.421527, 41.825498], [-72.423726, 41.843049], [-72.424627, 41.850331], [-72.425207, 41.855272], [-72.426263, 41.862264], [-72.426939, 41.8674], [-72.427324, 41.870775], [-72.428017, 41.874598], [-72.429622, 41.891898], [-72.429324, 41.893694], [-72.431225, 41.91448], [-72.43084, 41.914541]]]}}, {"type": "Feature", "id": "06019", "properties": {"ZCTA5CE20": "06019", "GEOID20": "06019", "zip": "06019", "STUSPS": "CT"}, "geometry": {"type": "Polygon", "coordinates": [[[-72.95381, 41.849497], [-72.95364, 41.853919], [-72.953294, 41.85478], [-72.951932, 41.858226], [-72.946342, 41.874027], [-72.946178, 41.877234], [-72.943894, 41.884815], [-72.940647, 41.895196], [-72.915346, 41.896797], [-72.906645, 41.920196], [-72.905945, 41.921696], [-72.89111, 41.921229], [-72.876644, 41.920796], [-72.876512, 41.918106], [-72.874339, 41.870927], [-72.873018, 41.83739], [-72.872381, 41.833037], [-72.870696, 41.819118], [-72.870201, 41.81613], [-72.874705, 41.815647], [-72.885844, 41.813891], [-72.887949, 41.813902], [-72.914349, 41.810575], [-72.915361, 41.807562], [-72.917365, 41.807353], [-72.91977, 41.80695], [-72.921183, 41.807117], [-72.924133, 41.808723], [-72.925901, 41.809161], [-72.928081, 41.808876], [-72.937258, 41.807892], [-72.949024, 41.806431], [-72.940402, 41.829234], [-72.939559, 41.83169], [-72.937441, 41.837493], [-72.936502, 41.840263], [-72.939095, 41.842506], [-72.942245, 41.843445], [-72.946526, 41.843628], [-72.951187, 41.842697], [-72.953651, 41.84668], [-72.95381, 41.849497]], [[-72.938026, 41.853354], [-72.933896, 41.85378], [-72.93361, 41.852172], [-72.932468, 41.851534], [-72.931107, 41.852162], [-72.930307, 41.854573], [-72.927063, 41.854697], [-72.92425, 41.855808], [-72.922968, 41.855603], [-72.917398, 41.856921], [-72.915736, 41.856666], [-72.915213, 41.856508], [-72.914491, 41.857496], [-72.913173, 41.858535], [-72.906993, 41.862163], [-72.905266, 41.864276], [-72.910986, 41.866541], [-72.911221, 41.8661], [-72.91219, 41.863195], [-72.913253, 41.860636], [-72.915024, 41.861407], [-72.915588, 41.86447], [-72.918435, 41.867808], [-72.9177, 41.869542], [-72.919068, 41.871098], [-72.92108, 41.872669], [-72.92153, 41.874365], [-72.924883, 41.877674], [-72.926054, 41.880671], [-72.928192, 41.881847], [-72.93161, 41.881607], [-72.93346, 41.880157], [-72.934732, 41.879], [-72.933692, 41.877404], [-72.93453, 41.87537], [-72.936794, 41.873898], [-72.937932, 41.87186], [-72.93794, 41.870464], [-72.936853, 41.868164], [-72.937632, 41.865343], [-72.936171, 41.863057], [-72.935658, 41.860575], [-72.937574, 41.85739], [-72.9372, 41.856289], [-72.938026, 41.853354]], [[-72.893829, 41.887131], [-72.886978, 41.886107], [-72.886449, 41.887445], [-72.883831, 41.889022], [-72.880907, 41.889918], [-72.880315, 41.890989], [-72.881265, 41.891037], [-72.884063, 41.893213], [-72.886214, 41.893374], [-72.892531, 41.89561], [-72.89279, 41.892442], [-72.893151, 41.89044], [-72.893604, 41.888928], [-72.893829, 41.887131]]]}}, {"type": "Feature", "id": "06040", "properties": {"ZCTA5CE20": "06040", "GEOID20": "06040", "zip": "06040", "STUSPS": "CT"}, "geometry": {"type": "Polygon", "coordinates": [[[-72.579949, 41.782189], [-72.573566, 41.780239], [-72.571984, 41.780068], [-72.566813, 41.780141], [-72.562524, 41.780705], [-72.559634, 41.781213], [-72.555609, 41.781387], [-72.553407, 41.781347], [-72.553388, 41.781656], [-72.553118, 41.781699], [-72.552054, 41.781605], [-72.551961, 41.781208], [-72.549697, 41.780998], [-72.547799, 41.782231], [-72.542685, 41.780704], [-72.540221, 41.780775], [-72.54003, 41.781185], [-72.5392, 41.781261], [-72.538198, 41.78152], [-72.538063, 41.78178], [-72.535312, 41.782133], [-72.535013, 41.781646], [-72.534933, 41.781786], [-72.533485, 41.782843], [-72.532389, 41.782919], [-72.532213, 41.782328], [-72.529801, 41.782668], [-72.528626, 41.782769], [-72.526509, 41.782987], [-72.526492, 41.783496], [-72.52586, 41.783557], [-72.525923, 41.783994], [-72.524235, 41.784093], [-72.524133, 41.783701], [-72.523744, 41.783751], [-72.523717, 41.78347], [-72.523242, 41.783351], [-72.522615, 41.783781], [-72.519788, 41.784011], [-72.519664, 41.783695], [-72.516366, 41.784449], [-72.515789, 41.785842], [-72.516366, 41.78598], [-72.511802, 41.786894], [-72.510655, 41.783663], [-72.508357, 41.783958], [-72.505825, 41.784284], [-72.505471, 41.784765], [-72.500444, 41.784883], [-72.499524, 41.784736], [-72.497902, 41.784964], [-72.499209, 41.786628], [-72.496416, 41.786637], [-72.497373, 41.784999], [-72.492242, 41.78615], [-72.491655, 41.785522], [-72.491876, 41.787456], [-72.489152, 41.787818], [-72.488458, 41.786005], [-72.48852, 41.785755], [-72.483682, 41.786314], [-72.482892, 41.786322], [-72.481836, 41.786274], [-72.478334, 41.785702], [-72.477909, 41.786769], [-72.475849, 41.788568], [-72.474465, 41.788553], [-72.472281, 41.79096], [-72.471062, 41.784371], [-72.470335, 41.779834], [-72.468829, 41.771659], [-72.468724, 41.770475], [-72.46509, 41.750025], [-72.464669, 41.749006], [-72.464376, 41.746735], [-72.463899, 41.745572], [-72.474227, 41.744492], [-72.489123, 41.742998], [-72.50078, 41.741877], [-72.516256, 41.739824], [-72.517132, 41.739935], [-72.518136, 41.740022], [-72.519664, 41.73947], [-72.531898, 41.738335], [-72.536391, 41.737716], [-72.549234, 41.736108], [-72.567664, 41.734347], [-72.571233, 41.733799], [-72.573088, 41.743921], [-72.575625, 41.757063], [-72.577093, 41.765943], [-72.577684, 41.769421], [-72.578478, 41.774042], [-72.579836, 41.780688], [-72.579949, 41.782189]]]}}, {"type": "Feature", "id": "06254", "properties": {"ZCTA5CE20": "06254", "GEOID20": "06254", "zip": "06254", "STUSPS": "CT"}, "geometry": {"type": "Polygon", "coordinates": [[[-72.192209, 41.593771], [-72.189664, 41.597429], [-72.187659, 41.601983], [-72.169285, 41.636299], [-72.163153, 41.647912], [-72.158271, 41.656348], [-72.157546, 41.657627], [-72.157472, 41.657798], [-72.15501, 41.662666], [-72.151747, 41.667516], [-72.146717, 41.667169], [-72.119957, 41.663301], [-72.119773, 41.661834], [-72.118194, 41.653637], [-72.113398, 41.635003], [-72.111312, 41.628736], [-72.108833, 41.619046], [-72.108454, 41.617897], [-72.107559, 41.614355], [-72.104121, 41.600798], [-72.118743, 41.574378], [-72.124563, 41.564527], [-72.125195, 41.563345], [-72.126088, 41.564012], [-72.134981, 41.569529], [-72.135844, 41.573514], [-72.13871, 41.57641], [-72.190843, 41.589564], [-72.194024, 41.590399], [-72.192209, 41.593771]]]}}, {"type": "Feature", "id": "06405", "properties": {"ZCTA5CE20": "06405", "GEOID20": "06405", "zip": "06405", "STUSPS": "CT"}, "geometry": {"type": "MultiPolygon", "coordinates": [[[[-72.761427, 41.242333], [-72.759733, 41.248454], [-72.75886, 41.253843], [-72.756353, 41.25548], [-72.754658, 41.255929], [-72.747678, 41.255855], [-72.740299, 41.256454], [-72.740099, 41.255105], [-72.741058, 41.252691], [-72.742891, 41.252631], [-72.745484, 41.250982], [-72.745661, 41.249723], [-72.749871, 41.247308], [-72.755655, 41.245059], [-72.757135, 41.244305], [-72.75966, 41.242012], [-72.760341, 41.241235], [-72.761427, 41.242333]]], [[[-72.764251, 41.259212], [-72.763066, 41.260377], [-72.762344, 41.260356], [-72.761187, 41.258996], [-72.761419, 41.258643], [-72.763115, 41.258037], [-72.763977, 41.258511], [-72.7641894677581, 41.2590545762718], [-72.764251, 41.259212]]], [[[-72.862659, 41.273183], [-72.861691, 41.275476], [-72.860534, 41.277485], [-72.859344, 41.281012], [-72.860324, 41.282169], [-72.860823, 41.283013], [-72.858971, 41.287729], [-72.855822, 41.290873], [-72.850859, 41.293641], [-72.843744, 41.296397], [-72.841265, 41.297997], [-72.840181, 41.299796], [-72.838365, 41.308794], [-72.837293, 41.312572], [-72.836502, 41.313467], [-72.835013, 41.314393], [-72.823843, 41.318324], [-72.822412, 41.318803], [-72.818422, 41.319726], [-72.816954, 41.320094], [-72.801876, 41.323679], [-72.800574, 41.321082], [-72.795428, 41.320219], [-72.795211, 41.318958], [-72.79184, 41.317274], [-72.791687, 41.316825], [-72.789584, 41.314254], [-72.784597, 41.315476], [-72.780337, 41.313018], [-72.778649, 41.311671], [-72.778618, 41.311162], [-72.778429, 41.309924], [-72.778247, 41.309731], [-72.77724, 41.309558], [-72.776893, 41.309725], [-72.776763, 41.310182], [-72.771342, 41.305093], [-72.764687, 41.306857], [-72.74611, 41.310633], [-72.746695, 41.30804], [-72.745431, 41.304868], [-72.746086, 41.303917], [-72.746141, 41.301076], [-72.746598, 41.29959], [-72.745119, 41.297436], [-72.742038, 41.297198], [-72.741992, 41.297065], [-72.738134, 41.286286], [-72.735822, 41.284068], [-72.72847, 41.269133], [-72.728049, 41.267995], [-72.73225, 41.26557], [-72.731552, 41.263066], [-72.734459, 41.262745], [-72.7357675698975, 41.2611461021897], [-72.740131, 41.262265], [-72.749603, 41.259371], [-72.751497, 41.262695], [-72.752166, 41.26563], [-72.754444, 41.266913], [-72.757477, 41.266913], [-72.760541, 41.266042], [-72.762057, 41.267686], [-72.7653974361097, 41.2664795130757], [-72.767157, 41.265844], [-72.771035, 41.266003], [-72.773569, 41.263888], [-72.779444, 41.265567], [-72.7861384353863, 41.264709593044], [-72.787283, 41.264563], [-72.7873584795471, 41.2644084851241], [-72.788075029503, 41.2629416291116], [-72.788217, 41.262651], [-72.791093, 41.259848], [-72.793946, 41.260423], [-72.796528, 41.260181], [-72.7974626556937, 41.2595704565787], [-72.799951, 41.257945], [-72.803531, 41.257482], [-72.8042726487173, 41.2570799573477], [-72.80656, 41.25584], [-72.8065813263019, 41.2557787453311], [-72.807609, 41.252827], [-72.81124, 41.250201], [-72.816706, 41.249297], [-72.818408, 41.24965], [-72.818554, 41.251261], [-72.817586, 41.252099], [-72.8209804474385, 41.2549433067636], [-72.82143, 41.25532], [-72.823563, 41.255564], [-72.823572, 41.256048], [-72.820667, 41.259158], [-72.8208112233879, 41.2596857507676], [-72.8209696549572, 41.2602654929546], [-72.821342, 41.261628], [-72.822545, 41.261827], [-72.82319, 41.261562], [-72.824658, 41.262026], [-72.824775, 41.262489], [-72.824423, 41.263128], [-72.824834, 41.263702], [-72.826242, 41.263459], [-72.827621, 41.264937], [-72.828766, 41.26454], [-72.8288137088392, 41.2642625297284], [-72.829206, 41.261981], [-72.830937, 41.259996], [-72.830174, 41.259026], [-72.831436, 41.255915], [-72.832932, 41.254393], [-72.833959, 41.250555], [-72.836101, 41.248812], [-72.8370471221947, 41.2489788512087], [-72.837099, 41.248988], [-72.8383423290021, 41.2508971458114], [-72.838507, 41.25115], [-72.840532, 41.253092], [-72.838743, 41.256359], [-72.839857, 41.256908], [-72.84106, 41.256599], [-72.841676, 41.257614], [-72.841295, 41.258805], [-72.841794, 41.259026], [-72.844523, 41.258232], [-72.845051, 41.257746], [-72.844904, 41.25682], [-72.846929, 41.256643], [-72.847398, 41.257195], [-72.8486971061056, 41.2569250278251], [-72.851007, 41.256445], [-72.85001, 41.255298], [-72.850244, 41.253246], [-72.850421, 41.250621], [-72.854617, 41.248128], [-72.8547945815689, 41.2480639261658], [-72.8588854805434, 41.2465878744321], [-72.857243, 41.252196], [-72.852271, 41.259051], [-72.852018, 41.259789], [-72.851927, 41.262181], [-72.85334, 41.264126], [-72.857704, 41.265568], [-72.860513, 41.265521], [-72.861032, 41.266613], [-72.862474, 41.269783], [-72.864047, 41.269549], [-72.862659, 41.273183]]]]}}, {"type": "Feature", "id": "06074", "properties": {"ZCTA5CE20": "06074", "GEOID20": "06074", "zip": "06074", "STUSPS": "CT"}, "geometry": {"type": "Polygon", "coordinates": [[[-72.64564, 41.805834], [-72.644264, 41.813011], [-72.644239, 41.813113], [-72.640394, 41.825239], [-72.638927, 41.828753], [-72.638222, 41.829416], [-72.637234, 41.830534], [-72.629935, 41.837198], [-72.625611, 41.845728], [-72.620636, 41.863511], [-72.619264, 41.868296], [-72.616603, 41.868596], [-72.605601, 41.868038], [-72.603387, 41.868155], [-72.587988, 41.868313], [-72.582561, 41.868326], [-72.571488, 41.868783], [-72.552678, 41.86923], [-72.547879, 41.869284], [-72.538471, 41.869483], [-72.530832, 41.869686], [-72.51733, 41.869897], [-72.51833, 41.856899], [-72.515142, 41.857461], [-72.501927, 41.859457], [-72.49681, 41.860616], [-72.499273, 41.850273], [-72.502632, 41.833589], [-72.503211, 41.830868], [-72.504435, 41.824674], [-72.505255, 41.821308], [-72.50543, 41.820298], [-72.516687, 41.817205], [-72.519315, 41.816795], [-72.520449, 41.817114], [-72.520624, 41.817142], [-72.520793, 41.817076], [-72.521077, 41.816545], [-72.528878, 41.814511], [-72.535564, 41.812972], [-72.540541, 41.811741], [-72.555338, 41.808089], [-72.575916, 41.802894], [-72.579588, 41.80208], [-72.580539, 41.801567], [-72.583489, 41.800644], [-72.616796, 41.799129], [-72.618856, 41.799009], [-72.627787, 41.798906], [-72.639895, 41.798287], [-72.646035, 41.797599], [-72.64564, 41.805834]]]}}, {"type": "Feature", "id": "06785", "properties": {"ZCTA5CE20": "06785", "GEOID20": "06785", "zip": "06785", "STUSPS": "CT"}, "geometry": {"type": "Polygon", "coordinates": [[[-73.507802, 41.675979], [-73.498338, 41.679018], [-73.494745, 41.679705], [-73.491393, 41.685802], [-73.487372, 41.696667], [-73.4863, 41.697014], [-73.483428, 41.695427], [-73.480951, 41.700814], [-73.478177, 41.703117], [-73.476608, 41.706174], [-73.474499, 41.712219], [-73.472904, 41.714987], [-73.472646, 41.716382], [-73.472067, 41.716601], [-73.471408, 41.715946], [-73.471706, 41.713091], [-73.469445, 41.709997], [-73.459938, 41.709987], [-73.452845, 41.714596], [-73.44425, 41.71407], [-73.4392, 41.707085], [-73.434295, 41.70449], [-73.433145, 41.705234], [-73.433088, 41.707421], [-73.431011, 41.707774], [-73.429703, 41.707151], [-73.429098, 41.71075], [-73.433164, 41.715116], [-73.435461, 41.714988], [-73.442223, 41.716581], [-73.441447, 41.717105], [-73.441288, 41.719991], [-73.438663, 41.720633], [-73.43612, 41.724084], [-73.435636, 41.726122], [-73.436846, 41.729093], [-73.433703, 41.735731], [-73.431925, 41.735831], [-73.431014, 41.738008], [-73.429483, 41.738891], [-73.425653, 41.742196], [-73.425198, 41.743976], [-73.427538, 41.748169], [-73.422924, 41.752784], [-73.427247, 41.754435], [-73.425738, 41.756533], [-73.423652, 41.75599], [-73.419621, 41.755844], [-73.416269, 41.757495], [-73.415638, 41.759147], [-73.413064, 41.758418], [-73.412092, 41.755747], [-73.409858, 41.756621], [-73.407915, 41.755212], [-73.402912, 41.755164], [-73.398793, 41.756573], [-73.401575, 41.75436], [-73.399437, 41.741637], [-73.399165, 41.741217], [-73.398644, 41.736494], [-73.391237, 41.722976], [-73.389441, 41.719771], [-73.388935, 41.717943], [-73.389837, 41.716357], [-73.393795, 41.714678], [-73.395493, 41.717359], [-73.395924, 41.719914], [-73.397447, 41.721304], [-73.397988, 41.72355], [-73.399101, 41.724349], [-73.399903, 41.727648], [-73.399786, 41.729583], [-73.400664, 41.731238], [-73.402863, 41.731733], [-73.404548, 41.733275], [-73.4032, 41.731532], [-73.400625, 41.730186], [-73.403016, 41.723141], [-73.40544, 41.719313], [-73.405981, 41.716773], [-73.405606, 41.71469], [-73.404503, 41.713895], [-73.40299, 41.704874], [-73.403095, 41.703402], [-73.406937, 41.703944], [-73.409129, 41.702645], [-73.412083, 41.70263], [-73.413457, 41.701805], [-73.414645, 41.699801], [-73.411935, 41.699295], [-73.409188, 41.699622], [-73.408471, 41.698153], [-73.401296, 41.693284], [-73.399787, 41.692943], [-73.397616, 41.687656], [-73.400427, 41.686584], [-73.401131, 41.684465], [-73.401314, 41.680772], [-73.453239, 41.675002], [-73.456332, 41.674974], [-73.45666, 41.674983], [-73.469463, 41.673249], [-73.499616, 41.669729], [-73.501858, 41.669545], [-73.501951, 41.671192], [-73.502838, 41.672426], [-73.507052, 41.674887], [-73.507802, 41.675979]]]}}, {"type": "Feature", "id": "06702", "properties": {"ZCTA5CE20": "06702", "GEOID20": "06702", "zip": "06702", "STUSPS": "CT"}, "geometry": {"type": "MultiPolygon", "coordinates": [[[[-73.030917, 41.554057], [-73.030744, 41.55593], [-73.029622, 41.556076], [-73.027248, 41.555477], [-73.027608, 41.554941], [-73.028626, 41.55462], [-73.028381, 41.553763], [-73.027804, 41.554605], [-73.027703, 41.553584], [-73.028008, 41.553661], [-73.027871, 41.553578], [-73.027452, 41.552563], [-73.030334, 41.552969], [-73.031004, 41.55407], [-73.030917, 41.554057]]], [[[-73.057898, 41.565302], [-73.057434, 41.56741], [-73.055624, 41.569129], [-73.055482, 41.56895], [-73.053706, 41.562827], [-73.050188, 41.558364], [-73.050051, 41.55835], [-73.049764, 41.558322], [-73.050001, 41.559138], [-73.04929, 41.559478], [-73.048011, 41.558371], [-73.046659, 41.557874], [-73.046238, 41.557708], [-73.045713, 41.557546], [-73.044999, 41.557371], [-73.043303, 41.559741], [-73.042473, 41.559342], [-73.040279, 41.559964], [-73.038561, 41.560034], [-73.035997, 41.560056], [-73.035031, 41.559912], [-73.033843, 41.559459], [-73.033782, 41.558849], [-73.033774, 41.558714], [-73.032332, 41.558577], [-73.033596, 41.557182], [-73.03226, 41.554231], [-73.034442, 41.554508], [-73.035072, 41.553038], [-73.037035, 41.554376], [-73.040117, 41.553884], [-73.039134, 41.551192], [-73.042296, 41.551887], [-73.043594, 41.551917], [-73.045857, 41.551819], [-73.049865, 41.551678], [-73.051222, 41.551594], [-73.053679, 41.553747], [-73.05493, 41.556976], [-73.055963, 41.558757], [-73.057812, 41.563207], [-73.057898, 41.565302]]]]}}, {"type": "Feature", "id": "01106", "properties": {"ZCTA5CE20": "01106", "GEOID20": "01106", "zip": "01106", "STUSPS": "CT"}, "geometry": {"type": "Polygon", "coordinates": [[[-72.60813, 42.032746], [-72.607961, 42.039267], [-72.607337, 42.044857], [-72.606677, 42.047072], [-72.60342, 42.052963], [-72.600451, 42.057759], [-72.593371, 42.067419], [-72.591813, 42.069561], [-72.589401, 42.072268], [-72.58738, 42.071792], [-72.587188, 42.071769], [-72.585744, 42.073462], [-72.581421, 42.075836], [-72.580662, 42.073858], [-72.575318, 42.073683], [-72.570756, 42.074234], [-72.565469, 42.074338], [-72.564946, 42.075111], [-72.563538, 42.073978], [-72.559577, 42.073331], [-72.555557, 42.0732], [-72.552767, 42.071961], [-72.552334, 42.071329], [-72.554391, 42.070217], [-72.555025, 42.069539], [-72.555529, 42.066735], [-72.536639, 42.063736], [-72.535535, 42.05785], [-72.535345, 42.056765], [-72.5314944001573, 42.0339852092183], [-72.5501111622106, 42.0322704857245], [-72.552858204224, 42.0320174654912], [-72.5530545610102, 42.0319993797686], [-72.560958712171, 42.0312713566218], [-72.5609752476445, 42.0312698335984], [-72.573231, 42.030141], [-72.5741893219163, 42.0295675442087], [-72.582332, 42.024695], [-72.5898262911392, 42.024695], [-72.589876, 42.024695], [-72.590233, 42.024695], [-72.606933, 42.024995], [-72.6069560573249, 42.0251287324845], [-72.607933, 42.030795], [-72.6079909707697, 42.0307976349601], [-72.60813, 42.032746]]]}}, {"type": "Feature", "id": "01108", "properties": {"ZCTA5CE20": "01108", "GEOID20": "01108", "zip": "01108", "STUSPS": "CT"}, "geometry": {"type": "Polygon", "coordinates": [[[-72.588765, 42.073164], [-72.587891, 42.074139], [-72.583722, 42.077991], [-72.582671, 42.079518], [-72.582693, 42.081558], [-72.579985, 42.082026], [-72.579722, 42.083519], [-72.58135, 42.087527], [-72.580369, 42.087503], [-72.580015, 42.087447], [-72.578736, 42.088131], [-72.578984, 42.08963], [-72.579335, 42.090075], [-72.579472, 42.091498], [-72.579654, 42.091596], [-72.575718, 42.093504], [-72.574789, 42.092875], [-72.574943, 42.092362], [-72.572021, 42.093733], [-72.57098, 42.094476], [-72.56991, 42.093698], [-72.569536, 42.093639], [-72.569235, 42.09351], [-72.568922, 42.093344], [-72.565161, 42.095015], [-72.563697, 42.097316], [-72.563973, 42.097972], [-72.561757, 42.098524], [-72.562902, 42.097357], [-72.557323, 42.098285], [-72.55572, 42.096811], [-72.55078, 42.093395], [-72.550752, 42.093207], [-72.550409, 42.093149], [-72.544286, 42.088811], [-72.541339, 42.086733], [-72.534358, 42.081835], [-72.539409, 42.081222], [-72.539553, 42.081208], [-72.538374, 42.073951], [-72.538094, 42.073699], [-72.536449, 42.073858], [-72.535826, 42.070818], [-72.537774, 42.070543], [-72.536639, 42.063736], [-72.555529, 42.066735], [-72.555025, 42.069539], [-72.554391, 42.070217], [-72.552334, 42.071329], [-72.552767, 42.071961], [-72.555557, 42.0732], [-72.559577, 42.073331], [-72.563538, 42.073978], [-72.564946, 42.075111], [-72.565469, 42.074338], [-72.570756, 42.074234], [-72.575318, 42.073683], [-72.580662, 42.073858], [-72.581421, 42.075836], [-72.585744, 42.073462], [-72.587188, 42.071769], [-72.58738, 42.071792], [-72.589401, 42.072268], [-72.588765, 42.073164]]]}}, {"type": "Feature", "id": "12501", "properties": {"ZCTA5CE20": "12501", "GEOID20": "12501", "zip": "12501", "STUSPS": "CT"}, "geometry": {"type": "Polygon", "coordinates": [[[-73.652781, 41.870923], [-73.651404, 41.874292], [-73.649268, 41.877113], [-73.644614, 41.877723], [-73.645257, 41.880498], [-73.642897, 41.880889], [-73.64325, 41.884489], [-73.636009, 41.886808], [-73.627382, 41.889571], [-73.625873, 41.889695], [-73.626948, 41.891432], [-73.627323, 41.893037], [-73.625866, 41.898362], [-73.623304, 41.901506], [-73.624899, 41.904303], [-73.624695, 41.905543], [-73.624956, 41.906018], [-73.62002, 41.905534], [-73.617961, 41.905676], [-73.61533, 41.905752], [-73.614853, 41.902001], [-73.608626, 41.902258], [-73.598497, 41.901945], [-73.593026, 41.901646], [-73.579956, 41.900274], [-73.581812, 41.899086], [-73.583787, 41.896904], [-73.58497, 41.894087], [-73.589518, 41.889029], [-73.591035, 41.886962], [-73.55224, 41.884757], [-73.552319, 41.885765], [-73.549894, 41.892861], [-73.550237, 41.896785], [-73.549641, 41.897312], [-73.546808, 41.897593], [-73.544912, 41.898519], [-73.541958, 41.899152], [-73.537109, 41.901341], [-73.537756, 41.903012], [-73.534517, 41.901968], [-73.530702, 41.903144], [-73.526339, 41.905261], [-73.521907, 41.90445], [-73.518451, 41.902107], [-73.520241, 41.883035], [-73.4994594107714, 41.8818986289734], [-73.5009100939961, 41.8685779667874], [-73.5009108171378, 41.868571326657], [-73.501984, 41.858717], [-73.5020057922159, 41.8584635035215], [-73.504944, 41.824285], [-73.5049921230769, 41.8239000153846], [-73.505008, 41.823773], [-73.5071142303251, 41.8007668651674], [-73.510201, 41.803606], [-73.524099, 41.804567], [-73.527186, 41.80716], [-73.521504, 41.808825], [-73.519346, 41.810747], [-73.516807, 41.813745], [-73.517522, 41.814814], [-73.519749, 41.813699], [-73.519893, 41.812816], [-73.522024, 41.812809], [-73.523226, 41.813776], [-73.525698, 41.813855], [-73.524059, 41.812925], [-73.526222, 41.811947], [-73.529483, 41.812663], [-73.531445, 41.811932], [-73.532946, 41.809654], [-73.533033, 41.808274], [-73.537065, 41.806221], [-73.538082, 41.80498], [-73.536439, 41.802619], [-73.537122, 41.801056], [-73.53855, 41.801323], [-73.540583, 41.800793], [-73.540722, 41.800059], [-73.538094, 41.800433], [-73.537489, 41.798763], [-73.540559, 41.797071], [-73.541112, 41.796166], [-73.543911, 41.795929], [-73.547819, 41.796711], [-73.549863, 41.796343], [-73.550673, 41.795241], [-73.553782, 41.798516], [-73.55732, 41.802306], [-73.557547, 41.807178], [-73.554904, 41.81337], [-73.558029, 41.814478], [-73.562232, 41.814023], [-73.562636, 41.811937], [-73.563389, 41.818708], [-73.567775, 41.817131], [-73.566124, 41.808186], [-73.567076, 41.808061], [-73.568121, 41.80712], [-73.573271, 41.81109], [-73.577227, 41.810072], [-73.579034, 41.811586], [-73.579134, 41.814057], [-73.580485, 41.816342], [-73.583066, 41.81649], [-73.583973, 41.817055], [-73.584911, 41.819389], [-73.584589, 41.821054], [-73.583115, 41.822826], [-73.585265, 41.825993], [-73.584948, 41.8268], [-73.585799, 41.828966], [-73.588121, 41.830981], [-73.588105, 41.833305], [-73.589116, 41.835074], [-73.588691, 41.837118], [-73.589567, 41.838992], [-73.591237, 41.840241], [-73.593182, 41.843515], [-73.59505, 41.845506], [-73.596373, 41.845946], [-73.595963, 41.847342], [-73.596508, 41.849468], [-73.595935, 41.851353], [-73.597319, 41.852527], [-73.598143, 41.855935], [-73.597768, 41.858776], [-73.600905, 41.861486], [-73.601805, 41.864222], [-73.60169, 41.865847], [-73.602636, 41.867737], [-73.599613, 41.871604], [-73.600067, 41.872194], [-73.597871, 41.873065], [-73.59551, 41.876053], [-73.5975, 41.878462], [-73.597042, 41.879338], [-73.59764, 41.881197], [-73.595702, 41.881639], [-73.594507, 41.883782], [-73.599378, 41.885789], [-73.600286, 41.885502], [-73.599195, 41.882867], [-73.598233, 41.879249], [-73.598386, 41.878262], [-73.600369, 41.875736], [-73.601329, 41.871759], [-73.602801, 41.867649], [-73.602874, 41.86412], [-73.60422, 41.860765], [-73.606375, 41.858494], [-73.607816, 41.857637], [-73.616142, 41.861067], [-73.618398, 41.863279], [-73.619446, 41.866796], [-73.622085, 41.867196], [-73.625128, 41.870314], [-73.625932, 41.870391], [-73.635076, 41.869589], [-73.639796, 41.868812], [-73.642088, 41.867227], [-73.64303, 41.865793], [-73.64732, 41.864871], [-73.650411, 41.866038], [-73.650748, 41.867673], [-73.652521, 41.869724], [-73.652781, 41.870923]]]}}, {"type": "Feature", "id": "06854", "properties": {"ZCTA5CE20": "06854", "GEOID20": "06854", "zip": "06854", "STUSPS": "CT"}, "geometry": {"type": "Polygon", "coordinates": [[[-73.4544, 41.10055], [-73.453222, 41.1007], [-73.451218, 41.100902], [-73.45194, 41.103953], [-73.451759, 41.104631], [-73.448383, 41.104805], [-73.446567, 41.103358], [-73.446026, 41.103681], [-73.448139, 41.106449], [-73.449547, 41.106449], [-73.450573, 41.110114], [-73.446995, 41.112932], [-73.441293, 41.112861], [-73.444386, 41.114993], [-73.443812, 41.119138], [-73.441397, 41.119647], [-73.439493, 41.119262], [-73.438476, 41.118152], [-73.438151, 41.117841], [-73.438182, 41.11586], [-73.435726, 41.115669], [-73.434927, 41.112925], [-73.435738, 41.111633], [-73.433856, 41.110113], [-73.433192, 41.111146], [-73.429689, 41.112735], [-73.428312, 41.112487], [-73.426163, 41.106204], [-73.425649, 41.105568], [-73.423796, 41.106179], [-73.423056, 41.106367], [-73.421274, 41.106602], [-73.420042, 41.106584], [-73.419449, 41.106548], [-73.415767, 41.106424], [-73.413662, 41.106668], [-73.411002, 41.107325], [-73.410575, 41.107436], [-73.410478, 41.105745], [-73.414365, 41.104312], [-73.415385, 41.103106], [-73.415055, 41.100566], [-73.414472, 41.098949], [-73.411364, 41.094977], [-73.410736, 41.094501], [-73.409463, 41.093496], [-73.406171, 41.090512], [-73.404151, 41.087913], [-73.4025953212994, 41.085912130154], [-73.405632, 41.082261], [-73.40785, 41.081115], [-73.4077818714467, 41.0804986666089], [-73.4073016711971, 41.0761544756048], [-73.407228, 41.075488], [-73.4081675708006, 41.0719448373851], [-73.408416, 41.071008], [-73.411877, 41.071008], [-73.413065, 41.075257], [-73.414472, 41.076141], [-73.41691, 41.075307], [-73.419663, 41.075396], [-73.420263, 41.074296], [-73.420363, 41.068396], [-73.4219963591711, 41.0642269064179], [-73.4331301040929, 41.055897694743], [-73.433932, 41.058641], [-73.432745, 41.060174], [-73.428789, 41.063417], [-73.429565, 41.063851], [-73.430565, 41.067299], [-73.429876, 41.070538], [-73.428454, 41.07198], [-73.427927, 41.076018], [-73.429331, 41.080037], [-73.428793, 41.08302], [-73.427074, 41.086909], [-73.428406, 41.087017], [-73.428709, 41.08628], [-73.428854, 41.085888], [-73.431683, 41.081065], [-73.433737, 41.079758], [-73.436413, 41.07875], [-73.445331, 41.077397], [-73.44488, 41.078772], [-73.442203, 41.07925], [-73.440712, 41.079125], [-73.440595, 41.078923], [-73.440553, 41.081333], [-73.441468, 41.081419], [-73.441459, 41.081988], [-73.443524, 41.082056], [-73.443095, 41.083176], [-73.445406, 41.082974], [-73.446853, 41.08248], [-73.44747, 41.08501], [-73.450119, 41.086454], [-73.450671, 41.088151], [-73.453841, 41.087739], [-73.45358, 41.089616], [-73.453607, 41.089762], [-73.453595, 41.090604], [-73.45398, 41.091673], [-73.452759, 41.09436], [-73.452884, 41.095734], [-73.453712, 41.096303], [-73.4544, 41.10055]]]}}, {"type": "Feature", "id": "06441", "properties": {"ZCTA5CE20": "06441", "GEOID20": "06441", "zip": "06441", "STUSPS": "CT"}, "geometry": {"type": "Polygon", "coordinates": [[[-72.637039, 41.463829], [-72.62792, 41.485459], [-72.629496, 41.488723], [-72.633701, 41.500201], [-72.589334, 41.506299], [-72.587721, 41.506515], [-72.581012, 41.507488], [-72.563504, 41.510125], [-72.55686, 41.510906], [-72.554912, 41.51105], [-72.55361, 41.508], [-72.551618, 41.504715], [-72.549915, 41.502815], [-72.547579, 41.501739], [-72.541166, 41.500081], [-72.534167, 41.49854], [-72.529754, 41.496965], [-72.531563, 41.495371], [-72.531712, 41.495146], [-72.541383, 41.498844], [-72.544248, 41.498555], [-72.543141, 41.496888], [-72.542846, 41.49685], [-72.542773, 41.495517], [-72.546477, 41.494555], [-72.54467, 41.484772], [-72.542223, 41.487322], [-72.539792, 41.488112], [-72.538728, 41.487212], [-72.539385, 41.484308], [-72.538642, 41.482058], [-72.539683, 41.48081], [-72.539862, 41.478787], [-72.537593, 41.478396], [-72.538405, 41.477642], [-72.540074, 41.473011], [-72.537892, 41.467811], [-72.538307, 41.464956], [-72.540395, 41.464453], [-72.536739, 41.462911], [-72.527805, 41.456665], [-72.530954, 41.454081], [-72.531899, 41.454547], [-72.53357, 41.453138], [-72.537575, 41.452053], [-72.538813, 41.450433], [-72.541132, 41.448569], [-72.541775, 41.447405], [-72.540701, 41.446782], [-72.541135, 41.444617], [-72.542165, 41.443423], [-72.542121, 41.442205], [-72.544655, 41.435763], [-72.54744, 41.430946], [-72.547028, 41.427896], [-72.545106, 41.427165], [-72.5429, 41.427167], [-72.541305, 41.426541], [-72.537487, 41.426835], [-72.534061, 41.428114], [-72.533142, 41.428076], [-72.530285, 41.425989], [-72.528664, 41.426581], [-72.52917, 41.423724], [-72.538782, 41.421491], [-72.548917, 41.419203], [-72.555342, 41.418145], [-72.566289, 41.415763], [-72.569999, 41.41477], [-72.604916, 41.440206], [-72.60896, 41.44309], [-72.619174, 41.451455], [-72.622647, 41.45461], [-72.623455, 41.45497], [-72.63136, 41.459679], [-72.637039, 41.463829]]]}}, {"type": "Feature", "id": "06905", "properties": {"ZCTA5CE20": "06905", "GEOID20": "06905", "zip": "06905", "STUSPS": "CT"}, "geometry": {"type": "Polygon", "coordinates": [[[-73.56128, 41.100067], [-73.559787, 41.100888], [-73.55975, 41.10418], [-73.558607, 41.105613], [-73.557004, 41.10662], [-73.555631, 41.108339], [-73.546434, 41.112006], [-73.543823, 41.11303], [-73.535111, 41.116235], [-73.533259, 41.1146], [-73.532043, 41.115313], [-73.530394, 41.113699], [-73.527557, 41.113957], [-73.523863, 41.107832], [-73.525185, 41.10574], [-73.5311, 41.105392], [-73.530531, 41.101565], [-73.530687, 41.101014], [-73.531294, 41.098451], [-73.531661, 41.096631], [-73.529654, 41.096622], [-73.527436, 41.096849], [-73.526902, 41.093944], [-73.527383, 41.091305], [-73.52793, 41.088401], [-73.528094, 41.086248], [-73.526015, 41.083458], [-73.529343, 41.079093], [-73.531193, 41.079068], [-73.530825, 41.078825], [-73.531219, 41.075934], [-73.533688, 41.076296], [-73.533559, 41.075227], [-73.534803, 41.077085], [-73.536851, 41.076883], [-73.539244, 41.071318], [-73.536722, 41.069957], [-73.53397, 41.067918], [-73.538001, 41.066852], [-73.537812, 41.065361], [-73.537224, 41.06526], [-73.53704, 41.063971], [-73.535448, 41.063706], [-73.533987, 41.062065], [-73.534827, 41.061888], [-73.533418, 41.060733], [-73.53367, 41.060284], [-73.535276, 41.059139], [-73.537414, 41.059608], [-73.537597, 41.061041], [-73.537636, 41.061229], [-73.538183, 41.060626], [-73.539797, 41.059228], [-73.541968, 41.05886], [-73.543049, 41.062398], [-73.542207, 41.062564], [-73.542769, 41.063447], [-73.5443, 41.062889], [-73.544066, 41.062169], [-73.546646, 41.060213], [-73.546457, 41.059081], [-73.548052, 41.058843], [-73.548424, 41.060653], [-73.550353, 41.060396], [-73.55233, 41.059082], [-73.551805, 41.056125], [-73.555045, 41.05592], [-73.557741, 41.056444], [-73.558288, 41.056908], [-73.559914, 41.057672], [-73.559918, 41.058892], [-73.558393, 41.063598], [-73.55845, 41.064427], [-73.55831, 41.066115], [-73.557635, 41.066111], [-73.55671, 41.072684], [-73.555722, 41.076195], [-73.556566, 41.077278], [-73.556896, 41.078488], [-73.555498, 41.08342], [-73.556618, 41.085519], [-73.556021, 41.084987], [-73.554287, 41.082772], [-73.553244, 41.088144], [-73.552605, 41.087978], [-73.553774, 41.088726], [-73.55458, 41.089261], [-73.555423, 41.089345], [-73.55651, 41.092822], [-73.557058, 41.096459], [-73.560127, 41.096439], [-73.56128, 41.100067]]]}}, {"type": "Feature", "id": "06794", "properties": {"ZCTA5CE20": "06794", "GEOID20": "06794", "zip": "06794", "STUSPS": "CT"}, "geometry": {"type": "Polygon", "coordinates": [[[-73.372189, 41.654258], [-73.370412, 41.655286], [-73.367339, 41.660319], [-73.366937, 41.661159], [-73.362067, 41.661291], [-73.361233, 41.662072], [-73.358066, 41.66389], [-73.353775, 41.664059], [-73.351414, 41.66271], [-73.350844, 41.662102], [-73.349812, 41.662786], [-73.350559, 41.663552], [-73.351243, 41.664558], [-73.348555, 41.66455], [-73.344905, 41.667625], [-73.342911, 41.670122], [-73.338266, 41.668814], [-73.330258, 41.663919], [-73.330112, 41.663754], [-73.326025, 41.668018], [-73.323096, 41.669325], [-73.321704, 41.667587], [-73.321206, 41.664667], [-73.319877, 41.660566], [-73.318339, 41.65691], [-73.314651, 41.656857], [-73.311848, 41.657432], [-73.311264, 41.658534], [-73.313458, 41.661577], [-73.315054, 41.662728], [-73.31622, 41.664594], [-73.315245, 41.66713], [-73.312027, 41.668298], [-73.308891, 41.666985], [-73.306308, 41.667728], [-73.304949, 41.668809], [-73.307078, 41.671262], [-73.307381, 41.674879], [-73.308723, 41.677359], [-73.308627, 41.679267], [-73.309607, 41.68053], [-73.309007, 41.681762], [-73.305189, 41.683259], [-73.300673, 41.683837], [-73.298519, 41.683654], [-73.297244, 41.686048], [-73.296728, 41.690348], [-73.296968, 41.690961], [-73.296059, 41.694003], [-73.295197, 41.69529], [-73.293246, 41.69619], [-73.291914, 41.695918], [-73.295464, 41.69332], [-73.296364, 41.691602], [-73.297018, 41.685152], [-73.298351, 41.682499], [-73.293239, 41.683615], [-73.287962, 41.688644], [-73.285986, 41.689692], [-73.283428, 41.694246], [-73.282914, 41.697037], [-73.279676, 41.697243], [-73.279461, 41.698147], [-73.278768, 41.697665], [-73.27549, 41.69522], [-73.26693, 41.688459], [-73.271778, 41.687509], [-73.271956, 41.685644], [-73.273314, 41.685247], [-73.27488, 41.683339], [-73.277197, 41.674336], [-73.281039, 41.670847], [-73.281948, 41.666653], [-73.287637, 41.665157], [-73.289428, 41.665978], [-73.287874, 41.663727], [-73.286166, 41.659536], [-73.284545, 41.658143], [-73.28018, 41.656147], [-73.286841, 41.653578], [-73.288228, 41.652048], [-73.289447, 41.652428], [-73.290596, 41.651881], [-73.290692, 41.651423], [-73.293019, 41.651138], [-73.295105, 41.650619], [-73.296818, 41.64919], [-73.298611, 41.648433], [-73.299665, 41.648264], [-73.300898, 41.649311], [-73.302711, 41.649252], [-73.306439, 41.649432], [-73.310914, 41.649164], [-73.311697, 41.648432], [-73.311931, 41.645036], [-73.316486, 41.642962], [-73.314662, 41.64137], [-73.315904, 41.639861], [-73.318188, 41.639818], [-73.318624, 41.640425], [-73.321211, 41.638837], [-73.320511, 41.63506], [-73.317806, 41.634578], [-73.318832, 41.632406], [-73.320749, 41.631658], [-73.320847, 41.627889], [-73.321523, 41.625219], [-73.325789, 41.621764], [-73.323406, 41.616484], [-73.325465, 41.61325], [-73.330237, 41.612342], [-73.331098, 41.610763], [-73.329144, 41.606675], [-73.330561, 41.604264], [-73.334966, 41.60542], [-73.333714, 41.608926], [-73.333906, 41.610847], [-73.335144, 41.612001], [-73.336896, 41.612135], [-73.338876, 41.611425], [-73.340033, 41.609568], [-73.339305, 41.606547], [-73.338141, 41.605683], [-73.337848, 41.600013], [-73.340716, 41.596849], [-73.341006, 41.595771], [-73.346103, 41.595398], [-73.346912, 41.595202], [-73.347742, 41.598246], [-73.350234, 41.602053], [-73.356407, 41.629975], [-73.35694, 41.63383], [-73.359079, 41.646521], [-73.359384, 41.646951], [-73.360998, 41.647282], [-73.360244, 41.644558], [-73.361283, 41.641232], [-73.36276, 41.64143], [-73.365934, 41.64397], [-73.368623, 41.648212], [-73.373308, 41.652832], [-73.372189, 41.654258]]]}}, {"type": "Feature", "id": "06063", "properties": {"ZCTA5CE20": "06063", "GEOID20": "06063", "zip": "06063", "STUSPS": "CT"}, "geometry": {"type": "Polygon", "coordinates": [[[-73.047883, 41.909458], [-73.047669, 41.910417], [-73.044211, 41.924392], [-73.042656, 41.931248], [-73.042218, 41.9316], [-73.037086, 41.951873], [-73.036373, 41.956272], [-73.034024, 41.966301], [-73.030618, 41.966553], [-73.026169, 41.964917], [-73.019716, 41.959914], [-73.018054, 41.959018], [-73.014595, 41.955761], [-73.013631, 41.954595], [-73.012775, 41.95324], [-73.012593, 41.953905], [-73.012622, 41.951226], [-73.014604, 41.948155], [-73.014501, 41.946296], [-73.012786, 41.944939], [-73.008568, 41.943806], [-73.004529, 41.940029], [-73.001793, 41.937983], [-72.999521, 41.933877], [-73.000005, 41.932234], [-72.999935, 41.927377], [-72.997947, 41.924674], [-72.995469, 41.922655], [-72.996189, 41.925516], [-72.99596, 41.927075], [-72.994155, 41.928853], [-72.994474, 41.93014], [-72.993123, 41.93046], [-72.993205, 41.932523], [-72.990637, 41.936665], [-72.990273, 41.938334], [-72.990761, 41.939157], [-72.992933, 41.939922], [-72.99536, 41.942821], [-72.999645, 41.942052], [-73.000317, 41.943084], [-72.999664, 41.946987], [-73.001085, 41.950619], [-73.003366, 41.952281], [-73.003668, 41.954727], [-73.001728, 41.956907], [-73.001316, 41.961315], [-73.00204, 41.965067], [-73.001296, 41.968047], [-73.001401, 41.968372], [-72.976226, 41.969645], [-72.958743, 41.970497], [-72.957767, 41.970548], [-72.88706, 41.973121], [-72.902244, 41.931995], [-72.902968, 41.931361], [-72.905945, 41.921696], [-72.906645, 41.920196], [-72.915346, 41.896797], [-72.940647, 41.895196], [-72.941414, 41.895035], [-72.955717, 41.894205], [-72.959721, 41.89393], [-72.985282, 41.892099], [-72.993008, 41.891505], [-73.012188, 41.890207], [-73.033679, 41.88868], [-73.035706, 41.88857], [-73.036502, 41.888487], [-73.039939, 41.888339], [-73.040698, 41.888283], [-73.053534, 41.887324], [-73.047883, 41.909458]]]}}, {"type": "Feature", "id": "06331", "properties": {"ZCTA5CE20": "06331", "GEOID20": "06331", "zip": "06331", "STUSPS": "CT"}, "geometry": {"type": "Polygon", "coordinates": [[[-72.073597, 41.668591], [-72.05695, 41.671338], [-72.053451, 41.684373], [-72.05292, 41.688273], [-72.056104, 41.701203], [-72.052565, 41.731423], [-72.045833, 41.730473], [-72.022903, 41.759625], [-71.999452, 41.755768], [-71.997682, 41.755706], [-71.960571, 41.749505], [-71.923412, 41.74378], [-71.920964, 41.743405], [-71.913943, 41.74233], [-71.91418, 41.741463], [-71.918954, 41.736131], [-71.922154, 41.734386], [-71.923738, 41.734106], [-71.929462, 41.734982], [-71.931873, 41.73427], [-71.932749, 41.731401], [-71.935454, 41.729473], [-71.941695, 41.727017], [-71.943896, 41.725314], [-71.944832, 41.723009], [-71.945707, 41.722524], [-71.950196, 41.725233], [-71.953195, 41.726409], [-71.956258, 41.726218], [-71.95755, 41.724037], [-71.957275, 41.721742], [-71.958132, 41.719616], [-71.962765, 41.716133], [-71.966122, 41.714699], [-71.966329, 41.714064], [-71.963951, 41.710749], [-71.965414, 41.70847], [-71.962588, 41.705496], [-71.961887, 41.699539], [-71.962665, 41.697858], [-71.962408, 41.695771], [-71.960057, 41.692133], [-71.959292, 41.691906], [-71.956797, 41.692554], [-71.955701, 41.691447], [-71.954489, 41.688843], [-71.954635, 41.686161], [-71.956143, 41.682691], [-71.955653, 41.679772], [-71.953307, 41.677061], [-71.953508, 41.675284], [-71.948423, 41.674769], [-71.949762, 41.667003], [-71.950224, 41.664146], [-71.951868, 41.654331], [-71.954983, 41.634799], [-71.956491, 41.635064], [-71.95758, 41.634436], [-71.959054, 41.63379], [-71.958896, 41.634753], [-71.958458, 41.635387], [-71.972367, 41.637647], [-71.974072, 41.637925], [-71.975253, 41.638117], [-71.981928, 41.639203], [-71.991753, 41.640801], [-72.01492, 41.644588], [-72.031216, 41.647242], [-72.055659, 41.651239], [-72.062051, 41.652239], [-72.070815, 41.653678], [-72.072335, 41.657882], [-72.074332, 41.660981], [-72.073597, 41.668591]]]}}, {"type": "Feature", "id": "06442", "properties": {"ZCTA5CE20": "06442", "GEOID20": "06442", "zip": "06442", "STUSPS": "CT"}, "geometry": {"type": "Polygon", "coordinates": [[[-72.472724, 41.334209], [-72.468943, 41.345381], [-72.460766, 41.349248], [-72.460142, 41.349493], [-72.454916, 41.351907], [-72.448804, 41.354812], [-72.446057, 41.356177], [-72.434965, 41.36053], [-72.431749, 41.358595], [-72.429829, 41.359317], [-72.427791, 41.356283], [-72.430029, 41.355688], [-72.431508, 41.352678], [-72.432308, 41.350473], [-72.431567, 41.348848], [-72.431597, 41.347337], [-72.423784, 41.348622], [-72.422823, 41.34915], [-72.42147, 41.347292], [-72.421432, 41.344431], [-72.423195, 41.344595], [-72.424409, 41.343132], [-72.422677, 41.343077], [-72.418601, 41.339017], [-72.422331, 41.337062], [-72.423409, 41.334119], [-72.422038, 41.333412], [-72.424449, 41.33362], [-72.425512, 41.335197], [-72.427313, 41.336914], [-72.429849, 41.337474], [-72.429531, 41.33496], [-72.429754, 41.333497], [-72.427457, 41.334387], [-72.425683, 41.33236], [-72.424171, 41.33142], [-72.427708, 41.328234], [-72.428879, 41.325713], [-72.432029, 41.326548], [-72.435785, 41.330963], [-72.452961, 41.332474], [-72.464791, 41.33339], [-72.472063, 41.334026], [-72.472724, 41.334209]], [[-72.440479, 41.346769], [-72.439455, 41.346479], [-72.437773, 41.346685], [-72.437379, 41.347212], [-72.436463, 41.347396], [-72.438471, 41.3479], [-72.440328, 41.348251], [-72.440541, 41.34747], [-72.440479, 41.346769]]]}}, {"type": "Feature", "id": "06027", "properties": {"ZCTA5CE20": "06027", "GEOID20": "06027", "zip": "06027", "STUSPS": "CT"}, "geometry": {"type": "Polygon", "coordinates": [[[-72.959569, 41.974798], [-72.952726, 41.994386], [-72.949672, 42.001237], [-72.947127, 42.004654], [-72.946819, 42.005891], [-72.944976, 42.008105], [-72.942059, 42.009674], [-72.939332, 42.013552], [-72.939412, 42.014814], [-72.938322, 42.018753], [-72.93649, 42.021174], [-72.934754, 42.022647], [-72.934121, 42.027084], [-72.934025, 42.030906], [-72.93224, 42.031108], [-72.930047, 42.033112], [-72.929778, 42.034404], [-72.926741, 42.034426], [-72.925828, 42.034973], [-72.9242297429858, 42.0381300420321], [-72.863733, 42.03771], [-72.8636384107871, 42.0377091702701], [-72.863819, 42.035383], [-72.873001, 42.011628], [-72.874543, 42.008822], [-72.87762, 42.000161], [-72.877615, 41.998991], [-72.878714, 41.995878], [-72.880531, 41.990936], [-72.880943, 41.990193], [-72.886558, 41.974725], [-72.88661, 41.974527], [-72.88706, 41.973121], [-72.957767, 41.970548], [-72.958743, 41.970497], [-72.959569, 41.974798]]]}}, {"type": "Feature", "id": "10519", "properties": {"ZCTA5CE20": "10519", "GEOID20": "10519", "zip": "10519", "STUSPS": "CT"}, "geometry": {"type": "Polygon", "coordinates": [[[-73.670005, 41.354053], [-73.661625, 41.354979], [-73.660905, 41.354994], [-73.660619, 41.355026], [-73.659031, 41.355183], [-73.659514, 41.355005], [-73.661495, 41.354077], [-73.66276, 41.350116], [-73.659013, 41.349249], [-73.659522, 41.347459], [-73.658136, 41.346428], [-73.660931, 41.346022], [-73.660462, 41.343586], [-73.660043, 41.343222], [-73.659597, 41.343057], [-73.659267, 41.343048], [-73.656945, 41.343307], [-73.655901, 41.343466], [-73.65578, 41.342831], [-73.657539, 41.336931], [-73.658849, 41.33687], [-73.660456, 41.3386], [-73.660362, 41.339646], [-73.660971, 41.340075], [-73.661091, 41.342166], [-73.662166, 41.342502], [-73.661879, 41.344035], [-73.663242, 41.344954], [-73.663729, 41.346038], [-73.663999, 41.347167], [-73.666365, 41.349073], [-73.664725, 41.350584], [-73.665286, 41.350829], [-73.668368, 41.352934], [-73.66923, 41.353395], [-73.670005, 41.354053]]]}}, {"type": "Feature", "id": "11542", "properties": {"ZCTA5CE20": "11542", "GEOID20": "11542", "zip": "11542", "STUSPS": "CT"}, "geometry": {"type": "Polygon", "coordinates": [[[-73.6557616035436, 40.8651493236632], [-73.6550816547957, 40.8715346780513], [-73.654372, 40.878199], [-73.6540464659451, 40.8784748842566], [-73.6479644705579, 40.8836292659589], [-73.647422, 40.884089], [-73.6424020825464, 40.8908164799259], [-73.6413116991225, 40.8922777654279], [-73.641072, 40.892599], [-73.640751994018, 40.8936161889751], [-73.64046, 40.894019], [-73.637502, 40.895506], [-73.635998, 40.896513], [-73.6346094015093, 40.89797881551], [-73.633771, 40.898198], [-73.633134, 40.90269], [-73.626972, 40.899397], [-73.6210178615598, 40.8984476059439], [-73.620985, 40.898023], [-73.620365, 40.897549], [-73.619897, 40.897149], [-73.618084, 40.896087], [-73.61804, 40.89022], [-73.619678, 40.890563], [-73.619266, 40.889055], [-73.617971, 40.886355], [-73.617609, 40.884942], [-73.61616, 40.880262], [-73.61412, 40.876726], [-73.61406, 40.87528], [-73.614551, 40.874784], [-73.613472, 40.874308], [-73.614145, 40.874323], [-73.612267, 40.873482], [-73.612303, 40.873783], [-73.604889, 40.870629], [-73.598859, 40.867991], [-73.599456, 40.867436], [-73.600225, 40.865739], [-73.597244, 40.865813], [-73.595427, 40.858472], [-73.594242, 40.856779], [-73.592602, 40.856847], [-73.5924, 40.855944], [-73.598611, 40.85504], [-73.60113, 40.856031], [-73.600408, 40.853467], [-73.601786, 40.853744], [-73.608575, 40.853191], [-73.611116, 40.853893], [-73.61092, 40.852759], [-73.618287, 40.852135], [-73.618495, 40.853332], [-73.619272, 40.852992], [-73.619204, 40.852619], [-73.619192, 40.852544], [-73.619073, 40.851252], [-73.620116, 40.851905], [-73.625472, 40.848099], [-73.626772, 40.847499], [-73.631394, 40.846428], [-73.635706, 40.846082], [-73.635781, 40.847601], [-73.635384, 40.850404], [-73.634837, 40.853099], [-73.634502, 40.853502], [-73.636002, 40.85346], [-73.639472, 40.852999], [-73.64221, 40.852068], [-73.642651, 40.852509], [-73.643863, 40.853208], [-73.647234, 40.852682], [-73.6486109807309, 40.8534588034244], [-73.648126, 40.85389], [-73.6482302958982, 40.8558446489883], [-73.648242, 40.856064], [-73.6506112977382, 40.8573052429877], [-73.652575, 40.858334], [-73.65297, 40.861883], [-73.6530482576491, 40.8619679876956], [-73.6536891942832, 40.8626640439693], [-73.6550555848077, 40.8641479421365], [-73.655784, 40.864939], [-73.6557616035436, 40.8651493236632]]]}}, {"type": "Feature", "id": "10504", "properties": {"ZCTA5CE20": "10504", "GEOID20": "10504", "zip": "10504", "STUSPS": "CT"}, "geometry": {"type": "Polygon", "coordinates": [[[-73.751128, 41.10082], [-73.750449, 41.103374], [-73.748917, 41.110903], [-73.747396, 41.11308], [-73.746308, 41.113657], [-73.743287, 41.114341], [-73.742421, 41.114583], [-73.741818, 41.114821], [-73.741048, 41.115316], [-73.739749, 41.117338], [-73.739599, 41.119295], [-73.740206, 41.121049], [-73.743234, 41.124402], [-73.743613, 41.124987], [-73.745615, 41.127771], [-73.745622, 41.129625], [-73.746118, 41.130542], [-73.745778, 41.134812], [-73.746332, 41.136586], [-73.744642, 41.138775], [-73.745636, 41.14025], [-73.743536, 41.141383], [-73.743822, 41.141849], [-73.744651, 41.141765], [-73.744839, 41.144897], [-73.745947, 41.147793], [-73.741789, 41.150368], [-73.739695, 41.148937], [-73.740728, 41.147234], [-73.737879, 41.147004], [-73.737983, 41.145848], [-73.737797, 41.144708], [-73.729192, 41.149683], [-73.727179, 41.150862], [-73.719294, 41.15599], [-73.714297, 41.159285], [-73.711124, 41.161377], [-73.709107, 41.162698], [-73.704411, 41.165204], [-73.703513, 41.165654], [-73.693685, 41.16829], [-73.690499, 41.169126], [-73.686555, 41.17015], [-73.681753, 41.171377], [-73.668497, 41.174778], [-73.662689, 41.176256], [-73.660536, 41.176805], [-73.659908, 41.17582], [-73.661853, 41.172952], [-73.661666, 41.171142], [-73.663942, 41.166273], [-73.665821, 41.165284], [-73.666548, 41.163422], [-73.668409, 41.163087], [-73.668359, 41.161389], [-73.664539, 41.161412], [-73.663056, 41.160929], [-73.662311, 41.158633], [-73.663092, 41.157483], [-73.663146, 41.155308], [-73.665271, 41.15428], [-73.665206, 41.152623], [-73.663097, 41.151574], [-73.663703, 41.149658], [-73.656936, 41.149026], [-73.656442, 41.149451], [-73.656392, 41.150277], [-73.650196, 41.149772], [-73.64856, 41.143581], [-73.64854, 41.141159], [-73.644868, 41.140386], [-73.6440570349302, 41.1394643649465], [-73.660504402926, 41.1318478687221], [-73.6605552975166, 41.1318243003033], [-73.6677428182863, 41.1284958817491], [-73.6684334021286, 41.1281760841238], [-73.6767044849558, 41.1243458864203], [-73.6959488909347, 41.1154341295047], [-73.6960060114926, 41.1154076779464], [-73.7025289839594, 41.1123870004023], [-73.7028420205265, 41.1122420384951], [-73.7122625341071, 41.1078795589704], [-73.7122926255069, 41.1078656241552], [-73.727775, 41.100696], [-73.722575, 41.093596], [-73.7179443212336, 41.0887216012985], [-73.7178151629435, 41.0885856452037], [-73.716875, 41.087596], [-73.7154600485536, 41.0858243370527], [-73.71621, 41.085606], [-73.716065, 41.085118], [-73.71752, 41.075271], [-73.717073, 41.072328], [-73.718557, 41.072234], [-73.719162, 41.072189], [-73.721361, 41.072045], [-73.720588, 41.074923], [-73.720823, 41.078997], [-73.723759, 41.079519], [-73.72505, 41.079143], [-73.726284, 41.075928], [-73.727942, 41.074942], [-73.731801, 41.076241], [-73.734303, 41.075101], [-73.737388, 41.078403], [-73.738525, 41.078882], [-73.74425, 41.077829], [-73.745793, 41.078167], [-73.747014, 41.079546], [-73.747032, 41.083597], [-73.744448, 41.088701], [-73.74429, 41.089857], [-73.746874, 41.091715], [-73.753815, 41.094859], [-73.751128, 41.10082]], [[-73.670061, 41.169926], [-73.669745, 41.168548], [-73.669683, 41.167773], [-73.666867, 41.168074], [-73.667239, 41.169364], [-73.665903, 41.16947], [-73.666412, 41.171773], [-73.669718, 41.172961], [-73.670019, 41.172304], [-73.67013, 41.17128], [-73.670061, 41.169926]]]}}, {"type": "Feature", "id": "11790", "properties": {"ZCTA5CE20": "11790", "GEOID20": "11790", "zip": "11790", "STUSPS": "CT"}, "geometry": {"type": "Polygon", "coordinates": [[[-73.153698, 40.915729], [-73.149526, 40.918529], [-73.152082, 40.917906], [-73.152114, 40.919538], [-73.15085, 40.923266], [-73.1483096491833, 40.9285822061679], [-73.1473976606789, 40.928684894249], [-73.147077, 40.928721], [-73.1468300178543, 40.9303785455708], [-73.1464170578122, 40.9331500013238], [-73.144719, 40.944546], [-73.1447174623277, 40.9449235988237], [-73.141345, 40.945652], [-73.138088, 40.947723], [-73.137417, 40.947707], [-73.136378, 40.943965], [-73.134761, 40.944024], [-73.133207, 40.942284], [-73.129543, 40.942247], [-73.130085, 40.938827], [-73.129284, 40.937629], [-73.129215, 40.937465], [-73.129032, 40.932967], [-73.128971, 40.931949], [-73.127479, 40.931185], [-73.122953, 40.929504], [-73.123035, 40.92919], [-73.124271, 40.926249], [-73.124469, 40.924611], [-73.12136, 40.925715], [-73.119961, 40.9263], [-73.119745, 40.925912], [-73.119308, 40.924201], [-73.118834, 40.923398], [-73.117868, 40.923057], [-73.113452, 40.922256], [-73.111545, 40.92115], [-73.109142, 40.920081], [-73.108722, 40.919666], [-73.106685, 40.916477], [-73.108966, 40.91761], [-73.111194, 40.913032], [-73.113084, 40.913472], [-73.113491, 40.913569], [-73.111929, 40.908481], [-73.107601, 40.907869], [-73.107243, 40.906032], [-73.110851, 40.905895], [-73.111741, 40.904663], [-73.116352, 40.903889], [-73.115899, 40.903084], [-73.115109, 40.901668], [-73.111705, 40.892332], [-73.109183, 40.893017], [-73.110992, 40.898204], [-73.114266, 40.903172], [-73.111102, 40.903861], [-73.108479, 40.903685], [-73.101647, 40.904323], [-73.10143, 40.902969], [-73.103368, 40.902096], [-73.102266, 40.900475], [-73.098642, 40.901096], [-73.096492, 40.896834], [-73.09688, 40.895667], [-73.098255, 40.894279], [-73.099414, 40.89017], [-73.099917, 40.890311], [-73.100347, 40.889446], [-73.109881, 40.887733], [-73.109225, 40.886636], [-73.106644, 40.883193], [-73.112218, 40.87991], [-73.114766, 40.878421], [-73.116687, 40.877293], [-73.118056, 40.876493], [-73.123776, 40.873245], [-73.131232, 40.869235], [-73.131633, 40.871131], [-73.131977, 40.872103], [-73.132699, 40.872764], [-73.134381, 40.878496], [-73.1341, 40.878569], [-73.13622, 40.88625], [-73.136578, 40.886132], [-73.136664, 40.88736], [-73.138838, 40.894612], [-73.140805, 40.902209], [-73.141199, 40.903681], [-73.142306, 40.907778], [-73.142481, 40.908562], [-73.14632, 40.906669], [-73.148693, 40.906138], [-73.150686, 40.909667], [-73.152791, 40.912268], [-73.151371, 40.912576], [-73.153698, 40.915729]], [[-73.130429, 40.912683], [-73.128646, 40.913529], [-73.127394, 40.916496], [-73.125938, 40.916986], [-73.121315, 40.916427], [-73.120924, 40.920781], [-73.117625, 40.920222], [-73.11803, 40.921364], [-73.122556, 40.924297], [-73.127369, 40.921054], [-73.129389, 40.918293], [-73.130175, 40.914244], [-73.132304, 40.914534], [-73.130429, 40.912683]]]}}, {"type": "Feature", "id": "01089", "properties": {"ZCTA5CE20": "01089", "GEOID20": "01089", "zip": "01089", "STUSPS": "CT"}, "geometry": {"type": "Polygon", "coordinates": [[[-72.69468, 42.106223], [-72.694532, 42.106493], [-72.693028, 42.112669], [-72.692495, 42.117013], [-72.690764, 42.122872], [-72.690928, 42.125697], [-72.690189, 42.128738], [-72.686358, 42.135947], [-72.686872, 42.139962], [-72.68696, 42.140679], [-72.686691, 42.143885], [-72.689152, 42.146324], [-72.687974, 42.149374], [-72.686653, 42.150703], [-72.685538, 42.154571], [-72.68507, 42.160598], [-72.684891, 42.162937], [-72.667309, 42.162653], [-72.649699, 42.162376], [-72.6465, 42.162324], [-72.646083, 42.162318], [-72.63934, 42.162209], [-72.627342, 42.162032], [-72.627852, 42.154633], [-72.627714, 42.153943], [-72.627036, 42.151335], [-72.625785, 42.14963], [-72.62243, 42.146952], [-72.620144, 42.145307], [-72.618501, 42.143826], [-72.618363, 42.143706], [-72.614968, 42.137589], [-72.615257, 42.135717], [-72.615794, 42.133346], [-72.618232, 42.128807], [-72.621481, 42.123788], [-72.621528, 42.123587], [-72.621982, 42.121803], [-72.622132, 42.120359], [-72.620946, 42.116381], [-72.619128, 42.113997], [-72.617176, 42.111717], [-72.616272, 42.110661], [-72.615209, 42.10948], [-72.614195, 42.108722], [-72.610597, 42.106389], [-72.603791, 42.103476], [-72.599195, 42.101614], [-72.593089, 42.097786], [-72.59199, 42.096729], [-72.589822, 42.094525], [-72.588523, 42.093235], [-72.591763, 42.092022], [-72.593726, 42.093322], [-72.595872, 42.093859], [-72.598843, 42.093173], [-72.601297, 42.085994], [-72.605332, 42.087699], [-72.609561, 42.08861], [-72.613494, 42.087547], [-72.620914, 42.087654], [-72.626819, 42.089864], [-72.628975, 42.091133], [-72.63109, 42.095168], [-72.629489, 42.097286], [-72.630847, 42.100228], [-72.633348, 42.100623], [-72.636188, 42.099411], [-72.638635, 42.098811], [-72.639402, 42.098883], [-72.643501, 42.09938], [-72.647107, 42.099261], [-72.650954, 42.098195], [-72.656372, 42.097204], [-72.658198, 42.096235], [-72.660521, 42.092559], [-72.661429, 42.089535], [-72.660755, 42.086812], [-72.662205, 42.08437], [-72.663891, 42.084673], [-72.666318, 42.086567], [-72.668349, 42.091318], [-72.670284, 42.093335], [-72.673246, 42.094863], [-72.675717, 42.098413], [-72.676712, 42.100512], [-72.680178, 42.100963], [-72.681442, 42.100695], [-72.682209, 42.101551], [-72.682661, 42.106312], [-72.683525, 42.107053], [-72.688686, 42.106234], [-72.694869, 42.105884], [-72.69468, 42.106223]]]}}, {"type": "Feature", "id": "01566", "properties": {"ZCTA5CE20": "01566", "GEOID20": "01566", "zip": "01566", "STUSPS": "CT"}, "geometry": {"type": "Polygon", "coordinates": [[[-72.135705, 42.031532], [-72.135491, 42.05293], [-72.135388, 42.063146], [-72.131628, 42.064987], [-72.130382, 42.066881], [-72.129208, 42.067365], [-72.12609, 42.067246], [-72.124662, 42.068186], [-72.123887, 42.069863], [-72.121738, 42.067384], [-72.122823, 42.065316], [-72.124085, 42.060693], [-72.123855, 42.059091], [-72.122703, 42.05891], [-72.125247, 42.055564], [-72.12547, 42.052733], [-72.126166, 42.050239], [-72.123819, 42.048622], [-72.118251, 42.055379], [-72.111256, 42.065255], [-72.109169, 42.066785], [-72.105774, 42.071141], [-72.103451, 42.073649], [-72.104881, 42.074653], [-72.103534, 42.076535], [-72.103432, 42.078241], [-72.102093, 42.080667], [-72.102072, 42.083366], [-72.101131, 42.085737], [-72.096728, 42.090352], [-72.095331, 42.094752], [-72.092274, 42.097222], [-72.091723, 42.098698], [-72.089469, 42.10097], [-72.091768, 42.100602], [-72.092858, 42.100744], [-72.094014, 42.099844], [-72.094434, 42.099806], [-72.095333, 42.100628], [-72.095437, 42.101649], [-72.093427, 42.104892], [-72.094002, 42.10645], [-72.095277, 42.106285], [-72.094386, 42.108518], [-72.094424, 42.110367], [-72.096295, 42.110545], [-72.093539, 42.110561], [-72.093468, 42.110993], [-72.093529, 42.111099], [-72.09593, 42.111292], [-72.099844, 42.112965], [-72.10201, 42.119028], [-72.099397, 42.124933], [-72.099958, 42.126443], [-72.101928, 42.13127], [-72.099079, 42.131335], [-72.095677, 42.128955], [-72.094887, 42.13075], [-72.096057, 42.135253], [-72.089369, 42.136011], [-72.085993, 42.135922], [-72.085975, 42.136061], [-72.085824, 42.136723], [-72.083932, 42.139324], [-72.084448, 42.140497], [-72.087021, 42.140722], [-72.088385, 42.141863], [-72.088076, 42.143075], [-72.089308, 42.144249], [-72.092751, 42.145082], [-72.092951, 42.146712], [-72.091648, 42.151266], [-72.092461, 42.153686], [-72.086752, 42.154436], [-72.089415, 42.167139], [-72.077352, 42.168606], [-72.072449, 42.169279], [-72.02944, 42.174426], [-72.024015, 42.141786], [-72.046816, 42.134925], [-72.046607, 42.133914], [-72.045611, 42.129151], [-72.042268, 42.11288], [-72.042014, 42.111645], [-72.040498, 42.104189], [-72.046116, 42.103518], [-72.046762, 42.103441], [-72.049705, 42.095151], [-72.052096, 42.088418], [-72.053109, 42.083771], [-72.053202, 42.083347], [-72.053391, 42.082555], [-72.053406, 42.082495], [-72.057155, 42.083165], [-72.059192, 42.081949], [-72.06088, 42.07879], [-72.059455, 42.074875], [-72.060574, 42.071779], [-72.063053, 42.072673], [-72.066425, 42.072086], [-72.074435, 42.05846], [-72.0997252597077, 42.0288013695839], [-72.1021687771907, 42.028899460948], [-72.135687, 42.030245], [-72.135715, 42.0302453396816], [-72.135705, 42.031532]]]}}, {"type": "Feature", "id": "06334", "properties": {"ZCTA5CE20": "06334", "GEOID20": "06334", "zip": "06334", "STUSPS": "CT"}, "geometry": {"type": "Polygon", "coordinates": [[[-72.227124, 41.522498], [-72.226446, 41.5253], [-72.224123, 41.530298], [-72.21911, 41.538815], [-72.218423, 41.540698], [-72.20429, 41.570557], [-72.204161, 41.570838], [-72.193591, 41.571921], [-72.191553, 41.575403], [-72.189986, 41.575773], [-72.18931, 41.57729], [-72.186819, 41.579334], [-72.189122, 41.584137], [-72.191095, 41.58592], [-72.190843, 41.589564], [-72.13871, 41.57641], [-72.135844, 41.573514], [-72.134981, 41.569529], [-72.135557, 41.569352], [-72.134744, 41.567668], [-72.133018, 41.566047], [-72.132179, 41.563653], [-72.132351, 41.562233], [-72.132136, 41.560103], [-72.132854, 41.548247], [-72.133882, 41.546385], [-72.134807, 41.545407], [-72.135446, 41.54467], [-72.136202, 41.543726], [-72.140548, 41.536816], [-72.140656, 41.536287], [-72.139058, 41.529732], [-72.133556, 41.512362], [-72.132884, 41.508908], [-72.134151, 41.506187], [-72.135416, 41.504006], [-72.136129, 41.504852], [-72.141983, 41.504173], [-72.144049, 41.50497], [-72.153551, 41.50733], [-72.161982, 41.510117], [-72.165719, 41.510551], [-72.168376, 41.51218], [-72.171164, 41.513943], [-72.178296, 41.515903], [-72.180917, 41.51632], [-72.182633, 41.516106], [-72.182209, 41.514581], [-72.182743, 41.512754], [-72.186721, 41.512913], [-72.191058, 41.514153], [-72.193488, 41.511981], [-72.199522, 41.513037], [-72.227624, 41.518698], [-72.227124, 41.522498]]]}}, {"type": "Feature", "id": "06078", "properties": {"ZCTA5CE20": "06078", "GEOID20": "06078", "zip": "06078", "STUSPS": "CT"}, "geometry": {"type": "Polygon", "coordinates": [[[-72.701152, 41.951665], [-72.700388, 41.952949], [-72.699315, 41.953169], [-72.698881, 41.954536], [-72.697337, 41.955628], [-72.698234, 41.957499], [-72.695227, 41.959574], [-72.696411, 41.960287], [-72.696838, 41.961939], [-72.695536, 41.962675], [-72.695867, 41.96414], [-72.694139, 41.965583], [-72.693367, 41.967131], [-72.691997, 41.966994], [-72.690248, 41.96836], [-72.690823, 41.97038], [-72.690264, 41.972136], [-72.688712, 41.97308], [-72.686366, 41.976181], [-72.687189, 41.978014], [-72.686847, 41.979923], [-72.682031, 41.981407], [-72.686398, 41.982993], [-72.686323, 41.985552], [-72.685992, 41.987594], [-72.686422, 41.99235], [-72.688048, 41.997724], [-72.690712, 42.000297], [-72.688629, 42.012163], [-72.686457, 42.012919], [-72.687664, 42.016132], [-72.685654, 42.019279], [-72.686611, 42.022986], [-72.685249, 42.024805], [-72.685124, 42.027874], [-72.684336, 42.028263], [-72.684035, 42.033057], [-72.68363, 42.034103], [-72.6820133741491, 42.0356302222953], [-72.6784620268016, 42.0353347083276], [-72.678311259508, 42.0353221627113], [-72.6731246644418, 42.0348905768547], [-72.6729633546716, 42.0348771539801], [-72.6632528827809, 42.0340691282378], [-72.643134, 42.032395], [-72.6369752374858, 42.0321150642021], [-72.61690464073, 42.0312027902664], [-72.6169036025419, 42.0312027430774], [-72.6110121835102, 42.0309349589107], [-72.6079909707697, 42.0307976349601], [-72.607933, 42.030795], [-72.6069560573249, 42.0251287324845], [-72.604905, 42.011908], [-72.607533, 41.999296], [-72.603579, 41.989771], [-72.607033, 41.973796], [-72.609533, 41.964895], [-72.611634, 41.960787], [-72.612233, 41.955896], [-72.613101, 41.946971], [-72.613964, 41.943468], [-72.616852, 41.943501], [-72.628925, 41.94418], [-72.637678, 41.944717], [-72.651744, 41.946083], [-72.659512, 41.946307], [-72.669771, 41.946889], [-72.671549, 41.947], [-72.682192, 41.947767], [-72.687636, 41.948096], [-72.704318, 41.949265], [-72.701152, 41.951665]], [[-72.641381, 41.951409], [-72.639327, 41.950802], [-72.63869, 41.948162], [-72.636937, 41.949007], [-72.628319, 41.947823], [-72.628113, 41.948839], [-72.634087, 41.952591], [-72.640936, 41.952816], [-72.641381, 41.951409]]]}}, {"type": "Feature", "id": "06804", "properties": {"ZCTA5CE20": "06804", "GEOID20": "06804", "zip": "06804", "STUSPS": "CT"}, "geometry": {"type": "Polygon", "coordinates": [[[-73.444409, 41.477561], [-73.443416, 41.478529], [-73.44262, 41.48545], [-73.442095, 41.485573], [-73.437027, 41.483613], [-73.438574, 41.486289], [-73.441466, 41.491294], [-73.439752, 41.492401], [-73.439497, 41.492529], [-73.435354, 41.49514], [-73.430888, 41.497919], [-73.425465, 41.499294], [-73.419085, 41.501438], [-73.417723, 41.501987], [-73.414559, 41.503496], [-73.402671, 41.508998], [-73.391212, 41.513381], [-73.388129, 41.514295], [-73.386964, 41.514794], [-73.385064, 41.512494], [-73.384964, 41.510994], [-73.387464, 41.509094], [-73.388564, 41.506494], [-73.387064, 41.505194], [-73.381964, 41.503594], [-73.378964, 41.501894], [-73.376764, 41.498994], [-73.375263, 41.489194], [-73.364103, 41.485282], [-73.358862, 41.482094], [-73.35065, 41.479791], [-73.347663, 41.478095], [-73.340062, 41.476695], [-73.336662, 41.475695], [-73.331656, 41.472729], [-73.336527, 41.467398], [-73.334885, 41.465399], [-73.329456, 41.461016], [-73.327214, 41.460839], [-73.326754, 41.459831], [-73.329021, 41.459883], [-73.329488, 41.460741], [-73.332883, 41.463285], [-73.336035, 41.462804], [-73.337604, 41.463615], [-73.340653, 41.463081], [-73.359859, 41.44261], [-73.364384, 41.437767], [-73.370302, 41.43036], [-73.373511, 41.426347], [-73.378623, 41.419993], [-73.380138, 41.422934], [-73.385241, 41.424021], [-73.405965, 41.428194], [-73.411924, 41.429532], [-73.415787, 41.430337], [-73.418273, 41.437914], [-73.421541, 41.447935], [-73.424673, 41.447291], [-73.426545, 41.453102], [-73.428411, 41.456526], [-73.426361, 41.454678], [-73.42499, 41.454517], [-73.426733, 41.458486], [-73.42797, 41.459297], [-73.428067, 41.460964], [-73.426942, 41.463834], [-73.429716, 41.469735], [-73.431533, 41.469014], [-73.433379, 41.472111], [-73.434934, 41.471898], [-73.438291, 41.47406], [-73.437805, 41.472749], [-73.43543, 41.470864], [-73.434846, 41.467938], [-73.43562, 41.466233], [-73.437065, 41.465397], [-73.439284, 41.468048], [-73.44016, 41.469825], [-73.442145, 41.470591], [-73.443335, 41.472593], [-73.44425, 41.476758], [-73.444409, 41.477561]]]}}, {"type": "Feature", "id": "06093", "properties": {"ZCTA5CE20": "06093", "GEOID20": "06093", "zip": "06093", "STUSPS": "CT"}, "geometry": {"type": "Polygon", "coordinates": [[[-72.77475938856, 42.0021288326822], [-72.7706452603118, 42.0025731407607], [-72.766739, 42.002995], [-72.7663060027458, 42.006386811825], [-72.766139, 42.007695], [-72.763265, 42.009742], [-72.763238, 42.012795], [-72.761238, 42.014595], [-72.759738, 42.016995], [-72.761354, 42.018183], [-72.76231, 42.019775], [-72.762151, 42.021527], [-72.760558, 42.021846], [-72.758151, 42.020865], [-72.757467, 42.020947], [-72.754038, 42.025395], [-72.751738, 42.030195], [-72.753538, 42.032095], [-72.757538, 42.033295], [-72.755838, 42.036195], [-72.7516167497092, 42.0362367820003], [-72.721913180132, 42.0365307883891], [-72.7192527914859, 42.0365571209569], [-72.714557957256, 42.0366035904984], [-72.7128274389607, 42.0366207191951], [-72.7120042050453, 42.036628867577], [-72.7113852377432, 42.0366349941249], [-72.7109372031057, 42.0366394287786], [-72.6994029866905, 42.0367535946302], [-72.695927, 42.036788], [-72.6860801113328, 42.0359686227736], [-72.6820133741491, 42.0356302222953], [-72.68363, 42.034103], [-72.684035, 42.033057], [-72.684336, 42.028263], [-72.685124, 42.027874], [-72.685249, 42.024805], [-72.686611, 42.022986], [-72.685654, 42.019279], [-72.687664, 42.016132], [-72.686457, 42.012919], [-72.688629, 42.012163], [-72.690712, 42.000297], [-72.688048, 41.997724], [-72.686422, 41.99235], [-72.685992, 41.987594], [-72.686323, 41.985552], [-72.686398, 41.982993], [-72.682031, 41.981407], [-72.686847, 41.979923], [-72.687189, 41.978014], [-72.686366, 41.976181], [-72.688712, 41.97308], [-72.690264, 41.972136], [-72.690823, 41.97038], [-72.690248, 41.96836], [-72.691997, 41.966994], [-72.693367, 41.967131], [-72.694139, 41.965583], [-72.695867, 41.96414], [-72.695536, 41.962675], [-72.696838, 41.961939], [-72.696411, 41.960287], [-72.695227, 41.959574], [-72.698234, 41.957499], [-72.697337, 41.955628], [-72.698881, 41.954536], [-72.699315, 41.953169], [-72.700388, 41.952949], [-72.701152, 41.951665], [-72.704318, 41.949265], [-72.70964, 41.949498], [-72.716169, 41.949804], [-72.711836, 41.960819], [-72.707622, 41.973353], [-72.708522, 41.973829], [-72.717352, 41.975874], [-72.717724, 41.976039], [-72.744153, 41.981817], [-72.762939, 41.985896], [-72.770464, 41.987707], [-72.778412, 41.98944], [-72.77475938856, 42.0021288326822]]]}}, {"type": "Feature", "id": "06278", "properties": {"ZCTA5CE20": "06278", "GEOID20": "06278", "zip": "06278", "STUSPS": "CT"}, "geometry": {"type": "Polygon", "coordinates": [[[-72.2171, 41.8723], [-72.2169, 41.884464], [-72.216456, 41.888062], [-72.216306, 41.892818], [-72.21665, 41.918662], [-72.21726, 41.949353], [-72.21698, 41.958161], [-72.19528, 41.959322], [-72.190661, 41.959144], [-72.151654, 41.959302], [-72.152718, 41.953033], [-72.150697, 41.952456], [-72.150677, 41.949461], [-72.149019, 41.943787], [-72.148374, 41.943518], [-72.147043, 41.942529], [-72.146634, 41.939067], [-72.145378, 41.938331], [-72.145218, 41.935478], [-72.14439, 41.93325], [-72.145038, 41.930617], [-72.144746, 41.928817], [-72.141135, 41.923718], [-72.13996, 41.923186], [-72.138896, 41.921161], [-72.13886, 41.919597], [-72.139912, 41.917562], [-72.139157, 41.915904], [-72.135361, 41.91339], [-72.132831, 41.91041], [-72.12865, 41.910802], [-72.12487, 41.910272], [-72.122674, 41.910756], [-72.121337, 41.909955], [-72.119909, 41.907295], [-72.119085, 41.904843], [-72.115661, 41.903314], [-72.114768, 41.898343], [-72.113645, 41.898541], [-72.112562, 41.894268], [-72.112715, 41.892709], [-72.111977, 41.89161], [-72.114009, 41.888421], [-72.117345, 41.886613], [-72.112917, 41.879322], [-72.112953, 41.877842], [-72.112442, 41.86278], [-72.113995, 41.83169], [-72.12595, 41.83391], [-72.129049, 41.834301], [-72.133985, 41.834578], [-72.140378, 41.834614], [-72.145113, 41.834855], [-72.154297, 41.834945], [-72.156144, 41.834885], [-72.164498, 41.834913], [-72.166006, 41.834883], [-72.169019, 41.834902], [-72.190427, 41.834999], [-72.200292, 41.835046], [-72.217719, 41.835184], [-72.2171, 41.8723]]]}}, {"type": "Feature", "id": "06079", "properties": {"ZCTA5CE20": "06079", "GEOID20": "06079", "zip": "06079", "STUSPS": "CT"}, "geometry": {"type": "Polygon", "coordinates": [[[-73.409634, 42.034171], [-73.408273, 42.036519], [-73.408285, 42.038106], [-73.405132814352, 42.0498663795459], [-73.3753553801167, 42.0490911317313], [-73.377687, 42.048205], [-73.381487, 42.045806], [-73.387558, 42.043224], [-73.390604, 42.040365], [-73.396224, 42.037972], [-73.397982, 42.036242], [-73.396508, 42.033404], [-73.39787, 42.033022], [-73.398226, 42.031579], [-73.400313, 42.029299], [-73.402421, 42.024658], [-73.403053, 42.02637], [-73.402233, 42.032063], [-73.407099, 42.032668], [-73.406841, 42.033316], [-73.407732, 42.033222], [-73.408278, 42.030681], [-73.409391, 42.029122], [-73.410269, 42.031383], [-73.409634, 42.034171]]]}}, {"type": "Feature", "id": "06250", "properties": {"ZCTA5CE20": "06250", "GEOID20": "06250", "zip": "06250", "STUSPS": "CT"}, "geometry": {"type": "MultiPolygon", "coordinates": [[[[-72.262383, 41.762907], [-72.260647, 41.762305], [-72.258715, 41.762424], [-72.257369, 41.762226], [-72.25221, 41.762267], [-72.250254, 41.761904], [-72.248881, 41.761921], [-72.245778, 41.761276], [-72.250783, 41.760027], [-72.261193, 41.7616], [-72.262511, 41.762264], [-72.262383, 41.762907]]], [[[-72.270898, 41.760625], [-72.26886, 41.762517], [-72.267071, 41.762534], [-72.264644, 41.763075], [-72.26085, 41.756321], [-72.258147, 41.756662], [-72.257382, 41.753764], [-72.257776, 41.751125], [-72.252964, 41.748556], [-72.251405, 41.747002], [-72.248337, 41.746886], [-72.245859, 41.745808], [-72.243314, 41.747161], [-72.241392, 41.748926], [-72.237705, 41.749736], [-72.226075, 41.750649], [-72.225826, 41.74771], [-72.225177, 41.746617], [-72.221402, 41.747521], [-72.210445, 41.751145], [-72.207448, 41.755885], [-72.202798, 41.759869], [-72.201201, 41.764133], [-72.198409, 41.765426], [-72.198688, 41.765821], [-72.200012, 41.767619], [-72.200653, 41.768307], [-72.203745, 41.77115], [-72.203173, 41.772003], [-72.209332, 41.786384], [-72.20911, 41.787315], [-72.20705, 41.784812], [-72.205613, 41.782208], [-72.204849, 41.779483], [-72.201466, 41.776151], [-72.201143, 41.774787], [-72.197369, 41.776801], [-72.194861, 41.77727], [-72.198592, 41.77793], [-72.20266, 41.781368], [-72.202946, 41.783847], [-72.206648, 41.787288], [-72.207788, 41.788933], [-72.208153, 41.790929], [-72.209762, 41.792903], [-72.20972, 41.79411], [-72.208709, 41.794826], [-72.207536, 41.797237], [-72.203226, 41.80011], [-72.20092, 41.799706], [-72.198916, 41.801304], [-72.200353, 41.801365], [-72.203854, 41.803651], [-72.199969, 41.804501], [-72.201082, 41.806767], [-72.199975, 41.807864], [-72.198735, 41.805344], [-72.19539, 41.801639], [-72.194826, 41.799382], [-72.195806, 41.796973], [-72.193161, 41.798757], [-72.191506, 41.801237], [-72.195855, 41.822222], [-72.195219, 41.822222], [-72.19462, 41.821755], [-72.196462, 41.825554], [-72.19693, 41.827871], [-72.19585, 41.828516], [-72.192274, 41.833223], [-72.190633, 41.834164], [-72.190427, 41.834999], [-72.169019, 41.834902], [-72.166006, 41.834883], [-72.164498, 41.834913], [-72.156144, 41.834885], [-72.154297, 41.834945], [-72.155482, 41.834695], [-72.158007, 41.832216], [-72.159445, 41.831876], [-72.161507, 41.829808], [-72.163924, 41.828911], [-72.163211, 41.822222], [-72.163218, 41.822034], [-72.159342, 41.781159], [-72.156719, 41.753719], [-72.156321, 41.753491], [-72.158895, 41.751437], [-72.159313, 41.750691], [-72.16342, 41.749744], [-72.167643, 41.752326], [-72.169212, 41.751501], [-72.171819, 41.748573], [-72.174126, 41.751184], [-72.175709, 41.749765], [-72.176037, 41.751436], [-72.177986, 41.752657], [-72.17787, 41.75537], [-72.180412, 41.755596], [-72.181619, 41.756119], [-72.185142, 41.755681], [-72.187656, 41.755181], [-72.187985, 41.753741], [-72.185886, 41.75235], [-72.18573, 41.751914], [-72.186654, 41.751211], [-72.189404, 41.750097], [-72.188771, 41.747626], [-72.192581, 41.744568], [-72.195644, 41.739611], [-72.195689, 41.73703], [-72.194002, 41.734772], [-72.192505, 41.734525], [-72.191289, 41.733015], [-72.190961, 41.731395], [-72.192104, 41.730413], [-72.195541, 41.730063], [-72.198881, 41.731493], [-72.203691, 41.730853], [-72.215994, 41.729899], [-72.216443, 41.728035], [-72.227342, 41.728073], [-72.236448, 41.728143], [-72.242202, 41.728147], [-72.24346, 41.728174], [-72.244467, 41.728196], [-72.245091, 41.728297], [-72.24812, 41.728201], [-72.250888, 41.728197], [-72.252643, 41.728202], [-72.254003, 41.729515], [-72.259701, 41.729619], [-72.26135, 41.732748], [-72.260678, 41.734139], [-72.261722, 41.736757], [-72.263065, 41.73709], [-72.262502, 41.738337], [-72.263637, 41.739356], [-72.263535, 41.740468], [-72.265771, 41.743676], [-72.268431, 41.744837], [-72.267841, 41.745693], [-72.269467, 41.745833], [-72.265986, 41.750001], [-72.266131, 41.753352], [-72.267904, 41.756381], [-72.270872, 41.759764], [-72.270898, 41.760625]]]]}}, {"type": "Feature", "id": "06379", "properties": {"ZCTA5CE20": "06379", "GEOID20": "06379", "zip": "06379", "STUSPS": "CT"}, "geometry": {"type": "Polygon", "coordinates": [[[-71.895735, 41.353244], [-71.886306, 41.359576], [-71.886305, 41.363568], [-71.8847, 41.363567], [-71.884378, 41.365475], [-71.885467, 41.36731], [-71.879188, 41.365833], [-71.87711, 41.364517], [-71.876831, 41.362829], [-71.876157, 41.361356], [-71.874622, 41.362057], [-71.874941, 41.367497], [-71.879475, 41.368189], [-71.880499, 41.3801], [-71.876231, 41.382409], [-71.874802, 41.382278], [-71.874989, 41.383602], [-71.87558, 41.386609], [-71.871673, 41.389803], [-71.871367, 41.390867], [-71.873265, 41.391656], [-71.874842, 41.393254], [-71.874617, 41.394246], [-71.873201, 41.395825], [-71.873121, 41.39621], [-71.873531, 41.397099], [-71.873386, 41.398055], [-71.874408, 41.400266], [-71.874161, 41.400795], [-71.8744, 41.401756], [-71.874455, 41.402989], [-71.877108, 41.405626], [-71.875792, 41.410165], [-71.872788, 41.413267], [-71.871294, 41.413481], [-71.871178, 41.414041], [-71.873919, 41.414123], [-71.875299, 41.416036], [-71.868238, 41.414198], [-71.855884, 41.411642], [-71.855511, 41.411556], [-71.848961, 41.409777], [-71.844776, 41.408839], [-71.8428165698118, 41.4087322073789], [-71.843472, 41.40583], [-71.843256, 41.404461], [-71.841726, 41.403241], [-71.8417094568745, 41.4031258012566], [-71.84115, 41.39923], [-71.8419592771383, 41.3974908678683], [-71.842244, 41.396879], [-71.842131, 41.395359], [-71.8410615505958, 41.3940727447712], [-71.8386323044412, 41.3911510258414], [-71.83817, 41.390595], [-71.835204, 41.389558], [-71.832655, 41.387156], [-71.8330005628195, 41.3852672388358], [-71.833531, 41.382368], [-71.8316433377617, 41.3800224459541], [-71.830637, 41.378772], [-71.8313037090757, 41.3777406792844], [-71.8313139597931, 41.3777248226273], [-71.832674, 41.375621], [-71.8320765800314, 41.3729621714499], [-71.831613, 41.370899], [-71.8320107595774, 41.3702439986192], [-71.8321077620934, 41.3700842619703], [-71.832499, 41.36944], [-71.8349469163787, 41.3675609118721], [-71.8355881682153, 41.3670686692761], [-71.837633, 41.365499], [-71.8377312531105, 41.3633071368596], [-71.8377317214458, 41.3632966890791], [-71.837873, 41.360145], [-71.836768, 41.355103], [-71.835703, 41.353568], [-71.831303, 41.351295], [-71.829902, 41.346636], [-71.829384, 41.342413], [-71.829475472546, 41.3423265522306], [-71.830617723719, 41.3412470472827], [-71.836156, 41.336013], [-71.844666, 41.330585], [-71.847709, 41.329604], [-71.851923, 41.324664], [-71.857458, 41.320789], [-71.860513, 41.320248], [-71.85957, 41.322399], [-71.868727, 41.327815], [-71.87493547217, 41.3336111742683], [-71.877521, 41.336025], [-71.8823774862605, 41.3362379310113], [-71.882581, 41.34495], [-71.88287, 41.3456], [-71.882832, 41.349104], [-71.882512, 41.350666], [-71.88466, 41.350807], [-71.886959, 41.349664], [-71.889925, 41.349756], [-71.89072, 41.351054], [-71.890961, 41.351319], [-71.895888, 41.352015], [-71.895735, 41.353244]]]}}, {"type": "Feature", "id": "06351", "properties": {"ZCTA5CE20": "06351", "GEOID20": "06351", "zip": "06351", "STUSPS": "CT"}, "geometry": {"type": "Polygon", "coordinates": [[[-72.047864, 41.594823], [-72.047384, 41.594935], [-72.047045, 41.595171], [-72.046981, 41.59531], [-72.046608, 41.595738], [-72.044092, 41.600246], [-72.043593, 41.600929], [-72.040226, 41.604607], [-72.03898, 41.605339], [-72.037933, 41.606443], [-72.035443, 41.611574], [-72.036374, 41.615333], [-72.037098, 41.615986], [-72.037777, 41.618806], [-72.039929, 41.622383], [-72.040383, 41.623993], [-72.04062, 41.628373], [-72.039032, 41.629919], [-72.032484, 41.634785], [-72.032581, 41.63638], [-72.031896, 41.639524], [-72.031959, 41.642044], [-72.030778, 41.643661], [-72.030583, 41.645373], [-72.031216, 41.647242], [-72.01492, 41.644588], [-71.991753, 41.640801], [-71.981928, 41.639203], [-71.975253, 41.638117], [-71.974072, 41.637925], [-71.972367, 41.637647], [-71.958458, 41.635387], [-71.958896, 41.634753], [-71.959054, 41.63379], [-71.95758, 41.634436], [-71.956491, 41.635064], [-71.954983, 41.634799], [-71.951936, 41.634328], [-71.936549, 41.635883], [-71.909061, 41.638666], [-71.884422, 41.641204], [-71.88387, 41.630022], [-71.883219, 41.625098], [-71.875459, 41.57945], [-71.87529, 41.57913], [-71.874268, 41.572758], [-71.871821, 41.559919], [-71.870438, 41.55261], [-71.868881, 41.551755], [-71.86579, 41.551185], [-71.864586, 41.553156], [-71.860999, 41.552531], [-71.858718, 41.549578], [-71.859644, 41.547406], [-71.859292, 41.546077], [-71.857026, 41.543916], [-71.856711, 41.541873], [-71.853583, 41.539175], [-71.850967, 41.535961], [-71.850674, 41.534503], [-71.848782, 41.534437], [-71.848533, 41.533584], [-71.850963, 41.53008], [-71.853846, 41.527696], [-71.854493, 41.524012], [-71.857354, 41.521204], [-71.858228, 41.51908], [-71.861547, 41.516365], [-71.862033, 41.51477], [-71.863408, 41.514926], [-71.90286, 41.520262], [-71.940003, 41.553461], [-71.95458, 41.56653], [-71.980767, 41.565936], [-71.989233, 41.565641], [-71.991149, 41.564907], [-71.993055, 41.566418], [-72.000038, 41.565654], [-72.00332, 41.566601], [-72.007027, 41.568687], [-72.01072, 41.569398], [-72.011941, 41.567916], [-72.012685, 41.564742], [-72.015777, 41.557301], [-72.019159, 41.553963], [-72.022691, 41.553427], [-72.026781, 41.55494], [-72.029543, 41.555276], [-72.032132, 41.554944], [-72.035222, 41.553712], [-72.036842, 41.553938], [-72.041414, 41.555584], [-72.04612, 41.555998], [-72.045616, 41.557014], [-72.045045, 41.558075], [-72.043939, 41.55963], [-72.043208, 41.561089], [-72.043399, 41.56296], [-72.044569, 41.566285], [-72.045841, 41.569557], [-72.045326, 41.573023], [-72.041184, 41.58043], [-72.042985, 41.581925], [-72.045921, 41.585229], [-72.04598, 41.58536], [-72.047516, 41.594091], [-72.047864, 41.594823]]]}}, {"type": "Feature", "id": "06484", "properties": {"ZCTA5CE20": "06484", "GEOID20": "06484", "zip": "06484", "STUSPS": "CT"}, "geometry": {"type": "Polygon", "coordinates": [[[-73.20336, 41.301292], [-73.189779, 41.319581], [-73.189299, 41.320431], [-73.188163, 41.321934], [-73.184718, 41.326495], [-73.180615, 41.332973], [-73.178877, 41.334744], [-73.176814, 41.337587], [-73.173358, 41.348882], [-73.171147, 41.356192], [-73.170657, 41.357934], [-73.17058, 41.357898], [-73.159442, 41.372914], [-73.15965, 41.374905], [-73.157055, 41.376696], [-73.150955, 41.370196], [-73.147555, 41.367696], [-73.139573, 41.361211], [-73.138155, 41.353896], [-73.136054, 41.351196], [-73.126154, 41.346596], [-73.124654, 41.345296], [-73.123527, 41.343699], [-73.122854, 41.341396], [-73.115754, 41.332196], [-73.113174, 41.330802], [-73.096853, 41.322596], [-73.09324, 41.321007], [-73.090938, 41.319256], [-73.086523, 41.314455], [-73.085259, 41.3137], [-73.082052, 41.313096], [-73.078952, 41.311596], [-73.077652, 41.307696], [-73.075352, 41.305596], [-73.067851, 41.300996], [-73.065051, 41.297596], [-73.065251, 41.294896], [-73.068751, 41.289196], [-73.071251, 41.287296], [-73.075451, 41.285749], [-73.078852, 41.284496], [-73.08153, 41.282856], [-73.083752, 41.281496], [-73.086852, 41.276596], [-73.088652, 41.271696], [-73.087752, 41.265296], [-73.087852, 41.260096], [-73.086752, 41.254596], [-73.090872, 41.257082], [-73.094558, 41.256214], [-73.095265, 41.258052], [-73.098359, 41.25928], [-73.103076, 41.259612], [-73.102952, 41.261643], [-73.104616, 41.263556], [-73.107081, 41.264074], [-73.106049, 41.26705], [-73.108295, 41.268582], [-73.113576, 41.266824], [-73.120241, 41.264679], [-73.143896, 41.257159], [-73.146882, 41.255367], [-73.147367, 41.256222], [-73.155266, 41.269087], [-73.160786, 41.26894], [-73.164912, 41.268795], [-73.173596, 41.268606], [-73.178639, 41.272636], [-73.179032, 41.273731], [-73.190988, 41.285799], [-73.198299, 41.293093], [-73.200807, 41.294944], [-73.2048, 41.29936], [-73.20336, 41.301292]]]}}, {"type": "Feature", "id": "06516", "properties": {"ZCTA5CE20": "06516", "GEOID20": "06516", "zip": "06516", "STUSPS": "CT"}, "geometry": {"type": "Polygon", "coordinates": [[[-72.993134, 41.244748], [-72.992051, 41.244909], [-72.990938, 41.245429], [-72.99046, 41.247724], [-72.992366, 41.248689], [-72.992213, 41.258644], [-72.992027, 41.268089], [-72.986468, 41.273049], [-72.979943, 41.279192], [-72.982985, 41.28129], [-72.984035, 41.280599], [-72.986908, 41.281159], [-72.987148, 41.282447], [-72.986188, 41.285737], [-72.987302, 41.288249], [-72.98573, 41.291989], [-72.984268, 41.30179], [-72.984437, 41.30216], [-72.984502, 41.302364], [-72.98613, 41.306187], [-72.989148, 41.313297], [-72.972486, 41.311945], [-72.970176, 41.311613], [-72.963708, 41.310905], [-72.958147, 41.310701], [-72.956296, 41.310459], [-72.957433, 41.306648], [-72.955974, 41.305144], [-72.956848, 41.303085], [-72.956299, 41.301605], [-72.952644, 41.299435], [-72.951085, 41.297262], [-72.949874, 41.296193], [-72.952005, 41.294466], [-72.947918, 41.292064], [-72.946514, 41.292891], [-72.945806, 41.291592], [-72.943702, 41.289862], [-72.94293, 41.289007], [-72.94021, 41.287776], [-72.940745, 41.285993], [-72.939904, 41.283499], [-72.938934, 41.28144], [-72.9385948741925, 41.2811287732565], [-72.9391112517729, 41.28027369114], [-72.939163, 41.280188], [-72.938023, 41.278009], [-72.9371659719074, 41.2773990218723], [-72.9367936579735, 41.2771340324767], [-72.936566, 41.276972], [-72.9365558635634, 41.2767122952188], [-72.936413, 41.273052], [-72.9359219585551, 41.2725701839281], [-72.935242, 41.271903], [-72.931791, 41.269182], [-72.9317004827985, 41.2690792720359], [-72.930642, 41.267878], [-72.931106, 41.267294], [-72.9310563200892, 41.264741004582], [-72.931016, 41.262669], [-72.9312674811294, 41.2623418134787], [-72.931305, 41.262293], [-72.936192, 41.259888], [-72.939547, 41.258836], [-72.953154, 41.255421], [-72.9546242318511, 41.2543383385063], [-72.9569457356074, 41.2526288103645], [-72.957213, 41.252432], [-72.9600273351967, 41.2521452848861], [-72.962062, 41.251938], [-72.963482, 41.247999], [-72.9682143849687, 41.2444411966484], [-72.968901, 41.243925], [-72.9692621506414, 41.2431474557892], [-72.9704236943858, 41.2406466943051], [-72.9709799299226, 41.2394491394019], [-72.972039, 41.237169], [-72.975136, 41.233829], [-72.978347, 41.23331], [-72.9786667793222, 41.2334504412954], [-72.9810633815032, 41.2345029856333], [-72.981134, 41.234534], [-72.9816722372588, 41.2346969703111], [-72.985586, 41.235882], [-72.9857915675958, 41.2357617653703], [-72.9865543077538, 41.2353156455427], [-72.986904, 41.235535], [-72.99028, 41.234737], [-72.992699, 41.234519], [-72.993232, 41.237386], [-72.992127, 41.239001], [-72.994634, 41.241692], [-72.993134, 41.244748]]]}}, {"type": "Feature", "id": "06058", "properties": {"ZCTA5CE20": "06058", "GEOID20": "06058", "zip": "06058", "STUSPS": "CT"}, "geometry": {"type": "Polygon", "coordinates": [[[-73.263041, 41.916185], [-73.248919, 41.966427], [-73.248771, 41.970374], [-73.243605, 41.994021], [-73.241126, 42.006171], [-73.240811, 42.007705], [-73.2329591865244, 42.0450061991605], [-73.231056, 42.044945], [-73.229798, 42.044877], [-73.1721252790948, 42.0432383922418], [-73.1272774996918, 42.0419641690369], [-73.129014, 42.036255], [-73.143126, 41.988624], [-73.151494, 41.959726], [-73.165005, 41.913246], [-73.168319, 41.902091], [-73.170664, 41.894275], [-73.178138, 41.869448], [-73.181511, 41.870924], [-73.185722, 41.874441], [-73.18534, 41.876173], [-73.186728, 41.876294], [-73.189182, 41.880867], [-73.192017, 41.882799], [-73.195073, 41.883626], [-73.195947, 41.886229], [-73.200972, 41.887019], [-73.201714, 41.888702], [-73.203712, 41.889161], [-73.20588, 41.890811], [-73.208524, 41.891262], [-73.211052, 41.892423], [-73.212008, 41.893807], [-73.212045, 41.896217], [-73.214009, 41.898449], [-73.213774, 41.900891], [-73.21653, 41.902807], [-73.219183, 41.906009], [-73.218355, 41.908563], [-73.218893, 41.910233], [-73.220473, 41.91083], [-73.219489, 41.913368], [-73.220445, 41.913635], [-73.222042, 41.915155], [-73.251802, 41.915848], [-73.255534, 41.915799], [-73.263041, 41.916185]]]}}, {"type": "Feature", "id": "06704", "properties": {"ZCTA5CE20": "06704", "GEOID20": "06704", "zip": "06704", "STUSPS": "CT"}, "geometry": {"type": "MultiPolygon", "coordinates": [[[[-73.027248, 41.555477], [-73.026633, 41.555632], [-73.025968, 41.555287], [-73.026391, 41.554872], [-73.027217, 41.555295], [-73.027248, 41.555477]]], [[[-73.06546, 41.580419], [-73.064261, 41.583584], [-73.064209, 41.588491], [-73.058389, 41.588625], [-73.05801, 41.588647], [-73.057424, 41.589324], [-73.059458, 41.591605], [-73.06015, 41.593484], [-73.0607, 41.600811], [-73.059097, 41.602243], [-73.059665, 41.605795], [-73.058024, 41.60674], [-73.050362, 41.609748], [-73.036156, 41.615197], [-73.034777, 41.615134], [-73.01865, 41.614097], [-73.017443, 41.609813], [-73.016985, 41.606122], [-73.016114, 41.601998], [-73.014931, 41.596304], [-73.013214, 41.588686], [-73.012049, 41.583778], [-73.003859, 41.575695], [-73.003675, 41.575512], [-73.004139, 41.575057], [-73.007926, 41.570486], [-73.00634, 41.568846], [-73.008593, 41.565262], [-73.009498, 41.564036], [-73.011534, 41.56096], [-73.01279, 41.557727], [-73.013734, 41.556445], [-73.016836, 41.552656], [-73.01763, 41.551847], [-73.019575, 41.550774], [-73.019679, 41.550768], [-73.021889, 41.551193], [-73.021788, 41.551717], [-73.024008, 41.55456], [-73.02388, 41.555695], [-73.023845, 41.555836], [-73.023997, 41.557689], [-73.027043, 41.555953], [-73.027021, 41.555799], [-73.027248, 41.555477], [-73.029622, 41.556076], [-73.030744, 41.55593], [-73.030917, 41.554057], [-73.031004, 41.55407], [-73.03226, 41.554231], [-73.033596, 41.557182], [-73.032332, 41.558577], [-73.033774, 41.558714], [-73.033782, 41.558849], [-73.033843, 41.559459], [-73.035031, 41.559912], [-73.035997, 41.560056], [-73.038561, 41.560034], [-73.038669, 41.562748], [-73.039151, 41.56335], [-73.038945, 41.563724], [-73.039123, 41.564266], [-73.039395, 41.564585], [-73.039904, 41.565439], [-73.040498, 41.565573], [-73.040746, 41.570025], [-73.041954, 41.572154], [-73.041607, 41.573383], [-73.041832, 41.576037], [-73.041316, 41.577206], [-73.040612, 41.577503], [-73.038309, 41.578458], [-73.037497, 41.58216], [-73.038958, 41.583625], [-73.040605, 41.582272], [-73.041835, 41.582113], [-73.041718, 41.581569], [-73.045774, 41.581691], [-73.045746, 41.579191], [-73.04525, 41.579132], [-73.045131, 41.577973], [-73.045349, 41.577906], [-73.045583, 41.577647], [-73.046723, 41.577367], [-73.046857, 41.578965], [-73.046936, 41.581132], [-73.046114, 41.582026], [-73.048103, 41.581416], [-73.047466, 41.584807], [-73.047853, 41.584795], [-73.048407, 41.581444], [-73.050396, 41.576252], [-73.053761, 41.569814], [-73.053954, 41.566083], [-73.053602, 41.564072], [-73.052013, 41.560749], [-73.050051, 41.55835], [-73.050188, 41.558364], [-73.053706, 41.562827], [-73.055482, 41.56895], [-73.055624, 41.569129], [-73.057434, 41.56741], [-73.056317, 41.569831], [-73.052243, 41.577269], [-73.051937, 41.579725], [-73.052461, 41.580885], [-73.053139, 41.581416], [-73.054263, 41.578643], [-73.058337, 41.576342], [-73.064662, 41.578912], [-73.06546, 41.580419]]]]}}, {"type": "Feature", "id": "06706", "properties": {"ZCTA5CE20": "06706", "GEOID20": "06706", "zip": "06706", "STUSPS": "CT"}, "geometry": {"type": "Polygon", "coordinates": [[[-73.049399, 41.516611], [-73.048007, 41.519212], [-73.04818, 41.519426], [-73.04774, 41.520014], [-73.044321, 41.520139], [-73.041413, 41.52317], [-73.042128, 41.525119], [-73.04263, 41.525011], [-73.040125, 41.529948], [-73.037669, 41.533374], [-73.036392, 41.537315], [-73.036552, 41.538273], [-73.039436, 41.540177], [-73.040188, 41.546986], [-73.040336, 41.547608], [-73.043476, 41.547545], [-73.043359, 41.550063], [-73.042512, 41.551486], [-73.042296, 41.551887], [-73.039134, 41.551192], [-73.040117, 41.553884], [-73.037035, 41.554376], [-73.035072, 41.553038], [-73.034442, 41.554508], [-73.03226, 41.554231], [-73.031004, 41.55407], [-73.030334, 41.552969], [-73.027452, 41.552563], [-73.024115, 41.550241], [-73.021935, 41.547371], [-73.022001, 41.546024], [-73.022015, 41.543549], [-73.020521, 41.541842], [-73.017716, 41.54015], [-73.00928, 41.539847], [-73.009397, 41.539696], [-73.005889, 41.538201], [-73.004006, 41.537918], [-73.002486, 41.538045], [-72.999998, 41.538832], [-73.000353, 41.538339], [-73.000034, 41.536417], [-72.999821, 41.535952], [-72.997671, 41.535158], [-72.996833, 41.534141], [-72.996058, 41.531507], [-72.995438, 41.53077], [-72.991878, 41.529659], [-72.991418, 41.528893], [-72.999551, 41.525927], [-73.00215, 41.524754], [-73.005085, 41.523693], [-73.01131, 41.522156], [-73.01817, 41.519834], [-73.020356, 41.519417], [-73.022453, 41.519001], [-73.027925, 41.517923], [-73.039504, 41.516586], [-73.047552, 41.515204], [-73.049366, 41.515192], [-73.049399, 41.516611]]]}}, {"type": "Feature", "id": "06380", "properties": {"ZCTA5CE20": "06380", "GEOID20": "06380", "zip": "06380", "STUSPS": "CT"}, "geometry": {"type": "Polygon", "coordinates": [[[-72.064865, 41.564277], [-72.063563, 41.565801], [-72.063873, 41.571515], [-72.063077, 41.570848], [-72.058014, 41.571247], [-72.056209, 41.573188], [-72.054864, 41.573973], [-72.053015, 41.578414], [-72.053966, 41.573943], [-72.049558, 41.575104], [-72.047574, 41.57233], [-72.045326, 41.573023], [-72.045841, 41.569557], [-72.044569, 41.566285], [-72.043399, 41.56296], [-72.043208, 41.561089], [-72.043939, 41.55963], [-72.045045, 41.558075], [-72.045616, 41.557014], [-72.049311, 41.555218], [-72.048906, 41.552811], [-72.050493, 41.552393], [-72.051047, 41.555036], [-72.050615, 41.555571], [-72.050684, 41.555624], [-72.050702, 41.556334], [-72.05097, 41.556323], [-72.051155, 41.556906], [-72.053833, 41.559183], [-72.054689, 41.559062], [-72.056307, 41.560306], [-72.05685, 41.560509], [-72.059443, 41.560191], [-72.061225, 41.560779], [-72.064627, 41.563379], [-72.065844, 41.563613], [-72.064865, 41.564277]]]}}, {"type": "Feature", "id": "06226", "properties": {"ZCTA5CE20": "06226", "GEOID20": "06226", "zip": "06226", "STUSPS": "CT"}, "geometry": {"type": "Polygon", "coordinates": [[[-72.252643, 41.728202], [-72.250888, 41.728197], [-72.24812, 41.728201], [-72.245091, 41.728297], [-72.244467, 41.728196], [-72.24346, 41.728174], [-72.242202, 41.728147], [-72.236448, 41.728143], [-72.227342, 41.728073], [-72.216443, 41.728035], [-72.215994, 41.729899], [-72.203691, 41.730853], [-72.198881, 41.731493], [-72.199012, 41.729398], [-72.198126, 41.728176], [-72.199894, 41.72582], [-72.197694, 41.723275], [-72.197037, 41.721084], [-72.195663, 41.719763], [-72.186405, 41.729735], [-72.186543, 41.726273], [-72.185995, 41.720212], [-72.186374, 41.715771], [-72.188916, 41.714384], [-72.189811, 41.714582], [-72.19221, 41.715727], [-72.19206, 41.716198], [-72.19217, 41.716399], [-72.193283, 41.716602], [-72.193428, 41.716533], [-72.193617, 41.715943], [-72.194308, 41.715971], [-72.19241, 41.714252], [-72.192987, 41.712182], [-72.192878, 41.710486], [-72.191209, 41.708602], [-72.19038, 41.707576], [-72.183609, 41.707646], [-72.179993, 41.704162], [-72.179975, 41.702846], [-72.181717, 41.700296], [-72.183078, 41.698128], [-72.183122, 41.697344], [-72.17967, 41.69218], [-72.179126, 41.691693], [-72.177999, 41.690322], [-72.177844, 41.690097], [-72.178083, 41.689953], [-72.171197, 41.683485], [-72.16886, 41.679467], [-72.172871, 41.678673], [-72.173775, 41.678049], [-72.174106, 41.679401], [-72.172679, 41.68075], [-72.174141, 41.682939], [-72.176078, 41.680383], [-72.18482, 41.678281], [-72.185111, 41.675312], [-72.186651, 41.676283], [-72.189529, 41.678447], [-72.198866, 41.685394], [-72.208239, 41.69225], [-72.211178, 41.694145], [-72.211589, 41.69441], [-72.214587, 41.696343], [-72.223496, 41.702607], [-72.227991, 41.705752], [-72.232487, 41.708911], [-72.234997, 41.710692], [-72.237889, 41.713117], [-72.239559, 41.714191], [-72.242814, 41.716446], [-72.244311, 41.717145], [-72.245285, 41.720486], [-72.246596, 41.722901], [-72.247094, 41.723492], [-72.249325, 41.724393], [-72.252994, 41.724921], [-72.252643, 41.728202]]]}}, {"type": "Feature", "id": "06085", "properties": {"ZCTA5CE20": "06085", "GEOID20": "06085", "zip": "06085", "STUSPS": "CT"}, "geometry": {"type": "Polygon", "coordinates": [[[-72.90848, 41.776043], [-72.902985, 41.775711], [-72.902158, 41.77512], [-72.901077, 41.771625], [-72.901217, 41.768696], [-72.89594, 41.76486], [-72.895237, 41.764685], [-72.893898, 41.764875], [-72.889797, 41.765082], [-72.884191, 41.765595], [-72.882509, 41.762775], [-72.883339, 41.761524], [-72.880981, 41.758873], [-72.881405, 41.757449], [-72.878973, 41.760872], [-72.876018, 41.762268], [-72.876055, 41.762757], [-72.875453, 41.764505], [-72.873218, 41.764013], [-72.867027, 41.763724], [-72.867986, 41.761701], [-72.865408, 41.761083], [-72.865346, 41.760157], [-72.867988, 41.75989], [-72.868501, 41.758984], [-72.865957, 41.757821], [-72.867086, 41.756592], [-72.870044, 41.75726], [-72.872477, 41.754345], [-72.872368, 41.753675], [-72.870001, 41.754045], [-72.871516, 41.751416], [-72.868347, 41.747036], [-72.865738, 41.744625], [-72.859852, 41.740551], [-72.859904, 41.740295], [-72.859972, 41.739981], [-72.863722, 41.741916], [-72.865952, 41.743946], [-72.868149, 41.744381], [-72.869659, 41.742835], [-72.872274, 41.741396], [-72.873926, 41.73707], [-72.875387, 41.735297], [-72.877902, 41.736442], [-72.879208, 41.736272], [-72.877461, 41.735521], [-72.87925, 41.734213], [-72.881468, 41.734504], [-72.887376, 41.724235], [-72.886096, 41.72169], [-72.883006, 41.718951], [-72.896333, 41.717494], [-72.897031, 41.717272], [-72.89827, 41.723177], [-72.89983, 41.732046], [-72.902002, 41.739571], [-72.902625, 41.743569], [-72.90289, 41.745336], [-72.904246, 41.750236], [-72.904927, 41.75809], [-72.906247, 41.764892], [-72.90848, 41.776043]]]}}, {"type": "Feature", "id": "06779", "properties": {"ZCTA5CE20": "06779", "GEOID20": "06779", "zip": "06779", "STUSPS": "CT"}, "geometry": {"type": "Polygon", "coordinates": [[[-73.102897, 41.591611], [-73.102589, 41.591404], [-73.102465, 41.591281], [-73.102067, 41.591458], [-73.100009, 41.592377], [-73.100275, 41.594236], [-73.097794, 41.595108], [-73.098991, 41.597286], [-73.098856, 41.597873], [-73.09825, 41.599416], [-73.09795, 41.599961], [-73.097838, 41.600904], [-73.096809, 41.603365], [-73.096806, 41.603864], [-73.097045, 41.604318], [-73.096994, 41.605342], [-73.097359, 41.606804], [-73.091971, 41.607743], [-73.091007, 41.607709], [-73.088143, 41.607556], [-73.075703, 41.60345], [-73.077115, 41.606368], [-73.077183, 41.607086], [-73.074557, 41.609168], [-73.074799, 41.60969], [-73.068886, 41.609603], [-73.065187, 41.610655], [-73.062145, 41.614613], [-73.058074, 41.615574], [-73.058669, 41.610919], [-73.058597, 41.606796], [-73.058024, 41.60674], [-73.059665, 41.605795], [-73.059097, 41.602243], [-73.0607, 41.600811], [-73.06015, 41.593484], [-73.059458, 41.591605], [-73.057424, 41.589324], [-73.05801, 41.588647], [-73.058389, 41.588625], [-73.064209, 41.588491], [-73.077593, 41.587499], [-73.078203, 41.586145], [-73.080401, 41.586711], [-73.082984, 41.585565], [-73.085145, 41.582108], [-73.086755, 41.579592], [-73.089113, 41.575654], [-73.097543, 41.577519], [-73.098768, 41.579814], [-73.099994, 41.580792], [-73.1015, 41.586801], [-73.100485, 41.587936], [-73.102611, 41.58927], [-73.100276, 41.589441], [-73.103202, 41.590559], [-73.102897, 41.591611]]]}}, {"type": "Feature", "id": "01521", "properties": {"ZCTA5CE20": "01521", "GEOID20": "01521", "zip": "01521", "STUSPS": "CT"}, "geometry": {"type": "Polygon", "coordinates": [[[-72.201677, 42.042052], [-72.201099, 42.044318], [-72.196497, 42.048159], [-72.196145, 42.050491], [-72.197344, 42.051392], [-72.19963, 42.0544], [-72.199263, 42.057084], [-72.197465, 42.060169], [-72.196885, 42.06309], [-72.193612, 42.066857], [-72.193647, 42.068291], [-72.192689, 42.073301], [-72.193075, 42.079418], [-72.193752, 42.081545], [-72.192775, 42.081921], [-72.19189, 42.084888], [-72.193041, 42.087987], [-72.192674, 42.091544], [-72.135112, 42.090665], [-72.13518, 42.083514], [-72.135388, 42.063146], [-72.135491, 42.05293], [-72.135705, 42.031532], [-72.135715, 42.0302453396816], [-72.1432302502593, 42.0303365108455], [-72.1500880173965, 42.0304197057611], [-72.1988321207782, 42.0310110442372], [-72.198233, 42.035203], [-72.201675, 42.039709], [-72.201677, 42.042052]]]}}, {"type": "Feature", "id": "11778", "properties": {"ZCTA5CE20": "11778", "GEOID20": "11778", "zip": "11778", "STUSPS": "CT"}, "geometry": {"type": "Polygon", "coordinates": [[[-72.964845, 40.950451], [-72.95923, 40.950754], [-72.960473, 40.955855], [-72.962502, 40.956991], [-72.960913, 40.957359], [-72.960684, 40.959682], [-72.959936, 40.962921], [-72.958058, 40.962581], [-72.956044, 40.962313], [-72.954587, 40.962322], [-72.9548590657224, 40.9661189372077], [-72.942707289448, 40.9650369236896], [-72.9377925404836, 40.9645993066123], [-72.9248979499642, 40.9634511517304], [-72.9140126427239, 40.9624819066327], [-72.913834, 40.962466], [-72.913174, 40.959685], [-72.912564, 40.956341], [-72.911738, 40.955074], [-72.9111, 40.955094], [-72.910591, 40.954248], [-72.910351, 40.953697], [-72.910417, 40.952623], [-72.910427, 40.951447], [-72.909444, 40.951191], [-72.908398, 40.947843], [-72.908296, 40.947168], [-72.906139, 40.934075], [-72.904516, 40.926777], [-72.904919, 40.926288], [-72.906796, 40.923377], [-72.921226, 40.919283], [-72.923685, 40.918755], [-72.923906, 40.917639], [-72.940899, 40.913915], [-72.940519, 40.917904], [-72.941114, 40.920932], [-72.940915, 40.928654], [-72.940535, 40.932247], [-72.939442, 40.934856], [-72.939617, 40.936148], [-72.940045, 40.938015], [-72.940891, 40.942903], [-72.941498, 40.945268], [-72.943513, 40.94498], [-72.94491, 40.944961], [-72.95079, 40.944876], [-72.953779, 40.945076], [-72.955634, 40.945244], [-72.957073, 40.945313], [-72.95994, 40.945024], [-72.963457, 40.945234], [-72.964456, 40.946498], [-72.964845, 40.950451]]]}}, {"type": "Feature", "id": "10577", "properties": {"ZCTA5CE20": "10577", "GEOID20": "10577", "zip": "10577", "STUSPS": "CT"}, "geometry": {"type": "Polygon", "coordinates": [[[-73.745185, 41.032265], [-73.74493, 41.033637], [-73.743655, 41.034912], [-73.740538, 41.038878], [-73.73889, 41.04211], [-73.738556, 41.043717], [-73.737934, 41.045612], [-73.737606, 41.047602], [-73.736577, 41.050996], [-73.732278, 41.054213], [-73.728429, 41.053369], [-73.728779, 41.056718], [-73.727683, 41.059843], [-73.726281, 41.061654], [-73.720557, 41.06648], [-73.719446, 41.066636], [-73.719375, 41.066417], [-73.719019, 41.060502], [-73.716358, 41.060806], [-73.714476, 41.062185], [-73.712033, 41.061295], [-73.707132, 41.061649], [-73.707024, 41.060475], [-73.705015, 41.060637], [-73.705403, 41.059729], [-73.70611, 41.057859], [-73.705069, 41.056757], [-73.703067, 41.05472], [-73.699695, 41.054855], [-73.698186, 41.054524], [-73.696731, 41.051224], [-73.696068, 41.049318], [-73.692573, 41.046398], [-73.691878, 41.041571], [-73.690237, 41.039756], [-73.690093, 41.035426], [-73.68925, 41.034408], [-73.688917, 41.028253], [-73.689219, 41.027177], [-73.690574, 41.026243], [-73.691934, 41.024987], [-73.692599, 41.024479], [-73.693105, 41.024198], [-73.693811, 41.023824], [-73.695403, 41.023421], [-73.694536, 41.020819], [-73.694388, 41.020203], [-73.695821, 41.019076], [-73.695377, 41.018084], [-73.693731, 41.018122], [-73.692447, 41.016852], [-73.693256, 41.013781], [-73.693646, 41.012622], [-73.694979, 41.01118], [-73.693911, 41.008455], [-73.692235, 41.006837], [-73.692545, 41.00473], [-73.694512, 41.004568], [-73.700469, 41.01089], [-73.703396, 41.012593], [-73.708687, 41.013912], [-73.716991, 41.014022], [-73.717247, 41.014025], [-73.7167, 41.015216], [-73.716059, 41.016658], [-73.715523, 41.018021], [-73.715421, 41.018581], [-73.715507, 41.019713], [-73.716724, 41.021702], [-73.722129, 41.024622], [-73.723863, 41.026497], [-73.724359, 41.027643], [-73.724218, 41.030181], [-73.729487, 41.02625], [-73.730067, 41.025985], [-73.736748, 41.028891], [-73.741574, 41.030564], [-73.744118, 41.030849], [-73.744942, 41.031638], [-73.745185, 41.032265]]]}}, {"type": "Feature", "id": "10507", "properties": {"ZCTA5CE20": "10507", "GEOID20": "10507", "zip": "10507", "STUSPS": "CT"}, "geometry": {"type": "Polygon", "coordinates": [[[-73.729989, 41.242802], [-73.727803, 41.246365], [-73.725367, 41.245072], [-73.720927, 41.244617], [-73.715865, 41.241908], [-73.71205, 41.243069], [-73.709805, 41.244428], [-73.709051, 41.2444], [-73.707996, 41.244405], [-73.706768, 41.244033], [-73.705496, 41.242985], [-73.704763, 41.245346], [-73.702419, 41.246575], [-73.698841, 41.246231], [-73.696683, 41.24766], [-73.696506, 41.2481], [-73.695799, 41.246963], [-73.696587, 41.246743], [-73.695903, 41.244847], [-73.694157, 41.244599], [-73.694254, 41.245588], [-73.693273, 41.245793], [-73.693454, 41.246225], [-73.691651, 41.246644], [-73.68982, 41.245613], [-73.688588, 41.245428], [-73.686922, 41.245053], [-73.685499, 41.245968], [-73.685266, 41.245741], [-73.67896, 41.248268], [-73.676999, 41.250257], [-73.675507, 41.250227], [-73.673181, 41.249122], [-73.672834, 41.249061], [-73.672859, 41.249121], [-73.670202, 41.249013], [-73.668863, 41.247658], [-73.669314, 41.246773], [-73.668189, 41.243789], [-73.666197, 41.241475], [-73.663704, 41.241292], [-73.662575, 41.240094], [-73.663439, 41.238401], [-73.662014, 41.237257], [-73.661176, 41.234838], [-73.6595, 41.234126], [-73.657752, 41.231326], [-73.656162, 41.231395], [-73.653943, 41.231401], [-73.653966, 41.229249], [-73.655242, 41.228721], [-73.656364, 41.229129], [-73.656863, 41.226535], [-73.656744, 41.223471], [-73.657403, 41.21894], [-73.656263, 41.217246], [-73.66228, 41.214018], [-73.661281, 41.208344], [-73.661429, 41.206522], [-73.666342, 41.204212], [-73.667126, 41.204347], [-73.668867, 41.205667], [-73.672189, 41.206577], [-73.675705, 41.207076], [-73.679717, 41.206995], [-73.682836, 41.208429], [-73.683011, 41.208447], [-73.683599, 41.208368], [-73.685394, 41.208294], [-73.686257, 41.214214], [-73.688536, 41.214225], [-73.691816, 41.215671], [-73.69607, 41.215902], [-73.696464, 41.213239], [-73.698644, 41.21272], [-73.70316, 41.213458], [-73.703856, 41.211728], [-73.706359, 41.212132], [-73.705846, 41.215702], [-73.70554, 41.218921], [-73.7099, 41.219677], [-73.709727, 41.220128], [-73.71154, 41.220468], [-73.71394, 41.219931], [-73.716269, 41.220783], [-73.720137, 41.222208], [-73.719708, 41.223062], [-73.72289, 41.221038], [-73.7253, 41.220592], [-73.723605, 41.221461], [-73.72105, 41.224555], [-73.717274, 41.227659], [-73.716905, 41.22998], [-73.717316, 41.23029], [-73.718613, 41.228674], [-73.720835, 41.229076], [-73.721817, 41.23815], [-73.725542, 41.239904], [-73.726648, 41.239473], [-73.728659, 41.23967], [-73.729989, 41.242802]]]}}, {"type": "Feature", "id": "10573", "properties": {"ZCTA5CE20": "10573", "GEOID20": "10573", "zip": "10573", "STUSPS": "CT"}, "geometry": {"type": "Polygon", "coordinates": [[[-73.70092, 41.056631], [-73.699228, 41.057594], [-73.6946727798982, 41.0597965650438], [-73.694273, 41.059296], [-73.6942630233972, 41.0592839170694], [-73.6924347867723, 41.0570696907683], [-73.687173, 41.050697], [-73.6828743005723, 41.0453833298741], [-73.679973, 41.041797], [-73.6757863599152, 41.0366413649098], [-73.6756502436843, 41.0364737446697], [-73.6722427528981, 41.0322775924543], [-73.6706439735858, 41.0303087767555], [-73.670472, 41.030097], [-73.6665587203838, 41.025280655857], [-73.6665544729412, 41.0252754282353], [-73.6664391407287, 41.0251334808969], [-73.6627284964706, 41.0205665341176], [-73.662672, 41.020497], [-73.6604129558331, 41.0183522375566], [-73.6588002122079, 41.0168210802604], [-73.658679, 41.016706], [-73.656117, 41.013135], [-73.6556679291872, 41.0126718631641], [-73.6556623079508, 41.0126660658565], [-73.655255, 41.012246], [-73.655241, 41.011852], [-73.656065, 41.008923], [-73.656854788025, 41.0073372229019], [-73.6579245992895, 41.0051892007126], [-73.6585107167126, 41.0040123639452], [-73.6585172688615, 41.0039992082029], [-73.6585639577489, 41.0039054638487], [-73.6597122452828, 41.0015998729617], [-73.660268, 41.000484], [-73.6598772386487, 40.9991340601074], [-73.659309, 40.997171], [-73.6595007002821, 40.995525863034], [-73.659639, 40.994339], [-73.6595274390272, 40.9941805195637], [-73.657228, 40.990914], [-73.659005, 40.988857], [-73.661895, 40.988606], [-73.6631117714495, 40.98664044612], [-73.66609, 40.987728], [-73.666773, 40.987982], [-73.667289, 40.988174], [-73.670406, 40.98777], [-73.671957, 40.988257], [-73.675557, 40.989938], [-73.677142, 40.991856], [-73.677179, 40.99187], [-73.677155, 40.991892], [-73.67742, 40.992408], [-73.678449, 40.994304], [-73.679533, 40.994674], [-73.683568, 40.995438], [-73.682325, 40.997609], [-73.68499, 40.997859], [-73.685245, 40.999339], [-73.684689, 41.000561], [-73.691903, 41.002738], [-73.694512, 41.004568], [-73.692545, 41.00473], [-73.692235, 41.006837], [-73.693911, 41.008455], [-73.694979, 41.01118], [-73.693646, 41.012622], [-73.693256, 41.013781], [-73.692447, 41.016852], [-73.693731, 41.018122], [-73.695377, 41.018084], [-73.695821, 41.019076], [-73.694388, 41.020203], [-73.694536, 41.020819], [-73.695403, 41.023421], [-73.693811, 41.023824], [-73.693105, 41.024198], [-73.692599, 41.024479], [-73.691934, 41.024987], [-73.690574, 41.026243], [-73.689219, 41.027177], [-73.688917, 41.028253], [-73.68925, 41.034408], [-73.690093, 41.035426], [-73.690237, 41.039756], [-73.691878, 41.041571], [-73.692573, 41.046398], [-73.696068, 41.049318], [-73.696731, 41.051224], [-73.698186, 41.054524], [-73.699695, 41.054855], [-73.70092, 41.056631]]]}}, {"type": "Feature", "id": "11768", "properties": {"ZCTA5CE20": "11768", "GEOID20": "11768", "zip": "11768", "STUSPS": "CT"}, "geometry": {"type": "Polygon", "coordinates": [[[-73.4035156142533, 40.9347267473783], [-73.403462, 40.942197], [-73.4023017350894, 40.9459049038422], [-73.40196, 40.946997], [-73.4022889345016, 40.9476297959559], [-73.403062, 40.949117], [-73.402068, 40.954393], [-73.399239, 40.955677], [-73.3980504333943, 40.955606174328], [-73.394314668489, 40.9553835632783], [-73.3928639929234, 40.9552971187566], [-73.392862, 40.955297], [-73.374462, 40.937597], [-73.365961, 40.931697], [-73.352761, 40.926697], [-73.348725944264, 40.925527448312], [-73.3461305177809, 40.9247751698746], [-73.344881, 40.924413], [-73.3446997901623, 40.9250356045469], [-73.344211, 40.926715], [-73.3420796190389, 40.9271929892561], [-73.33136, 40.929597], [-73.3272756010737, 40.9290231746364], [-73.3227176379965, 40.9283828172993], [-73.319852882753, 40.9279803421129], [-73.3121927211481, 40.9269041507081], [-73.3113859653322, 40.9267908079721], [-73.2950614460616, 40.9244973436522], [-73.267435, 40.914721], [-73.2571785173254, 40.912828871676], [-73.258048, 40.91132], [-73.259706, 40.908221], [-73.260154, 40.906757], [-73.260162, 40.905496], [-73.259573, 40.903462], [-73.259489, 40.902773], [-73.259817, 40.900903], [-73.260736, 40.899454], [-73.262737, 40.89785], [-73.265628, 40.896823], [-73.266806, 40.896527], [-73.26713, 40.896461], [-73.267939, 40.896212], [-73.269998, 40.895156], [-73.271861, 40.893225], [-73.272546, 40.891373], [-73.272127, 40.886626], [-73.272454, 40.884928], [-73.277857, 40.884722], [-73.281766, 40.884875], [-73.281968, 40.885265], [-73.288005, 40.884413], [-73.287921, 40.883895], [-73.287761, 40.883845], [-73.28796, 40.882319], [-73.295354, 40.882046], [-73.300244, 40.881841], [-73.316189, 40.881156], [-73.31493, 40.884379], [-73.313665, 40.885258], [-73.31479, 40.886153], [-73.314361, 40.890208], [-73.316127, 40.892748], [-73.318258, 40.893024], [-73.318364, 40.894489], [-73.319843, 40.894545], [-73.320476, 40.893023], [-73.320344, 40.892882], [-73.320773, 40.892126], [-73.324902, 40.891867], [-73.325557, 40.891684], [-73.328015, 40.891566], [-73.328174, 40.892276], [-73.329723, 40.8921], [-73.332073, 40.893744], [-73.331596, 40.893189], [-73.333525, 40.892958], [-73.335331, 40.89046], [-73.335445, 40.890548], [-73.336636, 40.889952], [-73.338859, 40.892007], [-73.339077, 40.892573], [-73.341852, 40.891697], [-73.339582, 40.886372], [-73.340268, 40.885969], [-73.340161, 40.885909], [-73.337949, 40.88272], [-73.33884, 40.881064], [-73.345959, 40.879982], [-73.345378, 40.876634], [-73.346029, 40.876168], [-73.349011, 40.875002], [-73.349972, 40.874079], [-73.351605, 40.875151], [-73.35247, 40.875196], [-73.353359, 40.878138], [-73.352408, 40.88145], [-73.351718, 40.881188], [-73.351483, 40.881614], [-73.350758, 40.882186], [-73.351353, 40.883555], [-73.351767, 40.884133], [-73.353943, 40.883757], [-73.354001, 40.885955], [-73.356862, 40.888674], [-73.357748, 40.888472], [-73.357886, 40.890943], [-73.358147, 40.892842], [-73.3578899550125, 40.8933556219112], [-73.357556, 40.893045], [-73.3570986672279, 40.8932517489286], [-73.353581, 40.894842], [-73.352468, 40.897917], [-73.3529101197108, 40.8999134324573], [-73.35343, 40.902261], [-73.3561732643385, 40.9053875145035], [-73.35683, 40.906136], [-73.358168, 40.911382], [-73.3553730599118, 40.912430187558], [-73.354059, 40.912923], [-73.351902, 40.918437], [-73.3518991641699, 40.9184865224261], [-73.3517941955499, 40.9203196014834], [-73.351658, 40.922698], [-73.353162, 40.924296], [-73.360323, 40.925218], [-73.364261, 40.928749], [-73.37027, 40.930277], [-73.376698, 40.929077], [-73.377354, 40.925624], [-73.37929, 40.925532], [-73.380345, 40.92819], [-73.3806064771667, 40.9282689753754], [-73.381868, 40.92865], [-73.3827867183612, 40.9280406542059], [-73.385289, 40.926381], [-73.3855514640394, 40.9263127935881], [-73.388202, 40.925624], [-73.388497, 40.924244], [-73.389506, 40.923629], [-73.391469, 40.923983], [-73.393157, 40.925939], [-73.3941804205832, 40.9264361037935], [-73.397396, 40.927998], [-73.3983752446243, 40.9292746401364], [-73.398937, 40.930007], [-73.401199, 40.930107], [-73.40354, 40.931329], [-73.4035156142533, 40.9347267473783]]]}}, {"type": "Feature", "id": "06333", "properties": {"ZCTA5CE20": "06333", "GEOID20": "06333", "zip": "06333", "STUSPS": "CT"}, "geometry": {"type": "Polygon", "coordinates": [[[-72.281281, 41.411197], [-72.281005, 41.412865], [-72.280446, 41.414473], [-72.27995, 41.418597], [-72.279099, 41.421809], [-72.279061, 41.426057], [-72.278538, 41.429633], [-72.277596, 41.433377], [-72.276636, 41.440449], [-72.242024, 41.443198], [-72.220356, 41.413527], [-72.219307, 41.412123], [-72.192764, 41.375549], [-72.192363, 41.374739], [-72.191659, 41.372897], [-72.193256, 41.370452], [-72.192695, 41.368913], [-72.192798, 41.368587], [-72.19305, 41.367865], [-72.193736, 41.367859], [-72.197105, 41.367633], [-72.201506, 41.370109], [-72.208592, 41.361841], [-72.209764, 41.360825], [-72.210357, 41.355991], [-72.212399, 41.35575], [-72.212736, 41.356874], [-72.214256, 41.356933], [-72.223596, 41.348897], [-72.228708, 41.344791], [-72.240218, 41.337293], [-72.241259, 41.3364], [-72.242404, 41.334936], [-72.246547, 41.327656], [-72.248516, 41.326084], [-72.24984, 41.325452], [-72.246274, 41.320526], [-72.245604, 41.316503], [-72.248331, 41.315634], [-72.251578, 41.313798], [-72.251946, 41.313426], [-72.254139, 41.309787], [-72.254816, 41.310309], [-72.254739, 41.312529], [-72.25603, 41.315592], [-72.25656, 41.319025], [-72.2575, 41.320809], [-72.25832, 41.321845], [-72.258045, 41.32284], [-72.257961, 41.32362], [-72.256402, 41.3259], [-72.259089, 41.329398], [-72.259312, 41.329686], [-72.261332, 41.333998], [-72.261624, 41.334421], [-72.265093, 41.339274], [-72.266311, 41.342211], [-72.270718, 41.350446], [-72.274504, 41.356092], [-72.276725, 41.366297], [-72.27794, 41.375284], [-72.277906, 41.376308], [-72.279247, 41.388206], [-72.280032, 41.39168], [-72.282154, 41.405899], [-72.281281, 41.411197]]]}}, {"type": "Feature", "id": "06513", "properties": {"ZCTA5CE20": "06513", "GEOID20": "06513", "zip": "06513", "STUSPS": "CT"}, "geometry": {"type": "Polygon", "coordinates": [[[-72.907749, 41.308787], [-72.907562, 41.310415], [-72.907805, 41.312394], [-72.907169, 41.313482], [-72.907161, 41.314284], [-72.906761, 41.315624], [-72.905024, 41.316452], [-72.904334, 41.316377], [-72.904108, 41.31487], [-72.903425, 41.315212], [-72.901162, 41.316578], [-72.901202, 41.316733], [-72.899244, 41.318088], [-72.89771, 41.318176], [-72.897894, 41.318951], [-72.894787, 41.32136], [-72.891629, 41.322419], [-72.889471, 41.324999], [-72.891692, 41.328471], [-72.892645, 41.330297], [-72.888845, 41.332597], [-72.879183, 41.334093], [-72.876169, 41.334007], [-72.869937, 41.334775], [-72.866205, 41.33601], [-72.860309, 41.336639], [-72.846223, 41.339082], [-72.827988, 41.342358], [-72.828303, 41.341341], [-72.822733, 41.341486], [-72.817752, 41.339982], [-72.818955, 41.335652], [-72.82178, 41.325765], [-72.82263, 41.322882], [-72.824326, 41.323513], [-72.828106, 41.322255], [-72.83171, 41.323392], [-72.833239, 41.323087], [-72.832994, 41.324973], [-72.840235, 41.324068], [-72.842554, 41.323897], [-72.841575, 41.326638], [-72.840004, 41.327646], [-72.840361, 41.329235], [-72.84162, 41.32977], [-72.842923, 41.32977], [-72.844226, 41.326263], [-72.843509, 41.323837], [-72.848861, 41.322049], [-72.851256, 41.321948], [-72.85167, 41.316036], [-72.851318, 41.315739], [-72.849122, 41.313935], [-72.85108, 41.315239], [-72.852325, 41.315226], [-72.852131, 41.31887], [-72.85357, 41.322097], [-72.854782, 41.322176], [-72.857545, 41.321926], [-72.858447, 41.319384], [-72.859859, 41.319143], [-72.85937, 41.31694], [-72.857713, 41.31649], [-72.857371, 41.313991], [-72.859964, 41.310525], [-72.857123, 41.308471], [-72.857252, 41.307567], [-72.86036, 41.306286], [-72.862904, 41.304414], [-72.866016, 41.305002], [-72.868951, 41.307114], [-72.870497, 41.305675], [-72.87364, 41.306847], [-72.876287, 41.303561], [-72.877538, 41.30093], [-72.88026, 41.297336], [-72.882517, 41.29323], [-72.88643, 41.288105], [-72.892489, 41.289119], [-72.892361, 41.289756], [-72.892915, 41.290583], [-72.892706, 41.29323], [-72.893243, 41.294416], [-72.896189, 41.294791], [-72.897713, 41.293558], [-72.897647, 41.296796], [-72.899816, 41.294628], [-72.904523, 41.299185], [-72.905656, 41.303555], [-72.908134, 41.306046], [-72.907749, 41.308787]]]}}, {"type": "Feature", "id": "06114", "properties": {"ZCTA5CE20": "06114", "GEOID20": "06114", "zip": "06114", "STUSPS": "CT"}, "geometry": {"type": "Polygon", "coordinates": [[[-72.69668, 41.739372], [-72.69624, 41.740062], [-72.693991, 41.741363], [-72.693403, 41.741689], [-72.692189, 41.742361], [-72.69156, 41.742705], [-72.691113, 41.742237], [-72.689593, 41.743261], [-72.689822, 41.743684], [-72.68718, 41.745148], [-72.683314, 41.747349], [-72.683328, 41.747706], [-72.683104, 41.751191], [-72.682356, 41.751447], [-72.680226, 41.752379], [-72.679395, 41.75213], [-72.676715, 41.755004], [-72.676382, 41.75537], [-72.675134, 41.755818], [-72.673624, 41.756397], [-72.673129, 41.754577], [-72.665111, 41.75439], [-72.663303, 41.753548], [-72.664085, 41.753044], [-72.662792, 41.751898], [-72.66413, 41.750431], [-72.661623, 41.750696], [-72.659073, 41.752075], [-72.657069, 41.751241], [-72.65399, 41.753058], [-72.649036, 41.7502], [-72.644636, 41.745699], [-72.642536, 41.739899], [-72.642636, 41.735199], [-72.647836, 41.727899], [-72.649284, 41.728281], [-72.655602, 41.729908], [-72.658711, 41.729619], [-72.659313, 41.729322], [-72.667431, 41.728328], [-72.668237, 41.728219], [-72.673757, 41.727671], [-72.680379, 41.726793], [-72.691492, 41.72546], [-72.691841, 41.725481], [-72.693536, 41.725186], [-72.695948, 41.725052], [-72.694537, 41.725885], [-72.695108, 41.72721], [-72.695722, 41.730823], [-72.696242, 41.730769], [-72.696499, 41.73266], [-72.695979, 41.7342], [-72.696746, 41.734549], [-72.69668, 41.739372]]]}}, {"type": "Feature", "id": "06239", "properties": {"ZCTA5CE20": "06239", "GEOID20": "06239", "zip": "06239", "STUSPS": "CT"}, "geometry": {"type": "Polygon", "coordinates": [[[-71.917241, 41.759714], [-71.913961, 41.764093], [-71.913516, 41.766022], [-71.911234, 41.767781], [-71.908427, 41.771017], [-71.9057, 41.773119], [-71.905809, 41.776472], [-71.903997, 41.779909], [-71.902641, 41.780618], [-71.890601, 41.783793], [-71.888964, 41.784878], [-71.888643, 41.786428], [-71.889184, 41.788488], [-71.890121, 41.792776], [-71.886079, 41.795582], [-71.885723, 41.79717], [-71.886474, 41.800719], [-71.887249, 41.801814], [-71.887703, 41.80204], [-71.899013, 41.807541], [-71.895132, 41.810066], [-71.8952, 41.812222], [-71.89527, 41.812333], [-71.896503, 41.813952], [-71.896304, 41.815953], [-71.894945, 41.815441], [-71.89418, 41.815565], [-71.892736, 41.819203], [-71.894301, 41.826918], [-71.890648, 41.828361], [-71.888945, 41.828363], [-71.88642, 41.828927], [-71.884966, 41.829426], [-71.885353, 41.837233], [-71.881512, 41.83678], [-71.882773, 41.835983], [-71.882189, 41.834374], [-71.880461, 41.834193], [-71.880317, 41.832762], [-71.876792, 41.831617], [-71.876824, 41.831983], [-71.874882, 41.833157], [-71.874336, 41.833555], [-71.873093, 41.833282], [-71.867181, 41.836405], [-71.86633, 41.836237], [-71.86459, 41.836572], [-71.8649, 41.838494], [-71.862736, 41.837335], [-71.860302, 41.839051], [-71.856581, 41.837626], [-71.853762, 41.835252], [-71.846918, 41.836762], [-71.843156, 41.835951], [-71.841288, 41.836862], [-71.837203, 41.838007], [-71.837137, 41.838025], [-71.835323, 41.831537], [-71.835656, 41.830025], [-71.836192, 41.826037], [-71.837574, 41.823388], [-71.837832, 41.822374], [-71.835646, 41.822618], [-71.832224, 41.808509], [-71.822144, 41.808368], [-71.816914, 41.815187], [-71.816217, 41.815125], [-71.814623, 41.812396], [-71.799442, 41.805347], [-71.799505, 41.802173], [-71.7926270381587, 41.8039860331338], [-71.791258063576, 41.774496473912], [-71.838705, 41.768833], [-71.839378, 41.764086], [-71.841727, 41.765077], [-71.844749, 41.763069], [-71.850414, 41.763035], [-71.851794, 41.766549], [-71.850804, 41.766194], [-71.850166, 41.767445], [-71.8717, 41.764848], [-71.871888, 41.764842], [-71.87352, 41.762842], [-71.8745, 41.759645], [-71.878634, 41.752561], [-71.882633, 41.752244], [-71.883839, 41.750669], [-71.884974, 41.748957], [-71.883861, 41.745936], [-71.885169, 41.745916], [-71.885787, 41.743783], [-71.889641, 41.738354], [-71.892344, 41.736005], [-71.897633, 41.737072], [-71.897654, 41.738492], [-71.896857, 41.740342], [-71.902277, 41.742732], [-71.90631, 41.742623], [-71.906794, 41.742585], [-71.906841, 41.742742], [-71.906904, 41.743355], [-71.90668, 41.745734], [-71.910294, 41.745728], [-71.911251, 41.746872], [-71.912215, 41.745933], [-71.913626, 41.746892], [-71.914688, 41.74744], [-71.912918, 41.751764], [-71.913987, 41.75444], [-71.916407, 41.7561], [-71.91803, 41.757216], [-71.917241, 41.759714]]]}}, {"type": "Feature", "id": "06355", "properties": {"ZCTA5CE20": "06355", "GEOID20": "06355", "zip": "06355", "STUSPS": "CT"}, "geometry": {"type": "Polygon", "coordinates": [[[-72.019827, 41.399267], [-72.011217, 41.399018], [-72.001868, 41.398841], [-71.992987, 41.398776], [-71.984786, 41.398596], [-71.973421, 41.398297], [-71.965611, 41.397964], [-71.961295, 41.397899], [-71.962666, 41.399471], [-71.962965, 41.400393], [-71.96204, 41.401323], [-71.963675, 41.407022], [-71.962994, 41.409295], [-71.962467, 41.411709], [-71.96101, 41.412517], [-71.958269, 41.412737], [-71.956871, 41.413839], [-71.956463, 41.415661], [-71.953563, 41.418566], [-71.953386, 41.420281], [-71.950772, 41.424517], [-71.947288, 41.42687], [-71.943498, 41.428881], [-71.94722, 41.423291], [-71.942982, 41.422716], [-71.942773, 41.421052], [-71.945443, 41.408139], [-71.9443, 41.407956], [-71.948429, 41.404136], [-71.954883, 41.400512], [-71.955431, 41.399059], [-71.949824, 41.402387], [-71.944232, 41.404299], [-71.94307, 41.40457], [-71.942515, 41.402245], [-71.949607, 41.392758], [-71.956667, 41.390446], [-71.957781, 41.388381], [-71.955311, 41.386799], [-71.954738, 41.384563], [-71.955172, 41.383141], [-71.954912, 41.381251], [-71.953369, 41.380384], [-71.948461, 41.379898], [-71.947941, 41.377419], [-71.947248, 41.376344], [-71.947448, 41.375177], [-71.949592, 41.375139], [-71.948697, 41.374401], [-71.948084, 41.37387], [-71.947401, 41.373321], [-71.942883, 41.369682], [-71.937343, 41.365048], [-71.938921, 41.363636], [-71.938269, 41.361904], [-71.937208, 41.362328], [-71.937187, 41.361667], [-71.939182, 41.358967], [-71.941582, 41.354313], [-71.941362, 41.349733], [-71.942635, 41.349096], [-71.94168, 41.347357], [-71.94386, 41.346181], [-71.949959, 41.344981], [-71.950262, 41.343838], [-71.948513, 41.342753], [-71.948948, 41.341318], [-71.950954, 41.342737], [-71.952192, 41.34068], [-71.950122, 41.33835], [-71.952269, 41.335672], [-71.954009, 41.33498], [-71.953993, 41.332856], [-71.9504185941406, 41.3322407846575], [-71.95413, 41.327913], [-71.9545304068482, 41.3276056841302], [-71.96244, 41.321535], [-71.9692153885707, 41.3210367220828], [-71.969266, 41.321033], [-71.9699767538044, 41.3216580947416], [-71.979447, 41.329987], [-71.9802752216186, 41.3299490109487], [-71.979917, 41.330398], [-71.98504, 41.331038], [-71.988552, 41.33276], [-71.992636, 41.337737], [-71.993983, 41.34053], [-71.99418, 41.340194], [-71.995093, 41.339644], [-71.996078, 41.339281], [-71.996664, 41.341084], [-71.996471, 41.341345], [-71.995579, 41.341689], [-71.996801, 41.343243], [-71.999384, 41.344937], [-72.000113, 41.344733], [-72.001603, 41.343336], [-72.001894, 41.3431], [-72.002178, 41.343625], [-72.005125, 41.346215], [-72.006725, 41.347036], [-72.007376, 41.351393], [-72.008993, 41.35109], [-72.009213, 41.353595], [-72.008021, 41.356376], [-72.006955, 41.361199], [-72.007094, 41.366724], [-72.006921, 41.368333], [-72.006717, 41.369774], [-72.006922, 41.372946], [-72.005169, 41.378609], [-72.00501, 41.380523], [-72.005679, 41.38048], [-72.006774, 41.382315], [-72.008072, 41.382315], [-72.008253, 41.384539], [-72.006722, 41.385001], [-72.006956, 41.387477], [-72.00709, 41.38785], [-72.015352, 41.388599], [-72.019827, 41.399267]]]}}, {"type": "Feature", "id": "06370", "properties": {"ZCTA5CE20": "06370", "GEOID20": "06370", "zip": "06370", "STUSPS": "CT"}, "geometry": {"type": "Polygon", "coordinates": [[[-72.231188, 41.444827], [-72.221524, 41.446296], [-72.222462, 41.456494], [-72.212687, 41.457453], [-72.215392, 41.474829], [-72.216535, 41.480002], [-72.217439, 41.493208], [-72.21783, 41.497181], [-72.218357, 41.500452], [-72.224436, 41.509744], [-72.226275, 41.513314], [-72.227285, 41.516686], [-72.227624, 41.518698], [-72.199522, 41.513037], [-72.193488, 41.511981], [-72.191058, 41.514153], [-72.186721, 41.512913], [-72.182743, 41.512754], [-72.182209, 41.514581], [-72.182633, 41.516106], [-72.180917, 41.51632], [-72.178296, 41.515903], [-72.171164, 41.513943], [-72.168376, 41.51218], [-72.165719, 41.510551], [-72.161982, 41.510117], [-72.153551, 41.50733], [-72.144049, 41.50497], [-72.141983, 41.504173], [-72.141376, 41.503073], [-72.143157, 41.50292], [-72.145996, 41.500608], [-72.154146, 41.500359], [-72.156394, 41.499624], [-72.155544, 41.497763], [-72.158149, 41.497597], [-72.155315, 41.496973], [-72.154169, 41.498584], [-72.148864, 41.496129], [-72.149238, 41.494688], [-72.147537, 41.493034], [-72.143991, 41.492941], [-72.140672, 41.490765], [-72.138411, 41.491253], [-72.137141, 41.490668], [-72.132143, 41.490075], [-72.130415, 41.488429], [-72.133219, 41.486423], [-72.136911, 41.485596], [-72.142134, 41.478963], [-72.139327, 41.477538], [-72.141211, 41.47547], [-72.139678, 41.474526], [-72.138992, 41.473927], [-72.139512, 41.473539], [-72.143632, 41.473222], [-72.141089, 41.468252], [-72.13612, 41.470096], [-72.133996, 41.47103], [-72.132285, 41.46933], [-72.132397, 41.466242], [-72.133096, 41.464711], [-72.127127, 41.45898], [-72.121493, 41.452332], [-72.126629, 41.45242], [-72.133554, 41.455153], [-72.137998, 41.457269], [-72.139577, 41.456822], [-72.139403, 41.455996], [-72.141218, 41.455866], [-72.142289, 41.457113], [-72.145446, 41.459511], [-72.148122, 41.460451], [-72.146969, 41.460922], [-72.149251, 41.462302], [-72.151921, 41.462823], [-72.153276, 41.464384], [-72.153217, 41.46463], [-72.155034, 41.464409], [-72.158503, 41.465914], [-72.158737, 41.464868], [-72.157443, 41.463472], [-72.159776, 41.462405], [-72.164219, 41.459466], [-72.167474, 41.45852], [-72.167608, 41.435882], [-72.166353, 41.435608], [-72.163472, 41.436865], [-72.158092, 41.434341], [-72.157916, 41.433646], [-72.158822, 41.43227], [-72.157372, 41.43032], [-72.157337, 41.428617], [-72.159015, 41.423755], [-72.157018, 41.423318], [-72.153362, 41.420401], [-72.166181, 41.418562], [-72.169807, 41.418317], [-72.179375, 41.416605], [-72.199668, 41.413717], [-72.204656, 41.413825], [-72.219307, 41.412123], [-72.220356, 41.413527], [-72.242024, 41.443198], [-72.231188, 41.444827]]]}}, {"type": "Feature", "id": "06117", "properties": {"ZCTA5CE20": "06117", "GEOID20": "06117", "zip": "06117", "STUSPS": "CT"}, "geometry": {"type": "Polygon", "coordinates": [[[-72.798942, 41.791926], [-72.797943, 41.796674], [-72.797241, 41.804699], [-72.785379, 41.80495], [-72.783598, 41.805023], [-72.781915, 41.805003], [-72.770547, 41.805302], [-72.767392, 41.805285], [-72.753104, 41.805578], [-72.750621, 41.80595], [-72.729431, 41.806418], [-72.719102, 41.806529], [-72.71759, 41.806623], [-72.718019, 41.802187], [-72.71708, 41.801029], [-72.715709, 41.793808], [-72.716617, 41.793822], [-72.716377, 41.793478], [-72.717543, 41.793018], [-72.717083, 41.788216], [-72.715205, 41.787157], [-72.713971, 41.777155], [-72.718377, 41.777798], [-72.72458, 41.778567], [-72.726193, 41.778611], [-72.731132, 41.778783], [-72.737107, 41.778963], [-72.737042, 41.778535], [-72.746048, 41.778897], [-72.746144, 41.779252], [-72.747861, 41.778546], [-72.751937, 41.778994], [-72.752712, 41.779006], [-72.751013, 41.778423], [-72.751991, 41.777796], [-72.754204, 41.77582], [-72.757848, 41.774592], [-72.758868, 41.77121], [-72.758611, 41.770616], [-72.759992, 41.770484], [-72.76148, 41.770098], [-72.761861, 41.771603], [-72.762144, 41.771717], [-72.763501, 41.771496], [-72.764049, 41.771254], [-72.76403, 41.770374], [-72.763881, 41.769775], [-72.765171, 41.769425], [-72.764813, 41.772311], [-72.765253, 41.774148], [-72.767069, 41.773435], [-72.768456, 41.771159], [-72.770855, 41.773703], [-72.772398, 41.773594], [-72.773823, 41.770067], [-72.776648, 41.770534], [-72.777266, 41.769748], [-72.778123, 41.766993], [-72.779489, 41.764523], [-72.781313, 41.763896], [-72.78216, 41.760969], [-72.784833, 41.762082], [-72.7877, 41.761367], [-72.787489, 41.759398], [-72.78809, 41.756929], [-72.789632, 41.754496], [-72.794156, 41.754296], [-72.792439, 41.751642], [-72.792761, 41.747593], [-72.794973, 41.747468], [-72.796742, 41.758799], [-72.800042, 41.791827], [-72.798942, 41.791926]]]}}, {"type": "Feature", "id": "06026", "properties": {"ZCTA5CE20": "06026", "GEOID20": "06026", "zip": "06026", "STUSPS": "CT"}, "geometry": {"type": "Polygon", "coordinates": [[[-72.78464, 41.920197], [-72.782006, 41.928905], [-72.778829, 41.938626], [-72.777321, 41.942887], [-72.77546, 41.94841], [-72.77492, 41.948538], [-72.775307, 41.949358], [-72.773775, 41.954195], [-72.771528, 41.960507], [-72.767266, 41.974096], [-72.762939, 41.985896], [-72.744153, 41.981817], [-72.717724, 41.976039], [-72.717352, 41.975874], [-72.708522, 41.973829], [-72.707622, 41.973353], [-72.711836, 41.960819], [-72.716169, 41.949804], [-72.70964, 41.949498], [-72.704318, 41.949265], [-72.687636, 41.948096], [-72.688195, 41.946196], [-72.69343, 41.929595], [-72.69351, 41.928781], [-72.695906, 41.922431], [-72.703503, 41.924697], [-72.713636, 41.926997], [-72.722212, 41.927928], [-72.729225, 41.915589], [-72.729646, 41.914345], [-72.737729, 41.892608], [-72.737806, 41.892376], [-72.743926, 41.895736], [-72.749428, 41.896918], [-72.755598, 41.900028], [-72.76098, 41.903467], [-72.760585, 41.905705], [-72.758661, 41.907064], [-72.758929, 41.908145], [-72.761547, 41.910488], [-72.762193, 41.91183], [-72.764897, 41.913243], [-72.764784, 41.914964], [-72.765463, 41.91551], [-72.767087, 41.915049], [-72.768154, 41.917719], [-72.769405, 41.917829], [-72.770587, 41.918048], [-72.778227, 41.917765], [-72.780706, 41.917988], [-72.78294, 41.918097], [-72.78314, 41.919197], [-72.78464, 41.920197]]]}}, {"type": "Feature", "id": "06498", "properties": {"ZCTA5CE20": "06498", "GEOID20": "06498", "zip": "06498", "STUSPS": "CT"}, "geometry": {"type": "Polygon", "coordinates": [[[-72.51395, 41.346403], [-72.501119, 41.347461], [-72.498233, 41.347599], [-72.483031, 41.338334], [-72.47693, 41.334497], [-72.474333, 41.334253], [-72.472724, 41.334209], [-72.472063, 41.334026], [-72.464791, 41.33339], [-72.452961, 41.332474], [-72.435785, 41.330963], [-72.432029, 41.326548], [-72.428879, 41.325713], [-72.428366, 41.32461], [-72.425525, 41.324221], [-72.426473, 41.321814], [-72.431892, 41.317116], [-72.433129, 41.315188], [-72.432611, 41.313254], [-72.423999, 41.290405], [-72.423269, 41.288381], [-72.421475, 41.283569], [-72.4166552242223, 41.2782926471396], [-72.417699, 41.278435], [-72.4189014516527, 41.2774195628128], [-72.4213931409421, 41.2753154000738], [-72.421679, 41.275074], [-72.426161, 41.274128], [-72.4311009477311, 41.2760566928499], [-72.4318472080402, 41.2763480536093], [-72.4362252938947, 41.2780573799712], [-72.437966, 41.278737], [-72.4436748526654, 41.2787975279887], [-72.451925, 41.278885], [-72.4613794657987, 41.2748574030607], [-72.462256, 41.274484], [-72.4628523039658, 41.2739258447997], [-72.468102, 41.269012], [-72.471024063245, 41.2697304969574], [-72.4719379680289, 41.2699552141355], [-72.472539, 41.270103], [-72.4750405768714, 41.2702509570325], [-72.485693, 41.270881], [-72.4862274061012, 41.2706873690053], [-72.487234, 41.2737], [-72.492661, 41.287587], [-72.493259, 41.287847], [-72.4935, 41.289268], [-72.495582, 41.291538], [-72.494213, 41.292049], [-72.494277, 41.292191], [-72.495004, 41.294317], [-72.495251, 41.295162], [-72.498815, 41.30455], [-72.499559, 41.306224], [-72.49956, 41.307427], [-72.512034, 41.341599], [-72.51395, 41.346403]]]}}, {"type": "Feature", "id": "06787", "properties": {"ZCTA5CE20": "06787", "GEOID20": "06787", "zip": "06787", "STUSPS": "CT"}, "geometry": {"type": "Polygon", "coordinates": [[[-73.141354, 41.672749], [-73.134716, 41.675557], [-73.125398, 41.680097], [-73.117748, 41.684009], [-73.115318, 41.684919], [-73.105985, 41.689372], [-73.099265, 41.692685], [-73.091025, 41.696245], [-73.087009, 41.698314], [-73.086721, 41.69869], [-73.08622, 41.704462], [-73.082715, 41.708811], [-73.077888, 41.705788], [-73.074164, 41.704282], [-73.068402, 41.707093], [-73.062917, 41.707578], [-73.055262, 41.70816], [-73.056365, 41.698922], [-73.055478, 41.701214], [-73.053233, 41.700181], [-73.057035, 41.691521], [-73.056698, 41.687939], [-73.057802, 41.686378], [-73.058447, 41.686544], [-73.058967, 41.682696], [-73.060787, 41.674301], [-73.060312, 41.673244], [-73.061174, 41.665196], [-73.062056, 41.659735], [-73.064092, 41.644872], [-73.064819, 41.641039], [-73.063987, 41.639571], [-73.050362, 41.609748], [-73.058024, 41.60674], [-73.058597, 41.606796], [-73.058669, 41.610919], [-73.058074, 41.615574], [-73.057898, 41.616201], [-73.059446, 41.620154], [-73.063121, 41.6209], [-73.066496, 41.623209], [-73.068697, 41.626724], [-73.069682, 41.626782], [-73.071496, 41.628458], [-73.077048, 41.630897], [-73.077975, 41.631841], [-73.077306, 41.633869], [-73.080238, 41.640254], [-73.081329, 41.645272], [-73.081096, 41.647654], [-73.082681, 41.647612], [-73.093071, 41.651602], [-73.094353, 41.653697], [-73.094576, 41.654546], [-73.100361, 41.656598], [-73.103694, 41.657437], [-73.103811, 41.657927], [-73.105658, 41.657927], [-73.107888, 41.656696], [-73.109235, 41.658028], [-73.110451, 41.657994], [-73.114065, 41.656856], [-73.113754, 41.66107], [-73.119705, 41.66155], [-73.122156, 41.660505], [-73.123563, 41.663288], [-73.125685, 41.664245], [-73.129342, 41.663627], [-73.131653, 41.661669], [-73.139305, 41.668514], [-73.141531, 41.672709], [-73.141354, 41.672749]]]}}, {"type": "Feature", "id": "06710", "properties": {"ZCTA5CE20": "06710", "GEOID20": "06710", "zip": "06710", "STUSPS": "CT"}, "geometry": {"type": "Polygon", "coordinates": [[[-73.053761, 41.569814], [-73.050396, 41.576252], [-73.048407, 41.581444], [-73.047853, 41.584795], [-73.047466, 41.584807], [-73.048103, 41.581416], [-73.046114, 41.582026], [-73.046936, 41.581132], [-73.046857, 41.578965], [-73.046723, 41.577367], [-73.045583, 41.577647], [-73.045349, 41.577906], [-73.045131, 41.577973], [-73.04525, 41.579132], [-73.045746, 41.579191], [-73.045774, 41.581691], [-73.041718, 41.581569], [-73.041835, 41.582113], [-73.040605, 41.582272], [-73.038958, 41.583625], [-73.037497, 41.58216], [-73.038309, 41.578458], [-73.040612, 41.577503], [-73.041316, 41.577206], [-73.041832, 41.576037], [-73.041607, 41.573383], [-73.041954, 41.572154], [-73.040746, 41.570025], [-73.040498, 41.565573], [-73.039904, 41.565439], [-73.039395, 41.564585], [-73.039123, 41.564266], [-73.038945, 41.563724], [-73.039151, 41.56335], [-73.038669, 41.562748], [-73.038561, 41.560034], [-73.040279, 41.559964], [-73.042473, 41.559342], [-73.043303, 41.559741], [-73.044999, 41.557371], [-73.045713, 41.557546], [-73.046238, 41.557708], [-73.046659, 41.557874], [-73.048011, 41.558371], [-73.04929, 41.559478], [-73.050001, 41.559138], [-73.049764, 41.558322], [-73.050051, 41.55835], [-73.052013, 41.560749], [-73.053602, 41.564072], [-73.053954, 41.566083], [-73.053761, 41.569814]]]}}, {"type": "Feature", "id": "06471", "properties": {"ZCTA5CE20": "06471", "GEOID20": "06471", "zip": "06471", "STUSPS": "CT"}, "geometry": {"type": "Polygon", "coordinates": [[[-72.823805, 41.318428], [-72.823248, 41.321451], [-72.82263, 41.322882], [-72.82178, 41.325765], [-72.818955, 41.335652], [-72.817752, 41.339982], [-72.816613, 41.339613], [-72.815407, 41.341765], [-72.81455, 41.34632], [-72.810359, 41.346837], [-72.808809, 41.34788], [-72.806307, 41.34465], [-72.80586, 41.339315], [-72.798955, 41.339004], [-72.797953, 41.336905], [-72.794401, 41.334956], [-72.786741, 41.3399], [-72.788584, 41.341056], [-72.790382, 41.344855], [-72.789112, 41.348433], [-72.785173, 41.352085], [-72.784747, 41.353517], [-72.783087, 41.355244], [-72.780166, 41.359523], [-72.779133, 41.36023], [-72.776733, 41.363796], [-72.774659, 41.365826], [-72.771758, 41.36836], [-72.768346, 41.370685], [-72.764575, 41.372002], [-72.763948, 41.371522], [-72.7664, 41.369518], [-72.767335, 41.36583], [-72.768706, 41.365037], [-72.768328, 41.362967], [-72.768817, 41.361427], [-72.768681, 41.35793], [-72.767154, 41.35464], [-72.766126, 41.354922], [-72.763852, 41.358066], [-72.762163, 41.357331], [-72.759401, 41.357745], [-72.758227, 41.358668], [-72.756848, 41.361213], [-72.754196, 41.362102], [-72.751489, 41.365508], [-72.74949, 41.36627], [-72.748799, 41.36818], [-72.747292, 41.368839], [-72.747242, 41.370784], [-72.745915, 41.372234], [-72.745452, 41.367051], [-72.743597, 41.346645], [-72.743835, 41.346358], [-72.743616, 41.344685], [-72.742134, 41.334562], [-72.74145, 41.323691], [-72.742679, 41.320856], [-72.745722, 41.311496], [-72.74611, 41.310633], [-72.764687, 41.306857], [-72.771342, 41.305093], [-72.776763, 41.310182], [-72.776893, 41.309725], [-72.77724, 41.309558], [-72.778247, 41.309731], [-72.778429, 41.309924], [-72.778618, 41.311162], [-72.778649, 41.311671], [-72.780337, 41.313018], [-72.784597, 41.315476], [-72.789584, 41.314254], [-72.791687, 41.316825], [-72.79184, 41.317274], [-72.795211, 41.318958], [-72.795428, 41.320219], [-72.800574, 41.321082], [-72.801876, 41.323679], [-72.816954, 41.320094], [-72.818422, 41.319726], [-72.822412, 41.318803], [-72.823843, 41.318324], [-72.823805, 41.318428]]]}}, {"type": "Feature", "id": "06472", "properties": {"ZCTA5CE20": "06472", "GEOID20": "06472", "zip": "06472", "STUSPS": "CT"}, "geometry": {"type": "Polygon", "coordinates": [[[-72.817069, 41.359727], [-72.817003, 41.363877], [-72.817453, 41.377526], [-72.817432, 41.378987], [-72.817722, 41.399449], [-72.802753, 41.403921], [-72.798628, 41.405129], [-72.79253, 41.407478], [-72.782417, 41.410905], [-72.779389, 41.412193], [-72.776493, 41.413367], [-72.77372, 41.414284], [-72.747756, 41.422796], [-72.746141, 41.423297], [-72.744736, 41.423578], [-72.73801, 41.424669], [-72.730471, 41.425928], [-72.72064, 41.427397], [-72.721217, 41.424793], [-72.722159, 41.422923], [-72.723374, 41.419144], [-72.728198, 41.417637], [-72.731306, 41.414188], [-72.732817, 41.412002], [-72.740804, 41.404338], [-72.742744, 41.403004], [-72.74464, 41.399628], [-72.745971, 41.396901], [-72.749297, 41.39809], [-72.746824, 41.382556], [-72.745915, 41.372234], [-72.747242, 41.370784], [-72.747292, 41.368839], [-72.748799, 41.36818], [-72.74949, 41.36627], [-72.751489, 41.365508], [-72.754196, 41.362102], [-72.756848, 41.361213], [-72.758227, 41.358668], [-72.759401, 41.357745], [-72.762163, 41.357331], [-72.763852, 41.358066], [-72.766126, 41.354922], [-72.767154, 41.35464], [-72.768681, 41.35793], [-72.768817, 41.361427], [-72.768328, 41.362967], [-72.768706, 41.365037], [-72.767335, 41.36583], [-72.7664, 41.369518], [-72.763948, 41.371522], [-72.764575, 41.372002], [-72.768346, 41.370685], [-72.771758, 41.36836], [-72.774659, 41.365826], [-72.776733, 41.363796], [-72.779133, 41.36023], [-72.780166, 41.359523], [-72.783087, 41.355244], [-72.784747, 41.353517], [-72.785173, 41.352085], [-72.789112, 41.348433], [-72.790382, 41.344855], [-72.788584, 41.341056], [-72.786741, 41.3399], [-72.794401, 41.334956], [-72.797953, 41.336905], [-72.798955, 41.339004], [-72.80586, 41.339315], [-72.806307, 41.34465], [-72.808809, 41.34788], [-72.810359, 41.346837], [-72.81455, 41.34632], [-72.815407, 41.341765], [-72.816613, 41.339613], [-72.817752, 41.339982], [-72.817069, 41.359727]]]}}, {"type": "Feature", "id": "06031", "properties": {"ZCTA5CE20": "06031", "GEOID20": "06031", "zip": "06031", "STUSPS": "CT"}, "geometry": {"type": "Polygon", "coordinates": [[[-73.395677, 41.957777], [-73.393929, 41.95482], [-73.391637, 41.953473], [-73.389857, 41.954114], [-73.38971, 41.956872], [-73.393724, 41.959456], [-73.39379, 41.978625], [-73.374616, 41.978626], [-73.37316, 41.983404], [-73.373927, 41.986521], [-73.373175, 41.991238], [-73.372288, 41.993729], [-73.372699, 41.997532], [-73.372543, 41.999259], [-73.371166, 42.000915], [-73.371132, 42.004413], [-73.362319, 42.007013], [-73.361028, 42.006885], [-73.357487, 42.005014], [-73.357129, 42.003841], [-73.357357, 42.002577], [-73.356647, 42.00259], [-73.328209, 42.000802], [-73.243605, 41.994021], [-73.248771, 41.970374], [-73.248919, 41.966427], [-73.263041, 41.916185], [-73.267117, 41.901343], [-73.271397, 41.886843], [-73.275854, 41.888533], [-73.27749, 41.892237], [-73.281412, 41.895898], [-73.28239, 41.896054], [-73.282508, 41.8996], [-73.280514, 41.902293], [-73.28056, 41.90538], [-73.27823, 41.908903], [-73.275249, 41.910664], [-73.27366, 41.913842], [-73.273621, 41.916405], [-73.341093, 41.91821], [-73.342587, 41.918307], [-73.354987, 41.918192], [-73.361779, 41.918351], [-73.374103, 41.918631], [-73.373793, 41.919526], [-73.374776, 41.921674], [-73.373242, 41.923106], [-73.371151, 41.924041], [-73.369945, 41.927183], [-73.370548, 41.928612], [-73.371577, 41.930144], [-73.374567, 41.929552], [-73.376849, 41.929784], [-73.379524, 41.930616], [-73.379996, 41.937187], [-73.385919, 41.94314], [-73.387381, 41.945558], [-73.386998, 41.947617], [-73.391753, 41.950746], [-73.394872, 41.952269], [-73.399299, 41.959288], [-73.395677, 41.957777]]]}}, {"type": "Feature", "id": "06443", "properties": {"ZCTA5CE20": "06443", "GEOID20": "06443", "zip": "06443", "STUSPS": "CT"}, "geometry": {"type": "Polygon", "coordinates": [[[-72.678739, 41.433797], [-72.671092, 41.435364], [-72.666833, 41.435694], [-72.653672, 41.438125], [-72.654563, 41.43626], [-72.653018, 41.434914], [-72.650908, 41.435031], [-72.648363, 41.435148], [-72.649591, 41.431007], [-72.646843, 41.431153], [-72.642351, 41.429323], [-72.645184, 41.425806], [-72.648789, 41.421998], [-72.650482, 41.419119], [-72.649739, 41.418387], [-72.649214, 41.417345], [-72.647406, 41.416962], [-72.646875, 41.415744], [-72.645073, 41.415802], [-72.641634, 41.413736], [-72.637801, 41.41232], [-72.632325, 41.412315], [-72.632269, 41.408122], [-72.630587, 41.406943], [-72.63083, 41.403589], [-72.629017, 41.401232], [-72.626278, 41.400189], [-72.625027, 41.399092], [-72.625909, 41.397165], [-72.622458, 41.393594], [-72.61801, 41.391656], [-72.616032, 41.388742], [-72.612328, 41.386179], [-72.613837, 41.384398], [-72.614006, 41.38078], [-72.611524, 41.3765], [-72.60884, 41.373513], [-72.609241, 41.370529], [-72.608132, 41.367404], [-72.61014, 41.367148], [-72.609346, 41.365357], [-72.609746, 41.363368], [-72.612233, 41.362674], [-72.612563, 41.357205], [-72.612655, 41.353834], [-72.611605, 41.352327], [-72.612834, 41.350219], [-72.61139, 41.347096], [-72.611213, 41.343233], [-72.612705, 41.342414], [-72.612689, 41.340866], [-72.614405, 41.337002], [-72.613604, 41.336223], [-72.614963, 41.333588], [-72.614407, 41.329966], [-72.612077, 41.32922], [-72.611518, 41.327506], [-72.608654, 41.328175], [-72.605226, 41.327609], [-72.60251, 41.325977], [-72.600784, 41.325814], [-72.597193, 41.328533], [-72.595708, 41.328035], [-72.592866, 41.324065], [-72.591804, 41.322778], [-72.589445, 41.322663], [-72.587341, 41.324326], [-72.586417, 41.324217], [-72.585768, 41.322976], [-72.585318, 41.318618], [-72.587809, 41.316045], [-72.589415, 41.315133], [-72.587062, 41.313706], [-72.585206, 41.314232], [-72.584885, 41.312934], [-72.586565, 41.312936], [-72.588574, 41.3117], [-72.585657, 41.309852], [-72.586157, 41.309151], [-72.585599, 41.307348], [-72.582502, 41.306386], [-72.581123, 41.304932], [-72.581822, 41.303902], [-72.579875, 41.304002], [-72.57634, 41.302425], [-72.575953, 41.300921], [-72.573448, 41.299175], [-72.570702, 41.298004], [-72.571739, 41.297565], [-72.569977, 41.296646], [-72.570808, 41.295776], [-72.570146, 41.294419], [-72.567559, 41.294174], [-72.565628, 41.292393], [-72.564556, 41.28986], [-72.564628, 41.289519], [-72.563934, 41.288698], [-72.561132, 41.2875], [-72.557434, 41.283695], [-72.557236, 41.281992], [-72.555028, 41.280608], [-72.551128, 41.280583], [-72.548894, 41.281855], [-72.545986, 41.280335], [-72.548046, 41.277415], [-72.546253, 41.275977], [-72.544339, 41.273697], [-72.547035, 41.2716], [-72.54636, 41.267398], [-72.547655, 41.264323], [-72.547235, 41.262499], [-72.545734, 41.260238], [-72.5363300022319, 41.2548110883025], [-72.536759, 41.250897], [-72.543941, 41.248704], [-72.5469155277365, 41.2508252719589], [-72.5706046900754, 41.2677190985594], [-72.5710754110575, 41.2680547912502], [-72.571136, 41.268098], [-72.583336, 41.271698], [-72.5851726267595, 41.2713231782123], [-72.5909667135432, 41.2701407115218], [-72.598036, 41.268698], [-72.601192, 41.269517], [-72.60408, 41.270771], [-72.6078132585328, 41.2704473738733], [-72.607956, 41.270435], [-72.610358532227, 41.2708396070327], [-72.617237, 41.271998], [-72.6175211803484, 41.2719395290835], [-72.6192148372338, 41.271591054353], [-72.631362962314, 41.2690915429994], [-72.641538, 41.266998], [-72.653838, 41.265897], [-72.6545317521677, 41.2657632719328], [-72.656563, 41.269875], [-72.654266, 41.271252], [-72.65436, 41.273988], [-72.652155, 41.274792], [-72.649689, 41.27441], [-72.647987, 41.275902], [-72.649277, 41.279556], [-72.646847, 41.281122], [-72.644432, 41.280933], [-72.644412, 41.28163], [-72.646573, 41.2839], [-72.647409, 41.285943], [-72.646092, 41.287438], [-72.648651, 41.288722], [-72.648775, 41.288878], [-72.647098, 41.28982], [-72.645623, 41.288987], [-72.643877, 41.291607], [-72.633256, 41.29936], [-72.633973, 41.303909], [-72.632646, 41.306111], [-72.63174, 41.309447], [-72.635584, 41.312876], [-72.636373, 41.315126], [-72.635943, 41.315496], [-72.638278, 41.318025], [-72.64004, 41.318395], [-72.642011, 41.320399], [-72.642569, 41.322657], [-72.644967, 41.32278], [-72.645074, 41.323974], [-72.650474, 41.326683], [-72.650677, 41.328421], [-72.655486, 41.331335], [-72.658448, 41.330291], [-72.658501, 41.33035], [-72.659644, 41.330716], [-72.661153, 41.331855], [-72.66299, 41.332921], [-72.665285, 41.335375], [-72.666952, 41.337809], [-72.668339, 41.339278], [-72.671897, 41.344348], [-72.674961, 41.348566], [-72.676172, 41.353847], [-72.678154, 41.357403], [-72.678649, 41.36041], [-72.67822, 41.371856], [-72.679671, 41.37976], [-72.678739, 41.433797]]]}}, {"type": "Feature", "id": "06897", "properties": {"ZCTA5CE20": "06897", "GEOID20": "06897", "zip": "06897", "STUSPS": "CT"}, "geometry": {"type": "Polygon", "coordinates": [[[-73.502022, 41.237176], [-73.498359, 41.238693], [-73.498096, 41.239045], [-73.484935, 41.245085], [-73.471837, 41.250731], [-73.469234, 41.251959], [-73.463926, 41.252819], [-73.463409, 41.254378], [-73.456488, 41.257381], [-73.445492, 41.262106], [-73.440067, 41.264453], [-73.43819, 41.265187], [-73.434583, 41.260273], [-73.434016, 41.260142], [-73.433805, 41.259909], [-73.433409, 41.259161], [-73.43256, 41.257902], [-73.431977, 41.257205], [-73.431584, 41.256574], [-73.430184, 41.254491], [-73.430102, 41.254328], [-73.425197, 41.248182], [-73.415892, 41.235633], [-73.411375, 41.229423], [-73.410859, 41.228476], [-73.392387, 41.202992], [-73.39023, 41.200178], [-73.389158, 41.199246], [-73.382494, 41.189467], [-73.381786, 41.18876], [-73.379568, 41.185777], [-73.381474, 41.182567], [-73.384866, 41.174433], [-73.387073, 41.170495], [-73.394836, 41.171768], [-73.404845, 41.167388], [-73.413677, 41.16359], [-73.415402, 41.162886], [-73.418978, 41.160802], [-73.422233, 41.160029], [-73.423305, 41.15976], [-73.431873, 41.157641], [-73.43746, 41.156165], [-73.447995, 41.153796], [-73.448906, 41.153754], [-73.450402, 41.157997], [-73.452974, 41.159783], [-73.454888, 41.159163], [-73.457043, 41.160114], [-73.462619, 41.161054], [-73.464294, 41.161515], [-73.464073, 41.162789], [-73.466834, 41.165502], [-73.465428, 41.170234], [-73.465396, 41.176002], [-73.46847, 41.177393], [-73.46999, 41.17913], [-73.473217, 41.180996], [-73.472208, 41.182681], [-73.472819, 41.184993], [-73.47014, 41.18959], [-73.472852, 41.191411], [-73.472033, 41.19438], [-73.473108, 41.195078], [-73.47569, 41.199052], [-73.477173, 41.202309], [-73.478718, 41.205281], [-73.480261, 41.207911], [-73.48378, 41.208207], [-73.4849111933569, 41.2117775740592], [-73.482709, 41.21276], [-73.4880434125573, 41.219333102778], [-73.4914077339291, 41.2234786445631], [-73.491460949504, 41.2235442171898], [-73.5025525269551, 41.2372113413152], [-73.502022, 41.237176]]]}}, {"type": "Feature", "id": "06384", "properties": {"ZCTA5CE20": "06384", "GEOID20": "06384", "zip": "06384", "STUSPS": "CT"}, "geometry": {"type": "Polygon", "coordinates": [[[-71.884279, 41.641219], [-71.874516, 41.642129], [-71.857917, 41.644227], [-71.857481, 41.644201], [-71.854213, 41.645785], [-71.849418, 41.645524], [-71.847298, 41.645648], [-71.846992, 41.643757], [-71.820089, 41.641844], [-71.817437, 41.641866], [-71.796401, 41.640476], [-71.7876366458895, 41.6399171462982], [-71.787855198595, 41.6344503677445], [-71.789356, 41.59691], [-71.7893586727423, 41.5968521603427], [-71.79050845462, 41.5719702287765], [-71.7917036308261, 41.5461059382128], [-71.7925957022037, 41.5268010079481], [-71.7935683158896, 41.5057530964788], [-71.823172, 41.509564], [-71.831579, 41.510763], [-71.841191, 41.511856], [-71.847305, 41.512934], [-71.862033, 41.51477], [-71.861547, 41.516365], [-71.858228, 41.51908], [-71.857354, 41.521204], [-71.854493, 41.524012], [-71.853846, 41.527696], [-71.850963, 41.53008], [-71.848533, 41.533584], [-71.848782, 41.534437], [-71.850674, 41.534503], [-71.850967, 41.535961], [-71.853583, 41.539175], [-71.856711, 41.541873], [-71.857026, 41.543916], [-71.859292, 41.546077], [-71.859644, 41.547406], [-71.858718, 41.549578], [-71.860999, 41.552531], [-71.864586, 41.553156], [-71.86579, 41.551185], [-71.868881, 41.551755], [-71.870438, 41.55261], [-71.871821, 41.559919], [-71.874268, 41.572758], [-71.87529, 41.57913], [-71.875459, 41.57945], [-71.883219, 41.625098], [-71.88387, 41.630022], [-71.884422, 41.641204], [-71.884279, 41.641219]]]}}, {"type": "Feature", "id": "06424", "properties": {"ZCTA5CE20": "06424", "GEOID20": "06424", "zip": "06424", "STUSPS": "CT"}, "geometry": {"type": "Polygon", "coordinates": [[[-72.554912, 41.51105], [-72.552581, 41.511407], [-72.553303, 41.517158], [-72.553017, 41.524866], [-72.551067, 41.525077], [-72.548633, 41.524362], [-72.549822, 41.526664], [-72.545715, 41.527225], [-72.540405, 41.528767], [-72.537994, 41.528938], [-72.536972, 41.529884], [-72.540498, 41.550437], [-72.543376, 41.552279], [-72.545066, 41.552744], [-72.549741, 41.552303], [-72.550403, 41.553966], [-72.548454, 41.558116], [-72.546499, 41.560706], [-72.542952, 41.563218], [-72.544468, 41.562648], [-72.548612, 41.562052], [-72.547669, 41.563727], [-72.548238, 41.567495], [-72.551452, 41.571126], [-72.551642, 41.572337], [-72.553198, 41.574608], [-72.552782, 41.575842], [-72.549879, 41.577113], [-72.550084, 41.577887], [-72.548549, 41.578994], [-72.547379, 41.582207], [-72.545608, 41.582643], [-72.544988, 41.583673], [-72.545961, 41.586112], [-72.544314, 41.589189], [-72.54417, 41.591877], [-72.543069, 41.593602], [-72.54257, 41.595603], [-72.542945, 41.597065], [-72.541908, 41.601811], [-72.540796, 41.605365], [-72.544489, 41.615818], [-72.52929, 41.617435], [-72.531228, 41.621112], [-72.54423, 41.642696], [-72.534583, 41.643879], [-72.532132, 41.643999], [-72.521832, 41.645499], [-72.505431, 41.646999], [-72.504875, 41.645534], [-72.481842, 41.60818], [-72.481537, 41.607741], [-72.476921, 41.599987], [-72.474342, 41.595157], [-72.469042, 41.587316], [-72.46673, 41.583899], [-72.45185, 41.558567], [-72.449059, 41.553937], [-72.448737, 41.553534], [-72.447945, 41.552864], [-72.446554, 41.550657], [-72.435138, 41.53187], [-72.430767, 41.524567], [-72.448508, 41.522567], [-72.449549, 41.52253], [-72.454193, 41.529765], [-72.455398, 41.531023], [-72.458657, 41.536817], [-72.458845, 41.539583], [-72.459704, 41.540022], [-72.459313, 41.539164], [-72.461695, 41.535415], [-72.463557, 41.533516], [-72.465926, 41.532677], [-72.468619, 41.53108], [-72.469742, 41.529652], [-72.47553, 41.524255], [-72.479439, 41.52184], [-72.480373, 41.519465], [-72.482592, 41.518443], [-72.483038, 41.516348], [-72.481723, 41.514339], [-72.481931, 41.512542], [-72.484033, 41.509037], [-72.485717, 41.504988], [-72.487847, 41.502236], [-72.487915, 41.500363], [-72.486344, 41.493104], [-72.485687, 41.491413], [-72.483061, 41.489534], [-72.479011, 41.489586], [-72.47727, 41.488646], [-72.476867, 41.484214], [-72.477822, 41.475554], [-72.474575, 41.473948], [-72.471938, 41.472061], [-72.469557, 41.468748], [-72.468491, 41.465818], [-72.468084, 41.462392], [-72.474968, 41.467615], [-72.478736, 41.469522], [-72.485653, 41.472276], [-72.496072, 41.477206], [-72.5, 41.478793], [-72.501366, 41.480031], [-72.504916, 41.482134], [-72.5121, 41.488295], [-72.5176, 41.489516], [-72.519385, 41.490263], [-72.522505, 41.492612], [-72.523686, 41.493923], [-72.523671, 41.495123], [-72.529754, 41.496965], [-72.534167, 41.49854], [-72.541166, 41.500081], [-72.547579, 41.501739], [-72.549915, 41.502815], [-72.551618, 41.504715], [-72.55361, 41.508], [-72.554912, 41.51105]]]}}, {"type": "Feature", "id": "06811", "properties": {"ZCTA5CE20": "06811", "GEOID20": "06811", "zip": "06811", "STUSPS": "CT"}, "geometry": {"type": "Polygon", "coordinates": [[[-73.5423839217327, 41.3901763221922], [-73.5423794810464, 41.3902341377244], [-73.5423791120522, 41.3902389418452], [-73.541169, 41.405994], [-73.538570152797, 41.4267424051155], [-73.5380976203182, 41.4305149606117], [-73.5380925348766, 41.4305555612295], [-73.537673, 41.433905], [-73.537469, 41.43589], [-73.5373805971774, 41.4368100965774], [-73.5372747912126, 41.4379113250589], [-73.5371022733491, 41.4397068909828], [-73.53633, 41.440529], [-73.521216, 41.443994], [-73.519011, 41.444515], [-73.51428, 41.445636], [-73.502516, 41.447855], [-73.494364, 41.449683], [-73.485357, 41.451263], [-73.475696, 41.453846], [-73.468988, 41.455506], [-73.461977, 41.456667], [-73.450576, 41.459001], [-73.445051, 41.45999], [-73.44191, 41.460545], [-73.439366, 41.460994], [-73.426942, 41.463834], [-73.428067, 41.460964], [-73.42797, 41.459297], [-73.426733, 41.458486], [-73.42499, 41.454517], [-73.426361, 41.454678], [-73.428411, 41.456526], [-73.426545, 41.453102], [-73.424673, 41.447291], [-73.421541, 41.447935], [-73.418273, 41.437914], [-73.415787, 41.430337], [-73.411924, 41.429532], [-73.415684, 41.424307], [-73.419801, 41.421239], [-73.424211, 41.418611], [-73.427122, 41.417361], [-73.43738, 41.414738], [-73.45069, 41.411799], [-73.451218, 41.411631], [-73.453523, 41.410701], [-73.455394, 41.409721], [-73.458157, 41.407779], [-73.460818, 41.405249], [-73.462783, 41.403448], [-73.464523, 41.402389], [-73.46613, 41.40172], [-73.467148, 41.401461], [-73.468755, 41.401089], [-73.47311, 41.399578], [-73.474867, 41.398495], [-73.477729, 41.395488], [-73.478108, 41.394263], [-73.477961, 41.39317], [-73.47586, 41.388317], [-73.475822, 41.387398], [-73.476683, 41.385578], [-73.483698, 41.383476], [-73.48539, 41.383508], [-73.491425, 41.385784], [-73.497147, 41.387135], [-73.506763, 41.389501], [-73.516723, 41.39015], [-73.520679, 41.390479], [-73.527197, 41.392549], [-73.530466, 41.392686], [-73.533448, 41.392168], [-73.540847, 41.389381], [-73.5424697738594, 41.3890585701244], [-73.5423839217327, 41.3901763221922]]]}}, {"type": "Feature", "id": "06065", "properties": {"ZCTA5CE20": "06065", "GEOID20": "06065", "zip": "06065", "STUSPS": "CT"}, "geometry": {"type": "Polygon", "coordinates": [[[-73.029537, 41.966606], [-73.023718, 41.988131], [-73.019289, 41.989764], [-73.017533, 41.989731], [-73.01706, 41.991147], [-73.014703, 41.993435], [-73.014152, 41.994963], [-73.010519, 41.997971], [-73.00291, 42.001768], [-73.004523, 42.004763], [-73.004539, 42.006772], [-73.000807, 42.009956], [-72.998286, 42.00998], [-72.99634, 42.011815], [-72.996203, 42.013244], [-72.992611, 42.016842], [-72.989829, 42.018473], [-72.991511, 42.021099], [-72.987479, 42.021129], [-72.987618, 42.019003], [-72.988871, 42.015811], [-72.988589, 42.014057], [-72.98344, 42.014635], [-72.981012, 42.004469], [-72.991933, 41.99859], [-72.990486, 41.99624], [-72.979689, 41.996099], [-72.980666, 41.994153], [-72.982669, 41.992012], [-72.98341, 41.990388], [-72.983665, 41.985495], [-72.97982, 41.987658], [-72.975176, 41.989761], [-72.973293, 41.989354], [-72.9722, 41.988476], [-72.971248, 41.985561], [-72.971147, 41.982789], [-72.970121, 41.979372], [-72.970932, 41.977441], [-72.973707, 41.973141], [-72.975256, 41.970079], [-72.976226, 41.969645], [-73.001401, 41.968372], [-73.001296, 41.968047], [-73.00204, 41.965067], [-73.001316, 41.961315], [-73.001728, 41.956907], [-73.003668, 41.954727], [-73.003366, 41.952281], [-73.001085, 41.950619], [-72.999664, 41.946987], [-73.000317, 41.943084], [-72.999645, 41.942052], [-72.99536, 41.942821], [-72.992933, 41.939922], [-72.990761, 41.939157], [-72.990273, 41.938334], [-72.990637, 41.936665], [-72.993205, 41.932523], [-72.993123, 41.93046], [-72.994474, 41.93014], [-72.994155, 41.928853], [-72.99596, 41.927075], [-72.996189, 41.925516], [-72.995469, 41.922655], [-72.997947, 41.924674], [-72.999935, 41.927377], [-73.000005, 41.932234], [-72.999521, 41.933877], [-73.001793, 41.937983], [-73.004529, 41.940029], [-73.008568, 41.943806], [-73.012786, 41.944939], [-73.014501, 41.946296], [-73.014604, 41.948155], [-73.012622, 41.951226], [-73.012593, 41.953905], [-73.012775, 41.95324], [-73.013631, 41.954595], [-73.014595, 41.955761], [-73.018054, 41.959018], [-73.019716, 41.959914], [-73.026169, 41.964917], [-73.030618, 41.966553], [-73.029537, 41.966606]]]}}, {"type": "Feature", "id": "06076", "properties": {"ZCTA5CE20": "06076", "GEOID20": "06076", "zip": "06076", "STUSPS": "CT"}, "geometry": {"type": "Polygon", "coordinates": [[[-72.406746, 41.957164], [-72.404424, 41.979069], [-72.40449, 41.979801], [-72.395871, 41.979], [-72.390159, 41.977379], [-72.393002, 41.981613], [-72.392685, 41.983237], [-72.398978, 41.981884], [-72.398097, 41.98476], [-72.396636, 41.986056], [-72.395334, 41.989789], [-72.400651, 41.988231], [-72.403522, 41.988156], [-72.400656, 42.009619], [-72.399633, 42.007546], [-72.397158, 42.008529], [-72.394105, 42.008459], [-72.393948, 42.009914], [-72.394744, 42.015273], [-72.398557, 42.016261], [-72.39971, 42.017421], [-72.3974333745419, 42.0331107167355], [-72.3669917600491, 42.0326543063241], [-72.3218210714148, 42.03197706325], [-72.3212667983303, 42.0319687530466], [-72.3212520818703, 42.0319685324031], [-72.317148, 42.031907], [-72.2999270688012, 42.0318354424153], [-72.2706561367986, 42.0317138138475], [-72.249523, 42.031626], [-72.2412901545176, 42.0315261233387], [-72.2050807834552, 42.0310868498098], [-72.1988321207782, 42.0310110442372], [-72.1500880173965, 42.0304197057611], [-72.1432302502593, 42.0303365108455], [-72.135715, 42.0302453396816], [-72.135687, 42.030245], [-72.1021687771907, 42.028899460948], [-72.10188, 42.016804], [-72.100317, 41.984998], [-72.099525, 41.966038], [-72.102821, 41.967383], [-72.104404, 41.969301], [-72.108243, 41.970205], [-72.110053, 41.971943], [-72.112457, 41.971787], [-72.112257, 41.969445], [-72.114321, 41.966938], [-72.116471, 41.965729], [-72.11907, 41.96508], [-72.124791, 41.962235], [-72.1281, 41.959126], [-72.151654, 41.959302], [-72.190661, 41.959144], [-72.19528, 41.959322], [-72.21698, 41.958161], [-72.234898, 41.957583], [-72.236793, 41.958292], [-72.236614, 41.95605], [-72.236838, 41.945452], [-72.236326, 41.943773], [-72.236705, 41.939863], [-72.260485, 41.940216], [-72.290657, 41.940631], [-72.300987, 41.940735], [-72.306253, 41.940707], [-72.309219, 41.933536], [-72.308872, 41.931092], [-72.306904, 41.929627], [-72.307746, 41.929379], [-72.321575, 41.928145], [-72.322612, 41.929089], [-72.324222, 41.930027], [-72.325876, 41.934285], [-72.328064, 41.938246], [-72.33482, 41.937654], [-72.338409, 41.939114], [-72.336768, 41.94121], [-72.366791, 41.941501], [-72.371764, 41.941804], [-72.39152, 41.941698], [-72.407226, 41.941397], [-72.406746, 41.957164]]]}}, {"type": "Feature", "id": "06242", "properties": {"ZCTA5CE20": "06242", "GEOID20": "06242", "zip": "06242", "STUSPS": "CT"}, "geometry": {"type": "Polygon", "coordinates": [[[-72.151654, 41.959302], [-72.1281, 41.959126], [-72.124791, 41.962235], [-72.11907, 41.96508], [-72.116471, 41.965729], [-72.114321, 41.966938], [-72.112257, 41.969445], [-72.112457, 41.971787], [-72.110053, 41.971943], [-72.108243, 41.970205], [-72.104404, 41.969301], [-72.102821, 41.967383], [-72.099525, 41.966038], [-72.099229, 41.958948], [-72.097377, 41.917703], [-72.097024, 41.914994], [-72.067943, 41.914652], [-72.06029, 41.91455], [-72.060438, 41.912274], [-72.060159, 41.912186], [-72.060012, 41.91065], [-72.062649, 41.905866], [-72.066211, 41.902348], [-72.067342, 41.90208], [-72.068906, 41.901279], [-72.069244, 41.900478], [-72.070632, 41.899814], [-72.070279, 41.898738], [-72.070287, 41.898113], [-72.070918, 41.897679], [-72.07094, 41.895951], [-72.071459, 41.895696], [-72.072174, 41.895567], [-72.074443, 41.896648], [-72.074744, 41.895238], [-72.07611, 41.894903], [-72.076168, 41.892977], [-72.077563, 41.892977], [-72.078914, 41.890683], [-72.077841, 41.889526], [-72.077929, 41.887888], [-72.079295, 41.886716], [-72.079522, 41.884966], [-72.080784, 41.883287], [-72.082289, 41.882776], [-72.083338, 41.880587], [-72.082303, 41.88079], [-72.076591, 41.879622], [-72.075637, 41.881894], [-72.072157, 41.88156], [-72.070321, 41.879963], [-72.065814, 41.881544], [-72.064279, 41.881286], [-72.061181, 41.881721], [-72.062363, 41.877954], [-72.061655, 41.873903], [-72.062268, 41.872116], [-72.054718, 41.869901], [-72.050772, 41.867977], [-72.044513, 41.863119], [-72.044738, 41.831548], [-72.049528, 41.831487], [-72.092446, 41.83167], [-72.093275, 41.831643], [-72.096671, 41.831663], [-72.113995, 41.83169], [-72.112442, 41.86278], [-72.112953, 41.877842], [-72.112917, 41.879322], [-72.117345, 41.886613], [-72.114009, 41.888421], [-72.111977, 41.89161], [-72.112715, 41.892709], [-72.112562, 41.894268], [-72.113645, 41.898541], [-72.114768, 41.898343], [-72.115661, 41.903314], [-72.119085, 41.904843], [-72.119909, 41.907295], [-72.121337, 41.909955], [-72.122674, 41.910756], [-72.12487, 41.910272], [-72.12865, 41.910802], [-72.132831, 41.91041], [-72.135361, 41.91339], [-72.139157, 41.915904], [-72.139912, 41.917562], [-72.13886, 41.919597], [-72.138896, 41.921161], [-72.13996, 41.923186], [-72.141135, 41.923718], [-72.144746, 41.928817], [-72.145038, 41.930617], [-72.14439, 41.93325], [-72.145218, 41.935478], [-72.145378, 41.938331], [-72.146634, 41.939067], [-72.147043, 41.942529], [-72.148374, 41.943518], [-72.149019, 41.943787], [-72.150677, 41.949461], [-72.150697, 41.952456], [-72.152718, 41.953033], [-72.151654, 41.959302]]]}}, {"type": "Feature", "id": "06524", "properties": {"ZCTA5CE20": "06524", "GEOID20": "06524", "zip": "06524", "STUSPS": "CT"}, "geometry": {"type": "Polygon", "coordinates": [[[-73.046409, 41.401691], [-73.041651, 41.420896], [-73.029459, 41.419492], [-73.02522, 41.434567], [-73.025022, 41.437336], [-73.024952, 41.450094], [-73.02497, 41.451232], [-73.025751, 41.459596], [-73.004229, 41.462557], [-73.003503, 41.467092], [-73.001811, 41.471159], [-72.989758, 41.468871], [-72.985445, 41.469043], [-72.966192, 41.46625], [-72.957338, 41.465325], [-72.956242, 41.464994], [-72.952392, 41.464589], [-72.949746, 41.464395], [-72.948048, 41.464097], [-72.947448, 41.460097], [-72.949048, 41.455797], [-72.952548, 41.452897], [-72.957148, 41.450097], [-72.958139, 41.448837], [-72.957824, 41.446603], [-72.95792, 41.445198], [-72.963238, 41.439405], [-72.963487, 41.437542], [-72.96158, 41.432434], [-72.955248, 41.428925], [-72.950713, 41.427813], [-72.95256, 41.419374], [-72.949732, 41.417517], [-72.940152, 41.411224], [-72.93893, 41.408584], [-72.94041, 41.407816], [-72.942564, 41.407128], [-72.944732, 41.40623], [-72.95352, 41.399743], [-72.95291, 41.396946], [-72.954873, 41.394475], [-72.965604, 41.393608], [-72.97245, 41.392783], [-73.00056, 41.390504], [-73.010559, 41.389796], [-73.029978, 41.388532], [-73.031388, 41.389345], [-73.034255, 41.391788], [-73.037944, 41.391915], [-73.041593, 41.395064], [-73.042848, 41.395649], [-73.043935, 41.394925], [-73.047543, 41.395834], [-73.046409, 41.401691]]]}}, {"type": "Feature", "id": "06282", "properties": {"ZCTA5CE20": "06282", "GEOID20": "06282", "zip": "06282", "STUSPS": "CT"}, "geometry": {"type": "Polygon", "coordinates": [[[-72.100317, 41.984998], [-72.097802, 41.984877], [-72.093883, 41.983986], [-72.091698, 41.982889], [-72.0877, 41.980219], [-72.091648, 41.977214], [-72.091592, 41.972175], [-72.090855, 41.970759], [-72.091813, 41.967467], [-72.091697, 41.966239], [-72.089661, 41.966039], [-72.087474, 41.967003], [-72.081276, 41.968436], [-72.073671, 41.968376], [-72.07067, 41.965008], [-72.067788, 41.963448], [-72.065912, 41.963357], [-72.064552, 41.961326], [-72.064838, 41.961158], [-72.066459, 41.960238], [-72.064161, 41.958887], [-72.06208, 41.960594], [-72.059266, 41.961357], [-72.058956, 41.961041], [-72.055463, 41.957948], [-72.052395, 41.957706], [-72.047314, 41.95597], [-72.047128, 41.964027], [-72.04523, 41.969276], [-72.03902, 41.965584], [-72.041213, 41.957622], [-72.044717, 41.955048], [-72.046147, 41.954726], [-72.048654, 41.950457], [-72.052291, 41.947447], [-72.058851, 41.937143], [-72.059967, 41.93703], [-72.061084, 41.940895], [-72.063868, 41.940862], [-72.065899, 41.941419], [-72.06603, 41.939781], [-72.067029, 41.939814], [-72.066963, 41.941599], [-72.067927, 41.94101], [-72.072191, 41.941204], [-72.072824, 41.940522], [-72.073465, 41.939421], [-72.071304, 41.938911], [-72.072582, 41.936766], [-72.071598, 41.935405], [-72.072163, 41.931329], [-72.072913, 41.930483], [-72.07181, 41.929397], [-72.067767, 41.928734], [-72.066256, 41.927422], [-72.064977, 41.923017], [-72.062977, 41.921515], [-72.063205, 41.919444], [-72.063949, 41.918315], [-72.067943, 41.914652], [-72.097024, 41.914994], [-72.097377, 41.917703], [-72.099229, 41.958948], [-72.099525, 41.966038], [-72.100317, 41.984998]], [[-72.078839, 41.958454], [-72.075742, 41.956724], [-72.07462, 41.953285], [-72.075138, 41.95156], [-72.07573, 41.95082], [-72.075748, 41.950503], [-72.075709, 41.947919], [-72.073506, 41.942859], [-72.070234, 41.943473], [-72.069577, 41.942792], [-72.066134, 41.947067], [-72.06807, 41.947039], [-72.06826, 41.95166], [-72.069806, 41.951961], [-72.071828, 41.952959], [-72.071513, 41.953958], [-72.070776, 41.955122], [-72.070189, 41.955641], [-72.068439, 41.957806], [-72.068728, 41.960061], [-72.071311, 41.95998], [-72.075824, 41.960027], [-72.078839, 41.958454]]]}}, {"type": "Feature", "id": "06460", "properties": {"ZCTA5CE20": "06460", "GEOID20": "06460", "zip": "06460", "STUSPS": "CT"}, "geometry": {"type": "Polygon", "coordinates": [[[-73.122453, 41.182897], [-73.121366, 41.187444], [-73.120753, 41.188497], [-73.116233, 41.192586], [-73.115353, 41.193497], [-73.113077, 41.19672], [-73.110572, 41.20027], [-73.108331, 41.199839], [-73.102608, 41.202388], [-73.102109, 41.202186], [-73.098423, 41.203543], [-73.098891, 41.204427], [-73.097985, 41.204734], [-73.097437, 41.203867], [-73.094537, 41.204861], [-73.093573, 41.205194], [-73.094351, 41.207912], [-73.090376, 41.21035], [-73.087933, 41.210959], [-73.087012, 41.212347], [-73.085289, 41.211651], [-73.082733, 41.212354], [-73.076548, 41.215214], [-73.075671, 41.2175], [-73.073272, 41.221782], [-73.074815, 41.222574], [-73.074033, 41.222639], [-73.073527, 41.223214], [-73.073468, 41.224381], [-73.071925, 41.225791], [-73.070891, 41.226061], [-73.069373, 41.227873], [-73.067257, 41.229064], [-73.067692, 41.230325], [-73.06409, 41.230956], [-73.064036, 41.230698], [-73.063031, 41.231235], [-73.061625, 41.231768], [-73.062989, 41.232784], [-73.06048, 41.233254], [-73.059396, 41.232235], [-73.057687, 41.232421], [-73.054968, 41.232934], [-73.052271, 41.232764], [-73.047464, 41.232054], [-73.046951, 41.231829], [-73.045339, 41.232173], [-73.043499, 41.233058], [-73.041926, 41.23417], [-73.041351, 41.234572], [-73.036288, 41.238497], [-73.036767, 41.23884], [-73.035439, 41.240466], [-73.036326, 41.241718], [-73.035045, 41.243052], [-73.031981, 41.241949], [-73.027739, 41.245512], [-73.028617, 41.246972], [-73.025672, 41.249723], [-73.024818, 41.251745], [-73.021226, 41.25081], [-73.012715, 41.249511], [-73.006448, 41.248121], [-73.000239, 41.246618], [-72.998729, 41.246362], [-72.995014, 41.245711], [-72.992051, 41.244909], [-72.993134, 41.244748], [-72.994634, 41.241692], [-72.992127, 41.239001], [-72.993232, 41.237386], [-72.992699, 41.234519], [-72.99028, 41.234737], [-72.986904, 41.235535], [-72.9865543077538, 41.2353156455427], [-72.98687, 41.235131], [-72.987035, 41.233463], [-72.987546, 41.231098], [-72.9893384841556, 41.2281581027217], [-72.9916932488367, 41.2242959953466], [-72.992042, 41.223724], [-72.997028, 41.222643], [-73.000423182342, 41.2227094274806], [-73.0006925732966, 41.2227146981732], [-73.002548, 41.222751], [-73.004084, 41.221399], [-73.0043251509098, 41.220768241578], [-73.0061700415309, 41.2159427142852], [-73.008387, 41.210144], [-73.0086823928612, 41.2098847463919], [-73.012621654107, 41.206427426243], [-73.0130319667642, 41.2060673124733], [-73.01455, 41.204735], [-73.020219, 41.204315], [-73.0202307004357, 41.2047865870512], [-73.0202360906541, 41.2050038402595], [-73.0202559066267, 41.2058025247182], [-73.0202774506474, 41.2066708582967], [-73.020278, 41.206693], [-73.0224415297051, 41.2073530234708], [-73.023297, 41.207614], [-73.029645, 41.207532], [-73.034895, 41.206076], [-73.0352091532025, 41.2056364330436], [-73.035918830345, 41.2046434442119], [-73.0362962284171, 41.2041153842699], [-73.0363775418334, 41.2040016095555], [-73.0374543736167, 41.2024948935147], [-73.037941, 41.201814], [-73.044724, 41.209188], [-73.04657, 41.210547], [-73.0489058904262, 41.2107267432197], [-73.049598, 41.21078], [-73.055452, 41.209126], [-73.0556749677944, 41.2089871006719], [-73.060836, 41.205772], [-73.065948, 41.198407], [-73.072963, 41.197629], [-73.074264113745, 41.1969606785267], [-73.0743107624896, 41.1969367172413], [-73.0779281679411, 41.1950786247033], [-73.0781753185546, 41.1949516749551], [-73.0791182508382, 41.1944673346002], [-73.082045, 41.192964], [-73.0828394550432, 41.1923136407303], [-73.0871362446539, 41.1887961893941], [-73.088843, 41.187399], [-73.0908658886207, 41.1851736555925], [-73.097326, 41.178067], [-73.101493, 41.173825], [-73.103288, 41.174076], [-73.1042935661222, 41.173187672693], [-73.105458, 41.172159], [-73.1058061668315, 41.1716950509516], [-73.108005, 41.168765], [-73.1080084493287, 41.1687516729814], [-73.112152, 41.171397], [-73.119853, 41.175697], [-73.121453, 41.177597], [-73.121997, 41.178927], [-73.122453, 41.182897]]]}}, {"type": "Feature", "id": "06791", "properties": {"ZCTA5CE20": "06791", "GEOID20": "06791", "zip": "06791", "STUSPS": "CT"}, "geometry": {"type": "Polygon", "coordinates": [[[-73.122017, 41.776558], [-73.120287, 41.775818], [-73.119771, 41.775642], [-73.118462, 41.777051], [-73.117155, 41.781366], [-73.11247, 41.782222], [-73.112093, 41.784943], [-73.110284, 41.78791], [-73.107828, 41.790454], [-73.104289, 41.794421], [-73.103677, 41.79508], [-73.104092, 41.79839], [-73.088044, 41.798521], [-73.086766, 41.799036], [-73.08676, 41.799832], [-73.086602, 41.799797], [-73.085409, 41.799519], [-73.082923, 41.798373], [-73.082508, 41.798389], [-73.081093, 41.798438], [-73.080743, 41.798407], [-73.077706, 41.798421], [-73.076683, 41.798451], [-73.060641, 41.798321], [-73.059575, 41.798241], [-73.04764, 41.798216], [-73.029928, 41.798098], [-73.025205, 41.79823], [-73.016936, 41.798183], [-73.012711, 41.777117], [-73.012425, 41.77526], [-73.009057, 41.761428], [-72.99895, 41.714398], [-73.036879, 41.710195], [-73.055262, 41.70816], [-73.062917, 41.707578], [-73.068402, 41.707093], [-73.070455, 41.709884], [-73.071891, 41.710967], [-73.078773, 41.714672], [-73.082062, 41.717164], [-73.087506, 41.717563], [-73.088658, 41.718076], [-73.089164, 41.719514], [-73.092183, 41.721981], [-73.094132, 41.725253], [-73.09765, 41.729785], [-73.098997, 41.73065], [-73.101573, 41.730837], [-73.105078, 41.734659], [-73.10523, 41.736029], [-73.109298, 41.738708], [-73.110783, 41.738985], [-73.111305, 41.739057], [-73.114013, 41.740287], [-73.115571, 41.741927], [-73.11536, 41.74503], [-73.114075, 41.747389], [-73.112879, 41.748295], [-73.112102, 41.750712], [-73.114066, 41.753793], [-73.117198, 41.756671], [-73.116142, 41.76069], [-73.117066, 41.763493], [-73.117304, 41.763715], [-73.118274, 41.764408], [-73.117186, 41.768207], [-73.117466, 41.769033], [-73.12198, 41.775378], [-73.122017, 41.776558]]]}}, {"type": "Feature", "id": "06878", "properties": {"ZCTA5CE20": "06878", "GEOID20": "06878", "zip": "06878", "STUSPS": "CT"}, "geometry": {"type": "Polygon", "coordinates": [[[-73.596612, 41.016768], [-73.595441, 41.019321], [-73.594555, 41.023102], [-73.594627, 41.030812], [-73.589565, 41.040879], [-73.589298, 41.042206], [-73.588257, 41.04594], [-73.585553, 41.04893], [-73.585527, 41.05339], [-73.582215, 41.05761], [-73.581613, 41.059063], [-73.581001, 41.0591], [-73.580757, 41.057628], [-73.578941, 41.057631], [-73.577905, 41.057946], [-73.578173, 41.059312], [-73.575853, 41.059426], [-73.576908, 41.057828], [-73.574132, 41.057695], [-73.574134, 41.057525], [-73.573081, 41.056899], [-73.574617, 41.05057], [-73.572273, 41.050378], [-73.571902, 41.04876], [-73.57319, 41.044819], [-73.572227, 41.044733], [-73.574811, 41.042908], [-73.573944, 41.041715], [-73.57377, 41.04127], [-73.574273, 41.040985], [-73.571823, 41.039083], [-73.571259, 41.038819], [-73.570244, 41.03826], [-73.573153, 41.033434], [-73.57324, 41.032087], [-73.572157, 41.03133], [-73.57392, 41.026417], [-73.575328, 41.025393], [-73.572988, 41.020113], [-73.571968, 41.017597], [-73.5876450291519, 41.0076409654007], [-73.5876581088922, 41.0076522198727], [-73.5924644800066, 41.0117878653499], [-73.593191, 41.012413], [-73.595699, 41.015995], [-73.5967420568665, 41.0158760715483], [-73.596612, 41.016768]]]}}, {"type": "Feature", "id": "01095", "properties": {"ZCTA5CE20": "01095", "GEOID20": "01095", "zip": "01095", "STUSPS": "CT"}, "geometry": {"type": "Polygon", "coordinates": [[[-72.484595, 42.156524], [-72.47823, 42.153405], [-72.474812, 42.153923], [-72.468806, 42.152719], [-72.46544, 42.152737], [-72.457992, 42.154795], [-72.453261, 42.155014], [-72.449344, 42.153351], [-72.446588, 42.153562], [-72.444171, 42.154306], [-72.440669, 42.155979], [-72.437036, 42.156529], [-72.43259, 42.155525], [-72.430677, 42.155524], [-72.428071, 42.156644], [-72.423565, 42.157022], [-72.419639, 42.157067], [-72.417666, 42.15491], [-72.4135, 42.153046], [-72.409533, 42.153801], [-72.409507, 42.157267], [-72.40953, 42.157375], [-72.410615, 42.161087], [-72.410258, 42.162614], [-72.412004, 42.166912], [-72.411082, 42.168655], [-72.411102, 42.171069], [-72.410314, 42.174205], [-72.412376, 42.175242], [-72.409605, 42.177743], [-72.40524, 42.179176], [-72.40104, 42.181497], [-72.397921, 42.182508], [-72.39525, 42.184816], [-72.395142, 42.18427], [-72.392847, 42.172264], [-72.391564, 42.16559], [-72.38637, 42.167718], [-72.375934, 42.15451], [-72.379571, 42.154014], [-72.383549, 42.153916], [-72.389463, 42.154554], [-72.389049, 42.152442], [-72.388837, 42.151342], [-72.380501, 42.108535], [-72.379439, 42.103134], [-72.414539, 42.099222], [-72.418173, 42.090491], [-72.434542, 42.088689], [-72.460792, 42.08578], [-72.469939, 42.084764], [-72.471087, 42.089722], [-72.472274, 42.09556], [-72.473804, 42.10318], [-72.476504, 42.116548], [-72.477138, 42.119682], [-72.478553, 42.126684], [-72.480836, 42.137985], [-72.48162, 42.141882], [-72.48304, 42.148893], [-72.48392, 42.153229], [-72.484339, 42.15534], [-72.484595, 42.156524]]]}}, {"type": "Feature", "id": "10589", "properties": {"ZCTA5CE20": "10589", "GEOID20": "10589", "zip": "10589", "STUSPS": "CT"}, "geometry": {"type": "Polygon", "coordinates": [[[-73.72226, 41.339362], [-73.721765, 41.342871], [-73.718839, 41.34349], [-73.718817, 41.344871], [-73.714424, 41.345342], [-73.714698, 41.347016], [-73.717125, 41.346664], [-73.718674, 41.348976], [-73.699944, 41.350888], [-73.699636, 41.350919], [-73.694725, 41.351421], [-73.689494, 41.351954], [-73.682081, 41.352711], [-73.671686, 41.353857], [-73.670005, 41.354053], [-73.66923, 41.353395], [-73.668368, 41.352934], [-73.665286, 41.350829], [-73.664725, 41.350584], [-73.666365, 41.349073], [-73.663999, 41.347167], [-73.663729, 41.346038], [-73.663242, 41.344954], [-73.661879, 41.344035], [-73.662166, 41.342502], [-73.661091, 41.342166], [-73.660971, 41.340075], [-73.660362, 41.339646], [-73.660456, 41.3386], [-73.658849, 41.33687], [-73.65987, 41.335554], [-73.662061, 41.334566], [-73.661958, 41.331074], [-73.664719, 41.331983], [-73.665367, 41.330517], [-73.669541, 41.330071], [-73.668325, 41.32837], [-73.670937, 41.32856], [-73.672213, 41.333762], [-73.675306, 41.333027], [-73.675096, 41.331896], [-73.676845, 41.331248], [-73.677118, 41.330182], [-73.676576, 41.329727], [-73.679791, 41.327862], [-73.680094, 41.32451], [-73.682203, 41.323743], [-73.683694, 41.321134], [-73.683226, 41.318937], [-73.681902, 41.317475], [-73.684372, 41.315314], [-73.684837, 41.312505], [-73.682958, 41.309939], [-73.684405, 41.307453], [-73.686519, 41.30687], [-73.688604, 41.307776], [-73.688523, 41.30478], [-73.68691, 41.301196], [-73.685123, 41.2994], [-73.681828, 41.297774], [-73.683067, 41.2958], [-73.684502, 41.294659], [-73.685812, 41.294304], [-73.687569, 41.29817], [-73.690293, 41.297208], [-73.695129, 41.29763], [-73.696383, 41.298689], [-73.694629, 41.298608], [-73.695042, 41.299946], [-73.693108, 41.300919], [-73.694722, 41.301836], [-73.694829, 41.303448], [-73.693243, 41.304464], [-73.693094, 41.30576], [-73.691518, 41.306016], [-73.690024, 41.30758], [-73.689869, 41.310354], [-73.690385, 41.312497], [-73.692023, 41.314008], [-73.69529, 41.308221], [-73.698947, 41.303173], [-73.700598, 41.305365], [-73.70257, 41.306223], [-73.703369, 41.309779], [-73.71023, 41.314747], [-73.717288, 41.314041], [-73.717243, 41.31871], [-73.719209, 41.319169], [-73.718845, 41.321306], [-73.719704, 41.326142], [-73.71981, 41.326804], [-73.720123, 41.328603], [-73.720506, 41.330807], [-73.716579, 41.3327], [-73.716861, 41.335588], [-73.717944, 41.338056], [-73.721929, 41.337248], [-73.722258, 41.337773], [-73.72226, 41.339362]]]}}, {"type": "Feature", "id": "06371", "properties": {"ZCTA5CE20": "06371", "GEOID20": "06371", "zip": "06371", "STUSPS": "CT"}, "geometry": {"type": "Polygon", "coordinates": [[[-72.43371, 41.423995], [-72.427612, 41.423289], [-72.409477, 41.425295], [-72.403029, 41.424774], [-72.399793, 41.42611], [-72.386129, 41.427658], [-72.385813, 41.427692], [-72.305531, 41.436282], [-72.304868, 41.432728], [-72.286577, 41.439074], [-72.276636, 41.440449], [-72.277596, 41.433377], [-72.278538, 41.429633], [-72.279061, 41.426057], [-72.279099, 41.421809], [-72.27995, 41.418597], [-72.280446, 41.414473], [-72.281005, 41.412865], [-72.281281, 41.411197], [-72.282154, 41.405899], [-72.280032, 41.39168], [-72.279247, 41.388206], [-72.277906, 41.376308], [-72.27794, 41.375284], [-72.276725, 41.366297], [-72.274504, 41.356092], [-72.270718, 41.350446], [-72.266311, 41.342211], [-72.265093, 41.339274], [-72.261624, 41.334421], [-72.261332, 41.333998], [-72.259312, 41.329686], [-72.259089, 41.329398], [-72.256402, 41.3259], [-72.257961, 41.32362], [-72.258045, 41.32284], [-72.25832, 41.321845], [-72.2575, 41.320809], [-72.25656, 41.319025], [-72.25603, 41.315592], [-72.254739, 41.312529], [-72.254816, 41.310309], [-72.254139, 41.309787], [-72.25328, 41.309535], [-72.25062, 41.304718], [-72.2488103721913, 41.2993370479212], [-72.251895, 41.29862], [-72.2514859307371, 41.2973649280731], [-72.250515, 41.294386], [-72.251259356024, 41.2903427096669], [-72.2512972367398, 41.2901369442438], [-72.251323, 41.289997], [-72.2557027912346, 41.2869500200886], [-72.261487, 41.282926], [-72.2664761183123, 41.2839513667589], [-72.268805, 41.28443], [-72.2712030774014, 41.2843338155331], [-72.27798, 41.284062], [-72.2801917116802, 41.2829879661633], [-72.284687, 41.280805], [-72.2906978865517, 41.280002384632], [-72.290908566479, 41.2799742531832], [-72.298804, 41.27892], [-72.3106653982949, 41.278207915633], [-72.313238859316, 41.2780534210856], [-72.3151655811087, 41.2779377527273], [-72.31776, 41.277782], [-72.3272966327976, 41.2784394313205], [-72.327595, 41.27846], [-72.3280812694099, 41.2788039937277], [-72.3292852900993, 41.2796557346694], [-72.333894, 41.282916], [-72.34171, 41.296394], [-72.346463, 41.311214], [-72.3490378627189, 41.3115555309125], [-72.347439, 41.318803], [-72.347916, 41.321784], [-72.349121, 41.324492], [-72.351242, 41.326369], [-72.353379, 41.329833], [-72.357834, 41.335135], [-72.362489, 41.338942], [-72.366058, 41.341079], [-72.369147, 41.342337], [-72.372158, 41.343433], [-72.377687, 41.346465], [-72.378771, 41.347998], [-72.379397, 41.349746], [-72.378393, 41.35591], [-72.377366, 41.364478], [-72.376428, 41.369098], [-72.374909, 41.373305], [-72.375093, 41.374507], [-72.376004, 41.376255], [-72.381601, 41.380606], [-72.382594, 41.38248], [-72.384833, 41.38519], [-72.38718, 41.386054], [-72.394893, 41.38755], [-72.397246, 41.387664], [-72.402022, 41.388545], [-72.405295, 41.388444], [-72.411751, 41.389524], [-72.416213, 41.389347], [-72.421676, 41.39051], [-72.423514, 41.391888], [-72.425753, 41.395968], [-72.426339, 41.398783], [-72.425663, 41.400805], [-72.42525, 41.40198], [-72.425102, 41.408566], [-72.425479, 41.411656], [-72.426102, 41.413069], [-72.430648, 41.419755], [-72.43371, 41.423995]], [[-72.411518, 41.419862], [-72.40802, 41.412301], [-72.405239, 41.412613], [-72.398044, 41.408212], [-72.388216, 41.411548], [-72.389034, 41.416008], [-72.390458, 41.417559], [-72.401826, 41.423464], [-72.406483, 41.421804], [-72.404064, 41.420444], [-72.41072, 41.421218], [-72.411518, 41.419862]], [[-72.255082, 41.295486], [-72.252048, 41.292622], [-72.251408, 41.293413], [-72.251625, 41.295632], [-72.252815, 41.295964], [-72.255082, 41.295486]]]}}, {"type": "Feature", "id": "11958", "properties": {"ZCTA5CE20": "11958", "GEOID20": "11958", "zip": "11958", "STUSPS": "CT"}, "geometry": {"type": "Polygon", "coordinates": [[[-72.49363, 41.046506], [-72.4896607620274, 41.0491085003634], [-72.48966, 41.049109], [-72.4777138644793, 41.052109555166], [-72.477306, 41.052212], [-72.47587902966, 41.0533302439554], [-72.474536086736, 41.0543826399058], [-72.473266, 41.05379], [-72.472292, 41.052203], [-72.4713, 41.051198], [-72.470178, 41.050182], [-72.467601, 41.049938], [-72.462998, 41.048042], [-72.462846, 41.04795], [-72.45616, 41.052459], [-72.451453, 41.05613], [-72.448442, 41.057225], [-72.446316, 41.059083], [-72.444782, 41.058374], [-72.459413, 41.048128], [-72.457176, 41.046137], [-72.458842, 41.044632], [-72.454459, 41.040973], [-72.452027, 41.043334], [-72.448459, 41.040979], [-72.447757, 41.038964], [-72.446093, 41.037492], [-72.44439, 41.034246], [-72.442568, 41.03383], [-72.443149, 41.032693], [-72.439357, 41.033255], [-72.43732, 41.035398], [-72.436136, 41.035653], [-72.437784, 41.027845], [-72.435577, 41.018884], [-72.447528, 41.018804], [-72.449176, 41.017827], [-72.45328, 41.02006], [-72.454058, 41.021218], [-72.454458, 41.021716], [-72.454425, 41.022922], [-72.454555, 41.023592], [-72.455071, 41.023518], [-72.459358, 41.025923], [-72.460494, 41.024832], [-72.461329, 41.024033], [-72.464278, 41.030271], [-72.465786, 41.030927], [-72.466595, 41.030009], [-72.481562, 41.037718], [-72.47962, 41.038662], [-72.4942800445234, 41.0462787483324], [-72.49363, 41.046506]]]}}, {"type": "Feature", "id": "06279", "properties": {"ZCTA5CE20": "06279", "GEOID20": "06279", "zip": "06279", "STUSPS": "CT"}, "geometry": {"type": "Polygon", "coordinates": [[[-72.311882, 41.873651], [-72.308438, 41.874779], [-72.308982, 41.878046], [-72.306519, 41.881341], [-72.306957, 41.882466], [-72.302602, 41.883866], [-72.301253, 41.886878], [-72.298156, 41.888032], [-72.299061, 41.888863], [-72.302775, 41.889118], [-72.302962, 41.8905], [-72.301258, 41.892959], [-72.299221, 41.893988], [-72.293038, 41.895592], [-72.291088, 41.896975], [-72.292677, 41.900519], [-72.291402, 41.903102], [-72.29095, 41.905559], [-72.291717, 41.906769], [-72.293007, 41.90699], [-72.293805, 41.908919], [-72.296822, 41.911091], [-72.297661, 41.914488], [-72.297467, 41.915927], [-72.299051, 41.919471], [-72.301721, 41.92055], [-72.30325, 41.922855], [-72.305201, 41.92421], [-72.306279, 41.925957], [-72.306904, 41.929627], [-72.308872, 41.931092], [-72.309219, 41.933536], [-72.306253, 41.940707], [-72.300987, 41.940735], [-72.290657, 41.940631], [-72.260485, 41.940216], [-72.236705, 41.939863], [-72.236326, 41.943773], [-72.236838, 41.945452], [-72.236614, 41.95605], [-72.236793, 41.958292], [-72.234898, 41.957583], [-72.21698, 41.958161], [-72.21726, 41.949353], [-72.21665, 41.918662], [-72.216306, 41.892818], [-72.216456, 41.888062], [-72.2169, 41.884464], [-72.2171, 41.8723], [-72.217719, 41.835184], [-72.223722, 41.835267], [-72.25829, 41.835843], [-72.269795, 41.836018], [-72.271679, 41.835989], [-72.28481, 41.836174], [-72.286103, 41.83619], [-72.296583, 41.836259], [-72.300662, 41.8359], [-72.307157, 41.836086], [-72.307775, 41.83611], [-72.310145, 41.836059], [-72.309744, 41.837772], [-72.308933, 41.839281], [-72.309541, 41.842929], [-72.308906, 41.844859], [-72.309684, 41.847938], [-72.306553, 41.85032], [-72.305307, 41.850509], [-72.304057, 41.850781], [-72.303768, 41.853323], [-72.30718, 41.856107], [-72.306453, 41.860352], [-72.307991, 41.863332], [-72.307918, 41.864942], [-72.310179, 41.867761], [-72.310218, 41.87042], [-72.311654, 41.871922], [-72.311882, 41.873651]]]}}, {"type": "Feature", "id": "06483", "properties": {"ZCTA5CE20": "06483", "GEOID20": "06483", "zip": "06483", "STUSPS": "CT"}, "geometry": {"type": "Polygon", "coordinates": [[[-73.146486, 41.368275], [-73.126941, 41.379406], [-73.12395, 41.381682], [-73.120029, 41.383991], [-73.115833, 41.386264], [-73.114262, 41.388186], [-73.113764, 41.388769], [-73.110604, 41.398016], [-73.107541, 41.398615], [-73.093444, 41.399156], [-73.088725, 41.399688], [-73.087985, 41.400015], [-73.083585, 41.403766], [-73.081865, 41.40559], [-73.075888, 41.410399], [-73.074304, 41.410528], [-73.073949, 41.410503], [-73.073695, 41.410553], [-73.068473, 41.410737], [-73.070256, 41.41136], [-73.069582, 41.413773], [-73.067881, 41.416663], [-73.065268, 41.41877], [-73.063108, 41.423598], [-73.049803, 41.421972], [-73.041651, 41.420896], [-73.046409, 41.401691], [-73.047543, 41.395834], [-73.047608, 41.395611], [-73.048203, 41.391499], [-73.04907, 41.381053], [-73.047162, 41.360531], [-73.049934, 41.36021], [-73.064642, 41.360248], [-73.064908, 41.360295], [-73.070739, 41.360223], [-73.072254, 41.360621], [-73.073877, 41.361194], [-73.074691, 41.361328], [-73.080662, 41.36289], [-73.085857, 41.362939], [-73.088424, 41.36168], [-73.091169, 41.360543], [-73.092755, 41.36074], [-73.09289, 41.360791], [-73.094811, 41.360695], [-73.10054, 41.354018], [-73.102353, 41.352896], [-73.111986, 41.349755], [-73.119347, 41.347573], [-73.124028, 41.345569], [-73.124654, 41.345296], [-73.126154, 41.346596], [-73.136054, 41.351196], [-73.138155, 41.353896], [-73.139573, 41.361211], [-73.147555, 41.367696], [-73.146486, 41.368275]]]}}, {"type": "Feature", "id": "06069", "properties": {"ZCTA5CE20": "06069", "GEOID20": "06069", "zip": "06069", "STUSPS": "CT"}, "geometry": {"type": "Polygon", "coordinates": [[[-73.5071142303251, 41.8007668651674], [-73.505008, 41.823773], [-73.5049921230769, 41.8239000153846], [-73.504944, 41.824285], [-73.5020057922159, 41.8584635035215], [-73.501984, 41.858717], [-73.5009108171378, 41.868571326657], [-73.5009100939961, 41.8685779667874], [-73.4994594107714, 41.8818986289734], [-73.498304, 41.892508], [-73.4965646487039, 41.921747111939], [-73.403781, 41.919369], [-73.390807, 41.918871], [-73.374103, 41.918631], [-73.375132, 41.917914], [-73.375139, 41.915803], [-73.376058, 41.915103], [-73.377145, 41.912395], [-73.380046, 41.913024], [-73.382631, 41.91117], [-73.385377, 41.910722], [-73.387314, 41.908887], [-73.392855, 41.906541], [-73.394944, 41.902993], [-73.396483, 41.902224], [-73.396608, 41.900153], [-73.395584, 41.897725], [-73.398048, 41.895858], [-73.401052, 41.894463], [-73.401307, 41.89245], [-73.404181, 41.891955], [-73.406858, 41.890867], [-73.406719, 41.889573], [-73.404942, 41.888859], [-73.406129, 41.886178], [-73.40422, 41.883485], [-73.397667, 41.877828], [-73.395151, 41.876362], [-73.390164, 41.872702], [-73.386836, 41.87086], [-73.384654, 41.868316], [-73.381627, 41.865977], [-73.378624, 41.864305], [-73.383672, 41.864275], [-73.382372, 41.861875], [-73.379291, 41.857644], [-73.378648, 41.855194], [-73.37673, 41.853333], [-73.376102, 41.855135], [-73.374136, 41.856256], [-73.373738, 41.85426], [-73.374302, 41.85258], [-73.375571, 41.851501], [-73.37575, 41.850308], [-73.374038, 41.848027], [-73.374181, 41.845531], [-73.377606, 41.839555], [-73.378628, 41.836649], [-73.382273, 41.833815], [-73.384116, 41.830979], [-73.383932, 41.830102], [-73.382949, 41.828976], [-73.378637, 41.825652], [-73.376729, 41.824844], [-73.373868, 41.825066], [-73.371895, 41.82282], [-73.371609, 41.821535], [-73.372943, 41.819811], [-73.374697, 41.820644], [-73.375223, 41.820812], [-73.376826, 41.82112], [-73.382656, 41.821123], [-73.381883, 41.817358], [-73.378986, 41.815228], [-73.379864, 41.814632], [-73.383591, 41.817061], [-73.383979, 41.815122], [-73.386678, 41.815611], [-73.393756, 41.807726], [-73.391979, 41.807332], [-73.394873, 41.80505], [-73.399581, 41.798766], [-73.403426, 41.79539], [-73.407694, 41.792162], [-73.410129, 41.788286], [-73.482141, 41.790638], [-73.482427, 41.790671], [-73.5079601692712, 41.7915267620213], [-73.5071142303251, 41.8007668651674]]]}}, {"type": "Feature", "id": "06320", "properties": {"ZCTA5CE20": "06320", "GEOID20": "06320", "zip": "06320", "STUSPS": "CT"}, "geometry": {"type": "Polygon", "coordinates": [[[-72.128378, 41.363356], [-72.12832, 41.365306], [-72.123925, 41.369603], [-72.122306, 41.370636], [-72.121915, 41.37135], [-72.121257, 41.371884], [-72.118502, 41.374743], [-72.118021, 41.375198], [-72.110518, 41.382678], [-72.109696, 41.382974], [-72.109542, 41.384382], [-72.10572, 41.385226], [-72.1054, 41.384058], [-72.092921, 41.386998], [-72.09322, 41.377098], [-72.09052, 41.369598], [-72.08962, 41.367598], [-72.088055, 41.363793], [-72.087838, 41.363134], [-72.08682, 41.355698], [-72.086407, 41.353867], [-72.08612, 41.352598], [-72.08592, 41.349498], [-72.08672, 41.348098], [-72.08562, 41.340598], [-72.08532, 41.339198], [-72.083631, 41.32801], [-72.0820020402424, 41.3172242653722], [-72.088478, 41.315774], [-72.0913367349466, 41.3150024051527], [-72.094443, 41.314164], [-72.0941653116734, 41.313187139505], [-72.093097, 41.309429], [-72.0945368070667, 41.3089472671357], [-72.098438, 41.307642], [-72.1009772096131, 41.3042758080781], [-72.103905, 41.305153], [-72.101684, 41.306807], [-72.101989, 41.309336], [-72.100582, 41.313151], [-72.103434, 41.317366], [-72.105334, 41.320619], [-72.105097, 41.321856], [-72.108636, 41.32856], [-72.108491, 41.330422], [-72.109017, 41.332091], [-72.109793, 41.334037], [-72.112397, 41.341393], [-72.113453, 41.343604], [-72.114554, 41.344452], [-72.118315, 41.347763], [-72.119629, 41.349533], [-72.126602, 41.35582], [-72.12853, 41.357634], [-72.128378, 41.363356]]]}}, {"type": "Feature", "id": "06615", "properties": {"ZCTA5CE20": "06615", "GEOID20": "06615", "zip": "06615", "STUSPS": "CT"}, "geometry": {"type": "Polygon", "coordinates": [[[-73.164368, 41.1586], [-73.16273, 41.162841], [-73.161332, 41.166655], [-73.159923, 41.170692], [-73.157831, 41.173208], [-73.158783, 41.174325], [-73.155618, 41.177726], [-73.155319, 41.179431], [-73.154231, 41.18303], [-73.154613, 41.183554], [-73.154486, 41.183683], [-73.15446, 41.183834], [-73.154731, 41.184819], [-73.154886, 41.189351], [-73.155115, 41.189992], [-73.154812, 41.191646], [-73.153819, 41.192533], [-73.149652, 41.193094], [-73.148725, 41.192943], [-73.147695, 41.1927], [-73.144343, 41.193861], [-73.144192, 41.19391], [-73.143772, 41.194077], [-73.142414, 41.193982], [-73.141199, 41.193771], [-73.141263, 41.195178], [-73.137651, 41.196835], [-73.134499, 41.198143], [-73.132695, 41.198894], [-73.131699, 41.199041], [-73.129089, 41.198919], [-73.127157, 41.197194], [-73.131637, 41.194176], [-73.131126, 41.193672], [-73.128265, 41.195175], [-73.126898, 41.195535], [-73.123069, 41.196182], [-73.121169, 41.196836], [-73.121033, 41.196903], [-73.116616, 41.199068], [-73.115875, 41.198809], [-73.115045, 41.199688], [-73.113259, 41.200599], [-73.112269, 41.200595], [-73.110572, 41.20027], [-73.113077, 41.19672], [-73.115353, 41.193497], [-73.116233, 41.192586], [-73.120753, 41.188497], [-73.121366, 41.187444], [-73.122453, 41.182897], [-73.121997, 41.178927], [-73.121453, 41.177597], [-73.119853, 41.175697], [-73.112152, 41.171397], [-73.1080084493287, 41.1687516729814], [-73.1087140347867, 41.1660255336832], [-73.110352, 41.159697], [-73.1089092629466, 41.1578819296594], [-73.107039, 41.155529], [-73.1041943445566, 41.1548652948806], [-73.10109, 41.154141], [-73.10302, 41.151412], [-73.1043153747194, 41.1513128148092], [-73.1105413917178, 41.1508360966252], [-73.111052, 41.150797], [-73.1131343452713, 41.1503632006622], [-73.121232581028, 41.1486761560798], [-73.130253, 41.146797], [-73.1378606558334, 41.1490238123565], [-73.1647956314162, 41.1569078620246], [-73.164368, 41.1586]]]}}, {"type": "Feature", "id": "06877", "properties": {"ZCTA5CE20": "06877", "GEOID20": "06877", "zip": "06877", "STUSPS": "CT"}, "geometry": {"type": "Polygon", "coordinates": [[[-73.5499011747021, 41.3017726067059], [-73.5493781244406, 41.3049067897691], [-73.548929, 41.307598], [-73.549574, 41.315931], [-73.5495265913116, 41.3167487012713], [-73.5493621478447, 41.3195850090541], [-73.5490414860338, 41.3251157583587], [-73.548973, 41.326297], [-73.5485869686171, 41.3299416091314], [-73.5485829823631, 41.329979244252], [-73.5481110375857, 41.3344349810691], [-73.5459496796377, 41.3548408476985], [-73.5452425041353, 41.3615174507099], [-73.544728, 41.366375], [-73.5447070189854, 41.3665399980477], [-73.5437226736843, 41.3742810466284], [-73.5436192944484, 41.3750940374418], [-73.54189, 41.375199], [-73.539, 41.375375], [-73.534924, 41.375604], [-73.534286, 41.375704], [-73.51073, 41.37725], [-73.506444, 41.377409], [-73.504813, 41.373282], [-73.502177, 41.363789], [-73.500993, 41.363705], [-73.501608, 41.362138], [-73.487054, 41.357262], [-73.485401, 41.356617], [-73.475859, 41.337436], [-73.474163, 41.334591], [-73.472831, 41.332085], [-73.470102, 41.326421], [-73.46979, 41.325772], [-73.467971, 41.318276], [-73.466328, 41.313026], [-73.466051, 41.312207], [-73.461967, 41.311274], [-73.45797, 41.309006], [-73.451152, 41.306006], [-73.450651, 41.305054], [-73.450645, 41.304315], [-73.451604, 41.304233], [-73.450269, 41.300397], [-73.44957, 41.293594], [-73.448658, 41.287991], [-73.448535, 41.287234], [-73.447883, 41.287075], [-73.445767, 41.287379], [-73.446121, 41.286021], [-73.444793, 41.2761], [-73.444112, 41.274154], [-73.44085, 41.268981], [-73.43819, 41.265187], [-73.440067, 41.264453], [-73.445492, 41.262106], [-73.456488, 41.257381], [-73.463409, 41.254378], [-73.463926, 41.252819], [-73.469234, 41.251959], [-73.471837, 41.250731], [-73.484935, 41.245085], [-73.498096, 41.239045], [-73.498359, 41.238693], [-73.502022, 41.237176], [-73.5025525269551, 41.2372113413152], [-73.5174274449493, 41.255540325761], [-73.5174528199442, 41.2555715930183], [-73.518384, 41.256719], [-73.5251605899493, 41.2647699058786], [-73.5262868914358, 41.2661080047347], [-73.5262955113812, 41.266118245633], [-73.5383435526362, 41.2804318822691], [-73.5405370946926, 41.2830379128492], [-73.5481483879656, 41.292080485325], [-73.5488750069246, 41.2929437426406], [-73.5488819997193, 41.2929520504079], [-73.550961, 41.295422], [-73.5499011747021, 41.3017726067059]]]}}, {"type": "Feature", "id": "06492", "properties": {"ZCTA5CE20": "06492", "GEOID20": "06492", "zip": "06492", "STUSPS": "CT"}, "geometry": {"type": "Polygon", "coordinates": [[[-72.886667, 41.447957], [-72.884699, 41.45017], [-72.883383, 41.451817], [-72.879647, 41.45627], [-72.878127, 41.457515], [-72.876644, 41.459675], [-72.87738, 41.461182], [-72.88227, 41.46319], [-72.88075, 41.463596], [-72.879465, 41.464529], [-72.87683, 41.465609], [-72.875428, 41.465822], [-72.87228, 41.467894], [-72.871264, 41.469466], [-72.868205, 41.473591], [-72.868951, 41.473682], [-72.867013, 41.477461], [-72.865209, 41.478647], [-72.865131, 41.480128], [-72.870518, 41.48222], [-72.870044, 41.483522], [-72.872147, 41.485705], [-72.870489, 41.486644], [-72.866893, 41.491184], [-72.861981, 41.492241], [-72.85934, 41.494592], [-72.855748, 41.495784], [-72.853268, 41.494564], [-72.848378, 41.5001], [-72.846332, 41.502756], [-72.848609, 41.509851], [-72.849571, 41.514593], [-72.850299, 41.515731], [-72.84071, 41.513789], [-72.828231, 41.511229], [-72.823004, 41.510108], [-72.816547, 41.508742], [-72.815187, 41.508516], [-72.800268, 41.505552], [-72.795918, 41.504718], [-72.792627, 41.503567], [-72.788636, 41.502205], [-72.777049, 41.498236], [-72.772648, 41.49675], [-72.768038, 41.497015], [-72.759655, 41.497474], [-72.74478, 41.498183], [-72.74333, 41.483114], [-72.733886, 41.485368], [-72.735399, 41.473564], [-72.735437, 41.473273], [-72.73912, 41.438294], [-72.740241, 41.436497], [-72.746141, 41.423297], [-72.747756, 41.422796], [-72.77372, 41.414284], [-72.776493, 41.413367], [-72.779389, 41.412193], [-72.782417, 41.410905], [-72.79253, 41.407478], [-72.798628, 41.405129], [-72.802753, 41.403921], [-72.817722, 41.399449], [-72.827557, 41.396662], [-72.827148, 41.403261], [-72.827414, 41.402702], [-72.826959, 41.419487], [-72.827404, 41.424378], [-72.830115, 41.424612], [-72.832529, 41.424076], [-72.837867, 41.427168], [-72.8443, 41.426095], [-72.847619, 41.427201], [-72.847901, 41.426078], [-72.849639, 41.428716], [-72.85095, 41.432378], [-72.850086, 41.433971], [-72.85136, 41.434382], [-72.85546, 41.435825], [-72.87061, 41.441751], [-72.876739, 41.444233], [-72.883214, 41.446652], [-72.883708, 41.446491], [-72.88634, 41.44614], [-72.886752, 41.446145], [-72.886667, 41.447957]]]}}, {"type": "Feature", "id": "06423", "properties": {"ZCTA5CE20": "06423", "GEOID20": "06423", "zip": "06423", "STUSPS": "CT"}, "geometry": {"type": "Polygon", "coordinates": [[[-72.476867, 41.484214], [-72.465448, 41.484201], [-72.454643, 41.480467], [-72.454426, 41.479598], [-72.44758, 41.480549], [-72.446027, 41.48108], [-72.4452, 41.481536], [-72.441479, 41.484518], [-72.439531, 41.484566], [-72.435847, 41.487165], [-72.434221, 41.487781], [-72.431334, 41.490514], [-72.431253, 41.491816], [-72.431931, 41.493102], [-72.428108, 41.495632], [-72.425537, 41.498355], [-72.425018, 41.499914], [-72.423492, 41.501222], [-72.422769, 41.502189], [-72.422659, 41.502714], [-72.421898, 41.503036], [-72.421934, 41.503591], [-72.422274, 41.504038], [-72.421782, 41.504199], [-72.422068, 41.504664], [-72.422444, 41.506265], [-72.423428, 41.506927], [-72.424205, 41.507116], [-72.421056, 41.508439], [-72.417095, 41.508914], [-72.414897, 41.509387], [-72.414408, 41.507169], [-72.413218, 41.507016], [-72.408217, 41.508725], [-72.407308, 41.509947], [-72.401603, 41.512777], [-72.398683, 41.514158], [-72.398681, 41.517845], [-72.400809, 41.522653], [-72.401268, 41.526058], [-72.402354, 41.527244], [-72.383057, 41.529], [-72.383707, 41.526916], [-72.385088, 41.51779], [-72.383737, 41.516497], [-72.382542, 41.51621], [-72.379796, 41.516909], [-72.374208, 41.517769], [-72.370732, 41.517501], [-72.367605, 41.517782], [-72.360127, 41.507199], [-72.356811, 41.500928], [-72.353729, 41.499952], [-72.352278, 41.498698], [-72.350562, 41.499375], [-72.348606, 41.498087], [-72.34789, 41.496535], [-72.346468, 41.496406], [-72.344481, 41.494119], [-72.339298, 41.494229], [-72.336306, 41.492732], [-72.335312, 41.488512], [-72.338159, 41.487903], [-72.339069, 41.484947], [-72.341502, 41.484346], [-72.337526, 41.483837], [-72.335457, 41.482383], [-72.331809, 41.481822], [-72.326456, 41.482363], [-72.322902, 41.480971], [-72.322861, 41.478561], [-72.320298, 41.475544], [-72.314685, 41.476257], [-72.31552, 41.471764], [-72.317154, 41.46837], [-72.319693, 41.467196], [-72.320153, 41.466022], [-72.32302, 41.466057], [-72.325391, 41.464681], [-72.322884, 41.460575], [-72.308482, 41.454035], [-72.305531, 41.436282], [-72.385813, 41.427692], [-72.386129, 41.427658], [-72.399793, 41.42611], [-72.403029, 41.424774], [-72.409477, 41.425295], [-72.427612, 41.423289], [-72.43371, 41.423995], [-72.43593, 41.426817], [-72.437902, 41.428275], [-72.445, 41.431662], [-72.450983, 41.433665], [-72.454228, 41.435337], [-72.456369, 41.437287], [-72.457196, 41.43866], [-72.463077, 41.450123], [-72.464891, 41.452544], [-72.467638, 41.460897], [-72.468084, 41.462392], [-72.468491, 41.465818], [-72.469557, 41.468748], [-72.471938, 41.472061], [-72.474575, 41.473948], [-72.477822, 41.475554], [-72.476867, 41.484214]]]}}, {"type": "Feature", "id": "06338", "properties": {"ZCTA5CE20": "06338", "GEOID20": "06338", "zip": "06338", "STUSPS": "CT"}, "geometry": {"type": "Polygon", "coordinates": [[[-71.990044, 41.465295], [-71.984809, 41.465443], [-71.984777, 41.466102], [-71.980517, 41.464419], [-71.979473, 41.466334], [-71.978604, 41.470573], [-71.9792, 41.472179], [-71.973985, 41.471955], [-71.973689, 41.471843], [-71.973418, 41.471843], [-71.972859, 41.471691], [-71.972575, 41.471501], [-71.97223, 41.471395], [-71.972138, 41.471325], [-71.971513, 41.470531], [-71.968234, 41.471365], [-71.967601, 41.470611], [-71.962358, 41.472266], [-71.967381, 41.471568], [-71.966823, 41.472176], [-71.96277, 41.473114], [-71.964168, 41.475194], [-71.967435, 41.474377], [-71.968971, 41.476587], [-71.965434, 41.477171], [-71.966543, 41.478486], [-71.97287, 41.477544], [-71.97359, 41.478282], [-71.968767, 41.479304], [-71.973214, 41.479748], [-71.971955, 41.481423], [-71.972781, 41.483366], [-71.974025, 41.483633], [-71.973909, 41.484982], [-71.974219, 41.486301], [-71.97141, 41.486495], [-71.969106, 41.482891], [-71.96849, 41.482036], [-71.959973, 41.478039], [-71.959054, 41.4769], [-71.958678, 41.477021], [-71.958688, 41.477358], [-71.958299, 41.47705], [-71.957515, 41.476333], [-71.957012, 41.475765], [-71.956766, 41.475371], [-71.957541, 41.47463], [-71.956292, 41.472651], [-71.956382, 41.471498], [-71.954867, 41.470961], [-71.952975, 41.46912], [-71.953799, 41.468528], [-71.954234, 41.466468], [-71.95549, 41.466662], [-71.956462, 41.466028], [-71.957696, 41.465825], [-71.958575, 41.466056], [-71.95947, 41.466126], [-71.960891, 41.465696], [-71.961777, 41.465106], [-71.964853, 41.464126], [-71.965721, 41.463669], [-71.966041, 41.463644], [-71.967064, 41.463777], [-71.967707, 41.46374], [-71.969497, 41.463458], [-71.969793, 41.463323], [-71.965594, 41.454472], [-71.965845, 41.454278], [-71.966506, 41.453539], [-71.966765, 41.453354], [-71.969818, 41.452757], [-71.975396, 41.450833], [-71.975823, 41.450616], [-71.979451, 41.450448], [-71.979583, 41.449485], [-71.981266, 41.450146], [-71.984225, 41.450789], [-71.986274, 41.452616], [-71.987406, 41.454046], [-71.989268, 41.458534], [-71.990044, 41.465295]]]}}, {"type": "Feature", "id": "06757", "properties": {"ZCTA5CE20": "06757", "GEOID20": "06757", "zip": "06757", "STUSPS": "CT"}, "geometry": {"type": "MultiPolygon", "coordinates": [[[[-73.413457, 41.701805], [-73.412083, 41.70263], [-73.409129, 41.702645], [-73.406937, 41.703944], [-73.403095, 41.703402], [-73.40299, 41.704874], [-73.404503, 41.713895], [-73.405606, 41.71469], [-73.405981, 41.716773], [-73.40544, 41.719313], [-73.403016, 41.723141], [-73.400625, 41.730186], [-73.4032, 41.731532], [-73.404548, 41.733275], [-73.402863, 41.731733], [-73.400664, 41.731238], [-73.399786, 41.729583], [-73.399903, 41.727648], [-73.399101, 41.724349], [-73.397988, 41.72355], [-73.397447, 41.721304], [-73.395924, 41.719914], [-73.395493, 41.717359], [-73.393795, 41.714678], [-73.389837, 41.716357], [-73.388935, 41.717943], [-73.389441, 41.719771], [-73.383475, 41.709313], [-73.383485, 41.708328], [-73.380046, 41.703984], [-73.380144, 41.701202], [-73.378752, 41.69938], [-73.383995, 41.698758], [-73.383112, 41.687061], [-73.382124, 41.683327], [-73.401314, 41.680772], [-73.401131, 41.684465], [-73.400427, 41.686584], [-73.397616, 41.687656], [-73.399787, 41.692943], [-73.401296, 41.693284], [-73.408471, 41.698153], [-73.409188, 41.699622], [-73.411935, 41.699295], [-73.414645, 41.699801], [-73.413457, 41.701805]]], [[[-73.5179500508434, 41.670860790123], [-73.516785, 41.687581], [-73.5165907759759, 41.6897117142119], [-73.5159914638673, 41.6962864046138], [-73.5138329867247, 41.7199657508983], [-73.511921, 41.740941], [-73.5119065463255, 41.7412091156621], [-73.5115449368014, 41.7479169723343], [-73.5110186320079, 41.7576799262538], [-73.510961, 41.758749], [-73.5079601692712, 41.7915267620213], [-73.482427, 41.790671], [-73.482141, 41.790638], [-73.410129, 41.788286], [-73.41282, 41.784877], [-73.414837, 41.781449], [-73.414064, 41.781435], [-73.417698, 41.777681], [-73.41893, 41.776502], [-73.419898, 41.775453], [-73.419739, 41.772088], [-73.422184, 41.7704], [-73.422147, 41.766092], [-73.425738, 41.756533], [-73.427247, 41.754435], [-73.422924, 41.752784], [-73.427538, 41.748169], [-73.425198, 41.743976], [-73.425653, 41.742196], [-73.429483, 41.738891], [-73.431014, 41.738008], [-73.431925, 41.735831], [-73.433703, 41.735731], [-73.436846, 41.729093], [-73.435636, 41.726122], [-73.43612, 41.724084], [-73.438663, 41.720633], [-73.441288, 41.719991], [-73.441447, 41.717105], [-73.442223, 41.716581], [-73.435461, 41.714988], [-73.433164, 41.715116], [-73.429098, 41.71075], [-73.429703, 41.707151], [-73.431011, 41.707774], [-73.433088, 41.707421], [-73.433145, 41.705234], [-73.434295, 41.70449], [-73.4392, 41.707085], [-73.44425, 41.71407], [-73.452845, 41.714596], [-73.459938, 41.709987], [-73.469445, 41.709997], [-73.471706, 41.713091], [-73.471408, 41.715946], [-73.472067, 41.716601], [-73.472646, 41.716382], [-73.472904, 41.714987], [-73.474499, 41.712219], [-73.476608, 41.706174], [-73.478177, 41.703117], [-73.480951, 41.700814], [-73.483428, 41.695427], [-73.4863, 41.697014], [-73.487372, 41.696667], [-73.491393, 41.685802], [-73.494745, 41.679705], [-73.498338, 41.679018], [-73.507802, 41.675979], [-73.507052, 41.674887], [-73.502838, 41.672426], [-73.501951, 41.671192], [-73.501858, 41.669545], [-73.504075, 41.669103], [-73.506923, 41.665802], [-73.510379, 41.666498], [-73.516019, 41.665964], [-73.5182376035525, 41.6667339816894], [-73.5179500508434, 41.670860790123]]]]}}, {"type": "Feature", "id": "10576", "properties": {"ZCTA5CE20": "10576", "GEOID20": "10576", "zip": "10576", "STUSPS": "CT"}, "geometry": {"type": "Polygon", "coordinates": [[[-73.621676, 41.186832], [-73.617477, 41.187983], [-73.616313, 41.185147], [-73.613164, 41.181519], [-73.612492, 41.178797], [-73.609754, 41.175664], [-73.608394, 41.174717], [-73.604287, 41.173182], [-73.597083, 41.183997], [-73.596502, 41.18584], [-73.597235, 41.186373], [-73.597148, 41.190605], [-73.598681, 41.19254], [-73.599981, 41.192553], [-73.59287, 41.194481], [-73.591631, 41.194817], [-73.594815, 41.201021], [-73.603647, 41.220451], [-73.606477, 41.226341], [-73.613369, 41.225669], [-73.615959, 41.232081], [-73.617723, 41.232444], [-73.618176, 41.23086], [-73.619728, 41.229552], [-73.619612, 41.232373], [-73.61862, 41.234133], [-73.617473, 41.236311], [-73.617818, 41.243463], [-73.618224, 41.244669], [-73.617937, 41.245009], [-73.617488, 41.245553], [-73.617638, 41.248318], [-73.617914, 41.248872], [-73.620606, 41.248669], [-73.619741, 41.251838], [-73.619275, 41.254579], [-73.619525, 41.255019], [-73.617217, 41.255243], [-73.601801, 41.256482], [-73.56509, 41.260004], [-73.564566, 41.260051], [-73.563712, 41.260129], [-73.561511, 41.257418], [-73.55608, 41.251017], [-73.551498, 41.250875], [-73.550603, 41.253001], [-73.54919, 41.253528], [-73.547754, 41.252914], [-73.547282, 41.253708], [-73.545131, 41.255495], [-73.542469, 41.253969], [-73.545541, 41.249853], [-73.546401, 41.247], [-73.545455, 41.246437], [-73.546776, 41.240902], [-73.546007, 41.240101], [-73.543273, 41.240373], [-73.543363, 41.237703], [-73.540796, 41.240526], [-73.539545, 41.240466], [-73.541271, 41.236308], [-73.541603, 41.234746], [-73.532388, 41.223434], [-73.531236, 41.224274], [-73.530526, 41.226992], [-73.530737, 41.229995], [-73.52028, 41.221289], [-73.52269, 41.220829], [-73.526221, 41.218698], [-73.527974, 41.218421], [-73.529913, 41.220174], [-73.524298, 41.213667], [-73.51522, 41.202633], [-73.5125931127971, 41.1993729574158], [-73.514617, 41.198434], [-73.5359272678253, 41.1885825956862], [-73.535995955855, 41.1885508422818], [-73.5546500736945, 41.1799273346628], [-73.5575096115307, 41.1786054149382], [-73.5647586721642, 41.1752542873136], [-73.564941, 41.17517], [-73.5791541052827, 41.1687733413423], [-73.5861737573394, 41.1656141219311], [-73.5893440890346, 41.1641873028594], [-73.5970698847306, 41.1607102809882], [-73.5981079453356, 41.1602430981155], [-73.6055792760596, 41.1568805991113], [-73.614464558521, 41.1528817460914], [-73.616378, 41.163507], [-73.616106, 41.168868], [-73.616807, 41.172211], [-73.617891, 41.17548], [-73.617418, 41.177099], [-73.618401, 41.179606], [-73.619986, 41.181483], [-73.620259, 41.183752], [-73.61938, 41.184877], [-73.619153, 41.186834], [-73.621676, 41.186832]]]}}, {"type": "Feature", "id": "11720", "properties": {"ZCTA5CE20": "11720", "GEOID20": "11720", "zip": "11720", "STUSPS": "CT"}, "geometry": {"type": "Polygon", "coordinates": [[[-73.108701, 40.85818], [-73.106503, 40.858802], [-73.107281, 40.858974], [-73.108203, 40.865071], [-73.107554, 40.865111], [-73.106663, 40.865191], [-73.106238, 40.866271], [-73.107287, 40.874431], [-73.106149, 40.877078], [-73.105696, 40.876601], [-73.103833, 40.879031], [-73.103639, 40.879596], [-73.10364, 40.879686], [-73.103611, 40.880532], [-73.105527, 40.881864], [-73.106644, 40.883193], [-73.101602, 40.886144], [-73.088571, 40.894364], [-73.084765, 40.896763], [-73.080454, 40.899483], [-73.07239, 40.904567], [-73.069732, 40.906212], [-73.068929, 40.898921], [-73.068751, 40.897529], [-73.067831, 40.894919], [-73.068078, 40.892122], [-73.067427, 40.891457], [-73.067678, 40.889798], [-73.064795, 40.891127], [-73.064301, 40.891074], [-73.063875, 40.891239], [-73.062853, 40.891753], [-73.060025, 40.892301], [-73.059028, 40.891328], [-73.058831, 40.891075], [-73.058252, 40.890406], [-73.059739, 40.888759], [-73.060386, 40.888789], [-73.060591, 40.883184], [-73.0592, 40.883248], [-73.058825, 40.880558], [-73.058515, 40.878266], [-73.058355, 40.871193], [-73.061804, 40.870738], [-73.061739, 40.870291], [-73.061685, 40.869912], [-73.060931, 40.869902], [-73.060522, 40.866537], [-73.060856, 40.86651], [-73.059976, 40.863763], [-73.059678, 40.861998], [-73.060229, 40.861942], [-73.059863, 40.859732], [-73.058741, 40.859854], [-73.058845, 40.857541], [-73.057894, 40.852447], [-73.05865, 40.852478], [-73.059361, 40.851971], [-73.061639, 40.851857], [-73.061396, 40.848816], [-73.063677, 40.848795], [-73.06338, 40.846888], [-73.065135, 40.847984], [-73.068225, 40.845402], [-73.06847, 40.845332], [-73.073615, 40.844158], [-73.07576, 40.843164], [-73.076171, 40.842201], [-73.077091, 40.844294], [-73.07689, 40.846212], [-73.079599, 40.846032], [-73.079832, 40.846736], [-73.080621, 40.846665], [-73.080559, 40.84626], [-73.080881, 40.845952], [-73.083039, 40.845767], [-73.082947, 40.845124], [-73.083974, 40.845034], [-73.084509, 40.843702], [-73.088578, 40.843325], [-73.090981, 40.842983], [-73.093154, 40.842687], [-73.092951, 40.839546], [-73.096095, 40.839269], [-73.097057, 40.840889], [-73.09708, 40.841018], [-73.096586, 40.841509], [-73.097332, 40.845233], [-73.097303, 40.845974], [-73.097605, 40.847145], [-73.098202, 40.847091], [-73.098332, 40.847728], [-73.098431, 40.848366], [-73.097851, 40.848426], [-73.097958, 40.84867], [-73.099592, 40.84893], [-73.101483, 40.848719], [-73.102722, 40.851874], [-73.103382, 40.853321], [-73.102413, 40.853247], [-73.10188, 40.853287], [-73.102017, 40.85371], [-73.102315, 40.853675], [-73.103269, 40.853793], [-73.103519, 40.853785], [-73.103795, 40.853667], [-73.109474, 40.85453], [-73.108701, 40.85818]]]}}, {"type": "Feature", "id": "11780", "properties": {"ZCTA5CE20": "11780", "GEOID20": "11780", "zip": "11780", "STUSPS": "CT"}, "geometry": {"type": "Polygon", "coordinates": [[[-73.2325631218893, 40.9074536097935], [-73.228384, 40.905961], [-73.172984, 40.921104], [-73.154475, 40.927888], [-73.1491672245187, 40.9284856449008], [-73.1483096491833, 40.9285822061679], [-73.15085, 40.923266], [-73.152114, 40.919538], [-73.152082, 40.917906], [-73.149526, 40.918529], [-73.153698, 40.915729], [-73.151371, 40.912576], [-73.152791, 40.912268], [-73.150686, 40.909667], [-73.148693, 40.906138], [-73.14632, 40.906669], [-73.142481, 40.908562], [-73.142306, 40.907778], [-73.141199, 40.903681], [-73.140805, 40.902209], [-73.138838, 40.894612], [-73.136664, 40.88736], [-73.136578, 40.886132], [-73.13622, 40.88625], [-73.1341, 40.878569], [-73.134381, 40.878496], [-73.132699, 40.872764], [-73.131977, 40.872103], [-73.131633, 40.871131], [-73.131232, 40.869235], [-73.131654, 40.868999], [-73.131616, 40.868828], [-73.13588, 40.865943], [-73.138787, 40.861779], [-73.14075, 40.861592], [-73.143921, 40.861261], [-73.150142, 40.861303], [-73.151892, 40.861018], [-73.153654, 40.860698], [-73.153693, 40.859252], [-73.155844, 40.860327], [-73.159263, 40.859965], [-73.160437, 40.859702], [-73.162053, 40.859222], [-73.165141, 40.857727], [-73.16612, 40.857337], [-73.16716, 40.857004], [-73.167853, 40.860568], [-73.169263, 40.860419], [-73.169928, 40.863826], [-73.16748, 40.864093], [-73.167624, 40.864974], [-73.166893, 40.865192], [-73.168514, 40.873463], [-73.169109, 40.873394], [-73.1709, 40.873189], [-73.170837, 40.873839], [-73.174216, 40.871344], [-73.184314, 40.863863], [-73.18634, 40.866854], [-73.18852, 40.865824], [-73.188461, 40.867724], [-73.18979, 40.869364], [-73.190862, 40.868808], [-73.193301, 40.870893], [-73.19223, 40.872626], [-73.193367, 40.875136], [-73.193175, 40.878146], [-73.193573, 40.882258], [-73.195776, 40.887202], [-73.199073, 40.89178], [-73.199155, 40.893187], [-73.200995, 40.895537], [-73.202774, 40.895713], [-73.203637, 40.897731], [-73.206391, 40.898242], [-73.207734, 40.897826], [-73.208725, 40.898738], [-73.209602, 40.901332], [-73.210548, 40.899138], [-73.211669, 40.898848], [-73.214295, 40.901568], [-73.217637, 40.903521], [-73.218772, 40.902995], [-73.21978, 40.904387], [-73.222007, 40.904513], [-73.221222, 40.90586], [-73.22322, 40.905059], [-73.226036, 40.905123], [-73.228341, 40.904387], [-73.230492, 40.905086], [-73.232535, 40.907103], [-73.2325631218893, 40.9074536097935]]]}}, {"type": "Feature", "id": "12570", "properties": {"ZCTA5CE20": "12570", "GEOID20": "12570", "zip": "12570", "STUSPS": "CT"}, "geometry": {"type": "Polygon", "coordinates": [[[-73.727329, 41.593666], [-73.726708, 41.595625], [-73.725552, 41.59656], [-73.726134, 41.597465], [-73.727353, 41.598683], [-73.725511, 41.601416], [-73.725929, 41.60271], [-73.723975, 41.604454], [-73.718306, 41.603727], [-73.717202, 41.603726], [-73.714235, 41.605549], [-73.71334, 41.609394], [-73.710228, 41.611504], [-73.708928, 41.612138], [-73.707816, 41.615398], [-73.705243, 41.615358], [-73.703387, 41.616808], [-73.702072, 41.617641], [-73.701552, 41.61905], [-73.702748, 41.620594], [-73.701149, 41.620493], [-73.700913, 41.622613], [-73.698993, 41.623544], [-73.69828, 41.626057], [-73.699102, 41.627249], [-73.696751, 41.628981], [-73.692565, 41.627742], [-73.690016, 41.626446], [-73.684332, 41.633698], [-73.683997, 41.634145], [-73.685579, 41.638466], [-73.685384, 41.638654], [-73.683048, 41.641067], [-73.682921, 41.641222], [-73.681748, 41.643115], [-73.680927, 41.646368], [-73.680123, 41.647706], [-73.679554, 41.657359], [-73.67791, 41.661309], [-73.67816, 41.662692], [-73.676315, 41.666099], [-73.673927, 41.675121], [-73.65712, 41.673637], [-73.651168, 41.689526], [-73.650638, 41.689818], [-73.649879, 41.689714], [-73.649256, 41.689761], [-73.648989, 41.689721], [-73.647781, 41.68939], [-73.648101, 41.686576], [-73.646489, 41.674585], [-73.633181, 41.674588], [-73.631596, 41.657167], [-73.630729, 41.647153], [-73.633685, 41.648116], [-73.638774, 41.647555], [-73.640066, 41.645406], [-73.63866, 41.640224], [-73.630109, 41.639908], [-73.630103, 41.639838], [-73.629843, 41.635479], [-73.637586, 41.63627], [-73.634883, 41.625671], [-73.63367, 41.622613], [-73.634296, 41.621355], [-73.634362, 41.614993], [-73.630754, 41.613157], [-73.628467, 41.612343], [-73.628228, 41.608322], [-73.629604, 41.607551], [-73.637696, 41.602937], [-73.660667, 41.590901], [-73.663525, 41.589291], [-73.663527, 41.589277], [-73.663599, 41.58889], [-73.663685, 41.588426], [-73.665551, 41.58143], [-73.667255, 41.575055], [-73.669467, 41.574977], [-73.669881, 41.576121], [-73.675153, 41.575654], [-73.675938, 41.57383], [-73.680625, 41.57326], [-73.680824, 41.574537], [-73.680299, 41.579541], [-73.67933, 41.580615], [-73.67909, 41.585285], [-73.678071, 41.588549], [-73.678504, 41.590987], [-73.679284, 41.591717], [-73.680816, 41.595332], [-73.681677, 41.592735], [-73.683858, 41.588404], [-73.692545, 41.5809], [-73.697717, 41.575619], [-73.700035, 41.578672], [-73.705388, 41.579522], [-73.705742, 41.580664], [-73.708515, 41.583607], [-73.713111, 41.584447], [-73.714192, 41.585565], [-73.715319, 41.584572], [-73.716514, 41.584963], [-73.718448, 41.587102], [-73.724071, 41.585472], [-73.729911, 41.59228], [-73.727329, 41.593666]]]}}, {"type": "Feature", "id": "01550", "properties": {"ZCTA5CE20": "01550", "GEOID20": "01550", "zip": "01550", "STUSPS": "CT"}, "geometry": {"type": "Polygon", "coordinates": [[[-72.074435, 42.05846], [-72.066425, 42.072086], [-72.063053, 42.072673], [-72.060574, 42.071779], [-72.059455, 42.074875], [-72.06088, 42.07879], [-72.059192, 42.081949], [-72.057155, 42.083165], [-72.053406, 42.082495], [-72.053391, 42.082555], [-72.053202, 42.083347], [-72.053109, 42.083771], [-72.052096, 42.088418], [-72.049705, 42.095151], [-72.046762, 42.103441], [-72.046116, 42.103518], [-72.040498, 42.104189], [-72.042014, 42.111645], [-72.039613, 42.112304], [-72.039076, 42.109058], [-72.03619, 42.109483], [-72.035995, 42.108239], [-72.030844, 42.109798], [-72.03176, 42.114388], [-72.029051, 42.115115], [-72.027603, 42.107406], [-72.025495, 42.10793], [-72.027106, 42.104938], [-72.017725, 42.101706], [-72.016883, 42.101415], [-72.015135, 42.100808], [-72.002993, 42.096589], [-72.000469, 42.097254], [-71.998137, 42.097867], [-71.996079, 42.087278], [-71.993879, 42.08752], [-71.994873, 42.08536], [-71.993359, 42.085689], [-71.992663, 42.083145], [-71.996587, 42.082123], [-71.995745, 42.07745], [-71.992501, 42.078187], [-71.992843, 42.072562], [-71.993331, 42.065379], [-71.991562, 42.057824], [-71.988835, 42.055723], [-71.988245, 42.054511], [-71.989044, 42.044585], [-71.994697, 42.031024], [-71.9931020771696, 42.0269154132603], [-72.0100396989336, 42.027019258204], [-72.0100444151492, 42.0270192871192], [-72.0345788233465, 42.0271697081331], [-72.063496, 42.027347], [-72.0997252597077, 42.0288013695839], [-72.074435, 42.05846]]]}}, {"type": "Feature", "id": "06455", "properties": {"ZCTA5CE20": "06455", "GEOID20": "06455", "zip": "06455", "STUSPS": "CT"}, "geometry": {"type": "Polygon", "coordinates": [[[-72.748878, 41.544279], [-72.742527, 41.544073], [-72.734864, 41.544327], [-72.733584, 41.546158], [-72.722619, 41.547959], [-72.712268, 41.548608], [-72.711418, 41.545614], [-72.708608, 41.545729], [-72.703233, 41.546699], [-72.703604, 41.54431], [-72.708162, 41.543621], [-72.707932, 41.534123], [-72.708988, 41.533061], [-72.712243, 41.532976], [-72.713589, 41.52882], [-72.7134, 41.524389], [-72.712828, 41.520429], [-72.708439, 41.519881], [-72.707589, 41.52029], [-72.706531, 41.520308], [-72.706244, 41.520296], [-72.70415, 41.520338], [-72.702358, 41.52056], [-72.697909, 41.520574], [-72.697638, 41.5216], [-72.697147, 41.522277], [-72.696976, 41.525152], [-72.696855, 41.525578], [-72.696273, 41.525503], [-72.695718, 41.526019], [-72.69574, 41.526762], [-72.695229, 41.528603], [-72.692139, 41.528221], [-72.689582, 41.529186], [-72.686654, 41.530631], [-72.685779, 41.533322], [-72.68639, 41.53453], [-72.686435, 41.535126], [-72.682575, 41.531089], [-72.680863, 41.522705], [-72.681269, 41.516869], [-72.680313, 41.5162], [-72.680459, 41.514708], [-72.679054, 41.507989], [-72.677896, 41.49623], [-72.679162, 41.494593], [-72.680863, 41.494355], [-72.690104, 41.493318], [-72.694962, 41.492425], [-72.699134, 41.491701], [-72.731036, 41.485993], [-72.733886, 41.485368], [-72.74333, 41.483114], [-72.74478, 41.498183], [-72.74566, 41.508922], [-72.746038, 41.513555], [-72.747056, 41.527289], [-72.747116, 41.527719], [-72.7472, 41.528072], [-72.747242, 41.528659], [-72.748878, 41.544279]]]}}, {"type": "Feature", "id": "06426", "properties": {"ZCTA5CE20": "06426", "GEOID20": "06426", "zip": "06426", "STUSPS": "CT"}, "geometry": {"type": "Polygon", "coordinates": [[[-72.429849, 41.337474], [-72.427313, 41.336914], [-72.425512, 41.335197], [-72.424449, 41.33362], [-72.422038, 41.333412], [-72.423409, 41.334119], [-72.422331, 41.337062], [-72.418601, 41.339017], [-72.416487, 41.338274], [-72.414197, 41.340689], [-72.413781, 41.342109], [-72.408152, 41.349819], [-72.405642, 41.350586], [-72.406178, 41.351691], [-72.407284, 41.352459], [-72.408974, 41.353023], [-72.408286, 41.354353], [-72.409436, 41.354732], [-72.414545, 41.356602], [-72.42713, 41.363717], [-72.42523, 41.364498], [-72.424462, 41.364933], [-72.424303, 41.365034], [-72.412938, 41.374105], [-72.409028, 41.375098], [-72.398542, 41.377511], [-72.394152, 41.37822], [-72.382594, 41.38248], [-72.381601, 41.380606], [-72.376004, 41.376255], [-72.375093, 41.374507], [-72.374909, 41.373305], [-72.376428, 41.369098], [-72.377366, 41.364478], [-72.378393, 41.35591], [-72.379397, 41.349746], [-72.378771, 41.347998], [-72.377687, 41.346465], [-72.372158, 41.343433], [-72.369147, 41.342337], [-72.370704, 41.341176], [-72.374528, 41.337598], [-72.381363, 41.333751], [-72.383875, 41.331984], [-72.390619, 41.332233], [-72.391358, 41.332226], [-72.402729, 41.331598], [-72.404889, 41.330874], [-72.40863, 41.329651], [-72.410486, 41.328999], [-72.420729, 41.325397], [-72.425525, 41.324221], [-72.428366, 41.32461], [-72.428879, 41.325713], [-72.427708, 41.328234], [-72.424171, 41.33142], [-72.425683, 41.33236], [-72.427457, 41.334387], [-72.429754, 41.333497], [-72.429531, 41.33496], [-72.429849, 41.337474]]]}}, {"type": "Feature", "id": "06906", "properties": {"ZCTA5CE20": "06906", "GEOID20": "06906", "zip": "06906", "STUSPS": "CT"}, "geometry": {"type": "Polygon", "coordinates": [[[-73.53433, 41.072482], [-73.533547, 41.074975], [-73.533559, 41.075227], [-73.533688, 41.076296], [-73.531219, 41.075934], [-73.530825, 41.078825], [-73.531193, 41.079068], [-73.529343, 41.079093], [-73.526015, 41.083458], [-73.52498, 41.084293], [-73.523625, 41.082978], [-73.52368, 41.078057], [-73.522531, 41.077618], [-73.522069, 41.078218], [-73.521593, 41.080069], [-73.520522, 41.079886], [-73.519399, 41.08277], [-73.517413, 41.089789], [-73.516563, 41.091294], [-73.514591, 41.0927], [-73.515229, 41.088965], [-73.514496, 41.088284], [-73.516975, 41.081168], [-73.518011, 41.079977], [-73.515585, 41.075377], [-73.515389, 41.074344], [-73.510936, 41.07217], [-73.51065, 41.071025], [-73.510005, 41.070409], [-73.509895, 41.068711], [-73.509952, 41.066799], [-73.509097, 41.065735], [-73.511337, 41.063917], [-73.511845, 41.064096], [-73.512701, 41.063921], [-73.51577, 41.06385], [-73.515132, 41.060971], [-73.515594, 41.060804], [-73.516054, 41.060766], [-73.516559, 41.063746], [-73.518079, 41.063664], [-73.520235, 41.063577], [-73.520979, 41.063393], [-73.523547, 41.06279], [-73.52648, 41.060903], [-73.526399, 41.061884], [-73.528164, 41.06195], [-73.52784, 41.064259], [-73.533058, 41.064783], [-73.533118, 41.065518], [-73.533406, 41.066987], [-73.532757, 41.067069], [-73.532987, 41.067946], [-73.532036, 41.068202], [-73.532126, 41.068816], [-73.531745, 41.068981], [-73.531763, 41.069498], [-73.534107, 41.069407], [-73.534255, 41.070077], [-73.534266, 41.070145], [-73.534535, 41.071544], [-73.53433, 41.072482]]]}}, {"type": "Feature", "id": "06266", "properties": {"ZCTA5CE20": "06266", "GEOID20": "06266", "zip": "06266", "STUSPS": "CT"}, "geometry": {"type": "Polygon", "coordinates": [[[-72.18482, 41.678281], [-72.176078, 41.680383], [-72.174141, 41.682939], [-72.172679, 41.68075], [-72.174106, 41.679401], [-72.173775, 41.678049], [-72.172871, 41.678673], [-72.16886, 41.679467], [-72.168251, 41.679613], [-72.166111, 41.674181], [-72.161897, 41.66955], [-72.159296, 41.66704], [-72.158113, 41.664662], [-72.157472, 41.657798], [-72.157546, 41.657627], [-72.158827, 41.658448], [-72.166975, 41.663703], [-72.175469, 41.668995], [-72.178318, 41.67123], [-72.185111, 41.675312], [-72.18482, 41.678281]]]}}, {"type": "Feature", "id": "06373", "properties": {"ZCTA5CE20": "06373", "GEOID20": "06373", "zip": "06373", "STUSPS": "CT"}, "geometry": {"type": "Polygon", "coordinates": [[[-71.813881, 41.69242], [-71.808952, 41.693567], [-71.808803, 41.695727], [-71.80939, 41.696878], [-71.809378, 41.697818], [-71.807199, 41.697321], [-71.806919, 41.694756], [-71.805945, 41.693845], [-71.800712, 41.69506], [-71.798548, 41.696595], [-71.788884, 41.698323], [-71.7886475406628, 41.6983421088834], [-71.7875342614766, 41.6698290545547], [-71.792411, 41.671827], [-71.79551, 41.671912], [-71.796979, 41.674296], [-71.79794, 41.674932], [-71.803735, 41.676826], [-71.804157, 41.664462], [-71.806755, 41.666184], [-71.810311, 41.666121], [-71.808501, 41.668833], [-71.808376, 41.674332], [-71.809182, 41.678213], [-71.806993, 41.679569], [-71.806768, 41.681104], [-71.80718, 41.682333], [-71.810283, 41.68651], [-71.811428, 41.689742], [-71.813881, 41.69242]]]}}, {"type": "Feature", "id": "01518", "properties": {"ZCTA5CE20": "01518", "GEOID20": "01518", "zip": "01518", "STUSPS": "CT"}, "geometry": {"type": "Polygon", "coordinates": [[[-72.13518, 42.083514], [-72.135112, 42.090665], [-72.135082, 42.111445], [-72.135086, 42.111803], [-72.135042, 42.140602], [-72.135011, 42.161784], [-72.111519, 42.164455], [-72.10868, 42.151588], [-72.092461, 42.153686], [-72.091648, 42.151266], [-72.092951, 42.146712], [-72.092751, 42.145082], [-72.089308, 42.144249], [-72.088076, 42.143075], [-72.088385, 42.141863], [-72.087021, 42.140722], [-72.084448, 42.140497], [-72.083932, 42.139324], [-72.085824, 42.136723], [-72.085975, 42.136061], [-72.085993, 42.135922], [-72.089369, 42.136011], [-72.096057, 42.135253], [-72.094887, 42.13075], [-72.095677, 42.128955], [-72.099079, 42.131335], [-72.101928, 42.13127], [-72.099958, 42.126443], [-72.099397, 42.124933], [-72.10201, 42.119028], [-72.099844, 42.112965], [-72.09593, 42.111292], [-72.093529, 42.111099], [-72.093468, 42.110993], [-72.093539, 42.110561], [-72.096295, 42.110545], [-72.094424, 42.110367], [-72.094386, 42.108518], [-72.095277, 42.106285], [-72.094002, 42.10645], [-72.093427, 42.104892], [-72.095437, 42.101649], [-72.095333, 42.100628], [-72.094434, 42.099806], [-72.094014, 42.099844], [-72.092858, 42.100744], [-72.091768, 42.100602], [-72.089469, 42.10097], [-72.091723, 42.098698], [-72.092274, 42.097222], [-72.095331, 42.094752], [-72.096728, 42.090352], [-72.101131, 42.085737], [-72.102072, 42.083366], [-72.102093, 42.080667], [-72.103432, 42.078241], [-72.103534, 42.076535], [-72.104881, 42.074653], [-72.103451, 42.073649], [-72.105774, 42.071141], [-72.109169, 42.066785], [-72.111256, 42.065255], [-72.118251, 42.055379], [-72.123819, 42.048622], [-72.126166, 42.050239], [-72.12547, 42.052733], [-72.125247, 42.055564], [-72.122703, 42.05891], [-72.123855, 42.059091], [-72.124085, 42.060693], [-72.122823, 42.065316], [-72.121738, 42.067384], [-72.123887, 42.069863], [-72.124662, 42.068186], [-72.12609, 42.067246], [-72.129208, 42.067365], [-72.130382, 42.066881], [-72.131628, 42.064987], [-72.135388, 42.063146], [-72.13518, 42.083514]]]}}, {"type": "Feature", "id": "11964", "properties": {"ZCTA5CE20": "11964", "GEOID20": "11964", "zip": "11964", "STUSPS": "CT"}, "geometry": {"type": "MultiPolygon", "coordinates": [[[[-72.293779, 41.080078], [-72.290029, 41.078869], [-72.284215, 41.078513], [-72.281323, 41.078927], [-72.278429, 41.077374], [-72.277861, 41.075384], [-72.287394, 41.074349], [-72.293731, 41.078327], [-72.293779, 41.080078]]], [[[-72.374561, 41.068981], [-72.373323, 41.069751], [-72.369455, 41.070074], [-72.368104, 41.070813], [-72.369805, 41.072185], [-72.366062, 41.073529], [-72.364708, 41.074752], [-72.361112, 41.074127], [-72.360847, 41.072998], [-72.364647, 41.07123], [-72.362673, 41.069283], [-72.360876, 41.069041], [-72.362399, 41.067256], [-72.364195, 41.067987], [-72.366016, 41.064457], [-72.367441, 41.062837], [-72.365825, 41.062789], [-72.364183, 41.066452], [-72.357545, 41.06474], [-72.356172, 41.065445], [-72.354133, 41.063761], [-72.351161, 41.064481], [-72.350209, 41.062003], [-72.34522, 41.063308], [-72.342062, 41.064486], [-72.342346, 41.065133], [-72.342385, 41.068175], [-72.343252, 41.069323], [-72.344082, 41.07043], [-72.346536, 41.071551], [-72.350153, 41.069757], [-72.352902, 41.069092], [-72.353961, 41.071902], [-72.355006, 41.073299], [-72.35579, 41.074777], [-72.349026, 41.076335], [-72.348224, 41.076501], [-72.344826, 41.075233], [-72.339636, 41.075295], [-72.334581, 41.075494], [-72.332091, 41.075425], [-72.332667, 41.078857], [-72.335265, 41.087365], [-72.341203, 41.086155], [-72.341895, 41.085375], [-72.343787, 41.088229], [-72.343995, 41.0881], [-72.34449, 41.090805], [-72.346696, 41.092419], [-72.347801, 41.094021], [-72.347879, 41.095074], [-72.3442, 41.095875], [-72.340104, 41.097732], [-72.339301, 41.098469], [-72.338615, 41.102051], [-72.335177, 41.106917], [-72.3319080734103, 41.1063124081781], [-72.329611, 41.105251], [-72.324814, 41.101551], [-72.32164, 41.100242], [-72.322121, 41.098579], [-72.321828, 41.096159], [-72.324331, 41.096067], [-72.323752, 41.093419], [-72.324184, 41.091551], [-72.323846, 41.089295], [-72.324177, 41.085972], [-72.325355, 41.08443], [-72.323639, 41.084369], [-72.319833, 41.084358], [-72.30871, 41.074723], [-72.304022, 41.071763], [-72.2821207932093, 41.0688228042888], [-72.283093, 41.067874], [-72.2818290949574, 41.0657161269716], [-72.274046, 41.052428], [-72.280892, 41.047728], [-72.279724, 41.041598], [-72.275875, 41.03657], [-72.266733, 41.035642], [-72.2658348506652, 41.0365697602408], [-72.266517, 41.025635], [-72.269525, 41.023043], [-72.280205, 41.015765], [-72.2818, 41.014677], [-72.283304, 41.016194], [-72.310234, 41.04339], [-72.315828, 41.041497], [-72.325594, 41.03819], [-72.327515, 41.043346], [-72.329399, 41.044163], [-72.331253, 41.047619], [-72.336947, 41.049745], [-72.340022, 41.04695], [-72.338644, 41.047088], [-72.339187, 41.045775], [-72.341813, 41.043742], [-72.343505, 41.041759], [-72.346276, 41.040662], [-72.351379, 41.041317], [-72.355653, 41.04223], [-72.360475, 41.044389], [-72.359773, 41.045186], [-72.361936, 41.046476], [-72.363127, 41.049], [-72.361086, 41.049469], [-72.362765, 41.050471], [-72.363406, 41.052183], [-72.364882, 41.053582], [-72.368486, 41.052068], [-72.367928, 41.050303], [-72.368917, 41.049356], [-72.370949, 41.05069], [-72.371209, 41.052883], [-72.372422, 41.051907], [-72.372013, 41.057132], [-72.369689, 41.058152], [-72.372639, 41.061616], [-72.371294, 41.062439], [-72.374794, 41.067383], [-72.374561, 41.068981]], [[-72.358956, 41.049393], [-72.357693, 41.049901], [-72.356742, 41.048439], [-72.355291, 41.049021], [-72.356861, 41.052039], [-72.360131, 41.050378], [-72.358956, 41.049393]], [[-72.369689, 41.058152], [-72.366912, 41.055505], [-72.365705, 41.056222], [-72.364824, 41.055337], [-72.362752, 41.056428], [-72.363866, 41.058482], [-72.365178, 41.059101], [-72.367993, 41.058558], [-72.368123, 41.059081], [-72.368322, 41.058987], [-72.369608, 41.058211], [-72.369689, 41.058152]]]]}}, {"type": "Feature", "id": "11965", "properties": {"ZCTA5CE20": "11965", "GEOID20": "11965", "zip": "11965", "STUSPS": "CT"}, "geometry": {"type": "MultiPolygon", "coordinates": [[[[-72.329954, 41.105951], [-72.32425, 41.101652], [-72.320998, 41.100584], [-72.320447, 41.094309], [-72.317238, 41.088659], [-72.308088, 41.086785], [-72.30181, 41.082371], [-72.297718, 41.081042], [-72.292163, 41.08159], [-72.280373, 41.080402], [-72.277427, 41.078723], [-72.276239, 41.076932], [-72.278731, 41.072131], [-72.2806049983214, 41.0703021116794], [-72.2821207932093, 41.0688228042888], [-72.304022, 41.071763], [-72.30871, 41.074723], [-72.319833, 41.084358], [-72.323639, 41.084369], [-72.325355, 41.08443], [-72.324177, 41.085972], [-72.323846, 41.089295], [-72.324184, 41.091551], [-72.323752, 41.093419], [-72.324331, 41.096067], [-72.321828, 41.096159], [-72.322121, 41.098579], [-72.32164, 41.100242], [-72.324814, 41.101551], [-72.329611, 41.105251], [-72.3319080734103, 41.1063124081781], [-72.329954, 41.105951]], [[-72.293731, 41.078327], [-72.287394, 41.074349], [-72.277861, 41.075384], [-72.278429, 41.077374], [-72.281323, 41.078927], [-72.284215, 41.078513], [-72.290029, 41.078869], [-72.293779, 41.080078], [-72.293731, 41.078327]]], [[[-72.360131, 41.050378], [-72.356861, 41.052039], [-72.355291, 41.049021], [-72.356742, 41.048439], [-72.357693, 41.049901], [-72.358956, 41.049393], [-72.360131, 41.050378]]], [[[-72.368486, 41.052068], [-72.364882, 41.053582], [-72.363406, 41.052183], [-72.362765, 41.050471], [-72.361086, 41.049469], [-72.363127, 41.049], [-72.364438, 41.048412], [-72.365238, 41.048923], [-72.367928, 41.050303], [-72.368486, 41.052068]]], [[[-72.369608, 41.058211], [-72.368322, 41.058987], [-72.368123, 41.059081], [-72.367993, 41.058558], [-72.365178, 41.059101], [-72.363866, 41.058482], [-72.362752, 41.056428], [-72.364824, 41.055337], [-72.365705, 41.056222], [-72.366912, 41.055505], [-72.369689, 41.058152], [-72.369608, 41.058211]]], [[[-72.391368, 41.069891], [-72.391016, 41.071475], [-72.38804, 41.073955], [-72.385832, 41.074659], [-72.37708, 41.074019], [-72.374536, 41.074403], [-72.372423, 41.076055], [-72.359759, 41.088379], [-72.348561, 41.097734], [-72.344961, 41.101194], [-72.342102, 41.103943], [-72.339527, 41.106419], [-72.3374889231241, 41.1089246590395], [-72.335177, 41.106917], [-72.338615, 41.102051], [-72.339301, 41.098469], [-72.340104, 41.097732], [-72.3442, 41.095875], [-72.347879, 41.095074], [-72.347801, 41.094021], [-72.346696, 41.092419], [-72.34449, 41.090805], [-72.343995, 41.0881], [-72.343787, 41.088229], [-72.341895, 41.085375], [-72.341203, 41.086155], [-72.335265, 41.087365], [-72.332667, 41.078857], [-72.332091, 41.075425], [-72.334581, 41.075494], [-72.339636, 41.075295], [-72.344826, 41.075233], [-72.348224, 41.076501], [-72.349026, 41.076335], [-72.35579, 41.074777], [-72.355006, 41.073299], [-72.353961, 41.071902], [-72.352902, 41.069092], [-72.350153, 41.069757], [-72.346536, 41.071551], [-72.344082, 41.07043], [-72.343252, 41.069323], [-72.342385, 41.068175], [-72.342346, 41.065133], [-72.342062, 41.064486], [-72.34522, 41.063308], [-72.350209, 41.062003], [-72.351161, 41.064481], [-72.354133, 41.063761], [-72.356172, 41.065445], [-72.357545, 41.06474], [-72.364183, 41.066452], [-72.365825, 41.062789], [-72.367441, 41.062837], [-72.366016, 41.064457], [-72.364195, 41.067987], [-72.362399, 41.067256], [-72.360876, 41.069041], [-72.362673, 41.069283], [-72.364647, 41.07123], [-72.360847, 41.072998], [-72.361112, 41.074127], [-72.364708, 41.074752], [-72.366062, 41.073529], [-72.369805, 41.072185], [-72.368104, 41.070813], [-72.369455, 41.070074], [-72.373323, 41.069751], [-72.374561, 41.068981], [-72.374794, 41.067383], [-72.371294, 41.062439], [-72.372639, 41.061616], [-72.369689, 41.058152], [-72.372013, 41.057132], [-72.372728, 41.056835], [-72.374212, 41.060889], [-72.382578, 41.055716], [-72.39124, 41.067987], [-72.391368, 41.069891]]]]}}, {"type": "Feature", "id": "11777", "properties": {"ZCTA5CE20": "11777", "GEOID20": "11777", "zip": "11777", "STUSPS": "CT"}, "geometry": {"type": "Polygon", "coordinates": [[[-73.090498, 40.972009], [-73.077551, 40.972801], [-73.062232, 40.96726], [-73.0591407620941, 40.9662223608734], [-73.0580283842857, 40.9658489678275], [-73.0568831255906, 40.9654645376192], [-73.05496, 40.964819], [-73.0494163097539, 40.9639162743939], [-73.047646, 40.963628], [-73.043765, 40.962114], [-73.0436556822914, 40.9622060184032], [-73.043187158733, 40.9626003990601], [-73.042571, 40.961971], [-73.042587, 40.960514], [-73.040508, 40.957613], [-73.042563, 40.955845], [-73.043381, 40.953533], [-73.043503, 40.953426], [-73.043838, 40.951595], [-73.042029, 40.949413], [-73.042084, 40.947788], [-73.042229, 40.947379], [-73.041321, 40.946388], [-73.041664, 40.944153], [-73.039063, 40.941479], [-73.038727, 40.941032], [-73.038002, 40.938582], [-73.038061, 40.938445], [-73.038452, 40.937698], [-73.037933, 40.936798], [-73.037359, 40.936139], [-73.039667, 40.93586], [-73.039652, 40.9347], [-73.04374, 40.933599], [-73.045494, 40.933544], [-73.053464, 40.934449], [-73.054494, 40.934346], [-73.062015, 40.933698], [-73.066961, 40.934417], [-73.066963, 40.93421], [-73.066857, 40.933033], [-73.071328, 40.93196], [-73.06926, 40.931407], [-73.070208, 40.930298], [-73.072709, 40.931544], [-73.072008, 40.931827], [-73.072282, 40.933052], [-73.074334, 40.933203], [-73.076975, 40.934849], [-73.077432, 40.938431], [-73.079355, 40.938918], [-73.080035, 40.939186], [-73.0821, 40.939469], [-73.086166, 40.941214], [-73.086153, 40.945526], [-73.086161, 40.947848], [-73.084722, 40.950127], [-73.082909, 40.950042], [-73.080027, 40.949903], [-73.07966, 40.950159], [-73.07824, 40.951201], [-73.0929816419134, 40.9697977099041], [-73.090498, 40.972009]]]}}, {"type": "Feature", "id": "01109", "properties": {"ZCTA5CE20": "01109", "GEOID20": "01109", "zip": "01109", "STUSPS": "CT"}, "geometry": {"type": "Polygon", "coordinates": [[[-72.581786, 42.115454], [-72.571737, 42.123468], [-72.566928, 42.126366], [-72.566915, 42.12667], [-72.56691, 42.126853], [-72.559111, 42.130471], [-72.558092, 42.131374], [-72.554071, 42.137902], [-72.549997, 42.142387], [-72.546783, 42.136738], [-72.546188, 42.133635], [-72.545737, 42.133767], [-72.524339, 42.140405], [-72.524815, 42.139696], [-72.524111, 42.13919], [-72.525609, 42.135885], [-72.52506, 42.13391], [-72.525756, 42.13242], [-72.525086, 42.131085], [-72.526866, 42.130861], [-72.525228, 42.123068], [-72.525853, 42.123007], [-72.526418, 42.121135], [-72.525543, 42.119572], [-72.524432, 42.118092], [-72.524269, 42.117314], [-72.522764, 42.116879], [-72.522501, 42.116333], [-72.52413, 42.116042], [-72.523559, 42.113144], [-72.522212, 42.112144], [-72.521737, 42.112251], [-72.520309, 42.110162], [-72.521368, 42.109554], [-72.521073, 42.107465], [-72.520682, 42.10712], [-72.519702, 42.107065], [-72.518867, 42.106223], [-72.518583, 42.104312], [-72.519176, 42.103869], [-72.521523, 42.103597], [-72.522016, 42.104757], [-72.526568, 42.103324], [-72.529258, 42.103557], [-72.532316, 42.105195], [-72.533931, 42.107694], [-72.542531, 42.107894], [-72.543823, 42.105812], [-72.546415, 42.105727], [-72.547352, 42.105391], [-72.549293, 42.103863], [-72.556431, 42.098695], [-72.557323, 42.098285], [-72.562902, 42.097357], [-72.561757, 42.098524], [-72.563973, 42.097972], [-72.564247, 42.098984], [-72.565027, 42.099819], [-72.564215, 42.099948], [-72.565597, 42.100709], [-72.56592, 42.100435], [-72.567212, 42.101301], [-72.567722, 42.103812], [-72.569584, 42.102901], [-72.571093, 42.103918], [-72.573571, 42.105585], [-72.575263, 42.106733], [-72.577035, 42.108074], [-72.578816, 42.110461], [-72.578665, 42.111089], [-72.57818, 42.111399], [-72.578099, 42.111638], [-72.577849, 42.111618], [-72.577717, 42.11204], [-72.577929, 42.112074], [-72.577873, 42.112267], [-72.578355, 42.112328], [-72.578445, 42.112775], [-72.578696, 42.112848], [-72.580941, 42.114695], [-72.581639, 42.11533], [-72.581786, 42.115454]]]}}, {"type": "Feature", "id": "01010", "properties": {"ZCTA5CE20": "01010", "GEOID20": "01010", "zip": "01010", "STUSPS": "CT"}, "geometry": {"type": "Polygon", "coordinates": [[[-72.27308, 42.142864], [-72.271573, 42.143096], [-72.268995, 42.145928], [-72.269252, 42.147561], [-72.267956, 42.148736], [-72.266775, 42.153531], [-72.265273, 42.154624], [-72.265897, 42.156125], [-72.267156, 42.156461], [-72.268381, 42.158289], [-72.26822, 42.159388], [-72.266821, 42.160524], [-72.268231, 42.162707], [-72.267114, 42.165968], [-72.264742, 42.167106], [-72.262069, 42.169845], [-72.261603, 42.171695], [-72.263472, 42.173295], [-72.263938, 42.174739], [-72.262368, 42.175646], [-72.261654, 42.176927], [-72.263204, 42.178752], [-72.263951, 42.180707], [-72.263247, 42.182079], [-72.263924, 42.183831], [-72.255924, 42.180976], [-72.238436, 42.174747], [-72.207907, 42.163879], [-72.200626, 42.161287], [-72.199348, 42.153707], [-72.192938, 42.154518], [-72.191925, 42.160887], [-72.192326, 42.163783], [-72.18273, 42.166887], [-72.180223, 42.166108], [-72.179087, 42.164758], [-72.179847, 42.16156], [-72.180093, 42.156151], [-72.141886, 42.161], [-72.135011, 42.161784], [-72.135042, 42.140602], [-72.135086, 42.111803], [-72.135082, 42.111445], [-72.135112, 42.090665], [-72.192674, 42.091544], [-72.270095, 42.092522], [-72.272103, 42.115989], [-72.274455, 42.143749], [-72.27308, 42.142864]]]}}, {"type": "Feature", "id": "01258", "properties": {"ZCTA5CE20": "01258", "GEOID20": "01258", "zip": "01258", "STUSPS": "CT"}, "geometry": {"type": "Polygon", "coordinates": [[[-73.508142, 42.086257], [-73.49717499243, 42.1161205390081], [-73.4866515062267, 42.1447763540725], [-73.4829633739641, 42.154819265139], [-73.474046, 42.151075], [-73.471455, 42.149477], [-73.436538, 42.118149], [-73.428748, 42.121263], [-73.419952, 42.103846], [-73.425351, 42.089388], [-73.428193, 42.081791], [-73.434663, 42.054587], [-73.4367542184717, 42.0505183572836], [-73.487314, 42.049638], [-73.496879, 42.049675], [-73.5030419422981, 42.069692114015], [-73.508142, 42.086257]]]}}, {"type": "Feature", "id": "06080", "properties": {"ZCTA5CE20": "06080", "GEOID20": "06080", "zip": "06080", "STUSPS": "CT"}, "geometry": {"type": "Polygon", "coordinates": [[[-72.640936, 41.952816], [-72.634087, 41.952591], [-72.628113, 41.948839], [-72.628319, 41.947823], [-72.636937, 41.949007], [-72.63869, 41.948162], [-72.639327, 41.950802], [-72.641381, 41.951409], [-72.640936, 41.952816]]]}}, {"type": "Feature", "id": "06793", "properties": {"ZCTA5CE20": "06793", "GEOID20": "06793", "zip": "06793", "STUSPS": "CT"}, "geometry": {"type": "Polygon", "coordinates": [[[-73.340716, 41.596849], [-73.337848, 41.600013], [-73.338141, 41.605683], [-73.339305, 41.606547], [-73.340033, 41.609568], [-73.338876, 41.611425], [-73.336896, 41.612135], [-73.335144, 41.612001], [-73.333906, 41.610847], [-73.333714, 41.608926], [-73.334966, 41.60542], [-73.330561, 41.604264], [-73.329144, 41.606675], [-73.331098, 41.610763], [-73.330237, 41.612342], [-73.325465, 41.61325], [-73.323406, 41.616484], [-73.325789, 41.621764], [-73.321523, 41.625219], [-73.320847, 41.627889], [-73.320749, 41.631658], [-73.318832, 41.632406], [-73.317806, 41.634578], [-73.320511, 41.63506], [-73.321211, 41.638837], [-73.318624, 41.640425], [-73.318188, 41.639818], [-73.315904, 41.639861], [-73.314662, 41.64137], [-73.316486, 41.642962], [-73.311931, 41.645036], [-73.311697, 41.648432], [-73.310914, 41.649164], [-73.306439, 41.649432], [-73.302711, 41.649252], [-73.300898, 41.649311], [-73.299665, 41.648264], [-73.298611, 41.648433], [-73.296818, 41.64919], [-73.295105, 41.650619], [-73.293019, 41.651138], [-73.290692, 41.651423], [-73.290596, 41.651881], [-73.289447, 41.652428], [-73.288228, 41.652048], [-73.286841, 41.653578], [-73.28018, 41.656147], [-73.284545, 41.658143], [-73.286166, 41.659536], [-73.287874, 41.663727], [-73.289428, 41.665978], [-73.287637, 41.665157], [-73.281948, 41.666653], [-73.281039, 41.670847], [-73.277197, 41.674336], [-73.27488, 41.683339], [-73.273314, 41.685247], [-73.271956, 41.685644], [-73.271778, 41.687509], [-73.26693, 41.688459], [-73.260557, 41.683823], [-73.260668, 41.675848], [-73.260825, 41.673481], [-73.261446, 41.664641], [-73.259172, 41.647036], [-73.253509, 41.604532], [-73.267336, 41.603199], [-73.293278, 41.600578], [-73.311956, 41.599035], [-73.320599, 41.597787], [-73.327766, 41.596558], [-73.332835, 41.596462], [-73.341006, 41.595771], [-73.340716, 41.596849]]]}}, {"type": "Feature", "id": "11954", "properties": {"ZCTA5CE20": "11954", "GEOID20": "11954", "zip": "11954", "STUSPS": "CT"}, "geometry": {"type": "Polygon", "coordinates": [[[-72.0619302939609, 41.0146254239437], [-72.061252, 41.016909], [-72.0568802506192, 41.0181298012157], [-72.056679, 41.018186], [-72.0560012800428, 41.0193568693729], [-72.054564, 41.02184], [-72.048772, 41.022592], [-72.042065, 41.020671], [-72.034521, 41.019614], [-72.025498, 41.020515], [-72.01693, 41.023517], [-72.012337, 41.02944], [-71.997237, 41.040889], [-71.992638, 41.047147], [-71.982126, 41.047831], [-71.978736, 41.042961], [-71.972232, 41.040839], [-71.963513, 41.042533], [-71.957256, 41.048278], [-71.9577980684501, 41.0527146748944], [-71.958041, 41.054703], [-71.9580542264459, 41.0547379926245], [-71.9611713158346, 41.0629847384858], [-71.9615286722734, 41.0639301806483], [-71.961563, 41.064021], [-71.9599838239577, 41.069811312155], [-71.959595, 41.071237], [-71.955203, 41.07307], [-71.945864, 41.073706], [-71.93825, 41.077413], [-71.919385, 41.080517], [-71.9193680682028, 41.0805231537457], [-71.904329, 41.085989], [-71.901146, 41.084772], [-71.899256, 41.080837], [-71.895496, 41.077381], [-71.889543, 41.075701], [-71.879789, 41.076752], [-71.869558, 41.075046], [-71.86447, 41.076918], [-71.857494, 41.073558], [-71.8562147672476, 41.0705997742601], [-71.856214, 41.070598], [-71.8597778855492, 41.0664488153421], [-71.8611396536935, 41.0648634031807], [-71.86114, 41.064863], [-71.86529, 41.062059], [-71.867218, 41.059206], [-71.8676123576195, 41.0590071794488], [-71.870701, 41.05745], [-71.8723041203746, 41.0548662235658], [-71.8736218804372, 41.0527423672107], [-71.87391, 41.052278], [-71.8762304811147, 41.0510522847025], [-71.880502, 41.048796], [-71.887611, 41.047446], [-71.898565, 41.043598], [-71.8990490903817, 41.0430808224734], [-71.901418, 41.04055], [-71.903736, 41.040166], [-71.9127516529906, 41.0384779983451], [-71.913462, 41.038345], [-71.91694, 41.038951], [-71.935689, 41.034182], [-71.9442869463384, 41.0314104354561], [-71.9462214908485, 41.0307868313114], [-71.9516212997593, 41.0290461925203], [-71.958819, 41.026726], [-72.01169360571, 41.0066242349751], [-72.0265680440593, 41.0009692998591], [-72.026788, 41.000907], [-72.029323, 41.00313], [-72.034993, 41.00729], [-72.035854, 41.007643], [-72.035947, 41.00632], [-72.037551, 41.003974], [-72.040427, 41.002135], [-72.044219, 41.000693], [-72.049347, 40.999717], [-72.052734, 40.999656], [-72.057472, 40.998423], [-72.059485, 40.998518], [-72.061919, 40.999414], [-72.06105, 41.002394], [-72.057937, 41.004789], [-72.058097, 41.008501], [-72.057706, 41.011111], [-72.05622, 41.012744], [-72.058381, 41.012949], [-72.060081, 41.011972], [-72.0625899595336, 41.0124045630875], [-72.0619302939609, 41.0146254239437]]]}}, {"type": "Feature", "id": "06752", "properties": {"ZCTA5CE20": "06752", "GEOID20": "06752", "zip": "06752", "STUSPS": "CT"}, "geometry": {"type": "Polygon", "coordinates": [[[-73.404738, 41.53702], [-73.403545, 41.540576], [-73.400334, 41.54282], [-73.399464, 41.544024], [-73.39576, 41.543851], [-73.393954, 41.544794], [-73.391747, 41.545011], [-73.390664, 41.546846], [-73.38902, 41.546904], [-73.388968, 41.547876], [-73.390779, 41.549672], [-73.390315, 41.55429], [-73.391171, 41.556025], [-73.388344, 41.557578], [-73.379074, 41.562143], [-73.372047, 41.565105], [-73.364635, 41.564886], [-73.355917, 41.565334], [-73.349432, 41.565681], [-73.343067, 41.565855], [-73.341216, 41.550681], [-73.341043, 41.549572], [-73.339248, 41.544512], [-73.338674, 41.541081], [-73.336439, 41.533782], [-73.335335, 41.526463], [-73.331494, 41.525913], [-73.330355, 41.524816], [-73.329214, 41.521687], [-73.326877, 41.517875], [-73.325524, 41.513851], [-73.332457, 41.511806], [-73.330311, 41.504409], [-73.318889, 41.505189], [-73.320519, 41.503981], [-73.321197, 41.500727], [-73.323114, 41.497903], [-73.325508, 41.495306], [-73.326842, 41.492703], [-73.324874, 41.489567], [-73.326842, 41.485967], [-73.32705, 41.484879], [-73.326458, 41.483839], [-73.322666, 41.480767], [-73.320906, 41.477007], [-73.312777, 41.469935], [-73.310473, 41.468815], [-73.312873, 41.467415], [-73.326774, 41.469515], [-73.331656, 41.472729], [-73.336662, 41.475695], [-73.340062, 41.476695], [-73.347663, 41.478095], [-73.35065, 41.479791], [-73.358862, 41.482094], [-73.364103, 41.485282], [-73.375263, 41.489194], [-73.376764, 41.498994], [-73.378964, 41.501894], [-73.381964, 41.503594], [-73.387064, 41.505194], [-73.388564, 41.506494], [-73.387464, 41.509094], [-73.384964, 41.510994], [-73.385064, 41.512494], [-73.386964, 41.514794], [-73.393921, 41.516873], [-73.394637, 41.517138], [-73.395289, 41.517462], [-73.397412, 41.518274], [-73.39978, 41.5201], [-73.402599, 41.525106], [-73.40452, 41.531214], [-73.404638, 41.534346], [-73.404738, 41.53702]]]}}, {"type": "Feature", "id": "01129", "properties": {"ZCTA5CE20": "01129", "GEOID20": "01129", "zip": "01129", "STUSPS": "CT"}, "geometry": {"type": "Polygon", "coordinates": [[[-72.507166, 42.102701], [-72.505965, 42.10448], [-72.504643, 42.107982], [-72.501648, 42.111051], [-72.50065, 42.112006], [-72.499199, 42.111999], [-72.498662, 42.113457], [-72.498409, 42.114206], [-72.498557, 42.115321], [-72.499712, 42.115785], [-72.500165, 42.115966], [-72.499948, 42.118249], [-72.498837, 42.118269], [-72.49869, 42.119068], [-72.498061, 42.121038], [-72.49799, 42.121293], [-72.496883, 42.125047], [-72.496613, 42.126032], [-72.49616, 42.127626], [-72.496804, 42.127721], [-72.496733, 42.128906], [-72.497595, 42.129172], [-72.497408, 42.129391], [-72.496147, 42.129514], [-72.496211, 42.129871], [-72.495706, 42.129988], [-72.495741, 42.131289], [-72.495782, 42.134609], [-72.495818, 42.135602], [-72.495868, 42.137612], [-72.495841, 42.141181], [-72.495837, 42.141306], [-72.501289, 42.140431], [-72.501517, 42.140395], [-72.503234, 42.145341], [-72.494016, 42.146945], [-72.48304, 42.148893], [-72.48162, 42.141882], [-72.480836, 42.137985], [-72.478553, 42.126684], [-72.477138, 42.119682], [-72.476504, 42.116548], [-72.473804, 42.10318], [-72.472274, 42.09556], [-72.472548, 42.094529], [-72.474049, 42.092962], [-72.48043, 42.093228], [-72.480025, 42.094142], [-72.481869, 42.097497], [-72.481466, 42.102284], [-72.482796, 42.104312], [-72.482966, 42.104435], [-72.491043, 42.103203], [-72.491695, 42.104962], [-72.494328, 42.104889], [-72.495201, 42.103144], [-72.496009, 42.104008], [-72.495542, 42.102903], [-72.501258, 42.104923], [-72.501759, 42.10483], [-72.50417, 42.105497], [-72.505284, 42.101468], [-72.506064, 42.102285], [-72.507166, 42.102701]]]}}, {"type": "Feature", "id": "06608", "properties": {"ZCTA5CE20": "06608", "GEOID20": "06608", "zip": "06608", "STUSPS": "CT"}, "geometry": {"type": "Polygon", "coordinates": [[[-73.189312, 41.191988], [-73.186832, 41.194358], [-73.186076, 41.196092], [-73.186504, 41.198117], [-73.186046, 41.200094], [-73.189223, 41.202762], [-73.189356, 41.202696], [-73.188765, 41.203158], [-73.187995, 41.202569], [-73.185549, 41.201415], [-73.184031, 41.2007], [-73.183177, 41.199322], [-73.18241, 41.199105], [-73.182187, 41.199343], [-73.181349, 41.198644], [-73.181658, 41.198431], [-73.181696, 41.197536], [-73.180284, 41.197492], [-73.180267, 41.197952], [-73.179029, 41.19715], [-73.179042, 41.196915], [-73.178793, 41.196619], [-73.178674, 41.196402], [-73.178163, 41.196373], [-73.178072, 41.196496], [-73.173959, 41.194099], [-73.174348, 41.191283], [-73.174529, 41.188969], [-73.171628, 41.18895], [-73.171005, 41.187394], [-73.170894, 41.186648], [-73.171068, 41.185695], [-73.175824, 41.178038], [-73.176595, 41.176733], [-73.180455, 41.171296], [-73.184256, 41.174396], [-73.185537, 41.177105], [-73.185674, 41.177394], [-73.185753, 41.18243], [-73.186256, 41.182896], [-73.188878, 41.184796], [-73.188378, 41.186101], [-73.188825, 41.18613], [-73.189453, 41.189712], [-73.189312, 41.191988]]]}}, {"type": "Feature", "id": "06269", "properties": {"ZCTA5CE20": "06269", "GEOID20": "06269", "zip": "06269", "STUSPS": "CT"}, "geometry": {"type": "Polygon", "coordinates": [[[-72.265818, 41.81743], [-72.26238, 41.817007], [-72.257286, 41.816878], [-72.255281, 41.817406], [-72.255819, 41.81843], [-72.255391, 41.818773], [-72.254968, 41.818059], [-72.247638, 41.822151], [-72.243663, 41.819964], [-72.242009, 41.817747], [-72.240399, 41.818988], [-72.238889, 41.816982], [-72.239586, 41.816477], [-72.238628, 41.814632], [-72.243352, 41.814299], [-72.248323, 41.810946], [-72.245839, 41.810369], [-72.246427, 41.809067], [-72.246834, 41.808153], [-72.245846, 41.80694], [-72.245042, 41.807326], [-72.244609, 41.806796], [-72.243338, 41.807266], [-72.242115, 41.805915], [-72.24348, 41.804764], [-72.243659, 41.804265], [-72.245869, 41.803259], [-72.245853, 41.804948], [-72.247773, 41.806085], [-72.251672, 41.803624], [-72.250459, 41.802095], [-72.249977, 41.799389], [-72.247778, 41.797164], [-72.251239, 41.795308], [-72.255701, 41.794947], [-72.255959, 41.79528], [-72.25799, 41.795971], [-72.260742, 41.798133], [-72.260952, 41.799395], [-72.25617, 41.799604], [-72.255349, 41.80002], [-72.255763, 41.802761], [-72.257987, 41.802801], [-72.259796, 41.806066], [-72.25811, 41.808245], [-72.259324, 41.809592], [-72.261059, 41.80935], [-72.262199, 41.811151], [-72.26384, 41.809105], [-72.265684, 41.81292], [-72.265818, 41.81743]]]}}, {"type": "Feature", "id": "06002", "properties": {"ZCTA5CE20": "06002", "GEOID20": "06002", "zip": "06002", "STUSPS": "CT"}, "geometry": {"type": "Polygon", "coordinates": [[[-72.784815, 41.809709], [-72.785299, 41.810428], [-72.784761, 41.814303], [-72.78377, 41.816585], [-72.783056, 41.821289], [-72.783943, 41.822431], [-72.784492, 41.826411], [-72.78455, 41.826593], [-72.783336, 41.826907], [-72.784438, 41.833307], [-72.783486, 41.836558], [-72.784267, 41.837778], [-72.784459, 41.838995], [-72.785156, 41.843414], [-72.78444, 41.855698], [-72.772214, 41.878172], [-72.770403, 41.880789], [-72.771387, 41.885117], [-72.766945, 41.895886], [-72.766425, 41.898273], [-72.765054, 41.902614], [-72.760585, 41.905705], [-72.76098, 41.903467], [-72.755598, 41.900028], [-72.749428, 41.896918], [-72.743926, 41.895736], [-72.737806, 41.892376], [-72.742964, 41.877352], [-72.740607, 41.876812], [-72.727972, 41.874323], [-72.724042, 41.873227], [-72.699645, 41.868021], [-72.689691, 41.866244], [-72.689024, 41.853197], [-72.688738, 41.847901], [-72.688073, 41.837071], [-72.687468, 41.830939], [-72.687394, 41.829908], [-72.687037, 41.826587], [-72.686979, 41.82583], [-72.686821, 41.823743], [-72.686559, 41.817509], [-72.680814, 41.817537], [-72.680582, 41.816765], [-72.677098, 41.814586], [-72.675734, 41.813153], [-72.675529, 41.811737], [-72.672595, 41.809635], [-72.670526, 41.809053], [-72.669852, 41.807917], [-72.668627, 41.807197], [-72.664226, 41.80774], [-72.663478, 41.806526], [-72.686137, 41.802899], [-72.686039, 41.800168], [-72.690076, 41.800844], [-72.691081, 41.80499], [-72.691393, 41.807568], [-72.695574, 41.807277], [-72.697816, 41.807145], [-72.701682, 41.807087], [-72.707758, 41.806971], [-72.714952, 41.806655], [-72.71759, 41.806623], [-72.719102, 41.806529], [-72.729431, 41.806418], [-72.750621, 41.80595], [-72.753104, 41.805578], [-72.767392, 41.805285], [-72.770547, 41.805302], [-72.781915, 41.805003], [-72.783598, 41.805023], [-72.785379, 41.80495], [-72.784815, 41.809709]]]}}, {"type": "Feature", "id": "06108", "properties": {"ZCTA5CE20": "06108", "GEOID20": "06108", "zip": "06108", "STUSPS": "CT"}, "geometry": {"type": "Polygon", "coordinates": [[[-72.664908, 41.769528], [-72.66416, 41.77219], [-72.657936, 41.776899], [-72.651836, 41.778999], [-72.645935, 41.785899], [-72.645235, 41.791299], [-72.646035, 41.797599], [-72.639895, 41.798287], [-72.627787, 41.798906], [-72.618856, 41.799009], [-72.616796, 41.799129], [-72.583489, 41.800644], [-72.581515, 41.789777], [-72.581458, 41.788799], [-72.579949, 41.782189], [-72.579836, 41.780688], [-72.578478, 41.774042], [-72.580396, 41.77345], [-72.582586, 41.773046], [-72.59082, 41.772804], [-72.602028, 41.771225], [-72.602346, 41.771557], [-72.605979, 41.770957], [-72.618606, 41.767784], [-72.618522, 41.767431], [-72.631903, 41.763657], [-72.633221, 41.763425], [-72.639859, 41.7632], [-72.643307, 41.763725], [-72.643582, 41.76293], [-72.645297, 41.761409], [-72.643865, 41.758581], [-72.645126, 41.758211], [-72.647731, 41.75714], [-72.65399, 41.753058], [-72.655936, 41.7543], [-72.658036, 41.756199], [-72.661336, 41.758699], [-72.665114, 41.765762], [-72.664908, 41.769528]]]}}, {"type": "Feature", "id": "11754", "properties": {"ZCTA5CE20": "11754", "GEOID20": "11754", "zip": "11754", "STUSPS": "CT"}, "geometry": {"type": "Polygon", "coordinates": [[[-73.286484, 40.876349], [-73.286448, 40.880126], [-73.287486, 40.88127], [-73.28796, 40.882319], [-73.287761, 40.883845], [-73.287921, 40.883895], [-73.288005, 40.884413], [-73.281968, 40.885265], [-73.281766, 40.884875], [-73.277857, 40.884722], [-73.272454, 40.884928], [-73.272127, 40.886626], [-73.272546, 40.891373], [-73.271861, 40.893225], [-73.269998, 40.895156], [-73.267939, 40.896212], [-73.26713, 40.896461], [-73.266806, 40.896527], [-73.265628, 40.896823], [-73.262737, 40.89785], [-73.260736, 40.899454], [-73.259817, 40.900903], [-73.259489, 40.902773], [-73.259573, 40.903462], [-73.260162, 40.905496], [-73.260154, 40.906757], [-73.259706, 40.908221], [-73.258048, 40.91132], [-73.2571785173254, 40.912828871676], [-73.2448981669736, 40.9105633777959], [-73.2377410084659, 40.9092430165413], [-73.237394, 40.909179], [-73.237128031936, 40.9090840071887], [-73.2325631218893, 40.9074536097935], [-73.232535, 40.907103], [-73.230492, 40.905086], [-73.228341, 40.904387], [-73.226036, 40.905123], [-73.22322, 40.905059], [-73.221222, 40.90586], [-73.222007, 40.904513], [-73.21978, 40.904387], [-73.218772, 40.902995], [-73.217637, 40.903521], [-73.214295, 40.901568], [-73.211669, 40.898848], [-73.210548, 40.899138], [-73.209602, 40.901332], [-73.208725, 40.898738], [-73.211784, 40.894915], [-73.211913, 40.894702], [-73.214183, 40.891846], [-73.216297, 40.891017], [-73.219051, 40.890551], [-73.221456, 40.890329], [-73.221749, 40.890261], [-73.220299, 40.885001], [-73.220579, 40.882716], [-73.220701, 40.882049], [-73.220536, 40.881343], [-73.219536, 40.878119], [-73.219952, 40.876355], [-73.219904, 40.875186], [-73.219927, 40.874606], [-73.226784, 40.87516], [-73.230814, 40.873698], [-73.232175, 40.872897], [-73.233662, 40.872865], [-73.232956, 40.872245], [-73.234848, 40.871601], [-73.235115, 40.868767], [-73.235323, 40.868735], [-73.235282, 40.868394], [-73.234459, 40.868399], [-73.234494, 40.867332], [-73.234741, 40.866823], [-73.235122, 40.866359], [-73.236186, 40.86621], [-73.236848, 40.865218], [-73.238913, 40.866664], [-73.246465, 40.865998], [-73.248614, 40.866393], [-73.251835, 40.868187], [-73.257464, 40.868403], [-73.258855, 40.868829], [-73.261918, 40.869607], [-73.268274, 40.869435], [-73.274738, 40.869297], [-73.274944, 40.873954], [-73.275292, 40.874144], [-73.279679, 40.873448], [-73.288521, 40.873218], [-73.286484, 40.876349]]]}}, {"type": "Feature", "id": "11794", "properties": {"ZCTA5CE20": "11794", "GEOID20": "11794", "zip": "11794", "STUSPS": "CT"}, "geometry": {"type": "Polygon", "coordinates": [[[-73.132304, 40.914534], [-73.130175, 40.914244], [-73.129389, 40.918293], [-73.127369, 40.921054], [-73.122556, 40.924297], [-73.11803, 40.921364], [-73.117625, 40.920222], [-73.120924, 40.920781], [-73.121315, 40.916427], [-73.125938, 40.916986], [-73.127394, 40.916496], [-73.128646, 40.913529], [-73.130429, 40.912683], [-73.132304, 40.914534]]]}}, {"type": "Feature", "id": "06234", "properties": {"ZCTA5CE20": "06234", "GEOID20": "06234", "zip": "06234", "STUSPS": "CT"}, "geometry": {"type": "Polygon", "coordinates": [[[-72.022071, 41.763682], [-72.018006, 41.782635], [-72.014491, 41.804989], [-71.991969, 41.806133], [-71.992262, 41.818523], [-71.977629, 41.818307], [-71.978058, 41.820888], [-71.976661, 41.824179], [-71.976605, 41.826768], [-71.958701, 41.826823], [-71.936638, 41.82689], [-71.932982, 41.82677], [-71.931435, 41.827265], [-71.930306, 41.828909], [-71.932646, 41.829575], [-71.93255, 41.830901], [-71.934774, 41.831875], [-71.93354, 41.834777], [-71.931421, 41.834991], [-71.931083, 41.834207], [-71.928413, 41.834145], [-71.926894, 41.835797], [-71.928567, 41.836887], [-71.93046, 41.840071], [-71.929521, 41.840893], [-71.92963, 41.842688], [-71.931589, 41.845991], [-71.931295, 41.847343], [-71.927456, 41.848458], [-71.920873, 41.849313], [-71.919735, 41.846911], [-71.918356, 41.845635], [-71.91607, 41.844892], [-71.914264, 41.840714], [-71.91086, 41.838309], [-71.910147, 41.835805], [-71.907287, 41.832666], [-71.904298, 41.831278], [-71.905114, 41.828048], [-71.906181, 41.826817], [-71.907385, 41.825796], [-71.907937, 41.823264], [-71.906865, 41.821081], [-71.908892, 41.816975], [-71.914395, 41.815718], [-71.911396, 41.814809], [-71.909018, 41.815469], [-71.907627, 41.815682], [-71.907086, 41.815539], [-71.906799, 41.815499], [-71.906213, 41.815448], [-71.905758, 41.815575], [-71.905115, 41.815922], [-71.902013, 41.816649], [-71.899553, 41.816466], [-71.896503, 41.813952], [-71.89527, 41.812333], [-71.8952, 41.812222], [-71.895132, 41.810066], [-71.899013, 41.807541], [-71.887703, 41.80204], [-71.887249, 41.801814], [-71.886474, 41.800719], [-71.885723, 41.79717], [-71.886079, 41.795582], [-71.890121, 41.792776], [-71.889184, 41.788488], [-71.888643, 41.786428], [-71.888964, 41.784878], [-71.890601, 41.783793], [-71.902641, 41.780618], [-71.903997, 41.779909], [-71.905809, 41.776472], [-71.9057, 41.773119], [-71.908427, 41.771017], [-71.911234, 41.767781], [-71.913516, 41.766022], [-71.913961, 41.764093], [-71.917241, 41.759714], [-71.91803, 41.757216], [-71.916407, 41.7561], [-71.913987, 41.75444], [-71.912918, 41.751764], [-71.914688, 41.74744], [-71.915323, 41.746568], [-71.913943, 41.74233], [-71.920964, 41.743405], [-71.923412, 41.74378], [-71.960571, 41.749505], [-71.997682, 41.755706], [-71.999452, 41.755768], [-72.022903, 41.759625], [-72.022071, 41.763682]]]}}, {"type": "Feature", "id": "06401", "properties": {"ZCTA5CE20": "06401", "GEOID20": "06401", "zip": "06401", "STUSPS": "CT"}, "geometry": {"type": "Polygon", "coordinates": [[[-73.10054, 41.354018], [-73.094811, 41.360695], [-73.09289, 41.360791], [-73.092755, 41.36074], [-73.091169, 41.360543], [-73.088424, 41.36168], [-73.085857, 41.362939], [-73.080662, 41.36289], [-73.074691, 41.361328], [-73.073877, 41.361194], [-73.072254, 41.360621], [-73.070739, 41.360223], [-73.064908, 41.360295], [-73.064642, 41.360248], [-73.049934, 41.36021], [-73.047162, 41.360531], [-73.046445, 41.352086], [-73.046334, 41.346078], [-73.043718, 41.34232], [-73.043843, 41.341577], [-73.042788, 41.338759], [-73.041881, 41.337578], [-73.039981, 41.332357], [-73.038934, 41.32801], [-73.039141, 41.326654], [-73.050976, 41.324706], [-73.051459, 41.325487], [-73.053511, 41.324614], [-73.055696, 41.323906], [-73.058267, 41.324007], [-73.060679, 41.324473], [-73.065019, 41.325245], [-73.066166, 41.326353], [-73.072098, 41.326851], [-73.072317, 41.327344], [-73.076378, 41.32895], [-73.077258, 41.330334], [-73.079182, 41.330837], [-73.084517, 41.333015], [-73.086162, 41.333987], [-73.087121, 41.332472], [-73.088335, 41.332602], [-73.087772, 41.334477], [-73.087613, 41.334801], [-73.088213, 41.335115], [-73.090175, 41.338127], [-73.091999, 41.339137], [-73.092376, 41.339298], [-73.094785, 41.339101], [-73.095462, 41.339222], [-73.096255, 41.341292], [-73.102353, 41.352896], [-73.10054, 41.354018]]]}}, {"type": "Feature", "id": "06855", "properties": {"ZCTA5CE20": "06855", "GEOID20": "06855", "zip": "06855", "STUSPS": "CT"}, "geometry": {"type": "MultiPolygon", "coordinates": [[[[-73.364244, 41.088945], [-73.361764, 41.087508], [-73.360334, 41.085711], [-73.358808, 41.086645], [-73.356901, 41.087077], [-73.353754, 41.087508], [-73.354231, 41.085639], [-73.355089, 41.083483], [-73.357664, 41.081973], [-73.360141, 41.08202], [-73.363767, 41.083626], [-73.369775, 41.088802], [-73.364244, 41.088945]]], [[[-73.394189, 41.067379], [-73.392281, 41.07083], [-73.388181, 41.073275], [-73.383662, 41.0725002937718], [-73.381887, 41.072196], [-73.381314, 41.070686], [-73.3835825294851, 41.0694191474177], [-73.383889, 41.069248], [-73.386655, 41.066301], [-73.389993, 41.064287], [-73.38799, 41.061052], [-73.385797, 41.059757], [-73.386178, 41.058391], [-73.387227, 41.058247], [-73.391805, 41.061411], [-73.395238, 41.064431], [-73.394189, 41.067379]]], [[[-73.415385, 41.103106], [-73.414365, 41.104312], [-73.410478, 41.105745], [-73.410575, 41.107436], [-73.406137, 41.108457], [-73.401298, 41.110392], [-73.398545, 41.111227], [-73.390681, 41.113471], [-73.381404, 41.118312], [-73.38203, 41.116734], [-73.382562, 41.114596], [-73.384311, 41.107313], [-73.383433, 41.104616], [-73.384443, 41.102894], [-73.383643, 41.100563], [-73.382877, 41.099716], [-73.383071, 41.098838], [-73.380391, 41.096645], [-73.379767, 41.09742], [-73.3722143912961, 41.095518268805], [-73.3794821100463, 41.0954369696256], [-73.3822797808682, 41.0954056739261], [-73.382787, 41.0954], [-73.3826494939678, 41.0951802303396], [-73.379693, 41.090455], [-73.381028, 41.088802], [-73.383662, 41.089798000895], [-73.387732, 41.091337], [-73.390260732275, 41.0892586446472], [-73.392162, 41.087696], [-73.3927937704666, 41.0833175559835], [-73.392967, 41.082117], [-73.398196, 41.081938], [-73.3997345099662, 41.0834196879525], [-73.402474, 41.086058], [-73.4025953212994, 41.085912130154], [-73.404151, 41.087913], [-73.406171, 41.090512], [-73.409463, 41.093496], [-73.410736, 41.094501], [-73.411364, 41.094977], [-73.414472, 41.098949], [-73.415055, 41.100566], [-73.415385, 41.103106]]], [[[-73.420363, 41.068396], [-73.420263, 41.074296], [-73.419663, 41.075396], [-73.41691, 41.075307], [-73.414472, 41.076141], [-73.413065, 41.075257], [-73.411877, 41.071008], [-73.412932, 41.071008], [-73.4219963591711, 41.0642269064179], [-73.420363, 41.068396]]], [[[-73.416886, 41.053932], [-73.404774, 41.06213], [-73.399815, 41.062418], [-73.399148, 41.06098], [-73.401055, 41.0576], [-73.401532, 41.053717], [-73.406077, 41.052361], [-73.409542, 41.052998], [-73.422165, 41.047562], [-73.416886, 41.053932]]]]}}, {"type": "Feature", "id": "06260", "properties": {"ZCTA5CE20": "06260", "GEOID20": "06260", "zip": "06260", "STUSPS": "CT"}, "geometry": {"type": "Polygon", "coordinates": [[[-71.933847, 41.916861], [-71.928085, 41.917029], [-71.927355, 41.917049], [-71.930681, 41.92806], [-71.931792, 41.931574], [-71.924324, 41.931634], [-71.919238, 41.931697], [-71.914088, 41.931739], [-71.897257, 41.9319], [-71.896761, 41.931893], [-71.894727, 41.931919], [-71.892289, 41.93193], [-71.883904, 41.932043], [-71.879274, 41.931974], [-71.866998, 41.932146], [-71.852661, 41.932168], [-71.808799, 41.9323], [-71.807566, 41.931564], [-71.81089, 41.928919], [-71.811933, 41.925879], [-71.81529, 41.921494], [-71.81649, 41.917484], [-71.81401, 41.917286], [-71.812197, 41.920403], [-71.809699, 41.923454], [-71.807267, 41.925529], [-71.805203, 41.92653], [-71.802431, 41.929198], [-71.7976051393451, 41.9274508206346], [-71.7971589425621, 41.9162639874898], [-71.7966877946775, 41.9044515922139], [-71.7963964350815, 41.8971467632475], [-71.798669, 41.89772], [-71.801885, 41.901425], [-71.804504, 41.902712], [-71.811204, 41.901044], [-71.824772, 41.898096], [-71.867986, 41.88782], [-71.875734, 41.885913], [-71.886773, 41.883249], [-71.896004, 41.881201], [-71.896526, 41.881077], [-71.898342, 41.880644], [-71.901708, 41.877836], [-71.903794, 41.876653], [-71.905207, 41.873593], [-71.908145, 41.872752], [-71.908931, 41.870669], [-71.910403, 41.869346], [-71.912025, 41.869077], [-71.914212, 41.869952], [-71.91736, 41.869241], [-71.923204, 41.870481], [-71.924965, 41.874534], [-71.923726, 41.878025], [-71.923062, 41.881477], [-71.923474, 41.883498], [-71.92123, 41.886755], [-71.922507, 41.888652], [-71.924038, 41.892444], [-71.925659, 41.897574], [-71.92663, 41.899561], [-71.927171, 41.90075], [-71.931673, 41.905164], [-71.932701, 41.909475], [-71.933004, 41.909933], [-71.933847, 41.916861]]]}}, {"type": "Feature", "id": "06374", "properties": {"ZCTA5CE20": "06374", "GEOID20": "06374", "zip": "06374", "STUSPS": "CT"}, "geometry": {"type": "MultiPolygon", "coordinates": [[[[-71.922154, 41.734386], [-71.918954, 41.736131], [-71.91418, 41.741463], [-71.913943, 41.74233], [-71.915323, 41.746568], [-71.914688, 41.74744], [-71.913626, 41.746892], [-71.912215, 41.745933], [-71.911853, 41.739904], [-71.911141, 41.744047], [-71.906841, 41.742742], [-71.906794, 41.742585], [-71.906158, 41.741502], [-71.902656, 41.735531], [-71.902464, 41.733418], [-71.903567, 41.730778], [-71.906906, 41.725904], [-71.910771, 41.723165], [-71.910914, 41.722248], [-71.913779, 41.721806], [-71.913918, 41.721904], [-71.918594, 41.727791], [-71.918698, 41.728207], [-71.917221, 41.732839], [-71.923738, 41.734106], [-71.922154, 41.734386]]], [[[-71.966122, 41.714699], [-71.962765, 41.716133], [-71.958132, 41.719616], [-71.957275, 41.721742], [-71.95755, 41.724037], [-71.956258, 41.726218], [-71.953195, 41.726409], [-71.950196, 41.725233], [-71.945707, 41.722524], [-71.944832, 41.723009], [-71.943896, 41.725314], [-71.941695, 41.727017], [-71.935454, 41.729473], [-71.932749, 41.731401], [-71.930528, 41.730471], [-71.929343, 41.731111], [-71.925928, 41.728876], [-71.92205, 41.727535], [-71.925486, 41.725164], [-71.925334, 41.723358], [-71.9241, 41.720897], [-71.922924, 41.72029], [-71.920925, 41.720188], [-71.918199, 41.721394], [-71.91589, 41.720295], [-71.916411, 41.719854], [-71.915529, 41.717811], [-71.913423, 41.717527], [-71.908946, 41.71987], [-71.908017, 41.721369], [-71.907366, 41.722628], [-71.906581, 41.72272], [-71.90577, 41.7223], [-71.905051, 41.721483], [-71.90456, 41.720403], [-71.903926, 41.719501], [-71.903262, 41.717471], [-71.899542, 41.718581], [-71.896497, 41.718671], [-71.895, 41.717372], [-71.894844, 41.717245], [-71.896175, 41.712773], [-71.898002, 41.7088], [-71.898205, 41.708362], [-71.898127, 41.695148], [-71.893863, 41.6917], [-71.892491, 41.691542], [-71.890567, 41.691176], [-71.888701, 41.6932], [-71.884588, 41.694436], [-71.876174, 41.691846], [-71.878089, 41.688807], [-71.862655, 41.688674], [-71.863339, 41.687029], [-71.856812, 41.68705], [-71.861017, 41.682327], [-71.863857, 41.681616], [-71.863678, 41.677657], [-71.864592, 41.676822], [-71.863983, 41.675558], [-71.86225, 41.668018], [-71.859139, 41.66825], [-71.853826, 41.669445], [-71.855705, 41.657192], [-71.855986, 41.656158], [-71.857917, 41.644227], [-71.874516, 41.642129], [-71.884279, 41.641219], [-71.884422, 41.641204], [-71.909061, 41.638666], [-71.936549, 41.635883], [-71.951936, 41.634328], [-71.954983, 41.634799], [-71.951868, 41.654331], [-71.950224, 41.664146], [-71.949762, 41.667003], [-71.948423, 41.674769], [-71.953508, 41.675284], [-71.953307, 41.677061], [-71.955653, 41.679772], [-71.956143, 41.682691], [-71.954635, 41.686161], [-71.954489, 41.688843], [-71.955701, 41.691447], [-71.956797, 41.692554], [-71.959292, 41.691906], [-71.960057, 41.692133], [-71.962408, 41.695771], [-71.962665, 41.697858], [-71.961887, 41.699539], [-71.962588, 41.705496], [-71.965414, 41.70847], [-71.963951, 41.710749], [-71.966329, 41.714064], [-71.966122, 41.714699]]]]}}, {"type": "Feature", "id": "06359", "properties": {"ZCTA5CE20": "06359", "GEOID20": "06359", "zip": "06359", "STUSPS": "CT"}, "geometry": {"type": "Polygon", "coordinates": [[[-71.967227, 41.528666], [-71.90286, 41.520262], [-71.863408, 41.514926], [-71.862033, 41.51477], [-71.847305, 41.512934], [-71.841191, 41.511856], [-71.831579, 41.510763], [-71.823172, 41.509564], [-71.7935683158896, 41.5057530964788], [-71.7938802756582, 41.4990021102569], [-71.7945395881831, 41.4847342134994], [-71.7949846626488, 41.4751025497798], [-71.7955167123037, 41.4635886936663], [-71.7956832061219, 41.4599856730672], [-71.7956834364983, 41.4599806875911], [-71.796485908112, 41.4426147470055], [-71.7967394589644, 41.4371277628393], [-71.797235453979, 41.426394149577], [-71.7976736925498, 41.4169104184967], [-71.797683, 41.416709], [-71.801439, 41.415545], [-71.803684, 41.417428], [-71.806812, 41.416673], [-71.8129, 41.419404], [-71.816904, 41.419927], [-71.82033, 41.419382], [-71.823873, 41.417164], [-71.824573, 41.415235], [-71.827902, 41.414334], [-71.834107, 41.411582], [-71.836883, 41.412228], [-71.839649, 41.412119], [-71.842563, 41.409855], [-71.8428165698118, 41.4087322073789], [-71.844776, 41.408839], [-71.848961, 41.409777], [-71.855511, 41.411556], [-71.855884, 41.411642], [-71.868238, 41.414198], [-71.875299, 41.416036], [-71.893545, 41.420731], [-71.923452, 41.428416], [-71.94327, 41.433646], [-71.942573, 41.434795], [-71.943738, 41.437476], [-71.942413, 41.440037], [-71.942603, 41.440369], [-71.942726, 41.440903], [-71.942893, 41.441379], [-71.943194, 41.44143], [-71.943656, 41.44131], [-71.944041, 41.441244], [-71.94583, 41.441674], [-71.946609, 41.443355], [-71.947055, 41.446391], [-71.949352, 41.449221], [-71.949151, 41.451677], [-71.948131, 41.456911], [-71.947439, 41.458217], [-71.949829, 41.466237], [-71.951219, 41.470092], [-71.956618, 41.487398], [-71.959419, 41.497298], [-71.961009, 41.501994], [-71.963899, 41.514473], [-71.965922, 41.523103], [-71.967227, 41.528666]]]}}, {"type": "Feature", "id": "06763", "properties": {"ZCTA5CE20": "06763", "GEOID20": "06763", "zip": "06763", "STUSPS": "CT"}, "geometry": {"type": "Polygon", "coordinates": [[[-73.276313, 41.707847], [-73.271034, 41.708151], [-73.260344, 41.708481], [-73.253976, 41.708996], [-73.222342, 41.710576], [-73.216811, 41.71082], [-73.200604, 41.711611], [-73.189405, 41.712579], [-73.182632, 41.713494], [-73.173303, 41.714119], [-73.166343, 41.714897], [-73.1568, 41.715857], [-73.155819, 41.713399], [-73.155076, 41.710839], [-73.142074, 41.674809], [-73.141354, 41.672749], [-73.141531, 41.672709], [-73.142031, 41.672294], [-73.167122, 41.669661], [-73.170756, 41.669196], [-73.184279, 41.66856], [-73.195295, 41.668197], [-73.207988, 41.667363], [-73.221248, 41.666728], [-73.2213, 41.674096], [-73.222044, 41.674827], [-73.221004, 41.681132], [-73.225242, 41.681889], [-73.227212, 41.682962], [-73.228896, 41.683307], [-73.237406, 41.682387], [-73.239462, 41.681699], [-73.2415, 41.680051], [-73.2422, 41.677888], [-73.240347, 41.678195], [-73.239005, 41.678066], [-73.237243, 41.677169], [-73.235274, 41.6769], [-73.235266, 41.67686], [-73.233714, 41.676814], [-73.230228, 41.67412], [-73.226314, 41.668225], [-73.224726, 41.666527], [-73.231631, 41.666183], [-73.232462, 41.665998], [-73.261446, 41.664641], [-73.260825, 41.673481], [-73.260668, 41.675848], [-73.260557, 41.683823], [-73.26693, 41.688459], [-73.27549, 41.69522], [-73.276313, 41.707847]]]}}, {"type": "Feature", "id": "06120", "properties": {"ZCTA5CE20": "06120", "GEOID20": "06120", "zip": "06120", "STUSPS": "CT"}, "geometry": {"type": "Polygon", "coordinates": [[[-72.686546, 41.775078], [-72.686108, 41.776398], [-72.685398, 41.776257], [-72.684636, 41.777581], [-72.683795, 41.780081], [-72.684765, 41.780321], [-72.684351, 41.78029], [-72.684093, 41.780904], [-72.684514, 41.781098], [-72.683861, 41.782971], [-72.680348, 41.782253], [-72.679659, 41.784841], [-72.682975, 41.78567], [-72.682757, 41.786223], [-72.681938, 41.786178], [-72.681066, 41.79123], [-72.67924, 41.796347], [-72.677325, 41.797483], [-72.678302, 41.798913], [-72.68076, 41.799314], [-72.686039, 41.800168], [-72.686137, 41.802899], [-72.663478, 41.806526], [-72.662597, 41.806779], [-72.66107, 41.807083], [-72.658675, 41.807316], [-72.658334, 41.805871], [-72.662742, 41.80563], [-72.662861, 41.801492], [-72.66, 41.801748], [-72.658747, 41.801305], [-72.658656, 41.801364], [-72.658245, 41.802016], [-72.658301, 41.802098], [-72.659336, 41.802429], [-72.655735, 41.805993], [-72.654636, 41.806099], [-72.648485, 41.806095], [-72.64564, 41.805834], [-72.646035, 41.797599], [-72.645235, 41.791299], [-72.645935, 41.785899], [-72.651836, 41.778999], [-72.657936, 41.776899], [-72.66416, 41.77219], [-72.664908, 41.769528], [-72.667347, 41.769537], [-72.668688, 41.76963], [-72.67108, 41.769553], [-72.674659, 41.769644], [-72.675114, 41.769698], [-72.67499, 41.7699], [-72.674791, 41.770128], [-72.673644, 41.770067], [-72.672939, 41.770571], [-72.672731, 41.775965], [-72.674579, 41.774948], [-72.675048, 41.774685], [-72.677022, 41.773834], [-72.677539, 41.773722], [-72.679236, 41.773076], [-72.680684, 41.772369], [-72.679241, 41.771652], [-72.678634, 41.771426], [-72.678819, 41.771215], [-72.680335, 41.771163], [-72.681413, 41.77085], [-72.681771, 41.770673], [-72.68242, 41.770195], [-72.68227, 41.771891], [-72.686653, 41.774746], [-72.686546, 41.775078]]]}}, {"type": "Feature", "id": "06750", "properties": {"ZCTA5CE20": "06750", "GEOID20": "06750", "zip": "06750", "STUSPS": "CT"}, "geometry": {"type": "Polygon", "coordinates": [[[-73.29589, 41.730704], [-73.293569, 41.733722], [-73.293307, 41.736597], [-73.293933, 41.739449], [-73.292469, 41.740745], [-73.283535, 41.740583], [-73.282065, 41.740947], [-73.27963, 41.743339], [-73.276017, 41.744611], [-73.27625, 41.744744], [-73.275434, 41.745789], [-73.275109, 41.747109], [-73.27467, 41.748283], [-73.271525, 41.750134], [-73.269211, 41.749675], [-73.263451, 41.750211], [-73.263204, 41.746985], [-73.266228, 41.743507], [-73.268111, 41.742886], [-73.269693, 41.740359], [-73.272178, 41.738416], [-73.272461, 41.737455], [-73.271773, 41.737642], [-73.268294, 41.735851], [-73.266444, 41.738842], [-73.265652, 41.739396], [-73.261754, 41.738373], [-73.259256, 41.736522], [-73.258376, 41.736879], [-73.25883, 41.738597], [-73.258491, 41.740287], [-73.255684, 41.741908], [-73.254007, 41.741025], [-73.250897, 41.737368], [-73.252489, 41.730983], [-73.245985, 41.73059], [-73.23312, 41.730521], [-73.234667, 41.735645], [-73.234329, 41.73735], [-73.229789, 41.737165], [-73.228771, 41.736633], [-73.22481, 41.73165], [-73.223351, 41.729213], [-73.220318, 41.728074], [-73.21963, 41.728707], [-73.22145, 41.723537], [-73.219331, 41.719942], [-73.220363, 41.719701], [-73.221082, 41.71956], [-73.221805, 41.719197], [-73.222448, 41.718017], [-73.222477, 41.717765], [-73.222385, 41.717411], [-73.22205, 41.716767], [-73.222829, 41.715324], [-73.222342, 41.710576], [-73.253976, 41.708996], [-73.260344, 41.708481], [-73.271034, 41.708151], [-73.276313, 41.707847], [-73.27549, 41.69522], [-73.278768, 41.697665], [-73.279461, 41.698147], [-73.288236, 41.704764], [-73.29427, 41.708674], [-73.295786, 41.710685], [-73.293321, 41.714662], [-73.292748, 41.718783], [-73.293823, 41.723437], [-73.295295, 41.726027], [-73.29589, 41.730704]]]}}, {"type": "Feature", "id": "06057", "properties": {"ZCTA5CE20": "06057", "GEOID20": "06057", "zip": "06057", "STUSPS": "CT"}, "geometry": {"type": "Polygon", "coordinates": [[[-73.076406, 41.79888], [-73.074642, 41.804508], [-73.073455, 41.80446], [-73.071503, 41.80459], [-73.070371, 41.810371], [-73.071635, 41.815878], [-73.070201, 41.821157], [-73.068432, 41.827824], [-73.067671, 41.830378], [-73.06725, 41.833183], [-73.065192, 41.840818], [-73.059767, 41.863472], [-73.058948, 41.866571], [-73.058644, 41.86769], [-73.053534, 41.887324], [-73.040698, 41.888283], [-73.039939, 41.888339], [-73.036502, 41.888487], [-73.035706, 41.88857], [-73.033679, 41.88868], [-73.012188, 41.890207], [-72.993008, 41.891505], [-72.985282, 41.892099], [-72.959721, 41.89393], [-72.955717, 41.894205], [-72.941414, 41.895035], [-72.940647, 41.895196], [-72.943894, 41.884815], [-72.946178, 41.877234], [-72.946342, 41.874027], [-72.951932, 41.858226], [-72.953294, 41.85478], [-72.95364, 41.853919], [-72.95381, 41.849497], [-72.953651, 41.84668], [-72.951187, 41.842697], [-72.946526, 41.843628], [-72.942245, 41.843445], [-72.939095, 41.842506], [-72.936502, 41.840263], [-72.937441, 41.837493], [-72.939559, 41.83169], [-72.940402, 41.829234], [-72.949024, 41.806431], [-72.98414, 41.802082], [-72.999549, 41.800023], [-73.016936, 41.798183], [-73.025205, 41.79823], [-73.029928, 41.798098], [-73.04764, 41.798216], [-73.059575, 41.798241], [-73.060641, 41.798321], [-73.076683, 41.798451], [-73.076406, 41.79888]], [[-72.978041, 41.87763], [-72.976692, 41.877409], [-72.97134, 41.877697], [-72.970283, 41.87635], [-72.969368, 41.874815], [-72.967982, 41.873197], [-72.967215, 41.871597], [-72.96335, 41.869966], [-72.959824, 41.868432], [-72.9591, 41.867886], [-72.957498, 41.868462], [-72.962542, 41.870054], [-72.964283, 41.871348], [-72.964085, 41.87565], [-72.964651, 41.878125], [-72.964937, 41.878719], [-72.967852, 41.879199], [-72.976847, 41.87798], [-72.978041, 41.87763]]]}}, {"type": "Feature", "id": "11765", "properties": {"ZCTA5CE20": "11765", "GEOID20": "11765", "zip": "11765", "STUSPS": "CT"}, "geometry": {"type": "Polygon", "coordinates": [[[-73.575204, 40.886824], [-73.572823, 40.887752], [-73.572151, 40.887715], [-73.570984, 40.887441], [-73.568697, 40.888005], [-73.568071, 40.888157], [-73.564487, 40.887708], [-73.567566, 40.888856], [-73.56874, 40.890297], [-73.571421, 40.892861], [-73.57199, 40.895195], [-73.566822, 40.898199], [-73.557969, 40.900471], [-73.557935, 40.900414], [-73.557396, 40.899757], [-73.555502, 40.900334], [-73.554794, 40.898443], [-73.552364, 40.897852], [-73.550526, 40.893071], [-73.553874, 40.891876], [-73.550442, 40.89051], [-73.549192, 40.888441], [-73.549526, 40.884623], [-73.547432, 40.882501], [-73.5458948795508, 40.8833981816847], [-73.545448, 40.882784], [-73.5454091130669, 40.8827193157046], [-73.5445601877457, 40.881307218326], [-73.541883, 40.876854], [-73.542402, 40.875896], [-73.541417, 40.874513], [-73.541261, 40.87239], [-73.543027, 40.867559], [-73.54439, 40.867969], [-73.547721, 40.868329], [-73.548096, 40.868519], [-73.551323, 40.872259], [-73.554228, 40.870758], [-73.558858, 40.869608], [-73.560253, 40.869408], [-73.565264, 40.868779], [-73.568315, 40.867187], [-73.571922, 40.869812], [-73.5751, 40.874435], [-73.573108, 40.87541], [-73.568503, 40.875185], [-73.56787, 40.878528], [-73.565079, 40.879264], [-73.565503, 40.881768], [-73.564658, 40.883817], [-73.569338, 40.884324], [-73.568973, 40.883004], [-73.574362, 40.882261], [-73.575029, 40.882229], [-73.575204, 40.886824]]]}}, {"type": "Feature", "id": "06614", "properties": {"ZCTA5CE20": "06614", "GEOID20": "06614", "zip": "06614", "STUSPS": "CT"}, "geometry": {"type": "Polygon", "coordinates": [[[-73.162827, 41.220225], [-73.161087, 41.224566], [-73.159084, 41.225934], [-73.157636, 41.228377], [-73.157157, 41.228822], [-73.153825, 41.230052], [-73.15426, 41.230537], [-73.150466, 41.232398], [-73.146219, 41.237042], [-73.140057, 41.237187], [-73.140651, 41.237987], [-73.143183, 41.241222], [-73.143328, 41.245034], [-73.145232, 41.24985], [-73.145502, 41.254377], [-73.146882, 41.255367], [-73.143896, 41.257159], [-73.120241, 41.264679], [-73.113576, 41.266824], [-73.108295, 41.268582], [-73.106049, 41.26705], [-73.107081, 41.264074], [-73.104616, 41.263556], [-73.102952, 41.261643], [-73.103076, 41.259612], [-73.098359, 41.25928], [-73.095265, 41.258052], [-73.094558, 41.256214], [-73.090872, 41.257082], [-73.086752, 41.254596], [-73.08735, 41.251792], [-73.091215, 41.246411], [-73.091414, 41.246262], [-73.093402, 41.244617], [-73.101573, 41.240088], [-73.104952, 41.236595], [-73.107553, 41.232496], [-73.109953, 41.229396], [-73.110553, 41.227396], [-73.110453, 41.225296], [-73.108353, 41.218296], [-73.110253, 41.213996], [-73.11034, 41.213294], [-73.110653, 41.207797], [-73.109453, 41.204797], [-73.109253, 41.204097], [-73.110572, 41.20027], [-73.112269, 41.200595], [-73.113259, 41.200599], [-73.115045, 41.199688], [-73.115875, 41.198809], [-73.116616, 41.199068], [-73.121033, 41.196903], [-73.121169, 41.196836], [-73.123069, 41.196182], [-73.126898, 41.195535], [-73.128265, 41.195175], [-73.131126, 41.193672], [-73.131637, 41.194176], [-73.127157, 41.197194], [-73.129089, 41.198919], [-73.131699, 41.199041], [-73.132695, 41.198894], [-73.134499, 41.198143], [-73.137651, 41.196835], [-73.141263, 41.195178], [-73.141199, 41.193771], [-73.142414, 41.193982], [-73.143772, 41.194077], [-73.144192, 41.19391], [-73.144343, 41.193861], [-73.147695, 41.1927], [-73.148725, 41.192943], [-73.149652, 41.193094], [-73.153819, 41.192533], [-73.154672, 41.193393], [-73.154866, 41.195663], [-73.15646, 41.200492], [-73.15676, 41.20127], [-73.157988, 41.20543], [-73.161944, 41.217572], [-73.162827, 41.220225]]]}}, {"type": "Feature", "id": "06514", "properties": {"ZCTA5CE20": "06514", "GEOID20": "06514", "zip": "06514", "STUSPS": "CT"}, "geometry": {"type": "Polygon", "coordinates": [[[-72.975396, 41.359937], [-72.974656, 41.363558], [-72.974108, 41.365274], [-72.968666, 41.375111], [-72.967348, 41.377737], [-72.961132, 41.387937], [-72.957034, 41.392973], [-72.954873, 41.394475], [-72.95291, 41.396946], [-72.95352, 41.399743], [-72.944732, 41.40623], [-72.942564, 41.407128], [-72.94041, 41.407816], [-72.941667, 41.40641], [-72.937486, 41.406785], [-72.932772, 41.40932], [-72.92993, 41.409352], [-72.928101, 41.405174], [-72.927085, 41.406052], [-72.924062, 41.405784], [-72.923472, 41.408196], [-72.922625, 41.408378], [-72.922893, 41.40716], [-72.920188, 41.406655], [-72.914698, 41.407807], [-72.913637, 41.40653], [-72.908653, 41.409618], [-72.908513, 41.409348], [-72.907932, 41.408987], [-72.912419, 41.403579], [-72.913842, 41.400089], [-72.915429, 41.393343], [-72.915291, 41.389278], [-72.914817, 41.381608], [-72.912438, 41.381065], [-72.913956, 41.37944], [-72.914602, 41.37788], [-72.915517, 41.376646], [-72.916054, 41.374599], [-72.915764, 41.374466], [-72.911343, 41.372787], [-72.917515, 41.367011], [-72.918142, 41.366588], [-72.917051, 41.366022], [-72.918778, 41.365238], [-72.918306, 41.363257], [-72.915989, 41.361697], [-72.917163, 41.359107], [-72.915823, 41.357457], [-72.917189, 41.357214], [-72.918839, 41.357147], [-72.921024, 41.356313], [-72.919127, 41.354565], [-72.921963, 41.352252], [-72.923682, 41.352979], [-72.927148, 41.353149], [-72.928413, 41.351149], [-72.932016, 41.345216], [-72.930623, 41.344621], [-72.930941, 41.340841], [-72.933548, 41.34071], [-72.93418, 41.338064], [-72.93515, 41.338222], [-72.935193, 41.335471], [-72.937914, 41.335665], [-72.93798, 41.335333], [-72.940491, 41.335468], [-72.940553, 41.335846], [-72.943109, 41.336266], [-72.946848, 41.336597], [-72.952753, 41.337234], [-72.956991, 41.339847], [-72.95518, 41.342346], [-72.951358, 41.343947], [-72.951482, 41.347107], [-72.953532, 41.347284], [-72.952808, 41.349078], [-72.954669, 41.350162], [-72.95533, 41.35024], [-72.957745, 41.35039], [-72.958643, 41.349079], [-72.961255, 41.349007], [-72.96206, 41.346297], [-72.964187, 41.346419], [-72.96446, 41.343788], [-72.96684, 41.345435], [-72.967669, 41.347284], [-72.968329, 41.347975], [-72.972909, 41.347396], [-72.974329, 41.350481], [-72.975225, 41.355449], [-72.975396, 41.359937]]]}}, {"type": "Feature", "id": "06420", "properties": {"ZCTA5CE20": "06420", "GEOID20": "06420", "zip": "06420", "STUSPS": "CT"}, "geometry": {"type": "Polygon", "coordinates": [[[-72.32302, 41.466057], [-72.320153, 41.466022], [-72.319693, 41.467196], [-72.317154, 41.46837], [-72.31552, 41.471764], [-72.314685, 41.476257], [-72.312545, 41.47736], [-72.312502, 41.478198], [-72.315246, 41.478091], [-72.321848, 41.512221], [-72.322931, 41.518119], [-72.314401, 41.519157], [-72.303771, 41.521307], [-72.295832, 41.522934], [-72.263949, 41.529578], [-72.234905, 41.53567], [-72.234764, 41.535527], [-72.233155, 41.535803], [-72.230141, 41.536558], [-72.229693, 41.536594], [-72.229683, 41.536783], [-72.21911, 41.538815], [-72.224123, 41.530298], [-72.226446, 41.5253], [-72.227124, 41.522498], [-72.227624, 41.518698], [-72.227285, 41.516686], [-72.226275, 41.513314], [-72.224436, 41.509744], [-72.218357, 41.500452], [-72.21783, 41.497181], [-72.217439, 41.493208], [-72.216535, 41.480002], [-72.215392, 41.474829], [-72.212687, 41.457453], [-72.222462, 41.456494], [-72.221524, 41.446296], [-72.231188, 41.444827], [-72.242024, 41.443198], [-72.276636, 41.440449], [-72.286577, 41.439074], [-72.304868, 41.432728], [-72.305531, 41.436282], [-72.308482, 41.454035], [-72.322884, 41.460575], [-72.325391, 41.464681], [-72.32302, 41.466057]]]}}, {"type": "Feature", "id": "11786", "properties": {"ZCTA5CE20": "11786", "GEOID20": "11786", "zip": "11786", "STUSPS": "CT"}, "geometry": {"type": "Polygon", "coordinates": [[[-72.913834, 40.962466], [-72.9031546484732, 40.962673041837], [-72.9029075866861, 40.9626778316527], [-72.8986749169094, 40.9627598909167], [-72.8895473759617, 40.9629368476205], [-72.88825, 40.962962], [-72.8791448037788, 40.9635958601881], [-72.8666308861257, 40.9644670192498], [-72.866516, 40.964173], [-72.867542, 40.963122], [-72.86935, 40.957802], [-72.869502, 40.954863], [-72.868262, 40.953742], [-72.863784, 40.952422], [-72.86227, 40.94355], [-72.863026, 40.943435], [-72.866753, 40.943208], [-72.876343, 40.944226], [-72.876634, 40.943498], [-72.87737, 40.942368], [-72.877627, 40.941341], [-72.878744, 40.93286], [-72.87944, 40.931665], [-72.879915, 40.930851], [-72.881259, 40.929597], [-72.882039, 40.925148], [-72.883168, 40.924697], [-72.884471, 40.926218], [-72.89137, 40.92356], [-72.892136, 40.926117], [-72.892203, 40.926347], [-72.895658, 40.935627], [-72.901814, 40.934697], [-72.901098, 40.932179], [-72.898478, 40.930571], [-72.897164, 40.925851], [-72.897032, 40.924878], [-72.896747, 40.923478], [-72.901779, 40.922574], [-72.901922, 40.923199], [-72.90441, 40.923902], [-72.906796, 40.923377], [-72.904919, 40.926288], [-72.904516, 40.926777], [-72.906139, 40.934075], [-72.908296, 40.947168], [-72.908398, 40.947843], [-72.909444, 40.951191], [-72.910427, 40.951447], [-72.910417, 40.952623], [-72.910351, 40.953697], [-72.910591, 40.954248], [-72.9111, 40.955094], [-72.911738, 40.955074], [-72.912564, 40.956341], [-72.913174, 40.959685], [-72.913834, 40.962466]]]}}, {"type": "Feature", "id": "06018", "properties": {"ZCTA5CE20": "06018", "GEOID20": "06018", "zip": "06018", "STUSPS": "CT"}, "geometry": {"type": "Polygon", "coordinates": [[[-73.359216, 42.008956], [-73.358114, 42.012525], [-73.356614, 42.013815], [-73.35111, 42.016435], [-73.350963, 42.018395], [-73.352342, 42.021117], [-73.352166, 42.023055], [-73.353249, 42.023906], [-73.352427, 42.028687], [-73.350632, 42.030159], [-73.347777, 42.033936], [-73.344892, 42.037461], [-73.342877, 42.042687], [-73.340367, 42.044516], [-73.3405304264512, 42.0481844730512], [-73.3277308315671, 42.0478512389021], [-73.3256265850805, 42.0477964553879], [-73.2963299656829, 42.0470337254636], [-73.29442, 42.046984], [-73.293097, 42.04694], [-73.2333631515401, 42.0450191891221], [-73.2329591865244, 42.0450061991605], [-73.240811, 42.007705], [-73.241409, 42.011135], [-73.242742, 42.012087], [-73.245773, 42.011825], [-73.253721, 42.009803], [-73.259241, 42.015442], [-73.259433, 42.017406], [-73.256702, 42.019515], [-73.256244, 42.021879], [-73.257841, 42.023232], [-73.261018, 42.024472], [-73.262765, 42.029184], [-73.265931, 42.027661], [-73.265104, 42.02264], [-73.267649, 42.021316], [-73.270474, 42.020397], [-73.272055, 42.016808], [-73.274426, 42.012525], [-73.274826, 42.011174], [-73.277754, 42.011046], [-73.284534, 42.013895], [-73.285093, 42.016288], [-73.287979, 42.020104], [-73.292031, 42.021273], [-73.297403, 42.025985], [-73.300811, 42.025383], [-73.309728, 42.022207], [-73.311002, 42.018638], [-73.310252, 42.018396], [-73.305566, 42.017785], [-73.306801, 42.012396], [-73.304781, 42.010875], [-73.308319, 42.011499], [-73.314826, 42.014193], [-73.320498, 42.015782], [-73.323929, 42.018525], [-73.327432, 42.011199], [-73.329312, 42.009265], [-73.330377, 42.009044], [-73.328251, 42.004193], [-73.328209, 42.000802], [-73.356647, 42.00259], [-73.357357, 42.002577], [-73.357129, 42.003841], [-73.357487, 42.005014], [-73.358714, 42.007019], [-73.359216, 42.008956]]]}}, {"type": "Feature", "id": "11976", "properties": {"ZCTA5CE20": "11976", "GEOID20": "11976", "zip": "11976", "STUSPS": "CT"}, "geometry": {"type": "Polygon", "coordinates": [[[-72.379021, 40.913235], [-72.379865, 40.918104], [-72.379226, 40.920272], [-72.376271, 40.921348], [-72.375631, 40.922989], [-72.372936, 40.924428], [-72.373134, 40.92531], [-72.376119, 40.932279], [-72.37717, 40.933322], [-72.377862, 40.937201], [-72.377699, 40.937267], [-72.37868, 40.938226], [-72.378392, 40.939889], [-72.379973, 40.941797], [-72.377611, 40.942685], [-72.376096, 40.941649], [-72.376421, 40.942883], [-72.375397, 40.944019], [-72.377213, 40.954109], [-72.377216, 40.955387], [-72.376064, 40.955206], [-72.376317, 40.956021], [-72.370504, 40.956251], [-72.370083, 40.95774], [-72.367536, 40.959088], [-72.367128, 40.961448], [-72.366957, 40.961514], [-72.35149, 40.96724], [-72.346118, 40.969291], [-72.344902, 40.969756], [-72.33933, 40.96788], [-72.3358, 40.965379], [-72.318405, 40.974789], [-72.318057, 40.974834], [-72.316961, 40.972971], [-72.317509, 40.971166], [-72.316387, 40.96137], [-72.322941, 40.95833], [-72.323238, 40.958042], [-72.324867, 40.955214], [-72.328141, 40.951396], [-72.33057, 40.945693], [-72.330534, 40.943526], [-72.324074, 40.940354], [-72.325152, 40.939311], [-72.323124, 40.934458], [-72.315241, 40.937431], [-72.315221, 40.936929], [-72.314512, 40.935925], [-72.312407, 40.933482], [-72.313303, 40.933157], [-72.313492, 40.931713], [-72.315819, 40.928918], [-72.316569, 40.925242], [-72.318405, 40.926198], [-72.321138, 40.921101], [-72.319254, 40.920767], [-72.317859, 40.920769], [-72.316244, 40.920814], [-72.317078, 40.915754], [-72.311327, 40.916164], [-72.313312, 40.911634], [-72.316553, 40.910978], [-72.321247, 40.903734], [-72.321778, 40.903636], [-72.334632, 40.896488], [-72.33499, 40.896114], [-72.332842, 40.894421], [-72.328219, 40.892484], [-72.3280740351492, 40.8916409491502], [-72.3287701558896, 40.8913758234687], [-72.338975862606, 40.8874888613501], [-72.339961, 40.889134], [-72.343353, 40.893029], [-72.343898, 40.893651], [-72.349977, 40.891872], [-72.352586, 40.893236], [-72.357267, 40.892511], [-72.360126, 40.892806], [-72.359488, 40.895211], [-72.36531, 40.895408], [-72.370382, 40.897003], [-72.372165, 40.897935], [-72.378374, 40.900444], [-72.377036, 40.901011], [-72.375199, 40.902906], [-72.372258, 40.907429], [-72.372931, 40.908735], [-72.377113, 40.909271], [-72.380935, 40.909601], [-72.379021, 40.913235]]]}}, {"type": "Feature", "id": "06489", "properties": {"ZCTA5CE20": "06489", "GEOID20": "06489", "zip": "06489", "STUSPS": "CT"}, "geometry": {"type": "Polygon", "coordinates": [[[-72.938501, 41.644311], [-72.928604, 41.645454], [-72.927779, 41.640725], [-72.921954, 41.64114], [-72.920001, 41.637422], [-72.921115, 41.633095], [-72.918772, 41.633215], [-72.91765, 41.633273], [-72.91864, 41.634735], [-72.917681, 41.637474], [-72.920424, 41.640993], [-72.91934, 41.643116], [-72.921161, 41.64579], [-72.91012, 41.647115], [-72.905744, 41.647401], [-72.903011, 41.647495], [-72.883388, 41.649468], [-72.880613, 41.649722], [-72.874881, 41.650305], [-72.872924, 41.650486], [-72.870588, 41.650695], [-72.866206, 41.651094], [-72.855054, 41.652457], [-72.846766, 41.653409], [-72.822573, 41.65571], [-72.820739, 41.655715], [-72.819428, 41.646101], [-72.819442, 41.645579], [-72.818048, 41.645025], [-72.814322, 41.645699], [-72.814188, 41.645706], [-72.814989, 41.64448], [-72.823331, 41.633607], [-72.825243, 41.629847], [-72.825251, 41.627669], [-72.817989, 41.627589], [-72.822255, 41.621589], [-72.820233, 41.621148], [-72.820559, 41.619298], [-72.822808, 41.617619], [-72.819365, 41.615599], [-72.818929, 41.611976], [-72.818326, 41.606866], [-72.820199, 41.606895], [-72.82346, 41.604333], [-72.824077, 41.597013], [-72.826457, 41.586864], [-72.833874, 41.583244], [-72.836535, 41.580535], [-72.840244, 41.569098], [-72.848541, 41.567329], [-72.846005, 41.55485], [-72.845986, 41.554694], [-72.845731, 41.553346], [-72.845295, 41.548528], [-72.846988, 41.545237], [-72.852707, 41.546291], [-72.85329, 41.546664], [-72.854669, 41.546527], [-72.859753, 41.547727], [-72.862537, 41.547841], [-72.867806, 41.54898], [-72.868227, 41.552236], [-72.869514, 41.554531], [-72.869593, 41.554865], [-72.870138, 41.556673], [-72.87391, 41.563006], [-72.868217, 41.561493], [-72.868128, 41.562536], [-72.865623, 41.563162], [-72.86333, 41.566222], [-72.859628, 41.566658], [-72.860547, 41.570975], [-72.867921, 41.571583], [-72.866453, 41.573483], [-72.869863, 41.574577], [-72.868842, 41.577115], [-72.870965, 41.576942], [-72.870278, 41.579113], [-72.871312, 41.577213], [-72.874121, 41.578319], [-72.878443, 41.577708], [-72.881176, 41.579943], [-72.883595, 41.579672], [-72.883031, 41.580777], [-72.881578, 41.587374], [-72.882565, 41.587914], [-72.882511, 41.588279], [-72.881927, 41.590157], [-72.885166, 41.58985], [-72.888089, 41.592548], [-72.888738, 41.592444], [-72.885614, 41.597104], [-72.892487, 41.59574], [-72.894051, 41.59631], [-72.894105, 41.595666], [-72.896974, 41.59533], [-72.898083, 41.598312], [-72.898221, 41.598359], [-72.898286, 41.598626], [-72.901535, 41.597515], [-72.902946, 41.597336], [-72.910655, 41.59643], [-72.913808, 41.595233], [-72.915089, 41.593675], [-72.919425, 41.590701], [-72.92273, 41.592474], [-72.925673, 41.592161], [-72.925654, 41.591574], [-72.931767, 41.589621], [-72.933263, 41.590245], [-72.936483, 41.58949], [-72.938037, 41.590631], [-72.935803, 41.598381], [-72.93376, 41.607108], [-72.933644, 41.607794], [-72.935207, 41.619419], [-72.938147, 41.640297], [-72.938501, 41.644311]]]}}, {"type": "Feature", "id": "06515", "properties": {"ZCTA5CE20": "06515", "GEOID20": "06515", "zip": "06515", "STUSPS": "CT"}, "geometry": {"type": "Polygon", "coordinates": [[[-72.997111, 41.322194], [-72.99639, 41.32375], [-72.98894, 41.328893], [-72.988743, 41.330186], [-72.987296, 41.33124], [-72.985015, 41.333017], [-72.98331, 41.337307], [-72.98047, 41.338751], [-72.977248, 41.339992], [-72.974068, 41.341594], [-72.970186, 41.342897], [-72.971109, 41.344264], [-72.972909, 41.347396], [-72.968329, 41.347975], [-72.967669, 41.347284], [-72.96684, 41.345435], [-72.96446, 41.343788], [-72.964187, 41.346419], [-72.96206, 41.346297], [-72.961255, 41.349007], [-72.958643, 41.349079], [-72.957745, 41.35039], [-72.95533, 41.35024], [-72.954669, 41.350162], [-72.952808, 41.349078], [-72.953532, 41.347284], [-72.951482, 41.347107], [-72.951358, 41.343947], [-72.95518, 41.342346], [-72.956991, 41.339847], [-72.952753, 41.337234], [-72.946848, 41.336597], [-72.943109, 41.336266], [-72.940553, 41.335846], [-72.940647, 41.335397], [-72.939233, 41.33529], [-72.939116, 41.333498], [-72.939702, 41.332035], [-72.94049, 41.330604], [-72.941013, 41.329859], [-72.942364, 41.32899], [-72.944382, 41.330305], [-72.947672, 41.32999], [-72.94955, 41.327682], [-72.948518, 41.327269], [-72.949645, 41.32571], [-72.951242, 41.326358], [-72.951738, 41.325688], [-72.950094, 41.325015], [-72.95084, 41.32394], [-72.952522, 41.322803], [-72.953436, 41.322173], [-72.955987, 41.324353], [-72.957476, 41.325242], [-72.95765, 41.324757], [-72.956809, 41.316696], [-72.956535, 41.314012], [-72.956047, 41.312096], [-72.956296, 41.310459], [-72.958147, 41.310701], [-72.963708, 41.310905], [-72.970176, 41.311613], [-72.972486, 41.311945], [-72.989148, 41.313297], [-72.998048, 41.314097], [-72.997111, 41.322194]]]}}, {"type": "Feature", "id": "06241", "properties": {"ZCTA5CE20": "06241", "GEOID20": "06241", "zip": "06241", "STUSPS": "CT"}, "geometry": {"type": "Polygon", "coordinates": [[[-71.927131, 41.853393], [-71.926156, 41.856355], [-71.923489, 41.859082], [-71.923234, 41.862094], [-71.921887, 41.864408], [-71.919187, 41.867809], [-71.91736, 41.869241], [-71.914212, 41.869952], [-71.912025, 41.869077], [-71.910403, 41.869346], [-71.908931, 41.870669], [-71.908145, 41.872752], [-71.905207, 41.873593], [-71.903794, 41.876653], [-71.901708, 41.877836], [-71.898342, 41.880644], [-71.896526, 41.881077], [-71.896004, 41.881201], [-71.886773, 41.883249], [-71.875734, 41.885913], [-71.867986, 41.88782], [-71.824772, 41.898096], [-71.811204, 41.901044], [-71.804504, 41.902712], [-71.801885, 41.901425], [-71.798669, 41.89772], [-71.7963964350815, 41.8971467632475], [-71.7946917826635, 41.854408530038], [-71.7944823560536, 41.8491578858595], [-71.796538, 41.848827], [-71.801809, 41.84905], [-71.803409, 41.84957], [-71.804803, 41.851113], [-71.806131, 41.849736], [-71.808296, 41.851066], [-71.809052, 41.848786], [-71.811122, 41.848938], [-71.810035, 41.850335], [-71.810608, 41.855021], [-71.808105, 41.857018], [-71.80738, 41.858344], [-71.809556, 41.863206], [-71.811031, 41.861508], [-71.812083, 41.857712], [-71.814842, 41.859012], [-71.812559, 41.855994], [-71.814397, 41.854349], [-71.813229, 41.851137], [-71.816069, 41.849872], [-71.818423, 41.849902], [-71.819713, 41.849088], [-71.819542, 41.849087], [-71.8186, 41.848542], [-71.818009, 41.847715], [-71.815003, 41.844001], [-71.812087, 41.8432], [-71.809314, 41.841615], [-71.807236, 41.838145], [-71.805488, 41.837525], [-71.802638, 41.838393], [-71.801383, 41.838317], [-71.799982, 41.84141], [-71.800071, 41.842921], [-71.798426, 41.845212], [-71.796063, 41.844493], [-71.795066, 41.842147], [-71.79418248642, 41.841639697284], [-71.794161, 41.841101], [-71.794161, 41.840141], [-71.792786, 41.80867], [-71.792767, 41.807001], [-71.7926566350564, 41.8046235902363], [-71.7926270381587, 41.8039860331338], [-71.799505, 41.802173], [-71.799442, 41.805347], [-71.814623, 41.812396], [-71.816217, 41.815125], [-71.816914, 41.815187], [-71.822144, 41.808368], [-71.832224, 41.808509], [-71.835646, 41.822618], [-71.837832, 41.822374], [-71.837574, 41.823388], [-71.836192, 41.826037], [-71.835656, 41.830025], [-71.835323, 41.831537], [-71.837137, 41.838025], [-71.837203, 41.838007], [-71.841288, 41.836862], [-71.843156, 41.835951], [-71.846918, 41.836762], [-71.853762, 41.835252], [-71.856581, 41.837626], [-71.860302, 41.839051], [-71.862736, 41.837335], [-71.8649, 41.838494], [-71.86459, 41.836572], [-71.86633, 41.836237], [-71.867181, 41.836405], [-71.873093, 41.833282], [-71.874336, 41.833555], [-71.874882, 41.833157], [-71.876824, 41.831983], [-71.876792, 41.831617], [-71.880317, 41.832762], [-71.880461, 41.834193], [-71.882189, 41.834374], [-71.882773, 41.835983], [-71.881512, 41.83678], [-71.885353, 41.837233], [-71.884966, 41.829426], [-71.88642, 41.828927], [-71.888945, 41.828363], [-71.890648, 41.828361], [-71.894301, 41.826918], [-71.892736, 41.819203], [-71.89418, 41.815565], [-71.894945, 41.815441], [-71.896304, 41.815953], [-71.896503, 41.813952], [-71.899553, 41.816466], [-71.902013, 41.816649], [-71.905115, 41.815922], [-71.905758, 41.815575], [-71.906213, 41.815448], [-71.906799, 41.815499], [-71.907086, 41.815539], [-71.907627, 41.815682], [-71.909018, 41.815469], [-71.911396, 41.814809], [-71.914395, 41.815718], [-71.908892, 41.816975], [-71.906865, 41.821081], [-71.907937, 41.823264], [-71.907385, 41.825796], [-71.906181, 41.826817], [-71.905114, 41.828048], [-71.904298, 41.831278], [-71.907287, 41.832666], [-71.910147, 41.835805], [-71.91086, 41.838309], [-71.914264, 41.840714], [-71.91607, 41.844892], [-71.918356, 41.845635], [-71.919735, 41.846911], [-71.920873, 41.849313], [-71.922882, 41.850174], [-71.92515, 41.849511], [-71.927003, 41.850248], [-71.927131, 41.853393]], [[-71.912145, 41.841836], [-71.910446, 41.841137], [-71.907488, 41.837383], [-71.904378, 41.835543], [-71.904115, 41.833226], [-71.901899, 41.833747], [-71.900241, 41.83341], [-71.898716, 41.833522], [-71.898477, 41.83644], [-71.90141, 41.837049], [-71.909803, 41.842652], [-71.909894, 41.842606], [-71.912106, 41.841855], [-71.912145, 41.841836]]]}}, {"type": "Feature", "id": "06437", "properties": {"ZCTA5CE20": "06437", "GEOID20": "06437", "zip": "06437", "STUSPS": "CT"}, "geometry": {"type": "Polygon", "coordinates": [[[-72.749297, 41.39809], [-72.745971, 41.396901], [-72.74464, 41.399628], [-72.742744, 41.403004], [-72.740804, 41.404338], [-72.732817, 41.412002], [-72.731306, 41.414188], [-72.728198, 41.417637], [-72.723374, 41.419144], [-72.722159, 41.422923], [-72.721217, 41.424793], [-72.72064, 41.427397], [-72.71042, 41.429073], [-72.708343, 41.429443], [-72.707938, 41.429601], [-72.705525, 41.43008], [-72.691558, 41.432437], [-72.690555, 41.432569], [-72.682666, 41.433776], [-72.678739, 41.433797], [-72.679671, 41.37976], [-72.67822, 41.371856], [-72.678649, 41.36041], [-72.678154, 41.357403], [-72.676172, 41.353847], [-72.674961, 41.348566], [-72.671897, 41.344348], [-72.668339, 41.339278], [-72.666952, 41.337809], [-72.665285, 41.335375], [-72.66299, 41.332921], [-72.661153, 41.331855], [-72.659644, 41.330716], [-72.658501, 41.33035], [-72.658448, 41.330291], [-72.655486, 41.331335], [-72.650677, 41.328421], [-72.650474, 41.326683], [-72.645074, 41.323974], [-72.644967, 41.32278], [-72.642569, 41.322657], [-72.642011, 41.320399], [-72.64004, 41.318395], [-72.638278, 41.318025], [-72.635943, 41.315496], [-72.636373, 41.315126], [-72.635584, 41.312876], [-72.63174, 41.309447], [-72.632646, 41.306111], [-72.633973, 41.303909], [-72.633256, 41.29936], [-72.643877, 41.291607], [-72.645623, 41.288987], [-72.647098, 41.28982], [-72.648775, 41.288878], [-72.648651, 41.288722], [-72.646092, 41.287438], [-72.647409, 41.285943], [-72.646573, 41.2839], [-72.644412, 41.28163], [-72.644432, 41.280933], [-72.646847, 41.281122], [-72.649277, 41.279556], [-72.647987, 41.275902], [-72.649689, 41.27441], [-72.652155, 41.274792], [-72.65436, 41.273988], [-72.654266, 41.271252], [-72.656563, 41.269875], [-72.6545317521677, 41.2657632719328], [-72.658424, 41.265013], [-72.661028, 41.268533], [-72.6621840014098, 41.2689332022557], [-72.665667, 41.270139], [-72.6681612231931, 41.2667917398138], [-72.668819, 41.265909], [-72.673216, 41.26762], [-72.6748184875006, 41.2660935957322], [-72.67964, 41.261501], [-72.677052, 41.258266], [-72.677477, 41.254767], [-72.6796026576425, 41.2559286333086], [-72.6808528889136, 41.2566118619994], [-72.6832205401042, 41.2579057403884], [-72.684114, 41.258394], [-72.6845364915381, 41.2582324201641], [-72.685071, 41.258028], [-72.6852493225171, 41.2554632802079], [-72.685539, 41.251297], [-72.6902367263958, 41.246886889506], [-72.690439, 41.246697], [-72.6934409177529, 41.2454927463509], [-72.694744, 41.24497], [-72.6969988389417, 41.2460706442332], [-72.6989150421858, 41.2470059917702], [-72.699081, 41.247087], [-72.706139, 41.243851], [-72.708973, 41.244586], [-72.7090638088347, 41.245521584249], [-72.7092133121883, 41.2470618857331], [-72.709224, 41.247172], [-72.711573, 41.2471024109675], [-72.712397, 41.247078], [-72.7124012631672, 41.2470866978702], [-72.713242, 41.248802], [-72.7099931363788, 41.2509774909451], [-72.7029047136648, 41.255724011953], [-72.702618, 41.255916], [-72.705788, 41.259908], [-72.717256, 41.255859], [-72.718567, 41.256147], [-72.718863, 41.256881], [-72.715387, 41.25896], [-72.714789, 41.261363], [-72.717385, 41.262911], [-72.722674, 41.259259], [-72.7237298416191, 41.2594425637055], [-72.725688, 41.259783], [-72.7265536585414, 41.2587731789074], [-72.726955, 41.258305], [-72.729276, 41.258305], [-72.7294317984095, 41.2581483650228], [-72.7311191731129, 41.2564519298741], [-72.732442, 41.255122], [-72.737041, 41.257343], [-72.735307, 41.261028], [-72.7357675698975, 41.2611461021897], [-72.734459, 41.262745], [-72.731552, 41.263066], [-72.73225, 41.26557], [-72.728049, 41.267995], [-72.72847, 41.269133], [-72.735822, 41.284068], [-72.738134, 41.286286], [-72.741992, 41.297065], [-72.742038, 41.297198], [-72.745119, 41.297436], [-72.746598, 41.29959], [-72.746141, 41.301076], [-72.746086, 41.303917], [-72.745431, 41.304868], [-72.746695, 41.30804], [-72.74611, 41.310633], [-72.745722, 41.311496], [-72.742679, 41.320856], [-72.74145, 41.323691], [-72.742134, 41.334562], [-72.743616, 41.344685], [-72.743835, 41.346358], [-72.743597, 41.346645], [-72.745452, 41.367051], [-72.745915, 41.372234], [-72.746824, 41.382556], [-72.749297, 41.39809]]]}}, {"type": "Feature", "id": "06756", "properties": {"ZCTA5CE20": "06756", "GEOID20": "06756", "zip": "06756", "STUSPS": "CT"}, "geometry": {"type": "Polygon", "coordinates": [[[-73.30385, 41.832328], [-73.303185, 41.834379], [-73.299535, 41.835882], [-73.299969, 41.838558], [-73.294673, 41.840413], [-73.291472, 41.840848], [-73.290225, 41.841791], [-73.29006, 41.843887], [-73.288593, 41.844177], [-73.287976, 41.845549], [-73.285937, 41.845718], [-73.28303, 41.844607], [-73.271397, 41.886843], [-73.267117, 41.901343], [-73.263041, 41.916185], [-73.255534, 41.915799], [-73.251802, 41.915848], [-73.222042, 41.915155], [-73.220445, 41.913635], [-73.219489, 41.913368], [-73.220473, 41.91083], [-73.218893, 41.910233], [-73.218355, 41.908563], [-73.219183, 41.906009], [-73.21653, 41.902807], [-73.213774, 41.900891], [-73.214009, 41.898449], [-73.212045, 41.896217], [-73.212008, 41.893807], [-73.211052, 41.892423], [-73.208524, 41.891262], [-73.20588, 41.890811], [-73.203712, 41.889161], [-73.201714, 41.888702], [-73.200972, 41.887019], [-73.195947, 41.886229], [-73.195073, 41.883626], [-73.192017, 41.882799], [-73.189182, 41.880867], [-73.186728, 41.876294], [-73.18534, 41.876173], [-73.185722, 41.874441], [-73.181511, 41.870924], [-73.178138, 41.869448], [-73.190064, 41.829463], [-73.192566, 41.820979], [-73.197524, 41.804514], [-73.201836, 41.790014], [-73.210526, 41.789294], [-73.224604, 41.788142], [-73.231335, 41.787171], [-73.242988, 41.785952], [-73.249547, 41.785317], [-73.259954, 41.783925], [-73.258938, 41.789223], [-73.259519, 41.791924], [-73.258434, 41.793866], [-73.25865, 41.795823], [-73.261752, 41.795065], [-73.267747, 41.7946], [-73.272798, 41.793011], [-73.275204, 41.792793], [-73.276314, 41.793265], [-73.27671, 41.794037], [-73.274738, 41.798242], [-73.273996, 41.806618], [-73.274047, 41.807818], [-73.275568, 41.806494], [-73.282025, 41.804528], [-73.286572, 41.801587], [-73.290918, 41.801177], [-73.294379, 41.800991], [-73.29493, 41.801324], [-73.286, 41.834137], [-73.289662, 41.834307], [-73.290818, 41.832981], [-73.29477, 41.832719], [-73.303365, 41.830526], [-73.30385, 41.832328]]]}}, {"type": "Feature", "id": "06413", "properties": {"ZCTA5CE20": "06413", "GEOID20": "06413", "zip": "06413", "STUSPS": "CT"}, "geometry": {"type": "Polygon", "coordinates": [[[-72.585657, 41.309852], [-72.582618, 41.311302], [-72.574417, 41.314672], [-72.573581, 41.314829], [-72.558821, 41.322306], [-72.549548, 41.327391], [-72.548802, 41.3277], [-72.531728, 41.336764], [-72.526203, 41.33832], [-72.512034, 41.341599], [-72.49956, 41.307427], [-72.499559, 41.306224], [-72.498815, 41.30455], [-72.495251, 41.295162], [-72.495004, 41.294317], [-72.494277, 41.292191], [-72.494213, 41.292049], [-72.495582, 41.291538], [-72.4935, 41.289268], [-72.493259, 41.287847], [-72.492661, 41.287587], [-72.487234, 41.2737], [-72.4862274061012, 41.2706873690053], [-72.4917028342226, 41.2687034609041], [-72.499534, 41.265866], [-72.5046647988048, 41.2620045658159], [-72.507133, 41.260147], [-72.506974, 41.256896], [-72.51031, 41.256613], [-72.514529, 41.258529], [-72.51802, 41.257762], [-72.5182780735869, 41.258376453455], [-72.5208602186631, 41.2645243432203], [-72.521312, 41.2656], [-72.5218958750572, 41.2655150556895], [-72.5241328640738, 41.2651896102242], [-72.5269821827017, 41.2647750807743], [-72.529416, 41.264421], [-72.5301865058436, 41.2640728544465], [-72.533247, 41.26269], [-72.5342871374258, 41.2607628513044], [-72.536032, 41.25753], [-72.5362680401403, 41.2553764178122], [-72.5363300022319, 41.2548110883025], [-72.545734, 41.260238], [-72.547235, 41.262499], [-72.547655, 41.264323], [-72.54636, 41.267398], [-72.547035, 41.2716], [-72.544339, 41.273697], [-72.546253, 41.275977], [-72.548046, 41.277415], [-72.545986, 41.280335], [-72.548894, 41.281855], [-72.551128, 41.280583], [-72.555028, 41.280608], [-72.557236, 41.281992], [-72.557434, 41.283695], [-72.561132, 41.2875], [-72.563934, 41.288698], [-72.564628, 41.289519], [-72.564556, 41.28986], [-72.565628, 41.292393], [-72.567559, 41.294174], [-72.570146, 41.294419], [-72.570808, 41.295776], [-72.569977, 41.296646], [-72.571739, 41.297565], [-72.570702, 41.298004], [-72.573448, 41.299175], [-72.575953, 41.300921], [-72.57634, 41.302425], [-72.579875, 41.304002], [-72.581822, 41.303902], [-72.581123, 41.304932], [-72.582502, 41.306386], [-72.585599, 41.307348], [-72.586157, 41.309151], [-72.585657, 41.309852]]]}}, {"type": "Feature", "id": "06378", "properties": {"ZCTA5CE20": "06378", "GEOID20": "06378", "zip": "06378", "STUSPS": "CT"}, "geometry": {"type": "Polygon", "coordinates": [[[-71.956667, 41.390446], [-71.949607, 41.392758], [-71.942515, 41.402245], [-71.94307, 41.40457], [-71.944232, 41.404299], [-71.949824, 41.402387], [-71.955431, 41.399059], [-71.954883, 41.400512], [-71.948429, 41.404136], [-71.9443, 41.407956], [-71.945443, 41.408139], [-71.942773, 41.421052], [-71.942982, 41.422716], [-71.94722, 41.423291], [-71.943498, 41.428881], [-71.942834, 41.430268], [-71.94327, 41.433646], [-71.923452, 41.428416], [-71.893545, 41.420731], [-71.875299, 41.416036], [-71.873919, 41.414123], [-71.871178, 41.414041], [-71.871294, 41.413481], [-71.872788, 41.413267], [-71.875792, 41.410165], [-71.877108, 41.405626], [-71.874455, 41.402989], [-71.8744, 41.401756], [-71.874161, 41.400795], [-71.874408, 41.400266], [-71.873386, 41.398055], [-71.873531, 41.397099], [-71.873121, 41.39621], [-71.873201, 41.395825], [-71.874617, 41.394246], [-71.874842, 41.393254], [-71.873265, 41.391656], [-71.871367, 41.390867], [-71.871673, 41.389803], [-71.87558, 41.386609], [-71.874989, 41.383602], [-71.874802, 41.382278], [-71.876231, 41.382409], [-71.880499, 41.3801], [-71.879475, 41.368189], [-71.874941, 41.367497], [-71.874622, 41.362057], [-71.876157, 41.361356], [-71.876831, 41.362829], [-71.87711, 41.364517], [-71.879188, 41.365833], [-71.885467, 41.36731], [-71.884378, 41.365475], [-71.8847, 41.363567], [-71.886305, 41.363568], [-71.886306, 41.359576], [-71.895735, 41.353244], [-71.895888, 41.352015], [-71.890961, 41.351319], [-71.89072, 41.351054], [-71.889925, 41.349756], [-71.886959, 41.349664], [-71.88466, 41.350807], [-71.882512, 41.350666], [-71.882832, 41.349104], [-71.88287, 41.3456], [-71.882581, 41.34495], [-71.8823774862605, 41.3362379310113], [-71.886302, 41.33641], [-71.892665, 41.33327], [-71.8936573290734, 41.3333181458508], [-71.897962, 41.333527], [-71.904655, 41.327353], [-71.9051670579552, 41.3273707585201], [-71.9057103436312, 41.3273896000389], [-71.9090940294406, 41.3275069485771], [-71.921206, 41.327927], [-71.921680471858, 41.3282492479322], [-71.9241702543779, 41.3299402381462], [-71.9251480774226, 41.3306043480378], [-71.92763, 41.33229], [-71.932663, 41.333348], [-71.9331295334766, 41.3339420861255], [-71.9333325383289, 41.3342005935472], [-71.933377, 41.334845], [-71.93377, 41.334972], [-71.933785, 41.335347], [-71.93321, 41.335818], [-71.933137, 41.33659], [-71.933348, 41.336821], [-71.934528, 41.337456], [-71.935387, 41.337726], [-71.9361116599624, 41.3377395413109], [-71.936284, 41.337959], [-71.9375554403829, 41.3379372845366], [-71.9376589654563, 41.3379355163884], [-71.9446219443681, 41.337816592752], [-71.945652, 41.337799], [-71.947748455275, 41.3353543719216], [-71.9504185941406, 41.3322407846575], [-71.953993, 41.332856], [-71.954009, 41.33498], [-71.952269, 41.335672], [-71.950122, 41.33835], [-71.952192, 41.34068], [-71.950954, 41.342737], [-71.948948, 41.341318], [-71.948513, 41.342753], [-71.950262, 41.343838], [-71.949959, 41.344981], [-71.94386, 41.346181], [-71.94168, 41.347357], [-71.942635, 41.349096], [-71.941362, 41.349733], [-71.941582, 41.354313], [-71.939182, 41.358967], [-71.937187, 41.361667], [-71.937208, 41.362328], [-71.938269, 41.361904], [-71.938921, 41.363636], [-71.937343, 41.365048], [-71.942883, 41.369682], [-71.947401, 41.373321], [-71.948084, 41.37387], [-71.948697, 41.374401], [-71.949592, 41.375139], [-71.947448, 41.375177], [-71.947248, 41.376344], [-71.947941, 41.377419], [-71.948461, 41.379898], [-71.953369, 41.380384], [-71.954912, 41.381251], [-71.955172, 41.383141], [-71.954738, 41.384563], [-71.955311, 41.386799], [-71.957781, 41.388381], [-71.956667, 41.390446]]]}}, {"type": "Feature", "id": "06479", "properties": {"ZCTA5CE20": "06479", "GEOID20": "06479", "zip": "06479", "STUSPS": "CT"}, "geometry": {"type": "Polygon", "coordinates": [[[-72.941099, 41.577487], [-72.938037, 41.590631], [-72.936483, 41.58949], [-72.933263, 41.590245], [-72.931767, 41.589621], [-72.925654, 41.591574], [-72.925673, 41.592161], [-72.92273, 41.592474], [-72.919425, 41.590701], [-72.915089, 41.593675], [-72.913808, 41.595233], [-72.910655, 41.59643], [-72.902946, 41.597336], [-72.901535, 41.597515], [-72.898286, 41.598626], [-72.898221, 41.598359], [-72.898083, 41.598312], [-72.896974, 41.59533], [-72.894105, 41.595666], [-72.894051, 41.59631], [-72.892487, 41.59574], [-72.885614, 41.597104], [-72.888738, 41.592444], [-72.888089, 41.592548], [-72.885166, 41.58985], [-72.881927, 41.590157], [-72.882511, 41.588279], [-72.882565, 41.587914], [-72.881578, 41.587374], [-72.883031, 41.580777], [-72.883595, 41.579672], [-72.881176, 41.579943], [-72.878443, 41.577708], [-72.874121, 41.578319], [-72.871312, 41.577213], [-72.870278, 41.579113], [-72.870965, 41.576942], [-72.868842, 41.577115], [-72.869863, 41.574577], [-72.866453, 41.573483], [-72.867921, 41.571583], [-72.860547, 41.570975], [-72.859628, 41.566658], [-72.86333, 41.566222], [-72.865623, 41.563162], [-72.868128, 41.562536], [-72.868217, 41.561493], [-72.87391, 41.563006], [-72.870138, 41.556673], [-72.869593, 41.554865], [-72.869514, 41.554531], [-72.871876, 41.555272], [-72.871823, 41.556761], [-72.873306, 41.556486], [-72.873956, 41.559154], [-72.876233, 41.560385], [-72.879423, 41.562253], [-72.879256, 41.563152], [-72.883885, 41.563812], [-72.901408, 41.562012], [-72.900752, 41.564339], [-72.891107, 41.564866], [-72.891986, 41.565986], [-72.896009, 41.569251], [-72.896547, 41.570612], [-72.900318, 41.569473], [-72.901838, 41.567588], [-72.90288, 41.564256], [-72.903489, 41.564223], [-72.909631, 41.563758], [-72.909467, 41.562457], [-72.909585, 41.561923], [-72.910065, 41.56101], [-72.915648, 41.560396], [-72.917806, 41.560039], [-72.915673, 41.561515], [-72.909976, 41.568725], [-72.918132, 41.567778], [-72.921745, 41.568646], [-72.92353, 41.569087], [-72.924455, 41.566762], [-72.931301, 41.565967], [-72.931937, 41.565987], [-72.933686, 41.566263], [-72.93924, 41.569641], [-72.942615, 41.571126], [-72.941099, 41.577487]]]}}, {"type": "Feature", "id": "06280", "properties": {"ZCTA5CE20": "06280", "GEOID20": "06280", "zip": "06280", "STUSPS": "CT"}, "geometry": {"type": "Polygon", "coordinates": [[[-72.193617, 41.715943], [-72.193428, 41.716533], [-72.193283, 41.716602], [-72.19217, 41.716399], [-72.19206, 41.716198], [-72.19221, 41.715727], [-72.189811, 41.714582], [-72.188916, 41.714384], [-72.186374, 41.715771], [-72.185995, 41.720212], [-72.178302, 41.718903], [-72.175103, 41.714761], [-72.171897, 41.71451], [-72.170697, 41.715766], [-72.169587, 41.717603], [-72.16818, 41.718145], [-72.166689, 41.71833], [-72.166667, 41.717565], [-72.164369, 41.717676], [-72.159524, 41.732823], [-72.14692, 41.726735], [-72.132258, 41.721457], [-72.129954, 41.723232], [-72.129676, 41.722309], [-72.127716, 41.723269], [-72.125738, 41.725959], [-72.121802, 41.729316], [-72.1185, 41.725365], [-72.122489, 41.712754], [-72.121976, 41.707487], [-72.121099, 41.697452], [-72.112392, 41.697618], [-72.111819, 41.694778], [-72.112321, 41.690926], [-72.109185, 41.686286], [-72.109169, 41.684062], [-72.10639, 41.689084], [-72.100454, 41.690578], [-72.084277, 41.698453], [-72.083957, 41.694868], [-72.087338, 41.691773], [-72.083468, 41.692657], [-72.085088, 41.687361], [-72.093217, 41.676672], [-72.095518, 41.674897], [-72.093877, 41.671819], [-72.094726, 41.670268], [-72.094338, 41.668868], [-72.091918, 41.66701], [-72.089496, 41.667614], [-72.08722, 41.666353], [-72.087692, 41.661923], [-72.089506, 41.659735], [-72.092407, 41.657189], [-72.103523, 41.659305], [-72.11, 41.660224], [-72.119773, 41.661834], [-72.119957, 41.663301], [-72.146717, 41.667169], [-72.151747, 41.667516], [-72.15501, 41.662666], [-72.157472, 41.657798], [-72.158113, 41.664662], [-72.159296, 41.66704], [-72.161897, 41.66955], [-72.166111, 41.674181], [-72.168251, 41.679613], [-72.16886, 41.679467], [-72.171197, 41.683485], [-72.178083, 41.689953], [-72.177844, 41.690097], [-72.177999, 41.690322], [-72.179126, 41.691693], [-72.17967, 41.69218], [-72.183122, 41.697344], [-72.183078, 41.698128], [-72.181717, 41.700296], [-72.179975, 41.702846], [-72.179993, 41.704162], [-72.183609, 41.707646], [-72.19038, 41.707576], [-72.191209, 41.708602], [-72.192878, 41.710486], [-72.192987, 41.712182], [-72.19241, 41.714252], [-72.194308, 41.715971], [-72.193617, 41.715943]]]}}, {"type": "Feature", "id": "06605", "properties": {"ZCTA5CE20": "06605", "GEOID20": "06605", "zip": "06605", "STUSPS": "CT"}, "geometry": {"type": "Polygon", "coordinates": [[[-73.237229, 41.155134], [-73.233877, 41.157178], [-73.229993, 41.160726], [-73.228135, 41.162145], [-73.227426, 41.164102], [-73.224417, 41.166297], [-73.222269, 41.168928], [-73.223701, 41.170156], [-73.227633, 41.169433], [-73.225682, 41.173051], [-73.225492, 41.173908], [-73.223865, 41.174002], [-73.223072, 41.176385], [-73.221071, 41.176625], [-73.218219, 41.177476], [-73.218234, 41.177411], [-73.217593, 41.177712], [-73.215344, 41.176549], [-73.215126, 41.176372], [-73.212644, 41.176125], [-73.211944, 41.176451], [-73.21014, 41.177587], [-73.209, 41.179312], [-73.208924, 41.179808], [-73.207703, 41.181071], [-73.206713, 41.181683], [-73.20551, 41.180505], [-73.204781, 41.180512], [-73.203224, 41.179643], [-73.201772, 41.178267], [-73.201245, 41.177708], [-73.199359, 41.175926], [-73.202378, 41.175643], [-73.202875, 41.174333], [-73.201233, 41.174464], [-73.201202, 41.172941], [-73.201188, 41.172029], [-73.200784, 41.171774], [-73.197018, 41.172813], [-73.196101, 41.171583], [-73.199124, 41.169122], [-73.198229, 41.169086], [-73.200482, 41.168207], [-73.19945, 41.167127], [-73.206363, 41.161838], [-73.207536, 41.160756], [-73.211257, 41.157796], [-73.214157, 41.155996], [-73.216657, 41.153896], [-73.2175103109082, 41.1528720269101], [-73.219741, 41.15332], [-73.221345, 41.151306], [-73.223781, 41.150143], [-73.222653, 41.148308], [-73.227569, 41.143006], [-73.230537750901, 41.1433984507133], [-73.2313717288157, 41.1435086974933], [-73.2348456347633, 41.1439679266145], [-73.232856, 41.147604], [-73.233696, 41.152099], [-73.236092, 41.152387], [-73.237219, 41.153661], [-73.237229, 41.155134]]]}}, {"type": "Feature", "id": "02804", "properties": {"ZCTA5CE20": "02804", "GEOID20": "02804", "zip": "02804", "STUSPS": "CT"}, "geometry": {"type": "Polygon", "coordinates": [[[-71.803475, 41.404065], [-71.798805, 41.404995], [-71.79598, 41.407289], [-71.798374, 41.408919], [-71.796952, 41.411623], [-71.79709, 41.413751], [-71.796113, 41.414466], [-71.79647, 41.416379], [-71.7976736925498, 41.4169104184967], [-71.797235453979, 41.426394149577], [-71.7967394589644, 41.4371277628393], [-71.796485908112, 41.4426147470055], [-71.7956834364983, 41.4599806875911], [-71.7956832061219, 41.4599856730672], [-71.7955167123037, 41.4635886936663], [-71.7949846626488, 41.4751025497798], [-71.7945395881831, 41.4847342134994], [-71.791877, 41.484389], [-71.792206, 41.475125], [-71.788581, 41.47517], [-71.786735, 41.471764], [-71.781731, 41.471776], [-71.783661, 41.469137], [-71.785856, 41.468638], [-71.786859, 41.466636], [-71.786182, 41.465513], [-71.782382, 41.464527], [-71.782163, 41.462572], [-71.782873, 41.461685], [-71.780869, 41.461918], [-71.777977, 41.461452], [-71.778748, 41.457249], [-71.778203, 41.454389], [-71.771928, 41.460093], [-71.76886, 41.462886], [-71.765778, 41.465529], [-71.760055, 41.469472], [-71.759128, 41.469176], [-71.756314, 41.466513], [-71.756442, 41.463407], [-71.755786, 41.462057], [-71.756253, 41.460827], [-71.751976, 41.460228], [-71.748713, 41.460177], [-71.747559, 41.461166], [-71.747317, 41.462544], [-71.745137, 41.463119], [-71.742712, 41.463318], [-71.740594, 41.463115], [-71.737755, 41.464126], [-71.73433, 41.46071], [-71.732795, 41.459568], [-71.731315, 41.457952], [-71.730237, 41.458046], [-71.7283, 41.455782], [-71.734736, 41.453229], [-71.739275, 41.450657], [-71.737372, 41.447935], [-71.737928, 41.44624], [-71.733633, 41.444761], [-71.732841, 41.443878], [-71.729603, 41.443407], [-71.727502, 41.44363], [-71.726756, 41.443226], [-71.724258, 41.440395], [-71.724052, 41.437901], [-71.723698, 41.437636], [-71.726949, 41.434765], [-71.730969, 41.434613], [-71.73793, 41.433464], [-71.740255, 41.433347], [-71.742873, 41.43406], [-71.753876, 41.434261], [-71.754997, 41.429111], [-71.754822, 41.427856], [-71.760548, 41.427668], [-71.759923, 41.42881], [-71.76005, 41.431172], [-71.761392, 41.431716], [-71.764448, 41.431559], [-71.766875, 41.430516], [-71.765529, 41.429175], [-71.76681, 41.426891], [-71.767929, 41.426189], [-71.768745, 41.424232], [-71.770699, 41.423851], [-71.770622, 41.4245], [-71.771858, 41.424558], [-71.773415, 41.422546], [-71.772317, 41.418736], [-71.765175, 41.418007], [-71.769206, 41.414314], [-71.768451, 41.413801], [-71.765909, 41.414176], [-71.76601, 41.41374], [-71.76563, 41.412845], [-71.764236, 41.412053], [-71.763724, 41.410891], [-71.763127, 41.406923], [-71.76371, 41.405176], [-71.767145, 41.402619], [-71.76718, 41.399206], [-71.771103, 41.40139], [-71.772674, 41.400404], [-71.771528, 41.39706], [-71.774179, 41.395412], [-71.776231, 41.393521], [-71.777808, 41.393256], [-71.779007, 41.394546], [-71.780783, 41.393488], [-71.778765, 41.389636], [-71.779222, 41.387277], [-71.780421, 41.387084], [-71.780455, 41.388711], [-71.782037, 41.388577], [-71.783069, 41.386548], [-71.783937, 41.386607], [-71.7852, 41.389532], [-71.786664, 41.38971], [-71.788774, 41.39108], [-71.790029, 41.392623], [-71.792265, 41.392142], [-71.796989, 41.393016], [-71.798463, 41.395563], [-71.798072, 41.396694], [-71.794371, 41.397035], [-71.794711, 41.397927], [-71.799756, 41.398589], [-71.799824, 41.399332], [-71.800487, 41.399612], [-71.800536, 41.401106], [-71.803475, 41.404065]]]}}, {"type": "Feature", "id": "11733", "properties": {"ZCTA5CE20": "11733", "GEOID20": "11733", "zip": "11733", "STUSPS": "CT"}, "geometry": {"type": "Polygon", "coordinates": [[[-73.158129, 40.967517], [-73.1493460208412, 40.9661763460674], [-73.148289, 40.966015], [-73.138766, 40.966404], [-73.1374575886732, 40.9667929330101], [-73.130275, 40.968928], [-73.1201219477185, 40.976101417396], [-73.1198476780135, 40.9762951966674], [-73.118434, 40.977294], [-73.110368, 40.971938], [-73.102399, 40.969195], [-73.0954092476223, 40.96904596826], [-73.093863, 40.969013], [-73.0937946034734, 40.9690738962834], [-73.0929816419134, 40.9697977099041], [-73.07824, 40.951201], [-73.07966, 40.950159], [-73.080027, 40.949903], [-73.082909, 40.950042], [-73.084722, 40.950127], [-73.086161, 40.947848], [-73.086153, 40.945526], [-73.086166, 40.941214], [-73.0821, 40.939469], [-73.080035, 40.939186], [-73.079355, 40.938918], [-73.077432, 40.938431], [-73.076975, 40.934849], [-73.074334, 40.933203], [-73.072282, 40.933052], [-73.072008, 40.931827], [-73.072709, 40.931544], [-73.073969, 40.931015], [-73.069732, 40.928094], [-73.070609, 40.927155], [-73.071596, 40.923488], [-73.072474, 40.922553], [-73.073077, 40.921962], [-73.073596, 40.922276], [-73.076215, 40.919865], [-73.076262, 40.919174], [-73.076365, 40.919097], [-73.07255, 40.916473], [-73.070063, 40.914039], [-73.069468, 40.91344], [-73.069324, 40.906467], [-73.069732, 40.906212], [-73.07239, 40.904567], [-73.080454, 40.899483], [-73.084765, 40.896763], [-73.088571, 40.894364], [-73.101602, 40.886144], [-73.106644, 40.883193], [-73.109225, 40.886636], [-73.109881, 40.887733], [-73.100347, 40.889446], [-73.099917, 40.890311], [-73.099414, 40.89017], [-73.098255, 40.894279], [-73.09688, 40.895667], [-73.096492, 40.896834], [-73.098642, 40.901096], [-73.102266, 40.900475], [-73.103368, 40.902096], [-73.10143, 40.902969], [-73.101647, 40.904323], [-73.108479, 40.903685], [-73.111102, 40.903861], [-73.114266, 40.903172], [-73.110992, 40.898204], [-73.109183, 40.893017], [-73.111705, 40.892332], [-73.115109, 40.901668], [-73.115899, 40.903084], [-73.116352, 40.903889], [-73.111741, 40.904663], [-73.110851, 40.905895], [-73.107243, 40.906032], [-73.107601, 40.907869], [-73.111929, 40.908481], [-73.113491, 40.913569], [-73.113084, 40.913472], [-73.111194, 40.913032], [-73.108966, 40.91761], [-73.106685, 40.916477], [-73.108722, 40.919666], [-73.109142, 40.920081], [-73.111545, 40.92115], [-73.113452, 40.922256], [-73.117868, 40.923057], [-73.118834, 40.923398], [-73.119308, 40.924201], [-73.119745, 40.925912], [-73.119961, 40.9263], [-73.12136, 40.925715], [-73.124469, 40.924611], [-73.124271, 40.926249], [-73.123035, 40.92919], [-73.122953, 40.929504], [-73.127479, 40.931185], [-73.128971, 40.931949], [-73.129032, 40.932967], [-73.129215, 40.937465], [-73.129284, 40.937629], [-73.130085, 40.938827], [-73.129543, 40.942247], [-73.133207, 40.942284], [-73.134761, 40.944024], [-73.136378, 40.943965], [-73.137417, 40.947707], [-73.138088, 40.947723], [-73.141345, 40.945652], [-73.1447174623277, 40.9449235988237], [-73.144673, 40.955842], [-73.148048, 40.95965], [-73.154446, 40.961658], [-73.158757, 40.966399], [-73.158129, 40.967517]]]}}, {"type": "Feature", "id": "12564", "properties": {"ZCTA5CE20": "12564", "GEOID20": "12564", "zip": "12564", "STUSPS": "CT"}, "geometry": {"type": "Polygon", "coordinates": [[[-73.663599, 41.58889], [-73.663527, 41.589277], [-73.663525, 41.589291], [-73.660667, 41.590901], [-73.637696, 41.602937], [-73.629604, 41.607551], [-73.628228, 41.608322], [-73.628467, 41.612343], [-73.630754, 41.613157], [-73.634362, 41.614993], [-73.634296, 41.621355], [-73.63367, 41.622613], [-73.634883, 41.625671], [-73.637586, 41.63627], [-73.629843, 41.635479], [-73.630103, 41.639838], [-73.625277, 41.640257], [-73.624988, 41.636248], [-73.621289, 41.634993], [-73.617508, 41.635036], [-73.611657, 41.63288], [-73.605022, 41.63331], [-73.605089, 41.637012], [-73.60262, 41.639072], [-73.599768, 41.638496], [-73.596223, 41.639079], [-73.592155, 41.640938], [-73.59036, 41.638923], [-73.588278, 41.638578], [-73.588067, 41.639509], [-73.580558, 41.638158], [-73.574233, 41.637911], [-73.574692, 41.633503], [-73.576473, 41.628164], [-73.576593, 41.626457], [-73.574422, 41.62563], [-73.574527, 41.625114], [-73.576879, 41.614024], [-73.5210383249554, 41.619828966949], [-73.521041, 41.619773], [-73.5213499900943, 41.6166037119497], [-73.5274190937751, 41.5543533740742], [-73.5274208272509, 41.5543355939442], [-73.530067, 41.527194], [-73.560811, 41.526637], [-73.573503, 41.526462], [-73.580153, 41.526382], [-73.604342, 41.523874], [-73.6205, 41.521994], [-73.621968, 41.521831], [-73.623907, 41.522707], [-73.62547, 41.525422], [-73.628873, 41.528171], [-73.630997, 41.529098], [-73.632251, 41.530396], [-73.636598, 41.532146], [-73.636214, 41.534758], [-73.637429, 41.535262], [-73.637181, 41.538223], [-73.636332, 41.537923], [-73.633288, 41.538965], [-73.632254, 41.541093], [-73.632428, 41.544209], [-73.632461, 41.546004], [-73.632926, 41.547537], [-73.628102, 41.548583], [-73.626425, 41.549677], [-73.628289, 41.550157], [-73.627879, 41.553174], [-73.630627, 41.553943], [-73.635827, 41.556324], [-73.637829, 41.557914], [-73.639381, 41.560296], [-73.639855, 41.562767], [-73.63874, 41.566782], [-73.638485, 41.569953], [-73.639243, 41.572383], [-73.641564, 41.575329], [-73.646188, 41.575738], [-73.647434, 41.57384], [-73.647102, 41.570731], [-73.651596, 41.567222], [-73.652037, 41.565548], [-73.656922, 41.567551], [-73.655973, 41.569997], [-73.655927, 41.572994], [-73.656102, 41.577863], [-73.655491, 41.581185], [-73.656085, 41.58304], [-73.656987, 41.584255], [-73.657624, 41.584851], [-73.661889, 41.587575], [-73.663685, 41.588426], [-73.663599, 41.58889]]]}}, {"type": "Feature", "id": "01230", "properties": {"ZCTA5CE20": "01230", "GEOID20": "01230", "zip": "01230", "STUSPS": "CT"}, "geometry": {"type": "Polygon", "coordinates": [[[-73.47591804393, 42.1740039412646], [-73.459935234225, 42.2175256820894], [-73.4499292352414, 42.2447723616467], [-73.445055, 42.241652], [-73.439159, 42.240009], [-73.438734, 42.242194], [-73.439089, 42.243662], [-73.441324, 42.246588], [-73.443389, 42.24709], [-73.446042, 42.248421], [-73.446866, 42.250732], [-73.444578, 42.253753], [-73.443443, 42.256344], [-73.44352, 42.257878], [-73.441598, 42.260598], [-73.441551, 42.262698], [-73.438981, 42.265206], [-73.439555, 42.267091], [-73.441149, 42.26804], [-73.440762329917, 42.2697341602951], [-73.4407508083024, 42.269765534048], [-73.438115, 42.267496], [-73.436541, 42.267298], [-73.434845, 42.265759], [-73.430569, 42.260124], [-73.4299, 42.251494], [-73.426453, 42.248881], [-73.426475, 42.240852], [-73.42039, 42.240829], [-73.417394, 42.236738], [-73.413265, 42.236008], [-73.411646, 42.238367], [-73.412111, 42.236488], [-73.409977, 42.23478], [-73.411041, 42.232931], [-73.409395, 42.231899], [-73.409757, 42.229912], [-73.407808, 42.2281], [-73.40713, 42.225155], [-73.396238, 42.225038], [-73.402448, 42.25854], [-73.387117, 42.258536], [-73.388605, 42.256589], [-73.392355, 42.256116], [-73.388864, 42.255054], [-73.389129, 42.252155], [-73.380958, 42.25186], [-73.381129, 42.250395], [-73.379937, 42.24882], [-73.378633, 42.245856], [-73.376501, 42.242182], [-73.376867, 42.238389], [-73.376181, 42.237127], [-73.373871, 42.234966], [-73.373679, 42.234176], [-73.371475, 42.231855], [-73.371955, 42.23079], [-73.371258, 42.228655], [-73.369367, 42.227745], [-73.368923, 42.226493], [-73.366582, 42.226983], [-73.365737, 42.226314], [-73.363785, 42.227276], [-73.363737, 42.236911], [-73.367843, 42.239632], [-73.368426, 42.241075], [-73.368579, 42.246105], [-73.366755, 42.246009], [-73.370173, 42.24907], [-73.366103, 42.249144], [-73.366186, 42.249684], [-73.363873, 42.242982], [-73.364141, 42.244629], [-73.362311, 42.243156], [-73.358019, 42.24251], [-73.358508, 42.246631], [-73.361369, 42.248639], [-73.363615, 42.248918], [-73.366199, 42.251567], [-73.365626, 42.255108], [-73.362217, 42.258475], [-73.358824, 42.258434], [-73.328249, 42.258028], [-73.289193, 42.257506], [-73.28537, 42.257466], [-73.27047, 42.257315], [-73.243993, 42.25706], [-73.256797, 42.241672], [-73.286646, 42.205104], [-73.285251, 42.203865], [-73.281287, 42.202437], [-73.278502, 42.199242], [-73.274716, 42.196771], [-73.273605, 42.193631], [-73.271184, 42.190104], [-73.263228, 42.1868], [-73.260552, 42.182224], [-73.255969, 42.179199], [-73.255581, 42.176882], [-73.256639, 42.174491], [-73.2562, 42.171557], [-73.257021, 42.167401], [-73.247077, 42.168576], [-73.224466, 42.148187], [-73.186301, 42.153565], [-73.177318, 42.083787], [-73.180095, 42.085794], [-73.181771, 42.088573], [-73.187835, 42.097068], [-73.193855, 42.103191], [-73.201015, 42.108603], [-73.212231, 42.115723], [-73.219391, 42.117952], [-73.22026, 42.115536], [-73.224831, 42.115897], [-73.227314, 42.114667], [-73.23131, 42.114962], [-73.232231, 42.114084], [-73.234205, 42.111745], [-73.233481, 42.109368], [-73.233914, 42.106937], [-73.239139, 42.104113], [-73.23986, 42.102993], [-73.238981, 42.100178], [-73.238015, 42.09925], [-73.238861, 42.097664], [-73.23765, 42.094563], [-73.238301, 42.093883], [-73.239689, 42.094407], [-73.242844, 42.0906], [-73.246078, 42.091167], [-73.248635, 42.093021], [-73.250229, 42.093217], [-73.253861, 42.098009], [-73.254208, 42.09915], [-73.256279, 42.10072], [-73.258656, 42.101086], [-73.258246, 42.098621], [-73.260436, 42.097739], [-73.262767, 42.094496], [-73.26139, 42.093386], [-73.263227, 42.091181], [-73.265276, 42.091313], [-73.268261, 42.090217], [-73.269549, 42.092347], [-73.271221, 42.093687], [-73.272673, 42.093583], [-73.271657, 42.095766], [-73.271004, 42.094116], [-73.269209, 42.092629], [-73.26882, 42.091247], [-73.266638, 42.091134], [-73.264102, 42.092517], [-73.26326, 42.095173], [-73.260865, 42.098225], [-73.258257, 42.102494], [-73.256654, 42.102349], [-73.255269, 42.103315], [-73.245517, 42.130201], [-73.249515, 42.129851], [-73.250486, 42.12917], [-73.255119, 42.128415], [-73.259389, 42.128377], [-73.260876, 42.127701], [-73.261624, 42.126291], [-73.264047, 42.129755], [-73.266264, 42.130899], [-73.26592, 42.13272], [-73.271246, 42.13417], [-73.273516, 42.135497], [-73.277363, 42.135894], [-73.279291, 42.135288], [-73.278947, 42.130946], [-73.281442, 42.13054], [-73.28469, 42.128841], [-73.288424, 42.125958], [-73.285301, 42.124324], [-73.284786, 42.122346], [-73.284799, 42.118722], [-73.282827, 42.112643], [-73.287576, 42.107303], [-73.288871, 42.107293], [-73.295007, 42.105738], [-73.29872, 42.106347], [-73.302651, 42.104936], [-73.304148, 42.106932], [-73.306321, 42.111561], [-73.307183, 42.118668], [-73.310955, 42.113097], [-73.313195, 42.111724], [-73.315139, 42.109636], [-73.31708, 42.10837], [-73.320269, 42.109384], [-73.326686, 42.107156], [-73.328001, 42.107884], [-73.328488, 42.109827], [-73.328001, 42.112034], [-73.327973, 42.115717], [-73.328843, 42.118923], [-73.329736, 42.120659], [-73.32846, 42.121579], [-73.328136, 42.123045], [-73.329668, 42.126593], [-73.327452, 42.127342], [-73.326899, 42.131619], [-73.324954, 42.132915], [-73.332346, 42.136454], [-73.349239, 42.159743], [-73.36518, 42.159903], [-73.366639, 42.159913], [-73.36621, 42.147811], [-73.368504, 42.148262], [-73.371007, 42.147726], [-73.376255, 42.147397], [-73.379053, 42.146225], [-73.380236, 42.143431], [-73.38426, 42.141259], [-73.387238, 42.141459], [-73.390108, 42.139013], [-73.394789, 42.135727], [-73.396587, 42.133891], [-73.401837, 42.131521], [-73.404684, 42.13449], [-73.404317, 42.132], [-73.434851, 42.132362], [-73.428748, 42.121263], [-73.436538, 42.118149], [-73.471455, 42.149477], [-73.474046, 42.151075], [-73.4829633739641, 42.154819265139], [-73.47591804393, 42.1740039412646]]]}}, {"type": "Feature", "id": "06095", "properties": {"ZCTA5CE20": "06095", "GEOID20": "06095", "zip": "06095", "STUSPS": "CT"}, "geometry": {"type": "Polygon", "coordinates": [[[-72.742964, 41.877352], [-72.737806, 41.892376], [-72.737729, 41.892608], [-72.729646, 41.914345], [-72.729225, 41.915589], [-72.722212, 41.927928], [-72.713636, 41.926997], [-72.703503, 41.924697], [-72.695906, 41.922431], [-72.69486, 41.921127], [-72.693223, 41.920093], [-72.686137, 41.918098], [-72.677379, 41.917108], [-72.674329, 41.916003], [-72.66398, 41.90892], [-72.662054, 41.9079], [-72.654342, 41.905144], [-72.652519, 41.90453], [-72.642748, 41.900098], [-72.641934, 41.899197], [-72.640153, 41.897857], [-72.639834, 41.897596], [-72.635427, 41.903308], [-72.621734, 41.904597], [-72.620685, 41.897712], [-72.621377, 41.893139], [-72.620441, 41.890404], [-72.620448, 41.88714], [-72.619693, 41.882841], [-72.619401, 41.876525], [-72.619264, 41.868296], [-72.620636, 41.863511], [-72.625611, 41.845728], [-72.629935, 41.837198], [-72.637234, 41.830534], [-72.638222, 41.829416], [-72.638927, 41.828753], [-72.640394, 41.825239], [-72.644239, 41.813113], [-72.644264, 41.813011], [-72.64564, 41.805834], [-72.648485, 41.806095], [-72.654636, 41.806099], [-72.655735, 41.805993], [-72.659336, 41.802429], [-72.658301, 41.802098], [-72.658245, 41.802016], [-72.658656, 41.801364], [-72.658747, 41.801305], [-72.66, 41.801748], [-72.662861, 41.801492], [-72.662742, 41.80563], [-72.658334, 41.805871], [-72.658675, 41.807316], [-72.66107, 41.807083], [-72.662597, 41.806779], [-72.663478, 41.806526], [-72.664226, 41.80774], [-72.668627, 41.807197], [-72.669852, 41.807917], [-72.670526, 41.809053], [-72.672595, 41.809635], [-72.675529, 41.811737], [-72.675734, 41.813153], [-72.677098, 41.814586], [-72.680582, 41.816765], [-72.680814, 41.817537], [-72.686559, 41.817509], [-72.686821, 41.823743], [-72.686979, 41.82583], [-72.687037, 41.826587], [-72.687394, 41.829908], [-72.687468, 41.830939], [-72.688073, 41.837071], [-72.688738, 41.847901], [-72.689024, 41.853197], [-72.689691, 41.866244], [-72.699645, 41.868021], [-72.724042, 41.873227], [-72.727972, 41.874323], [-72.740607, 41.876812], [-72.742964, 41.877352]]]}}, {"type": "Feature", "id": "06382", "properties": {"ZCTA5CE20": "06382", "GEOID20": "06382", "zip": "06382", "STUSPS": "CT"}, "geometry": {"type": "Polygon", "coordinates": [[[-72.167474, 41.45852], [-72.164219, 41.459466], [-72.159776, 41.462405], [-72.157443, 41.463472], [-72.152708, 41.461583], [-72.150595, 41.461338], [-72.144642, 41.458265], [-72.142435, 41.456499], [-72.141218, 41.455866], [-72.140635, 41.454999], [-72.138112, 41.454213], [-72.136246, 41.452316], [-72.134708, 41.452381], [-72.130226, 41.448839], [-72.129976, 41.449005], [-72.125693, 41.450827], [-72.126629, 41.45242], [-72.121493, 41.452332], [-72.127127, 41.45898], [-72.133096, 41.464711], [-72.132397, 41.466242], [-72.132285, 41.46933], [-72.133996, 41.47103], [-72.13612, 41.470096], [-72.141089, 41.468252], [-72.143632, 41.473222], [-72.139512, 41.473539], [-72.138992, 41.473927], [-72.139678, 41.474526], [-72.141211, 41.47547], [-72.139327, 41.477538], [-72.142134, 41.478963], [-72.136911, 41.485596], [-72.133219, 41.486423], [-72.130415, 41.488429], [-72.132143, 41.490075], [-72.137141, 41.490668], [-72.138411, 41.491253], [-72.140672, 41.490765], [-72.143991, 41.492941], [-72.147537, 41.493034], [-72.149238, 41.494688], [-72.148864, 41.496129], [-72.154169, 41.498584], [-72.155315, 41.496973], [-72.158149, 41.497597], [-72.155544, 41.497763], [-72.156394, 41.499624], [-72.154146, 41.500359], [-72.145996, 41.500608], [-72.143157, 41.50292], [-72.141376, 41.503073], [-72.141983, 41.504173], [-72.136129, 41.504852], [-72.135416, 41.504006], [-72.133591, 41.502815], [-72.127226, 41.503207], [-72.123058, 41.501998], [-72.120054, 41.502888], [-72.115426, 41.500872], [-72.112177, 41.500988], [-72.111682, 41.502036], [-72.107982, 41.502828], [-72.106521, 41.50161], [-72.106529, 41.499587], [-72.102131, 41.497974], [-72.099859, 41.496486], [-72.099744, 41.495098], [-72.09948, 41.49485], [-72.098237, 41.494434], [-72.097536, 41.495164], [-72.097602, 41.495499], [-72.093682, 41.49721], [-72.08392, 41.493839], [-72.08102, 41.492099], [-72.080498, 41.489174], [-72.077613, 41.485086], [-72.074425, 41.481808], [-72.073424, 41.478388], [-72.073624, 41.474968], [-72.071323, 41.471143], [-72.069921, 41.465811], [-72.070021, 41.463598], [-72.070821, 41.460298], [-72.071744, 41.458736], [-72.073621, 41.456298], [-72.076421, 41.453898], [-72.082821, 41.448898], [-72.085521, 41.445098], [-72.087921, 41.439398], [-72.090994, 41.437442], [-72.092421, 41.436698], [-72.094721, 41.432898], [-72.096521, 41.430198], [-72.095621, 41.425298], [-72.106478, 41.42699], [-72.110213, 41.426483], [-72.110172, 41.425861], [-72.111922, 41.42619], [-72.112934, 41.426012], [-72.120117, 41.424902], [-72.120802, 41.424898], [-72.128236, 41.423938], [-72.131466, 41.4235], [-72.131312, 41.42408], [-72.130576, 41.424435], [-72.130109, 41.42559], [-72.13548, 41.428566], [-72.137129, 41.428275], [-72.135265, 41.425528], [-72.133659, 41.424571], [-72.132985, 41.423286], [-72.153362, 41.420401], [-72.157018, 41.423318], [-72.159015, 41.423755], [-72.157337, 41.428617], [-72.157372, 41.43032], [-72.158822, 41.43227], [-72.157916, 41.433646], [-72.158092, 41.434341], [-72.163472, 41.436865], [-72.166353, 41.435608], [-72.167608, 41.435882], [-72.167474, 41.45852]]]}}, {"type": "Feature", "id": "06519", "properties": {"ZCTA5CE20": "06519", "GEOID20": "06519", "zip": "06519", "STUSPS": "CT"}, "geometry": {"type": "Polygon", "coordinates": [[[-72.956296, 41.310459], [-72.9534, 41.310083], [-72.953115, 41.308046], [-72.952857, 41.306549], [-72.9526, 41.305438], [-72.952153, 41.305573], [-72.949953, 41.305778], [-72.947353, 41.305889], [-72.946922, 41.305889], [-72.942632, 41.306028], [-72.942471, 41.306904], [-72.938888, 41.307031], [-72.939227, 41.306146], [-72.937594, 41.306095], [-72.935963, 41.305611], [-72.936949, 41.304354], [-72.936378, 41.303212], [-72.934843, 41.303954], [-72.933514, 41.301877], [-72.930605, 41.302724], [-72.930059, 41.302855], [-72.928642, 41.302102], [-72.92598, 41.301006], [-72.924314, 41.301006], [-72.923687, 41.301], [-72.924282, 41.299331], [-72.927545, 41.295691], [-72.93082, 41.293497], [-72.931051, 41.291556], [-72.930391, 41.289099], [-72.929311, 41.285461], [-72.927801, 41.285736], [-72.925793, 41.287316], [-72.924789, 41.286744], [-72.915323, 41.297018], [-72.911829, 41.298615], [-72.910802, 41.299498], [-72.910762, 41.300843], [-72.90887, 41.300737], [-72.905184, 41.298252], [-72.9073407391115, 41.2952539114803], [-72.907621, 41.296201], [-72.913087, 41.296737], [-72.921881, 41.289326], [-72.923938, 41.285518], [-72.9267481202243, 41.2832557401065], [-72.9288094336587, 41.2815962998197], [-72.9295811622231, 41.2809750272617], [-72.929652, 41.280918], [-72.932533, 41.280318], [-72.93291, 41.280495], [-72.932695, 41.281846], [-72.933136, 41.282097], [-72.937592, 41.28204], [-72.938108, 41.281935], [-72.9381621004748, 41.2818454137161], [-72.9385948741925, 41.2811287732565], [-72.938934, 41.28144], [-72.939904, 41.283499], [-72.940745, 41.285993], [-72.94021, 41.287776], [-72.94293, 41.289007], [-72.943702, 41.289862], [-72.945806, 41.291592], [-72.946514, 41.292891], [-72.947918, 41.292064], [-72.952005, 41.294466], [-72.949874, 41.296193], [-72.951085, 41.297262], [-72.952644, 41.299435], [-72.956299, 41.301605], [-72.956848, 41.303085], [-72.955974, 41.305144], [-72.957433, 41.306648], [-72.956296, 41.310459]]]}}, {"type": "Feature", "id": "06777", "properties": {"ZCTA5CE20": "06777", "GEOID20": "06777", "zip": "06777", "STUSPS": "CT"}, "geometry": {"type": "Polygon", "coordinates": [[[-73.391237, 41.722976], [-73.377941, 41.72224], [-73.376652, 41.720239], [-73.375548, 41.721935], [-73.364285, 41.721483], [-73.363626, 41.722808], [-73.361017, 41.723703], [-73.360369, 41.720169], [-73.356704, 41.718202], [-73.352864, 41.7183], [-73.354881, 41.719788], [-73.354303, 41.720942], [-73.347436, 41.720549], [-73.343945, 41.727234], [-73.341663, 41.726912], [-73.340924, 41.725599], [-73.33739, 41.724777], [-73.335972, 41.723821], [-73.33412, 41.720732], [-73.331232, 41.719481], [-73.330309, 41.718935], [-73.326659, 41.715903], [-73.317812, 41.721926], [-73.295736, 41.721787], [-73.295421, 41.723952], [-73.293823, 41.723437], [-73.292748, 41.718783], [-73.293321, 41.714662], [-73.295786, 41.710685], [-73.29427, 41.708674], [-73.288236, 41.704764], [-73.279461, 41.698147], [-73.279676, 41.697243], [-73.282914, 41.697037], [-73.283428, 41.694246], [-73.285986, 41.689692], [-73.287962, 41.688644], [-73.293239, 41.683615], [-73.298351, 41.682499], [-73.297018, 41.685152], [-73.296364, 41.691602], [-73.295464, 41.69332], [-73.291914, 41.695918], [-73.293246, 41.69619], [-73.295197, 41.69529], [-73.296059, 41.694003], [-73.296968, 41.690961], [-73.296728, 41.690348], [-73.297244, 41.686048], [-73.298519, 41.683654], [-73.300673, 41.683837], [-73.305189, 41.683259], [-73.309007, 41.681762], [-73.309607, 41.68053], [-73.308627, 41.679267], [-73.308723, 41.677359], [-73.307381, 41.674879], [-73.307078, 41.671262], [-73.304949, 41.668809], [-73.306308, 41.667728], [-73.308891, 41.666985], [-73.312027, 41.668298], [-73.315245, 41.66713], [-73.31622, 41.664594], [-73.315054, 41.662728], [-73.313458, 41.661577], [-73.311264, 41.658534], [-73.311848, 41.657432], [-73.314651, 41.656857], [-73.318339, 41.65691], [-73.319877, 41.660566], [-73.321206, 41.664667], [-73.321704, 41.667587], [-73.323096, 41.669325], [-73.326025, 41.668018], [-73.330112, 41.663754], [-73.330258, 41.663919], [-73.338266, 41.668814], [-73.342911, 41.670122], [-73.344905, 41.667625], [-73.348555, 41.66455], [-73.351243, 41.664558], [-73.350559, 41.663552], [-73.349812, 41.662786], [-73.350844, 41.662102], [-73.351414, 41.66271], [-73.353775, 41.664059], [-73.358066, 41.66389], [-73.361233, 41.662072], [-73.362067, 41.661291], [-73.366937, 41.661159], [-73.367339, 41.660319], [-73.370412, 41.655286], [-73.374194, 41.657461], [-73.37613, 41.658197], [-73.377858, 41.658984], [-73.380507, 41.671646], [-73.382124, 41.683327], [-73.383112, 41.687061], [-73.383995, 41.698758], [-73.378752, 41.69938], [-73.380144, 41.701202], [-73.380046, 41.703984], [-73.383485, 41.708328], [-73.383475, 41.709313], [-73.389441, 41.719771], [-73.391237, 41.722976]]]}}, {"type": "Feature", "id": "06256", "properties": {"ZCTA5CE20": "06256", "GEOID20": "06256", "zip": "06256", "STUSPS": "CT"}, "geometry": {"type": "Polygon", "coordinates": [[[-72.198126, 41.728176], [-72.199012, 41.729398], [-72.198881, 41.731493], [-72.195541, 41.730063], [-72.192104, 41.730413], [-72.190961, 41.731395], [-72.191289, 41.733015], [-72.192505, 41.734525], [-72.194002, 41.734772], [-72.195689, 41.73703], [-72.195644, 41.739611], [-72.192581, 41.744568], [-72.188771, 41.747626], [-72.189404, 41.750097], [-72.186654, 41.751211], [-72.18573, 41.751914], [-72.185886, 41.75235], [-72.187985, 41.753741], [-72.187656, 41.755181], [-72.185142, 41.755681], [-72.181619, 41.756119], [-72.180412, 41.755596], [-72.17787, 41.75537], [-72.177986, 41.752657], [-72.176037, 41.751436], [-72.175709, 41.749765], [-72.174126, 41.751184], [-72.171819, 41.748573], [-72.169212, 41.751501], [-72.167643, 41.752326], [-72.16342, 41.749744], [-72.159313, 41.750691], [-72.158895, 41.751437], [-72.156321, 41.753491], [-72.153477, 41.753157], [-72.150738, 41.752842], [-72.15021, 41.752773], [-72.122521, 41.748768], [-72.112045, 41.745897], [-72.112001, 41.745892], [-72.109375, 41.744037], [-72.109716, 41.743596], [-72.112353, 41.741575], [-72.113618, 41.740905], [-72.1185, 41.725365], [-72.121802, 41.729316], [-72.125738, 41.725959], [-72.127716, 41.723269], [-72.129676, 41.722309], [-72.129954, 41.723232], [-72.132258, 41.721457], [-72.14692, 41.726735], [-72.159524, 41.732823], [-72.164369, 41.717676], [-72.166667, 41.717565], [-72.166689, 41.71833], [-72.16818, 41.718145], [-72.169587, 41.717603], [-72.170697, 41.715766], [-72.171897, 41.71451], [-72.175103, 41.714761], [-72.178302, 41.718903], [-72.185995, 41.720212], [-72.186543, 41.726273], [-72.186405, 41.729735], [-72.195663, 41.719763], [-72.197037, 41.721084], [-72.197694, 41.723275], [-72.199894, 41.72582], [-72.198126, 41.728176]]]}}, {"type": "Feature", "id": "06231", "properties": {"ZCTA5CE20": "06231", "GEOID20": "06231", "zip": "06231", "STUSPS": "CT"}, "geometry": {"type": "Polygon", "coordinates": [[[-72.42084, 41.648053], [-72.411071, 41.647157], [-72.409665, 41.650091], [-72.407751, 41.652996], [-72.406674, 41.652837], [-72.40393, 41.650591], [-72.395396, 41.652098], [-72.393866, 41.651881], [-72.393551, 41.650953], [-72.390084, 41.651657], [-72.384091, 41.654472], [-72.382641, 41.651104], [-72.384048, 41.648843], [-72.383672, 41.647084], [-72.381153, 41.645774], [-72.380593, 41.643602], [-72.370842, 41.64838], [-72.366887, 41.651655], [-72.365597, 41.650109], [-72.36662, 41.648292], [-72.367402, 41.643337], [-72.365697, 41.643734], [-72.357588, 41.645005], [-72.359827, 41.650019], [-72.36251, 41.653434], [-72.349995, 41.656537], [-72.350552, 41.657461], [-72.351982, 41.661478], [-72.350366, 41.66223], [-72.348832, 41.663325], [-72.348077, 41.662662], [-72.346268, 41.662936], [-72.346465, 41.663313], [-72.344502, 41.66363], [-72.343451, 41.66234], [-72.343764, 41.66496], [-72.345263, 41.666381], [-72.344758, 41.667127], [-72.344008, 41.668712], [-72.334226, 41.643598], [-72.329226, 41.629597], [-72.327018, 41.625098], [-72.32451, 41.61857], [-72.328095, 41.605471], [-72.329104, 41.605057], [-72.343348, 41.599325], [-72.352374, 41.59905], [-72.353111, 41.598855], [-72.355851, 41.59761], [-72.358885, 41.598284], [-72.361591, 41.600791], [-72.363719, 41.601159], [-72.365217, 41.59978], [-72.36782, 41.6002], [-72.371366, 41.599484], [-72.375447, 41.601324], [-72.376595, 41.597701], [-72.377613, 41.596237], [-72.380517, 41.595465], [-72.382035, 41.593807], [-72.382369, 41.592066], [-72.383859, 41.59078], [-72.38415, 41.588652], [-72.385582, 41.589591], [-72.393137, 41.592509], [-72.393324, 41.592608], [-72.397283, 41.594743], [-72.401274, 41.595631], [-72.406057, 41.598789], [-72.408479, 41.602325], [-72.410367, 41.602581], [-72.409485, 41.608595], [-72.409508, 41.620046], [-72.408971, 41.622628], [-72.407881, 41.625096], [-72.40848, 41.626562], [-72.409217, 41.630749], [-72.413774, 41.634869], [-72.413852, 41.636916], [-72.415728, 41.639299], [-72.415892, 41.640206], [-72.42084, 41.648053]]]}}, {"type": "Feature", "id": "06716", "properties": {"ZCTA5CE20": "06716", "GEOID20": "06716", "zip": "06716", "STUSPS": "CT"}, "geometry": {"type": "Polygon", "coordinates": [[[-73.021471, 41.627104], [-73.007022, 41.628325], [-73.004046, 41.628577], [-73.003146, 41.629083], [-72.98325, 41.639598], [-72.971145, 41.640499], [-72.963931, 41.641318], [-72.960209, 41.641969], [-72.947752, 41.643222], [-72.940895, 41.644028], [-72.938501, 41.644311], [-72.938147, 41.640297], [-72.935207, 41.619419], [-72.933644, 41.607794], [-72.93376, 41.607108], [-72.935803, 41.598381], [-72.938037, 41.590631], [-72.941099, 41.577487], [-72.942615, 41.571126], [-72.944682, 41.562862], [-72.945103, 41.55969], [-72.94635, 41.556797], [-72.955167, 41.555487], [-72.956788, 41.555295], [-72.956906, 41.555279], [-72.964216, 41.554429], [-72.968068, 41.553865], [-72.969369, 41.553803], [-72.974514, 41.553696], [-72.975285, 41.553609], [-72.979853, 41.553349], [-72.981057, 41.554406], [-72.981145, 41.56192], [-72.987175, 41.565894], [-72.98926, 41.565386], [-72.992208, 41.564892], [-72.996753, 41.56906], [-72.998278, 41.570644], [-73.001868, 41.574089], [-73.002465, 41.574303], [-73.003675, 41.575512], [-73.003859, 41.575695], [-73.012049, 41.583778], [-73.013214, 41.588686], [-73.014931, 41.596304], [-73.016114, 41.601998], [-73.016985, 41.606122], [-73.017443, 41.609813], [-73.01865, 41.614097], [-73.020084, 41.620709], [-73.021471, 41.627104]]]}}, {"type": "Feature", "id": "06377", "properties": {"ZCTA5CE20": "06377", "GEOID20": "06377", "zip": "06377", "STUSPS": "CT"}, "geometry": {"type": "Polygon", "coordinates": [[[-71.846497, 41.71672], [-71.844211, 41.732301], [-71.839378, 41.764086], [-71.838705, 41.768833], [-71.791258063576, 41.774496473912], [-71.791062, 41.770273], [-71.7910592549219, 41.7701826762188], [-71.790106335744, 41.7388279172293], [-71.7896921119938, 41.7251983396573], [-71.789678, 41.724734], [-71.7886475406628, 41.6983421088834], [-71.788884, 41.698323], [-71.798548, 41.696595], [-71.800712, 41.69506], [-71.805945, 41.693845], [-71.806919, 41.694756], [-71.807199, 41.697321], [-71.809378, 41.697818], [-71.80939, 41.696878], [-71.808803, 41.695727], [-71.808952, 41.693567], [-71.813881, 41.69242], [-71.811428, 41.689742], [-71.810283, 41.68651], [-71.80718, 41.682333], [-71.806768, 41.681104], [-71.806993, 41.679569], [-71.809182, 41.678213], [-71.808376, 41.674332], [-71.808501, 41.668833], [-71.810311, 41.666121], [-71.81202, 41.666091], [-71.815255, 41.666862], [-71.821213, 41.666249], [-71.820286, 41.669628], [-71.821444, 41.669137], [-71.824387, 41.675435], [-71.825822, 41.677001], [-71.824895, 41.680211], [-71.823776, 41.681157], [-71.824472, 41.684473], [-71.82601, 41.68673], [-71.825016, 41.690913], [-71.82377, 41.692113], [-71.830846, 41.691738], [-71.834721, 41.691025], [-71.840699, 41.691107], [-71.840961, 41.693488], [-71.843243, 41.701361], [-71.848357, 41.704664], [-71.846497, 41.71672]]]}}, {"type": "Feature", "id": "06461", "properties": {"ZCTA5CE20": "06461", "GEOID20": "06461", "zip": "06461", "STUSPS": "CT"}, "geometry": {"type": "Polygon", "coordinates": [[[-73.11034, 41.213294], [-73.110253, 41.213996], [-73.108353, 41.218296], [-73.110453, 41.225296], [-73.110553, 41.227396], [-73.109953, 41.229396], [-73.107553, 41.232496], [-73.104952, 41.236595], [-73.101573, 41.240088], [-73.093402, 41.244617], [-73.091414, 41.246262], [-73.091215, 41.246411], [-73.08735, 41.251792], [-73.086752, 41.254596], [-73.087852, 41.260096], [-73.087752, 41.265296], [-73.088652, 41.271696], [-73.086852, 41.276596], [-73.081109, 41.274357], [-73.078994, 41.273319], [-73.078663, 41.273283], [-73.078556, 41.273346], [-73.072277, 41.269716], [-73.062054, 41.264595], [-73.055225, 41.261297], [-73.051511, 41.2595], [-73.044144, 41.256815], [-73.035161, 41.254378], [-73.034073, 41.253855], [-73.030307, 41.252779], [-73.024818, 41.251745], [-73.025672, 41.249723], [-73.028617, 41.246972], [-73.027739, 41.245512], [-73.031981, 41.241949], [-73.035045, 41.243052], [-73.036326, 41.241718], [-73.035439, 41.240466], [-73.036767, 41.23884], [-73.036288, 41.238497], [-73.041351, 41.234572], [-73.041926, 41.23417], [-73.043499, 41.233058], [-73.045339, 41.232173], [-73.046951, 41.231829], [-73.047464, 41.232054], [-73.052271, 41.232764], [-73.054968, 41.232934], [-73.057687, 41.232421], [-73.059396, 41.232235], [-73.06048, 41.233254], [-73.062989, 41.232784], [-73.061625, 41.231768], [-73.063031, 41.231235], [-73.064036, 41.230698], [-73.06409, 41.230956], [-73.067692, 41.230325], [-73.067257, 41.229064], [-73.069373, 41.227873], [-73.070891, 41.226061], [-73.071925, 41.225791], [-73.073468, 41.224381], [-73.073527, 41.223214], [-73.074033, 41.222639], [-73.074815, 41.222574], [-73.073272, 41.221782], [-73.075671, 41.2175], [-73.076548, 41.215214], [-73.082733, 41.212354], [-73.085289, 41.211651], [-73.087012, 41.212347], [-73.087933, 41.210959], [-73.090376, 41.21035], [-73.094351, 41.207912], [-73.093573, 41.205194], [-73.094537, 41.204861], [-73.097437, 41.203867], [-73.097985, 41.204734], [-73.098891, 41.204427], [-73.098423, 41.203543], [-73.102109, 41.202186], [-73.102608, 41.202388], [-73.108331, 41.199839], [-73.110572, 41.20027], [-73.109253, 41.204097], [-73.109453, 41.204797], [-73.110653, 41.207797], [-73.11034, 41.213294]]]}}, {"type": "Feature", "id": "06478", "properties": {"ZCTA5CE20": "06478", "GEOID20": "06478", "zip": "06478", "STUSPS": "CT"}, "geometry": {"type": "Polygon", "coordinates": [[[-73.207688, 41.420544], [-73.193869, 41.429139], [-73.192893, 41.429064], [-73.192227, 41.429141], [-73.190817, 41.42953], [-73.188597, 41.429821], [-73.188928, 41.431732], [-73.184856, 41.434098], [-73.177102, 41.439153], [-73.164755, 41.447771], [-73.163928, 41.448885], [-73.166241, 41.452368], [-73.164751, 41.45397], [-73.165852, 41.456748], [-73.165038, 41.458185], [-73.162097, 41.457579], [-73.160377, 41.459601], [-73.160049, 41.461433], [-73.158311, 41.461927], [-73.158122, 41.462303], [-73.157843, 41.464762], [-73.157827, 41.466045], [-73.159089, 41.468105], [-73.158789, 41.469623], [-73.159636, 41.470641], [-73.158123, 41.474449], [-73.156552, 41.477892], [-73.156075, 41.483009], [-73.15789, 41.489409], [-73.125017, 41.487552], [-73.104234, 41.489396], [-73.104319, 41.483595], [-73.103355, 41.481737], [-73.096446, 41.477623], [-73.083417, 41.469167], [-73.077366, 41.465189], [-73.078613, 41.457784], [-73.083455, 41.439135], [-73.085512, 41.43587], [-73.086402, 41.433728], [-73.092698, 41.41345], [-73.088719, 41.408967], [-73.083585, 41.403766], [-73.087985, 41.400015], [-73.088725, 41.399688], [-73.093444, 41.399156], [-73.107541, 41.398615], [-73.110604, 41.398016], [-73.113764, 41.388769], [-73.114262, 41.388186], [-73.115833, 41.386264], [-73.120029, 41.383991], [-73.12395, 41.381682], [-73.126941, 41.379406], [-73.146486, 41.368275], [-73.147555, 41.367696], [-73.150955, 41.370196], [-73.157055, 41.376696], [-73.158832, 41.379684], [-73.158656, 41.383396], [-73.161253, 41.383853], [-73.166556, 41.383196], [-73.171588, 41.383887], [-73.172662, 41.383442], [-73.173356, 41.383596], [-73.181168, 41.389611], [-73.183269, 41.391711], [-73.187957, 41.397296], [-73.187557, 41.399596], [-73.185357, 41.402196], [-73.184857, 41.406296], [-73.186557, 41.408596], [-73.190257, 41.410296], [-73.196757, 41.411396], [-73.199757, 41.413196], [-73.201557, 41.415796], [-73.207688, 41.420544]]]}}, {"type": "Feature", "id": "06488", "properties": {"ZCTA5CE20": "06488", "GEOID20": "06488", "zip": "06488", "STUSPS": "CT"}, "geometry": {"type": "Polygon", "coordinates": [[[-73.326842, 41.485967], [-73.324874, 41.489567], [-73.326842, 41.492703], [-73.325508, 41.495306], [-73.323114, 41.497903], [-73.321197, 41.500727], [-73.320519, 41.503981], [-73.318889, 41.505189], [-73.30739, 41.506064], [-73.254471, 41.511999], [-73.252265, 41.512134], [-73.250309, 41.512253], [-73.246048, 41.512774], [-73.242765, 41.512985], [-73.242247, 41.512952], [-73.239017, 41.512594], [-73.219724, 41.510225], [-73.208006, 41.509007], [-73.20684, 41.508803], [-73.204197, 41.508527], [-73.1812, 41.511288], [-73.170371, 41.512587], [-73.155492, 41.514304], [-73.15573, 41.515279], [-73.155413, 41.514828], [-73.155561, 41.511399], [-73.156882, 41.511416], [-73.158381, 41.508161], [-73.156783, 41.505501], [-73.157902, 41.501736], [-73.159033, 41.500728], [-73.160353, 41.498056], [-73.159857, 41.497007], [-73.158016, 41.496589], [-73.156836, 41.492969], [-73.157319, 41.490243], [-73.15789, 41.489409], [-73.156075, 41.483009], [-73.156552, 41.477892], [-73.158123, 41.474449], [-73.159636, 41.470641], [-73.158789, 41.469623], [-73.159089, 41.468105], [-73.157827, 41.466045], [-73.157843, 41.464762], [-73.158122, 41.462303], [-73.158311, 41.461927], [-73.160049, 41.461433], [-73.160377, 41.459601], [-73.162097, 41.457579], [-73.165038, 41.458185], [-73.165852, 41.456748], [-73.164751, 41.45397], [-73.166241, 41.452368], [-73.163928, 41.448885], [-73.164755, 41.447771], [-73.177102, 41.439153], [-73.184856, 41.434098], [-73.188928, 41.431732], [-73.188597, 41.429821], [-73.190817, 41.42953], [-73.192227, 41.429141], [-73.192893, 41.429064], [-73.193869, 41.429139], [-73.207688, 41.420544], [-73.211835, 41.42277], [-73.218235, 41.42907], [-73.220857, 41.429577], [-73.226479, 41.430309], [-73.226769, 41.429824], [-73.229969, 41.429124], [-73.235911, 41.426153], [-73.236771, 41.426187], [-73.238411, 41.426253], [-73.242289, 41.429841], [-73.242344, 41.436072], [-73.244334, 41.439558], [-73.245259, 41.439895], [-73.24752, 41.439193], [-73.247977, 41.439005], [-73.25119, 41.437772], [-73.25695, 41.433852], [-73.259205, 41.433329], [-73.263678, 41.434532], [-73.265857, 41.437073], [-73.267493, 41.443581], [-73.270243, 41.448005], [-73.273696, 41.451645], [-73.278253, 41.452635], [-73.283195, 41.451612], [-73.287798, 41.450315], [-73.291263, 41.448108], [-73.293948, 41.447355], [-73.298403, 41.448916], [-73.300073, 41.452479], [-73.300793, 41.455903], [-73.29986, 41.458434], [-73.299833, 41.460783], [-73.298313, 41.464767], [-73.298265, 41.467631], [-73.299593, 41.470111], [-73.300601, 41.470847], [-73.302761, 41.471439], [-73.305033, 41.471151], [-73.310473, 41.468815], [-73.312777, 41.469935], [-73.320906, 41.477007], [-73.322666, 41.480767], [-73.326458, 41.483839], [-73.32705, 41.484879], [-73.326842, 41.485967]]]}}, {"type": "Feature", "id": "02891", "properties": {"ZCTA5CE20": "02891", "GEOID20": "02891", "zip": "02891", "STUSPS": "CT"}, "geometry": {"type": "Polygon", "coordinates": [[[-71.8626677422346, 41.310863612697], [-71.862109, 41.316612], [-71.860513, 41.320248], [-71.857458, 41.320789], [-71.851923, 41.324664], [-71.847709, 41.329604], [-71.844666, 41.330585], [-71.836156, 41.336013], [-71.830617723719, 41.3412470472827], [-71.829475472546, 41.3423265522306], [-71.829384, 41.342413], [-71.829902, 41.346636], [-71.831303, 41.351295], [-71.835703, 41.353568], [-71.836768, 41.355103], [-71.837873, 41.360145], [-71.8377317214458, 41.3632966890791], [-71.8377312531105, 41.3633071368596], [-71.837633, 41.365499], [-71.8355881682153, 41.3670686692761], [-71.8349469163787, 41.3675609118721], [-71.832499, 41.36944], [-71.8321077620934, 41.3700842619703], [-71.8320107595774, 41.3702439986192], [-71.831613, 41.370899], [-71.8320765800314, 41.3729621714499], [-71.832674, 41.375621], [-71.8313139597931, 41.3777248226273], [-71.8313037090757, 41.3777406792844], [-71.830637, 41.378772], [-71.8316433377617, 41.3800224459541], [-71.833531, 41.382368], [-71.8330005628195, 41.3852672388358], [-71.832655, 41.387156], [-71.835204, 41.389558], [-71.83817, 41.390595], [-71.8386323044412, 41.3911510258414], [-71.8410615505958, 41.3940727447712], [-71.842131, 41.395359], [-71.842244, 41.396879], [-71.8419592771383, 41.3974908678683], [-71.84115, 41.39923], [-71.8417094568745, 41.4031258012566], [-71.841726, 41.403241], [-71.843256, 41.404461], [-71.843472, 41.40583], [-71.8428165698118, 41.4087322073789], [-71.842563, 41.409855], [-71.839649, 41.412119], [-71.836883, 41.412228], [-71.834107, 41.411582], [-71.827902, 41.414334], [-71.824573, 41.415235], [-71.823873, 41.417164], [-71.82033, 41.419382], [-71.816904, 41.419927], [-71.8129, 41.419404], [-71.806812, 41.416673], [-71.803684, 41.417428], [-71.801439, 41.415545], [-71.797683, 41.416709], [-71.7976736925498, 41.4169104184967], [-71.79647, 41.416379], [-71.796113, 41.414466], [-71.79709, 41.413751], [-71.796952, 41.411623], [-71.798374, 41.408919], [-71.79598, 41.407289], [-71.798805, 41.404995], [-71.803475, 41.404065], [-71.800536, 41.401106], [-71.800487, 41.399612], [-71.799824, 41.399332], [-71.799756, 41.398589], [-71.794711, 41.397927], [-71.794371, 41.397035], [-71.798072, 41.396694], [-71.798463, 41.395563], [-71.796989, 41.393016], [-71.792265, 41.392142], [-71.790029, 41.392623], [-71.788774, 41.39108], [-71.786664, 41.38971], [-71.7852, 41.389532], [-71.783937, 41.386607], [-71.783069, 41.386548], [-71.782037, 41.388577], [-71.780455, 41.388711], [-71.780421, 41.387084], [-71.779222, 41.387277], [-71.776201, 41.386043], [-71.77617, 41.385476], [-71.771002, 41.386727], [-71.764155, 41.391951], [-71.759858, 41.395357], [-71.752952, 41.398582], [-71.752667, 41.39424], [-71.755247, 41.393333], [-71.75878, 41.390471], [-71.758469, 41.388878], [-71.759287, 41.387656], [-71.760672, 41.386838], [-71.762006, 41.383568], [-71.765725, 41.381134], [-71.766536, 41.379637], [-71.762611, 41.378909], [-71.762856, 41.378399], [-71.762535, 41.378748], [-71.758975, 41.378462], [-71.758741, 41.379968], [-71.755142, 41.379227], [-71.753304, 41.381718], [-71.751198, 41.38295], [-71.748306, 41.383217], [-71.748306, 41.37999], [-71.746552, 41.378929], [-71.746117, 41.372463], [-71.74514, 41.370964], [-71.740189, 41.372826], [-71.739548, 41.375618], [-71.737663, 41.377468], [-71.733138, 41.378708], [-71.730546, 41.378678], [-71.730107, 41.353254], [-71.730106, 41.351658], [-71.730388, 41.342792], [-71.7298800177561, 41.3316982914577], [-71.730717, 41.33164], [-71.746758, 41.328095], [-71.7489214513298, 41.3269054992995], [-71.751656, 41.325402], [-71.761029, 41.328493], [-71.7627725409344, 41.328611597175], [-71.7630228835294, 41.3286286256966], [-71.766395, 41.328858], [-71.773702, 41.327977], [-71.785957, 41.325739], [-71.7881224163691, 41.3253335556349], [-71.7966009417609, 41.3237460686308], [-71.8079616264004, 41.3216189370378], [-71.8144378655271, 41.3204063505356], [-71.815337, 41.320238], [-71.8197276575888, 41.3191397396291], [-71.8215211761285, 41.3186911165477], [-71.833755, 41.315631], [-71.8361175075275, 41.314860367666], [-71.845285, 41.31187], [-71.857432, 41.306318], [-71.8574721485076, 41.306368547736], [-71.859899, 41.309424], [-71.862772, 41.309791], [-71.8626677422346, 41.310863612697]]]}}, {"type": "Feature", "id": "11971", "properties": {"ZCTA5CE20": "11971", "GEOID20": "11971", "zip": "11971", "STUSPS": "CT"}, "geometry": {"type": "Polygon", "coordinates": [[[-72.474536086736, 41.0543826399058], [-72.459252, 41.06636], [-72.445242, 41.086116], [-72.4451945327295, 41.0861191978719], [-72.4394447505426, 41.0865065609317], [-72.4183954583172, 41.0879246526048], [-72.417945, 41.087955], [-72.4129875192375, 41.0899318383542], [-72.4127585157976, 41.0900231554576], [-72.4030351630545, 41.093900426506], [-72.40001, 41.089045], [-72.399157, 41.087881], [-72.394464, 41.088057], [-72.391437, 41.088428], [-72.392533, 41.084785], [-72.392992, 41.082441], [-72.391207, 41.082707], [-72.386988, 41.081876], [-72.386666, 41.081348], [-72.38688, 41.07959], [-72.387178, 41.079572], [-72.38756, 41.079506], [-72.391045, 41.077763], [-72.395052, 41.076901], [-72.396837, 41.075925], [-72.397127, 41.075859], [-72.399638, 41.076196], [-72.400103, 41.075573], [-72.401942, 41.074597], [-72.403544, 41.072915], [-72.403466, 41.071762], [-72.407083, 41.066739], [-72.407847, 41.066533], [-72.41073, 41.064771], [-72.413562, 41.059666], [-72.414539, 41.058724], [-72.414558, 41.05867], [-72.41585, 41.053925], [-72.41522, 41.051459], [-72.414761, 41.051489], [-72.414316, 41.051957], [-72.408008, 41.051507], [-72.404781, 41.051877], [-72.401308, 41.05042], [-72.395547, 41.048547], [-72.389803, 41.048051], [-72.383432, 41.049317], [-72.386728, 41.045606], [-72.38833, 41.042645], [-72.389275, 41.038934], [-72.38884, 41.037141], [-72.386919, 41.035237], [-72.386667, 41.032002], [-72.390665, 41.029778], [-72.3974, 41.029382], [-72.403062, 41.029748], [-72.424059, 41.033154], [-72.425563, 41.034211], [-72.428072, 41.033189], [-72.430681, 41.03381], [-72.4331, 41.035588], [-72.436136, 41.035653], [-72.43732, 41.035398], [-72.439357, 41.033255], [-72.443149, 41.032693], [-72.442568, 41.03383], [-72.44439, 41.034246], [-72.446093, 41.037492], [-72.447757, 41.038964], [-72.448459, 41.040979], [-72.452027, 41.043334], [-72.454459, 41.040973], [-72.458842, 41.044632], [-72.457176, 41.046137], [-72.459413, 41.048128], [-72.444782, 41.058374], [-72.446316, 41.059083], [-72.448442, 41.057225], [-72.451453, 41.05613], [-72.45616, 41.052459], [-72.462846, 41.04795], [-72.462998, 41.048042], [-72.467601, 41.049938], [-72.470178, 41.050182], [-72.4713, 41.051198], [-72.472292, 41.052203], [-72.473266, 41.05379], [-72.474536086736, 41.0543826399058]]]}}, {"type": "Feature", "id": "01034", "properties": {"ZCTA5CE20": "01034", "GEOID20": "01034", "zip": "01034", "STUSPS": "CT"}, "geometry": {"type": "Polygon", "coordinates": [[[-73.074845, 42.106146], [-73.072889, 42.107017], [-73.071867, 42.108163], [-73.071837, 42.109356], [-73.072897, 42.110335], [-73.072672, 42.111684], [-73.069227, 42.113926], [-73.065745, 42.114778], [-73.063353, 42.11585], [-73.061206, 42.118112], [-73.061384, 42.119389], [-73.06426, 42.122775], [-73.066574, 42.124791], [-73.067206, 42.127351], [-73.069285, 42.130869], [-73.069827, 42.133228], [-73.069442, 42.134986], [-73.0685, 42.135498], [-73.069182, 42.138967], [-73.070546, 42.14016], [-73.07213, 42.143548], [-73.070596, 42.144695], [-73.071113, 42.148206], [-73.061903, 42.147065], [-73.03492, 42.143652], [-73.03048, 42.143076], [-73.03017, 42.143082], [-73.029373, 42.143029], [-73.025191, 42.142488], [-73.023077, 42.1421], [-73.021554, 42.1419], [-73.017226, 42.140884], [-73.014985, 42.137736], [-73.012933, 42.131871], [-73.013436, 42.12938], [-73.01543, 42.125811], [-73.018003, 42.119375], [-72.977124, 42.112858], [-72.960836, 42.110396], [-72.961476, 42.11213], [-72.959565, 42.113685], [-72.95902, 42.115161], [-72.956102, 42.116356], [-72.953845, 42.11926], [-72.951526, 42.120084], [-72.949514, 42.118837], [-72.948845, 42.117294], [-72.948398, 42.111847], [-72.949146, 42.110703], [-72.94924, 42.107859], [-72.94986, 42.106032], [-72.93791, 42.103527], [-72.938334, 42.104534], [-72.940269, 42.105134], [-72.943486, 42.110886], [-72.940622, 42.117346], [-72.940529, 42.118787], [-72.941491, 42.122581], [-72.949865, 42.125445], [-72.951564, 42.123995], [-72.950856, 42.128516], [-72.951947, 42.132261], [-72.925028, 42.128275], [-72.926091, 42.123519], [-72.925399, 42.12179], [-72.919805, 42.12246], [-72.914809, 42.121227], [-72.913721, 42.119905], [-72.910543, 42.118944], [-72.907958, 42.118845], [-72.90378, 42.116033], [-72.902289, 42.116259], [-72.901292, 42.115212], [-72.89855, 42.115497], [-72.897676, 42.113439], [-72.89733, 42.114508], [-72.895102, 42.116188], [-72.891284, 42.11797], [-72.890868, 42.120273], [-72.891872, 42.122132], [-72.892763, 42.121863], [-72.893742, 42.123508], [-72.853897, 42.115006], [-72.839319, 42.111727], [-72.837212, 42.102218], [-72.833439, 42.09433], [-72.832406, 42.084172], [-72.834487, 42.078124], [-72.835731, 42.074508], [-72.838942, 42.069264], [-72.836556, 42.06232], [-72.834128, 42.058329], [-72.8349699391824, 42.0367490988266], [-72.847142, 42.036894], [-72.863619, 42.037709], [-72.8636384107871, 42.0377091702701], [-72.863733, 42.03771], [-72.9242297429858, 42.0381300420321], [-72.9789786343673, 42.0385101754816], [-72.999549, 42.038653], [-73.0087643066587, 42.038860282198], [-73.053254, 42.039861], [-73.0532880861326, 42.0398619684613], [-73.055797, 42.04502], [-73.056549, 42.047419], [-73.053905, 42.05499], [-73.054651, 42.0576], [-73.056128, 42.05889], [-73.058004, 42.059452], [-73.061742, 42.061939], [-73.058153, 42.066753], [-73.061805, 42.070638], [-73.073087, 42.094213], [-73.074167, 42.101867], [-73.074837, 42.104111], [-73.074845, 42.106146]]]}}, {"type": "Feature", "id": "01103", "properties": {"ZCTA5CE20": "01103", "GEOID20": "01103", "zip": "01103", "STUSPS": "CT"}, "geometry": {"type": "Polygon", "coordinates": [[[-72.599479, 42.108132], [-72.596721, 42.109845], [-72.594199, 42.107691], [-72.592598, 42.108712], [-72.591492, 42.107677], [-72.581786, 42.115454], [-72.581639, 42.11533], [-72.580941, 42.114695], [-72.581589, 42.114102], [-72.583844, 42.112312], [-72.588437, 42.108497], [-72.58936, 42.107727], [-72.587563, 42.107286], [-72.589382, 42.105762], [-72.588803, 42.105184], [-72.587509, 42.104078], [-72.585825, 42.105589], [-72.583294, 42.104178], [-72.582199, 42.104905], [-72.581517, 42.10426], [-72.584027, 42.102252], [-72.582118, 42.101838], [-72.582329, 42.100864], [-72.582893, 42.100353], [-72.581757, 42.099604], [-72.583343, 42.098285], [-72.584332, 42.099078], [-72.586698, 42.097105], [-72.587428, 42.096532], [-72.589147, 42.097781], [-72.589956, 42.098552], [-72.595359, 42.102863], [-72.596355, 42.103262], [-72.596813, 42.103446], [-72.59994, 42.106148], [-72.599479, 42.108132]], [[-72.593136, 42.102291], [-72.590197, 42.100404], [-72.589351, 42.10115], [-72.588654, 42.101777], [-72.591993, 42.103281], [-72.593136, 42.102291]]]}}, {"type": "Feature", "id": "06096", "properties": {"ZCTA5CE20": "06096", "GEOID20": "06096", "zip": "06096", "STUSPS": "CT"}, "geometry": {"type": "Polygon", "coordinates": [[[-72.695906, 41.922431], [-72.69351, 41.928781], [-72.69343, 41.929595], [-72.688195, 41.946196], [-72.687636, 41.948096], [-72.682192, 41.947767], [-72.671549, 41.947], [-72.669771, 41.946889], [-72.659512, 41.946307], [-72.651744, 41.946083], [-72.637678, 41.944717], [-72.628925, 41.94418], [-72.616852, 41.943501], [-72.613964, 41.943468], [-72.623434, 41.934297], [-72.62409, 41.929195], [-72.622678, 41.917109], [-72.621734, 41.904597], [-72.635427, 41.903308], [-72.639834, 41.897596], [-72.640153, 41.897857], [-72.641934, 41.899197], [-72.642748, 41.900098], [-72.652519, 41.90453], [-72.654342, 41.905144], [-72.662054, 41.9079], [-72.66398, 41.90892], [-72.674329, 41.916003], [-72.677379, 41.917108], [-72.686137, 41.918098], [-72.693223, 41.920093], [-72.69486, 41.921127], [-72.695906, 41.922431]]]}}, {"type": "Feature", "id": "06059", "properties": {"ZCTA5CE20": "06059", "GEOID20": "06059", "zip": "06059", "STUSPS": "CT"}, "geometry": {"type": "Polygon", "coordinates": [[[-72.893604, 41.888928], [-72.893151, 41.89044], [-72.89279, 41.892442], [-72.892531, 41.89561], [-72.886214, 41.893374], [-72.884063, 41.893213], [-72.881265, 41.891037], [-72.880315, 41.890989], [-72.880907, 41.889918], [-72.883831, 41.889022], [-72.886449, 41.887445], [-72.886978, 41.886107], [-72.893829, 41.887131], [-72.893604, 41.888928]]]}}, {"type": "Feature", "id": "01057", "properties": {"ZCTA5CE20": "01057", "GEOID20": "01057", "zip": "01057", "STUSPS": "CT"}, "geometry": {"type": "Polygon", "coordinates": [[[-72.388837, 42.151342], [-72.37446, 42.151099], [-72.369791, 42.151661], [-72.366648, 42.152795], [-72.364376, 42.154169], [-72.36066, 42.157175], [-72.357839, 42.158712], [-72.352339, 42.15999], [-72.351779, 42.15811], [-72.348372, 42.155139], [-72.336898, 42.14891], [-72.336171, 42.149488], [-72.334276, 42.147822], [-72.331109, 42.145953], [-72.330293, 42.144862], [-72.329228, 42.145328], [-72.323993, 42.146105], [-72.320622, 42.145105], [-72.317711, 42.144836], [-72.319805, 42.14678], [-72.318851, 42.146214], [-72.317962, 42.146393], [-72.315897, 42.147979], [-72.314204, 42.146017], [-72.314264, 42.145866], [-72.314495, 42.145053], [-72.314495, 42.14439], [-72.314395, 42.14426], [-72.314233, 42.144111], [-72.313734, 42.143894], [-72.313757, 42.14396], [-72.311384, 42.143261], [-72.308739, 42.144738], [-72.302666, 42.144193], [-72.297266, 42.144531], [-72.296385, 42.143696], [-72.29382, 42.143896], [-72.290696, 42.142061], [-72.284644, 42.141152], [-72.281477, 42.141548], [-72.280396, 42.143415], [-72.274455, 42.143749], [-72.272103, 42.115989], [-72.270095, 42.092522], [-72.270298, 42.071065], [-72.26968, 42.072514], [-72.261274, 42.07228], [-72.258846, 42.073103], [-72.254316, 42.073334], [-72.252392, 42.071748], [-72.253989, 42.071361], [-72.243976, 42.058884], [-72.251366, 42.058594], [-72.257852, 42.058934], [-72.260463, 42.058747], [-72.264337, 42.060187], [-72.264203, 42.058451], [-72.266275, 42.055887], [-72.266745, 42.054502], [-72.264913, 42.052333], [-72.266438, 42.049633], [-72.266247, 42.048535], [-72.263776, 42.047306], [-72.263554, 42.045994], [-72.265442, 42.044483], [-72.267317, 42.046452], [-72.26754, 42.045574], [-72.270531, 42.045255], [-72.2706561367986, 42.0317138138475], [-72.2999270688012, 42.0318354424153], [-72.317148, 42.031907], [-72.3212520818703, 42.0319685324031], [-72.3212667983303, 42.0319687530466], [-72.3218210714148, 42.03197706325], [-72.3669917600491, 42.0326543063241], [-72.376613, 42.087096], [-72.379439, 42.103134], [-72.380501, 42.108535], [-72.388837, 42.151342]]]}}, {"type": "Feature", "id": "06332", "properties": {"ZCTA5CE20": "06332", "GEOID20": "06332", "zip": "06332", "STUSPS": "CT"}, "geometry": {"type": "Polygon", "coordinates": [[[-71.931873, 41.73427], [-71.929462, 41.734982], [-71.923738, 41.734106], [-71.917221, 41.732839], [-71.918698, 41.728207], [-71.918594, 41.727791], [-71.913918, 41.721904], [-71.913779, 41.721806], [-71.910914, 41.722248], [-71.910771, 41.723165], [-71.906906, 41.725904], [-71.903567, 41.730778], [-71.902464, 41.733418], [-71.902656, 41.735531], [-71.906158, 41.741502], [-71.906794, 41.742585], [-71.90631, 41.742623], [-71.902277, 41.742732], [-71.896857, 41.740342], [-71.897654, 41.738492], [-71.897633, 41.737072], [-71.894505, 41.732493], [-71.894978, 41.728689], [-71.895997, 41.726742], [-71.897872, 41.725722], [-71.899077, 41.719385], [-71.897288, 41.719375], [-71.8959, 41.718702], [-71.895, 41.717372], [-71.896497, 41.718671], [-71.899542, 41.718581], [-71.903262, 41.717471], [-71.903926, 41.719501], [-71.90456, 41.720403], [-71.905051, 41.721483], [-71.90577, 41.7223], [-71.906581, 41.72272], [-71.907366, 41.722628], [-71.908017, 41.721369], [-71.908946, 41.71987], [-71.913423, 41.717527], [-71.915529, 41.717811], [-71.916411, 41.719854], [-71.91589, 41.720295], [-71.918199, 41.721394], [-71.920925, 41.720188], [-71.922924, 41.72029], [-71.9241, 41.720897], [-71.925334, 41.723358], [-71.925486, 41.725164], [-71.92205, 41.727535], [-71.925928, 41.728876], [-71.929343, 41.731111], [-71.930528, 41.730471], [-71.932749, 41.731401], [-71.931873, 41.73427]]]}}, {"type": "Feature", "id": "06467", "properties": {"ZCTA5CE20": "06467", "GEOID20": "06467", "zip": "06467", "STUSPS": "CT"}, "geometry": {"type": "Polygon", "coordinates": [[[-72.909585, 41.561923], [-72.909467, 41.562457], [-72.909631, 41.563758], [-72.903489, 41.564223], [-72.90288, 41.564256], [-72.901838, 41.567588], [-72.900318, 41.569473], [-72.896547, 41.570612], [-72.896009, 41.569251], [-72.891986, 41.565986], [-72.891107, 41.564866], [-72.900752, 41.564339], [-72.901408, 41.562012], [-72.903213, 41.561747], [-72.90347, 41.561708], [-72.910065, 41.56101], [-72.909585, 41.561923]]]}}, {"type": "Feature", "id": "06022", "properties": {"ZCTA5CE20": "06022", "GEOID20": "06022", "zip": "06022", "STUSPS": "CT"}, "geometry": {"type": "Polygon", "coordinates": [[[-72.9372, 41.856289], [-72.937574, 41.85739], [-72.935658, 41.860575], [-72.936171, 41.863057], [-72.937632, 41.865343], [-72.936853, 41.868164], [-72.93794, 41.870464], [-72.937932, 41.87186], [-72.936794, 41.873898], [-72.93453, 41.87537], [-72.933692, 41.877404], [-72.934732, 41.879], [-72.93346, 41.880157], [-72.93161, 41.881607], [-72.928192, 41.881847], [-72.926054, 41.880671], [-72.924883, 41.877674], [-72.92153, 41.874365], [-72.92108, 41.872669], [-72.919068, 41.871098], [-72.9177, 41.869542], [-72.918435, 41.867808], [-72.915588, 41.86447], [-72.915024, 41.861407], [-72.913253, 41.860636], [-72.913509, 41.858925], [-72.913173, 41.858535], [-72.914491, 41.857496], [-72.915213, 41.856508], [-72.915736, 41.856666], [-72.917398, 41.856921], [-72.922968, 41.855603], [-72.92425, 41.855808], [-72.927063, 41.854697], [-72.930307, 41.854573], [-72.931107, 41.852162], [-72.932468, 41.851534], [-72.93361, 41.852172], [-72.933896, 41.85378], [-72.938026, 41.853354], [-72.9372, 41.856289]]]}}, {"type": "Feature", "id": "01259", "properties": {"ZCTA5CE20": "01259", "GEOID20": "01259", "zip": "01259", "STUSPS": "CT"}, "geometry": {"type": "Polygon", "coordinates": [[[-73.301899, 42.088318], [-73.294015, 42.089125], [-73.289051, 42.089436], [-73.289493, 42.087419], [-73.288698, 42.085173], [-73.287365, 42.083894], [-73.285317, 42.083938], [-73.281788, 42.082081], [-73.282975, 42.080709], [-73.28204, 42.080231], [-73.280417, 42.083069], [-73.279576, 42.085702], [-73.277119, 42.087154], [-73.27354, 42.093106], [-73.273112, 42.095558], [-73.271657, 42.095766], [-73.272673, 42.093583], [-73.271221, 42.093687], [-73.269549, 42.092347], [-73.268261, 42.090217], [-73.265276, 42.091313], [-73.263227, 42.091181], [-73.26139, 42.093386], [-73.262767, 42.094496], [-73.260436, 42.097739], [-73.258246, 42.098621], [-73.258656, 42.101086], [-73.256279, 42.10072], [-73.254208, 42.09915], [-73.253861, 42.098009], [-73.250229, 42.093217], [-73.248635, 42.093021], [-73.246078, 42.091167], [-73.242844, 42.0906], [-73.239689, 42.094407], [-73.238301, 42.093883], [-73.23765, 42.094563], [-73.238861, 42.097664], [-73.238015, 42.09925], [-73.238981, 42.100178], [-73.23986, 42.102993], [-73.239139, 42.104113], [-73.233914, 42.106937], [-73.233481, 42.109368], [-73.234205, 42.111745], [-73.232231, 42.114084], [-73.23131, 42.114962], [-73.227314, 42.114667], [-73.224831, 42.115897], [-73.22026, 42.115536], [-73.219391, 42.117952], [-73.212231, 42.115723], [-73.201015, 42.108603], [-73.193855, 42.103191], [-73.187835, 42.097068], [-73.181771, 42.088573], [-73.180095, 42.085794], [-73.177318, 42.083787], [-73.1721252790948, 42.0432383922418], [-73.229798, 42.044877], [-73.231056, 42.044945], [-73.2329591865244, 42.0450061991605], [-73.2333631515401, 42.0450191891221], [-73.293097, 42.04694], [-73.29442, 42.046984], [-73.2963299656829, 42.0470337254636], [-73.298961, 42.066606], [-73.301899, 42.088318]]]}}, {"type": "Feature", "id": "01516", "properties": {"ZCTA5CE20": "01516", "GEOID20": "01516", "zip": "01516", "STUSPS": "CT"}, "geometry": {"type": "Polygon", "coordinates": [[[-71.830064, 42.092778], [-71.811328, 42.098871], [-71.809217, 42.095363], [-71.797177, 42.099172], [-71.792427, 42.100706], [-71.776806, 42.100382], [-71.774629, 42.100334], [-71.768087, 42.081771], [-71.760229, 42.083258], [-71.742713, 42.086585], [-71.737445, 42.087586], [-71.734941, 42.088062], [-71.733981, 42.088244], [-71.711731, 42.092466], [-71.696666, 42.095327], [-71.696606, 42.097193], [-71.692571, 42.097866], [-71.691092, 42.098167], [-71.689081, 42.098527], [-71.687306, 42.097976], [-71.687743, 42.096327], [-71.686801, 42.095084], [-71.68972, 42.092669], [-71.689985, 42.090358], [-71.693267, 42.089997], [-71.690854, 42.086082], [-71.688577, 42.084938], [-71.689229, 42.083324], [-71.691598, 42.081296], [-71.691071, 42.080359], [-71.692621, 42.080493], [-71.694714, 42.08193], [-71.694141, 42.083758], [-71.696495, 42.084588], [-71.696339, 42.074797], [-71.69628, 42.071101], [-71.685845, 42.072989], [-71.680266, 42.068373], [-71.681802, 42.054924], [-71.682449, 42.04377], [-71.68116, 42.021095], [-71.6808758163105, 42.0117047312646], [-71.7249374175186, 42.0106904630388], [-71.7340673676756, 42.010480297768], [-71.7551091980533, 42.00999592908], [-71.7551888562025, 42.0099940954033], [-71.76601, 42.009745], [-71.799242, 42.008065], [-71.80065, 42.023569], [-71.8045665635015, 42.023603720229], [-71.816361, 42.055621], [-71.817205, 42.057887], [-71.830064, 42.092778]]]}}, {"type": "Feature", "id": "06468", "properties": {"ZCTA5CE20": "06468", "GEOID20": "06468", "zip": "06468", "STUSPS": "CT"}, "geometry": {"type": "Polygon", "coordinates": [[[-73.301858, 41.334456], [-73.297371, 41.336729], [-73.291929, 41.339485], [-73.26827, 41.351464], [-73.261292, 41.355006], [-73.256172, 41.357441], [-73.241034, 41.364639], [-73.229007, 41.370303], [-73.228117, 41.368813], [-73.229488, 41.36721], [-73.227776, 41.365051], [-73.225336, 41.365342], [-73.223326, 41.36422], [-73.21903, 41.364495], [-73.213294, 41.367919], [-73.211199, 41.367721], [-73.206614, 41.370166], [-73.204828, 41.370475], [-73.202136, 41.372237], [-73.201311, 41.373941], [-73.202029, 41.375179], [-73.202294, 41.378005], [-73.203578, 41.379162], [-73.201075, 41.38102], [-73.198011, 41.382734], [-73.194898, 41.388529], [-73.191748, 41.388934], [-73.188963, 41.388532], [-73.187733, 41.388926], [-73.183269, 41.391711], [-73.181168, 41.389611], [-73.173356, 41.383596], [-73.172662, 41.383442], [-73.171588, 41.383887], [-73.166556, 41.383196], [-73.161253, 41.383853], [-73.158656, 41.383396], [-73.158832, 41.379684], [-73.157055, 41.376696], [-73.15965, 41.374905], [-73.159442, 41.372914], [-73.17058, 41.357898], [-73.170657, 41.357934], [-73.171147, 41.356192], [-73.173358, 41.348882], [-73.176814, 41.337587], [-73.178877, 41.334744], [-73.180615, 41.332973], [-73.184718, 41.326495], [-73.188163, 41.321934], [-73.189299, 41.320431], [-73.189779, 41.319581], [-73.20336, 41.301292], [-73.2048, 41.29936], [-73.221099, 41.298104], [-73.227371, 41.297604], [-73.230724, 41.297423], [-73.233581, 41.296847], [-73.234289, 41.296724], [-73.243755, 41.295833], [-73.246112, 41.295848], [-73.257827, 41.295397], [-73.263719, 41.294907], [-73.265849, 41.29471], [-73.274371, 41.293806], [-73.278091, 41.298145], [-73.275956, 41.300911], [-73.276152, 41.301546], [-73.273094, 41.302958], [-73.271345, 41.305817], [-73.271185, 41.306202], [-73.270723, 41.309973], [-73.273093, 41.316221], [-73.272568, 41.318082], [-73.273399, 41.318786], [-73.283776, 41.322997], [-73.297754, 41.328701], [-73.305999, 41.332358], [-73.301858, 41.334456]]]}}, {"type": "Feature", "id": "06470", "properties": {"ZCTA5CE20": "06470", "GEOID20": "06470", "zip": "06470", "STUSPS": "CT"}, "geometry": {"type": "Polygon", "coordinates": [[[-73.378623, 41.419993], [-73.373511, 41.426347], [-73.370302, 41.43036], [-73.364384, 41.437767], [-73.359859, 41.44261], [-73.340653, 41.463081], [-73.337604, 41.463615], [-73.336035, 41.462804], [-73.332883, 41.463285], [-73.329488, 41.460741], [-73.329021, 41.459883], [-73.326754, 41.459831], [-73.327214, 41.460839], [-73.329456, 41.461016], [-73.334885, 41.465399], [-73.336527, 41.467398], [-73.331656, 41.472729], [-73.326774, 41.469515], [-73.312873, 41.467415], [-73.310473, 41.468815], [-73.305033, 41.471151], [-73.302761, 41.471439], [-73.300601, 41.470847], [-73.299593, 41.470111], [-73.298265, 41.467631], [-73.298313, 41.464767], [-73.299833, 41.460783], [-73.29986, 41.458434], [-73.300793, 41.455903], [-73.300073, 41.452479], [-73.298403, 41.448916], [-73.302633, 41.447621], [-73.303715, 41.444069], [-73.30408, 41.442702], [-73.304416, 41.44263], [-73.305007, 41.442733], [-73.306671, 41.442528], [-73.307992, 41.441962], [-73.309735, 41.442015], [-73.310902, 41.442752], [-73.311988, 41.443066], [-73.312718, 41.442129], [-73.31394, 41.439077], [-73.312666, 41.439889], [-73.311471, 41.440131], [-73.309324, 41.437789], [-73.308335, 41.433083], [-73.3068, 41.431465], [-73.310057, 41.431406], [-73.311547, 41.433927], [-73.312522, 41.433458], [-73.313647, 41.430562], [-73.313315, 41.429262], [-73.304047, 41.425362], [-73.300252, 41.42325], [-73.290464, 41.417738], [-73.290778, 41.41767], [-73.28954, 41.417162], [-73.282642, 41.415805], [-73.281789, 41.412001], [-73.278901, 41.410026], [-73.277927, 41.408308], [-73.272133, 41.406545], [-73.269639, 41.406231], [-73.269108, 41.40503], [-73.267129, 41.404084], [-73.267511, 41.402961], [-73.266358, 41.400175], [-73.267173, 41.399123], [-73.266138, 41.397223], [-73.265992, 41.39528], [-73.26701, 41.39362], [-73.26881, 41.393141], [-73.268339, 41.390098], [-73.265143, 41.389268], [-73.265064, 41.38351], [-73.266781, 41.379629], [-73.265112, 41.376962], [-73.258433, 41.376772], [-73.258293, 41.375337], [-73.258862, 41.374612], [-73.259257, 41.373449], [-73.259244, 41.371445], [-73.257962, 41.367754], [-73.249563, 41.367476], [-73.251733, 41.364831], [-73.2524, 41.364423], [-73.253527, 41.364185], [-73.254106, 41.36399], [-73.254901, 41.363542], [-73.256172, 41.357441], [-73.261292, 41.355006], [-73.26827, 41.351464], [-73.291929, 41.339485], [-73.297371, 41.336729], [-73.301858, 41.334456], [-73.305999, 41.332358], [-73.315111, 41.327696], [-73.325287, 41.322474], [-73.333337, 41.318343], [-73.334846, 41.321868], [-73.342788, 41.340479], [-73.347055, 41.350426], [-73.354858, 41.367738], [-73.358346, 41.375399], [-73.359804, 41.378625], [-73.361657, 41.382718], [-73.368213, 41.397106], [-73.37408, 41.409972], [-73.375723, 41.413596], [-73.378623, 41.419993]]]}}, {"type": "Feature", "id": "01571", "properties": {"ZCTA5CE20": "01571", "GEOID20": "01571", "zip": "01571", "STUSPS": "CT"}, "geometry": {"type": "Polygon", "coordinates": [[[-71.994697, 42.031024], [-71.989044, 42.044585], [-71.988245, 42.054511], [-71.988835, 42.055723], [-71.991562, 42.057824], [-71.993331, 42.065379], [-71.992843, 42.072562], [-71.96769, 42.078199], [-71.945293, 42.083212], [-71.94022, 42.084345], [-71.936803, 42.085117], [-71.933348, 42.085885], [-71.917526, 42.089418], [-71.913464, 42.090327], [-71.909235, 42.091261], [-71.907247, 42.091686], [-71.901155, 42.092974], [-71.895113, 42.094248], [-71.894437, 42.090586], [-71.891139, 42.072732], [-71.881686, 42.075836], [-71.881509, 42.075893], [-71.879083, 42.068176], [-71.879098, 42.06695], [-71.87884, 42.066018], [-71.879118, 42.065084], [-71.881771, 42.06289], [-71.882132, 42.061836], [-71.882325, 42.058768], [-71.880248, 42.058148], [-71.880387, 42.055507], [-71.880736, 42.052397], [-71.880473, 42.051783], [-71.88372, 42.05073], [-71.887173, 42.050812], [-71.887426, 42.049266], [-71.886332, 42.045951], [-71.88731, 42.043169], [-71.887509, 42.041854], [-71.889073, 42.037564], [-71.889313, 42.03557], [-71.887475, 42.032225], [-71.88704, 42.028292], [-71.88526, 42.025277], [-71.883947767419, 42.0243074324439], [-71.89078, 42.024368], [-71.9010880693507, 42.0246362024134], [-71.9208828863063, 42.0251512375282], [-71.9209864169382, 42.0251539312591], [-71.9288901116937, 42.0253595750064], [-71.9379044878662, 42.0255941172241], [-71.9465483610241, 42.0258190194404], [-71.9523269561765, 42.0259693708897], [-71.9583121388472, 42.0261250974746], [-71.958334681661, 42.026125684009], [-71.9630193086355, 42.0262475718444], [-71.987326, 42.02688], [-71.9931020771696, 42.0269154132603], [-71.994697, 42.031024]]]}}, {"type": "Feature", "id": "06510", "properties": {"ZCTA5CE20": "06510", "GEOID20": "06510", "zip": "06510", "STUSPS": "CT"}, "geometry": {"type": "Polygon", "coordinates": [[[-72.936949, 41.304354], [-72.935963, 41.305611], [-72.931444, 41.303579], [-72.931255, 41.303859], [-72.930909, 41.304272], [-72.929636, 41.305981], [-72.931226, 41.306646], [-72.932525, 41.307212], [-72.931602, 41.308417], [-72.93033, 41.307922], [-72.927047, 41.306584], [-72.925388, 41.308748], [-72.924142, 41.308201], [-72.923227, 41.309434], [-72.92447, 41.309974], [-72.923777, 41.310958], [-72.922204, 41.313212], [-72.921618, 41.313886], [-72.921372, 41.314352], [-72.918439, 41.313173], [-72.92012, 41.310918], [-72.922178, 41.311746], [-72.922616, 41.310476], [-72.92251, 41.31042], [-72.92099, 41.309767], [-72.921618, 41.308536], [-72.921153, 41.306964], [-72.922726, 41.304785], [-72.924396, 41.302604], [-72.924399, 41.301445], [-72.924314, 41.301006], [-72.92598, 41.301006], [-72.928642, 41.302102], [-72.930059, 41.302855], [-72.930605, 41.302724], [-72.933514, 41.301877], [-72.934843, 41.303954], [-72.936378, 41.303212], [-72.936949, 41.304354]]]}}, {"type": "Feature", "id": "01590", "properties": {"ZCTA5CE20": "01590", "GEOID20": "01590", "zip": "01590", "STUSPS": "CT"}, "geometry": {"type": "Polygon", "coordinates": [[[-71.829591, 42.14486], [-71.812605, 42.152337], [-71.801224, 42.157351], [-71.786836, 42.163676], [-71.785846, 42.164118], [-71.783033, 42.165347], [-71.778357, 42.167406], [-71.766702, 42.172528], [-71.757371, 42.176628], [-71.757247, 42.176683], [-71.749235, 42.180201], [-71.74415, 42.182435], [-71.740533, 42.179206], [-71.733771, 42.183504], [-71.733961, 42.186775], [-71.723535, 42.191484], [-71.722597, 42.187946], [-71.719785, 42.177331], [-71.719263, 42.175352], [-71.718614, 42.172967], [-71.695204, 42.175789], [-71.691418, 42.163108], [-71.693687, 42.161214], [-71.692366, 42.154296], [-71.691646, 42.150457], [-71.691401, 42.149201], [-71.693713, 42.136159], [-71.704661, 42.125233], [-71.704801, 42.12468], [-71.702355, 42.123788], [-71.700884, 42.121242], [-71.702297, 42.115481], [-71.703176, 42.114986], [-71.705103, 42.114825], [-71.705075, 42.105396], [-71.704764, 42.103845], [-71.70662, 42.101451], [-71.707691, 42.10007], [-71.700511, 42.102328], [-71.691034, 42.105452], [-71.68923, 42.104507], [-71.689787, 42.103274], [-71.686125, 42.104479], [-71.684676, 42.106664], [-71.679971, 42.103396], [-71.679988, 42.100154], [-71.689081, 42.098527], [-71.691092, 42.098167], [-71.692571, 42.097866], [-71.696606, 42.097193], [-71.696666, 42.095327], [-71.711731, 42.092466], [-71.733981, 42.088244], [-71.734941, 42.088062], [-71.737445, 42.087586], [-71.742713, 42.086585], [-71.760229, 42.083258], [-71.768087, 42.081771], [-71.774629, 42.100334], [-71.776806, 42.100382], [-71.792427, 42.100706], [-71.797177, 42.099172], [-71.805025, 42.112038], [-71.813082, 42.125274], [-71.81508, 42.122528], [-71.818916, 42.12078], [-71.824768, 42.121354], [-71.824642, 42.122305], [-71.826103, 42.126011], [-71.826896, 42.130273], [-71.82953, 42.129391], [-71.831851, 42.143809], [-71.829591, 42.14486]]]}}, {"type": "Feature", "id": "06517", "properties": {"ZCTA5CE20": "06517", "GEOID20": "06517", "zip": "06517", "STUSPS": "CT"}, "geometry": {"type": "Polygon", "coordinates": [[[-72.93515, 41.338222], [-72.93418, 41.338064], [-72.933548, 41.34071], [-72.930941, 41.340841], [-72.930623, 41.344621], [-72.932016, 41.345216], [-72.928413, 41.351149], [-72.927148, 41.353149], [-72.923682, 41.352979], [-72.921963, 41.352252], [-72.919127, 41.354565], [-72.921024, 41.356313], [-72.918839, 41.357147], [-72.917189, 41.357214], [-72.915823, 41.357457], [-72.917163, 41.359107], [-72.915989, 41.361697], [-72.918306, 41.363257], [-72.918778, 41.365238], [-72.917051, 41.366022], [-72.918142, 41.366588], [-72.917515, 41.367011], [-72.911343, 41.372787], [-72.915764, 41.374466], [-72.916054, 41.374599], [-72.915517, 41.376646], [-72.914602, 41.37788], [-72.914373, 41.376345], [-72.909584, 41.374425], [-72.907044, 41.376786], [-72.903444, 41.379085], [-72.903786, 41.378107], [-72.907129, 41.376295], [-72.906841, 41.373644], [-72.908366, 41.371912], [-72.906296, 41.371047], [-72.908024, 41.366518], [-72.901806, 41.364961], [-72.899655, 41.364618], [-72.899624, 41.364726], [-72.893981, 41.3633], [-72.887702, 41.362221], [-72.881745, 41.360897], [-72.881881, 41.358878], [-72.883922, 41.357158], [-72.884466, 41.354736], [-72.883825, 41.353508], [-72.882904, 41.353115], [-72.87697, 41.353476], [-72.874456, 41.351683], [-72.873252, 41.349399], [-72.874942, 41.347401], [-72.87724, 41.346614], [-72.879642, 41.347488], [-72.88115, 41.3465], [-72.878763, 41.34463], [-72.880157, 41.343384], [-72.882853, 41.343701], [-72.886773, 41.34115], [-72.887972, 41.339665], [-72.889252, 41.334107], [-72.888845, 41.332597], [-72.892645, 41.330297], [-72.891692, 41.328471], [-72.89331, 41.328897], [-72.897752, 41.328098], [-72.902541, 41.327195], [-72.908528, 41.33085], [-72.912529, 41.333192], [-72.913234, 41.333592], [-72.919963, 41.334149], [-72.924896, 41.334493], [-72.926978, 41.334587], [-72.928112, 41.334691], [-72.927935, 41.335173], [-72.931664, 41.334999], [-72.935193, 41.335471], [-72.93515, 41.338222]]]}}, {"type": "Feature", "id": "06390", "properties": {"ZCTA5CE20": "06390", "GEOID20": "06390", "zip": "06390", "STUSPS": "CT"}, "geometry": {"type": "Polygon", "coordinates": [[[-72.037695, 41.251282], [-72.03472, 41.25642], [-72.031645, 41.257843], [-72.029438, 41.26309], [-72.027833, 41.263399], [-72.0259, 41.261219], [-72.02294, 41.261539], [-72.021292, 41.262356], [-72.022864, 41.264355], [-72.021117, 41.269588], [-72.023215, 41.270626], [-72.024234, 41.273066], [-72.023055, 41.274847], [-72.0202946521006, 41.275192292257], [-72.020281, 41.275194], [-72.0107322644426, 41.271925160557], [-72.007872, 41.270946], [-72.00742, 41.269748], [-72.009468, 41.268452], [-72.009775, 41.26622], [-72.012992, 41.264324], [-72.010039, 41.262005], [-72.006941, 41.262306], [-72.007102, 41.263988], [-72.004607, 41.264149], [-72.002205, 41.265827], [-71.99435, 41.270507], [-71.992972, 41.279556], [-71.991117, 41.281331], [-71.984477, 41.281505], [-71.9799346339974, 41.2801005661171], [-71.977368, 41.279307], [-71.974219, 41.281074], [-71.969671, 41.281181], [-71.968646, 41.284795], [-71.96595, 41.284795], [-71.961833, 41.28292], [-71.957755, 41.283317], [-71.954056, 41.284987], [-71.951259, 41.282914], [-71.948438, 41.282461], [-71.946762, 41.284364], [-71.942293, 41.282705], [-71.939982, 41.284767], [-71.942982, 41.287286], [-71.939376, 41.291263], [-71.934834, 41.290164], [-71.929091, 41.291308], [-71.924824, 41.292296], [-71.922614, 41.29234], [-71.9224, 41.291563], [-71.925061, 41.289997], [-71.926395, 41.289701], [-71.928233, 41.288854], [-71.928555, 41.288357], [-71.92876, 41.285062], [-71.935259, 41.280579], [-71.945981, 41.279877], [-71.946957, 41.277923], [-71.947971, 41.277917], [-71.949978, 41.279347], [-71.955053, 41.276916], [-71.954482, 41.276021], [-71.95536, 41.275462], [-71.960025, 41.275764], [-71.961562, 41.27683], [-71.967144, 41.274692], [-71.968092, 41.273026], [-71.972784, 41.271908], [-71.976195, 41.269199], [-71.979548, 41.267616], [-71.983137, 41.26682], [-71.98483, 41.265121], [-71.990064, 41.262611], [-71.9948477976123, 41.2567762850052], [-71.995358, 41.256154], [-71.999670686199, 41.2541582517899], [-72.002461, 41.252867], [-72.0029523305674, 41.2529201435817], [-72.005438, 41.253189], [-72.010178, 41.255255], [-72.017122, 41.255425], [-72.025917, 41.251026], [-72.036846, 41.249794], [-72.0368669793306, 41.2498307694275], [-72.037695, 41.251282]]]}}, {"type": "Feature", "id": "06604", "properties": {"ZCTA5CE20": "06604", "GEOID20": "06604", "zip": "06604", "STUSPS": "CT"}, "geometry": {"type": "MultiPolygon", "coordinates": [[[[-73.217168, 41.143906], [-73.216107, 41.144466], [-73.2151008115598, 41.1444722886777], [-73.214987, 41.144473], [-73.215269, 41.142644], [-73.216689, 41.141968], [-73.217629, 41.142354], [-73.217168, 41.143906]]], [[[-73.223129, 41.202441], [-73.220503, 41.203454], [-73.218673, 41.199598], [-73.21569, 41.200082], [-73.213801, 41.197961], [-73.218444, 41.196842], [-73.217934, 41.196248], [-73.216923, 41.196511], [-73.213584, 41.192864], [-73.214032, 41.191709], [-73.213519, 41.191171], [-73.212749, 41.19026], [-73.209642, 41.191877], [-73.211545, 41.189319], [-73.208587, 41.190694], [-73.207795, 41.189829], [-73.207148, 41.18961], [-73.203003, 41.190439], [-73.200357, 41.191585], [-73.198526, 41.190378], [-73.197035, 41.191726], [-73.196333, 41.192538], [-73.194772, 41.194735], [-73.193421, 41.194187], [-73.190536, 41.196654], [-73.186832, 41.194358], [-73.189312, 41.191988], [-73.189453, 41.189712], [-73.188825, 41.18613], [-73.188378, 41.186101], [-73.188878, 41.184796], [-73.186256, 41.182896], [-73.185753, 41.18243], [-73.185674, 41.177394], [-73.185537, 41.177105], [-73.184256, 41.174396], [-73.180455, 41.171296], [-73.177355, 41.169096], [-73.175855, 41.1662216588435], [-73.1777541560296, 41.1666920845983], [-73.177774, 41.166697], [-73.1815928017535, 41.1653770922109], [-73.1818138550383, 41.1653006886762], [-73.184359, 41.164421], [-73.1846121599728, 41.1637096024629], [-73.186186, 41.159287], [-73.1870211349743, 41.1592266086367], [-73.2023259492209, 41.15811986706], [-73.202656, 41.158096], [-73.2068199890393, 41.1560312885656], [-73.209402, 41.154751], [-73.2103106782362, 41.1538136094357], [-73.21551, 41.14845], [-73.215704228651, 41.1484960321903], [-73.21651, 41.148687], [-73.217067, 41.152783], [-73.2175103109082, 41.1528720269101], [-73.216657, 41.153896], [-73.214157, 41.155996], [-73.211257, 41.157796], [-73.207536, 41.160756], [-73.206363, 41.161838], [-73.19945, 41.167127], [-73.200482, 41.168207], [-73.198229, 41.169086], [-73.199124, 41.169122], [-73.196101, 41.171583], [-73.197018, 41.172813], [-73.200784, 41.171774], [-73.201188, 41.172029], [-73.201202, 41.172941], [-73.201233, 41.174464], [-73.202875, 41.174333], [-73.202378, 41.175643], [-73.199359, 41.175926], [-73.201245, 41.177708], [-73.201772, 41.178267], [-73.203224, 41.179643], [-73.204781, 41.180512], [-73.20551, 41.180505], [-73.206713, 41.181683], [-73.207703, 41.181071], [-73.208924, 41.179808], [-73.209, 41.179312], [-73.21014, 41.177587], [-73.211944, 41.176451], [-73.212644, 41.176125], [-73.215126, 41.176372], [-73.215344, 41.176549], [-73.217593, 41.177712], [-73.218234, 41.177411], [-73.218219, 41.177476], [-73.221071, 41.176625], [-73.223072, 41.176385], [-73.219268, 41.179367], [-73.219647, 41.18148], [-73.218012, 41.183284], [-73.218692, 41.184554], [-73.220371, 41.187949], [-73.219772, 41.191592], [-73.219403, 41.195315], [-73.219139, 41.197759], [-73.219366, 41.198181], [-73.222927, 41.202088], [-73.223129, 41.202441]]], [[[-73.233172, 41.213918], [-73.232246, 41.214223], [-73.229635, 41.213025], [-73.230249, 41.212168], [-73.22631, 41.208455], [-73.2275, 41.207507], [-73.231584, 41.212142], [-73.23287, 41.21348], [-73.233172, 41.213918]]]]}}, {"type": "Feature", "id": "06606", "properties": {"ZCTA5CE20": "06606", "GEOID20": "06606", "zip": "06606", "STUSPS": "CT"}, "geometry": {"type": "Polygon", "coordinates": [[[-73.244168, 41.226592], [-73.232182, 41.227292], [-73.219125, 41.227802], [-73.212438, 41.228466], [-73.208474, 41.227794], [-73.207293, 41.22775], [-73.201415, 41.229466], [-73.201072, 41.228295], [-73.196405, 41.227719], [-73.195241, 41.227254], [-73.193414, 41.226551], [-73.190857, 41.225032], [-73.190775, 41.224854], [-73.190749, 41.224669], [-73.190764, 41.22453], [-73.190748, 41.224182], [-73.189262, 41.221974], [-73.187202, 41.221015], [-73.187271, 41.220526], [-73.183277, 41.220699], [-73.17884, 41.221975], [-73.179747, 41.218888], [-73.179418, 41.217994], [-73.183363, 41.212737], [-73.186271, 41.20745], [-73.186773, 41.206638], [-73.18776, 41.204678], [-73.187454, 41.204448], [-73.188765, 41.203158], [-73.189356, 41.202696], [-73.189223, 41.202762], [-73.186046, 41.200094], [-73.186504, 41.198117], [-73.186076, 41.196092], [-73.186832, 41.194358], [-73.190536, 41.196654], [-73.193421, 41.194187], [-73.194772, 41.194735], [-73.196333, 41.192538], [-73.197035, 41.191726], [-73.198526, 41.190378], [-73.200357, 41.191585], [-73.203003, 41.190439], [-73.207148, 41.18961], [-73.207795, 41.189829], [-73.208587, 41.190694], [-73.211545, 41.189319], [-73.209642, 41.191877], [-73.212749, 41.19026], [-73.213519, 41.191171], [-73.214032, 41.191709], [-73.213584, 41.192864], [-73.216923, 41.196511], [-73.217934, 41.196248], [-73.218444, 41.196842], [-73.213801, 41.197961], [-73.21569, 41.200082], [-73.218673, 41.199598], [-73.220503, 41.203454], [-73.223129, 41.202441], [-73.225643, 41.205315], [-73.227133, 41.207087], [-73.2275, 41.207507], [-73.22631, 41.208455], [-73.230249, 41.212168], [-73.229635, 41.213025], [-73.232246, 41.214223], [-73.233172, 41.213918], [-73.239026, 41.220669], [-73.242431, 41.224659], [-73.243418, 41.225822], [-73.244168, 41.226592]]]}}, {"type": "Feature", "id": "06610", "properties": {"ZCTA5CE20": "06610", "GEOID20": "06610", "zip": "06610", "STUSPS": "CT"}, "geometry": {"type": "Polygon", "coordinates": [[[-73.188765, 41.203158], [-73.187454, 41.204448], [-73.18776, 41.204678], [-73.186773, 41.206638], [-73.186271, 41.20745], [-73.183363, 41.212737], [-73.179418, 41.217994], [-73.179747, 41.218888], [-73.17884, 41.221975], [-73.178484, 41.222059], [-73.177264, 41.222342], [-73.171201, 41.222569], [-73.169545, 41.222764], [-73.164684, 41.225647], [-73.157636, 41.228377], [-73.159084, 41.225934], [-73.161087, 41.224566], [-73.162827, 41.220225], [-73.161944, 41.217572], [-73.157988, 41.20543], [-73.15676, 41.20127], [-73.15646, 41.200492], [-73.154866, 41.195663], [-73.154672, 41.193393], [-73.153819, 41.192533], [-73.154812, 41.191646], [-73.155115, 41.189992], [-73.154886, 41.189351], [-73.154731, 41.184819], [-73.166555, 41.185431], [-73.167096, 41.185464], [-73.170109, 41.185685], [-73.171068, 41.185695], [-73.170894, 41.186648], [-73.171005, 41.187394], [-73.171628, 41.18895], [-73.174529, 41.188969], [-73.174348, 41.191283], [-73.173959, 41.194099], [-73.178072, 41.196496], [-73.178163, 41.196373], [-73.178674, 41.196402], [-73.178793, 41.196619], [-73.179042, 41.196915], [-73.179029, 41.19715], [-73.180267, 41.197952], [-73.180284, 41.197492], [-73.181696, 41.197536], [-73.181658, 41.198431], [-73.181349, 41.198644], [-73.182187, 41.199343], [-73.18241, 41.199105], [-73.183177, 41.199322], [-73.184031, 41.2007], [-73.185549, 41.201415], [-73.187995, 41.202569], [-73.188765, 41.203158]]]}}, {"type": "Feature", "id": "06611", "properties": {"ZCTA5CE20": "06611", "GEOID20": "06611", "zip": "06611", "STUSPS": "CT"}, "geometry": {"type": "Polygon", "coordinates": [[[-73.275248, 41.291628], [-73.274371, 41.293806], [-73.265849, 41.29471], [-73.263719, 41.294907], [-73.257827, 41.295397], [-73.246112, 41.295848], [-73.243755, 41.295833], [-73.234289, 41.296724], [-73.233581, 41.296847], [-73.230724, 41.297423], [-73.227371, 41.297604], [-73.221099, 41.298104], [-73.2048, 41.29936], [-73.200807, 41.294944], [-73.198299, 41.293093], [-73.190988, 41.285799], [-73.179032, 41.273731], [-73.178639, 41.272636], [-73.173596, 41.268606], [-73.164912, 41.268795], [-73.160786, 41.26894], [-73.155266, 41.269087], [-73.147367, 41.256222], [-73.146882, 41.255367], [-73.145502, 41.254377], [-73.145232, 41.24985], [-73.143328, 41.245034], [-73.143183, 41.241222], [-73.140651, 41.237987], [-73.140057, 41.237187], [-73.146219, 41.237042], [-73.150466, 41.232398], [-73.15426, 41.230537], [-73.153825, 41.230052], [-73.157157, 41.228822], [-73.157636, 41.228377], [-73.164684, 41.225647], [-73.169545, 41.222764], [-73.171201, 41.222569], [-73.177264, 41.222342], [-73.178484, 41.222059], [-73.17884, 41.221975], [-73.183277, 41.220699], [-73.187271, 41.220526], [-73.187202, 41.221015], [-73.189262, 41.221974], [-73.190748, 41.224182], [-73.190764, 41.22453], [-73.190749, 41.224669], [-73.190775, 41.224854], [-73.190857, 41.225032], [-73.193414, 41.226551], [-73.195241, 41.227254], [-73.196405, 41.227719], [-73.201072, 41.228295], [-73.201415, 41.229466], [-73.207293, 41.22775], [-73.208474, 41.227794], [-73.212438, 41.228466], [-73.219125, 41.227802], [-73.232182, 41.227292], [-73.244168, 41.226592], [-73.245457, 41.228064], [-73.246248, 41.229334], [-73.248556, 41.231977], [-73.248576, 41.231998], [-73.245391, 41.23292], [-73.2361, 41.238432], [-73.23682, 41.239349], [-73.241031, 41.244817], [-73.243834, 41.247488], [-73.24434, 41.248097], [-73.247746, 41.252081], [-73.24854, 41.253405], [-73.25371, 41.259135], [-73.271769, 41.280636], [-73.274492, 41.283893], [-73.27506, 41.290447], [-73.275248, 41.291628]]]}}, {"type": "Feature", "id": "06705", "properties": {"ZCTA5CE20": "06705", "GEOID20": "06705", "zip": "06705", "STUSPS": "CT"}, "geometry": {"type": "Polygon", "coordinates": [[[-73.028626, 41.55462], [-73.027608, 41.554941], [-73.027248, 41.555477], [-73.027021, 41.555799], [-73.027043, 41.555953], [-73.023997, 41.557689], [-73.023845, 41.555836], [-73.02388, 41.555695], [-73.024008, 41.55456], [-73.021788, 41.551717], [-73.021889, 41.551193], [-73.019679, 41.550768], [-73.019575, 41.550774], [-73.01763, 41.551847], [-73.016836, 41.552656], [-73.013734, 41.556445], [-73.01279, 41.557727], [-73.011534, 41.56096], [-73.009498, 41.564036], [-73.008593, 41.565262], [-73.00634, 41.568846], [-73.007926, 41.570486], [-73.004139, 41.575057], [-73.003675, 41.575512], [-73.002465, 41.574303], [-73.001868, 41.574089], [-72.998278, 41.570644], [-72.996753, 41.56906], [-72.992208, 41.564892], [-72.98926, 41.565386], [-72.987175, 41.565894], [-72.981145, 41.56192], [-72.981057, 41.554406], [-72.979853, 41.553349], [-72.975285, 41.553609], [-72.974514, 41.553696], [-72.969369, 41.553803], [-72.968068, 41.553865], [-72.964216, 41.554429], [-72.956906, 41.555279], [-72.956788, 41.555295], [-72.962252, 41.544735], [-72.966027, 41.536594], [-72.966633, 41.535264], [-72.968648, 41.531338], [-72.969365, 41.530234], [-72.975789, 41.533045], [-72.979168, 41.533074], [-72.979835, 41.53317], [-72.991418, 41.528893], [-72.991878, 41.529659], [-72.995438, 41.53077], [-72.996058, 41.531507], [-72.996833, 41.534141], [-72.997671, 41.535158], [-72.999821, 41.535952], [-73.000034, 41.536417], [-73.000353, 41.538339], [-72.999998, 41.538832], [-73.002486, 41.538045], [-73.004006, 41.537918], [-73.005889, 41.538201], [-73.009397, 41.539696], [-73.00928, 41.539847], [-73.017716, 41.54015], [-73.020521, 41.541842], [-73.022015, 41.543549], [-73.022001, 41.546024], [-73.021935, 41.547371], [-73.024115, 41.550241], [-73.027452, 41.552563], [-73.027871, 41.553578], [-73.028008, 41.553661], [-73.027703, 41.553584], [-73.027804, 41.554605], [-73.028381, 41.553763], [-73.028626, 41.55462]], [[-73.027248, 41.555477], [-73.027217, 41.555295], [-73.026391, 41.554872], [-73.025968, 41.555287], [-73.026633, 41.555632], [-73.027248, 41.555477]]]}}, {"type": "Feature", "id": "06754", "properties": {"ZCTA5CE20": "06754", "GEOID20": "06754", "zip": "06754", "STUSPS": "CT"}, "geometry": {"type": "Polygon", "coordinates": [[[-73.425738, 41.756533], [-73.422147, 41.766092], [-73.422184, 41.7704], [-73.419739, 41.772088], [-73.419898, 41.775453], [-73.41893, 41.776502], [-73.417698, 41.777681], [-73.414064, 41.781435], [-73.414837, 41.781449], [-73.41282, 41.784877], [-73.410129, 41.788286], [-73.407694, 41.792162], [-73.403426, 41.79539], [-73.399581, 41.798766], [-73.394873, 41.80505], [-73.391979, 41.807332], [-73.393756, 41.807726], [-73.386678, 41.815611], [-73.383979, 41.815122], [-73.383591, 41.817061], [-73.379864, 41.814632], [-73.378986, 41.815228], [-73.381883, 41.817358], [-73.382656, 41.821123], [-73.376826, 41.82112], [-73.375223, 41.820812], [-73.374697, 41.820644], [-73.372943, 41.819811], [-73.371609, 41.821535], [-73.371895, 41.82282], [-73.373868, 41.825066], [-73.376729, 41.824844], [-73.378637, 41.825652], [-73.382949, 41.828976], [-73.383932, 41.830102], [-73.384116, 41.830979], [-73.382273, 41.833815], [-73.378628, 41.836649], [-73.377606, 41.839555], [-73.374181, 41.845531], [-73.374038, 41.848027], [-73.37575, 41.850308], [-73.375571, 41.851501], [-73.374302, 41.85258], [-73.373738, 41.85426], [-73.374136, 41.856256], [-73.374389, 41.857022], [-73.373615, 41.85688], [-73.372755, 41.854295], [-73.373171, 41.850794], [-73.372526, 41.84784], [-73.373466, 41.845371], [-73.372063, 41.845109], [-73.367848, 41.846923], [-73.366874, 41.84526], [-73.361867, 41.843708], [-73.360893, 41.84407], [-73.345663, 41.84683], [-73.339748, 41.844512], [-73.339291, 41.847371], [-73.337401, 41.847975], [-73.338321, 41.848983], [-73.334597, 41.851554], [-73.332198, 41.849537], [-73.332654, 41.848379], [-73.336207, 41.847336], [-73.337839, 41.844911], [-73.338283, 41.842021], [-73.338833, 41.841664], [-73.343707, 41.841619], [-73.344242, 41.842066], [-73.34779, 41.841113], [-73.34922, 41.839725], [-73.349679, 41.838811], [-73.347993, 41.837307], [-73.34737, 41.835936], [-73.347027, 41.833131], [-73.348019, 41.831136], [-73.352036, 41.82945], [-73.356521, 41.825661], [-73.358588, 41.821985], [-73.361884, 41.819707], [-73.358359, 41.818439], [-73.362707, 41.812982], [-73.365104, 41.813484], [-73.365596, 41.810868], [-73.361596, 41.80873], [-73.356929, 41.807776], [-73.35486, 41.808247], [-73.352336, 41.807485], [-73.352295, 41.806085], [-73.349426, 41.807546], [-73.344496, 41.785498], [-73.333438, 41.77983], [-73.331699, 41.780492], [-73.328344, 41.780739], [-73.32745, 41.781705], [-73.325576, 41.782108], [-73.323194, 41.784174], [-73.322117, 41.783731], [-73.321871, 41.779499], [-73.321538, 41.776949], [-73.322866, 41.775761], [-73.323452, 41.772563], [-73.321765, 41.772003], [-73.320416, 41.769623], [-73.320482, 41.768273], [-73.315415, 41.764389], [-73.313361, 41.764098], [-73.312724, 41.763003], [-73.31084, 41.762633], [-73.310084, 41.760271], [-73.307658, 41.758461], [-73.303684, 41.757935], [-73.30397, 41.75684], [-73.303788, 41.751613], [-73.302889, 41.748452], [-73.30185, 41.746257], [-73.299739, 41.745186], [-73.30028, 41.742443], [-73.298325, 41.742314], [-73.296143, 41.739973], [-73.293933, 41.739449], [-73.293307, 41.736597], [-73.293569, 41.733722], [-73.29589, 41.730704], [-73.295295, 41.726027], [-73.293823, 41.723437], [-73.295421, 41.723952], [-73.295736, 41.721787], [-73.317812, 41.721926], [-73.326659, 41.715903], [-73.330309, 41.718935], [-73.331232, 41.719481], [-73.33412, 41.720732], [-73.335972, 41.723821], [-73.33739, 41.724777], [-73.340924, 41.725599], [-73.341663, 41.726912], [-73.343945, 41.727234], [-73.347436, 41.720549], [-73.354303, 41.720942], [-73.354881, 41.719788], [-73.352864, 41.7183], [-73.356704, 41.718202], [-73.360369, 41.720169], [-73.361017, 41.723703], [-73.363626, 41.722808], [-73.364285, 41.721483], [-73.375548, 41.721935], [-73.376652, 41.720239], [-73.377941, 41.72224], [-73.391237, 41.722976], [-73.398644, 41.736494], [-73.399165, 41.741217], [-73.399437, 41.741637], [-73.401575, 41.75436], [-73.398793, 41.756573], [-73.402912, 41.755164], [-73.407915, 41.755212], [-73.409858, 41.756621], [-73.412092, 41.755747], [-73.413064, 41.758418], [-73.415638, 41.759147], [-73.416269, 41.757495], [-73.419621, 41.755844], [-73.423652, 41.75599], [-73.425738, 41.756533]]]}}, {"type": "Feature", "id": "10512", "properties": {"ZCTA5CE20": "10512", "GEOID20": "10512", "zip": "10512", "STUSPS": "CT"}, "geometry": {"type": "Polygon", "coordinates": [[[-73.819171, 41.471742], [-73.818712, 41.474457], [-73.819564, 41.478075], [-73.819146, 41.480309], [-73.818099, 41.481612], [-73.815565, 41.483492], [-73.810269, 41.486101], [-73.806588, 41.490035], [-73.803674, 41.491928], [-73.8009, 41.491274], [-73.801006, 41.490287], [-73.799187, 41.489522], [-73.798551, 41.490473], [-73.795073, 41.488842], [-73.787469, 41.496594], [-73.788758, 41.497428], [-73.79263, 41.497662], [-73.796661, 41.499021], [-73.795491, 41.502276], [-73.77068, 41.504413], [-73.762103, 41.505553], [-73.76315, 41.503816], [-73.757134, 41.504975], [-73.754708, 41.503601], [-73.753298, 41.504545], [-73.749625, 41.501972], [-73.745415, 41.501358], [-73.745073, 41.500451], [-73.744831, 41.501857], [-73.741767, 41.504131], [-73.740865, 41.506352], [-73.739168, 41.507911], [-73.715337, 41.510049], [-73.713913, 41.510186], [-73.695732, 41.511948], [-73.696404, 41.514176], [-73.693439, 41.514949], [-73.693095, 41.514346], [-73.692139, 41.514779], [-73.691588, 41.513654], [-73.691234, 41.512433], [-73.686068, 41.513003], [-73.683849, 41.513306], [-73.681667, 41.508146], [-73.678423, 41.503555], [-73.670576, 41.499627], [-73.667717, 41.497116], [-73.663606, 41.490331], [-73.661654, 41.488461], [-73.65637, 41.484717], [-73.654131, 41.482321], [-73.650599, 41.477103], [-73.650605, 41.477019], [-73.648723, 41.47418], [-73.646051, 41.469883], [-73.644243, 41.465554], [-73.641615, 41.467153], [-73.637856, 41.473193], [-73.638047, 41.474025], [-73.637212, 41.475479], [-73.633462, 41.477328], [-73.631885, 41.48067], [-73.631122, 41.481143], [-73.631642, 41.478571], [-73.631064, 41.47567], [-73.631701, 41.473912], [-73.633064, 41.473181], [-73.633716, 41.470566], [-73.632698, 41.469274], [-73.632627, 41.467548], [-73.633558, 41.463736], [-73.633281, 41.460874], [-73.630771, 41.460657], [-73.631782, 41.453873], [-73.630421, 41.44903], [-73.631104, 41.445004], [-73.62959, 41.444106], [-73.630126, 41.441828], [-73.632481, 41.441628], [-73.632926, 41.441562], [-73.641086, 41.440788], [-73.638459, 41.434724], [-73.639894, 41.434471], [-73.63919, 41.433733], [-73.638816, 41.430986], [-73.639218, 41.429066], [-73.640762, 41.426086], [-73.641489, 41.423457], [-73.64009, 41.419322], [-73.641143, 41.418194], [-73.642031, 41.417906], [-73.644207, 41.420436], [-73.645973, 41.419235], [-73.647162, 41.416449], [-73.649124, 41.416235], [-73.649718, 41.416079], [-73.649868, 41.415178], [-73.651835, 41.414834], [-73.650705, 41.415745], [-73.652815, 41.414957], [-73.65559, 41.414354], [-73.655849, 41.411239], [-73.656203, 41.405387], [-73.655582, 41.404768], [-73.655001, 41.404603], [-73.657414, 41.387168], [-73.657847, 41.381613], [-73.658043, 41.371415], [-73.658593, 41.369141], [-73.651241, 41.370022], [-73.648742, 41.37321], [-73.647545, 41.374057], [-73.647296, 41.373733], [-73.645075, 41.37377], [-73.641802, 41.375037], [-73.642791, 41.367395], [-73.64342, 41.365966], [-73.644499, 41.364787], [-73.648834, 41.361635], [-73.653667, 41.35821], [-73.658021, 41.35661], [-73.660619, 41.355026], [-73.660905, 41.354994], [-73.661625, 41.354979], [-73.670005, 41.354053], [-73.671686, 41.353857], [-73.682081, 41.352711], [-73.689494, 41.351954], [-73.694725, 41.351421], [-73.699636, 41.350919], [-73.697737, 41.355321], [-73.69628, 41.355684], [-73.69578, 41.357994], [-73.693586, 41.359274], [-73.692605, 41.361553], [-73.693078, 41.361958], [-73.692926, 41.362141], [-73.690312, 41.364572], [-73.69181, 41.366448], [-73.69155, 41.368517], [-73.695057, 41.368732], [-73.695473, 41.368873], [-73.696975, 41.371567], [-73.698143, 41.372157], [-73.699033, 41.377987], [-73.700514, 41.37835], [-73.700242, 41.384307], [-73.701047, 41.383645], [-73.702886, 41.383214], [-73.701719, 41.385965], [-73.697669, 41.387602], [-73.706551, 41.396878], [-73.712041, 41.396688], [-73.712179, 41.396259], [-73.716762, 41.396328], [-73.718542, 41.396229], [-73.717583, 41.396763], [-73.715248, 41.398423], [-73.717533, 41.399866], [-73.724604, 41.399092], [-73.725274, 41.406637], [-73.725952, 41.414247], [-73.7268, 41.415898], [-73.727774, 41.416038], [-73.729086, 41.422987], [-73.730812, 41.42352], [-73.727551, 41.425005], [-73.727549, 41.430433], [-73.727144, 41.430661], [-73.728485, 41.432726], [-73.728556, 41.433025], [-73.751334, 41.431104], [-73.763012, 41.430259], [-73.762065, 41.430621], [-73.76089, 41.431487], [-73.759907, 41.432814], [-73.760012, 41.433877], [-73.762059, 41.431811], [-73.764205, 41.430151], [-73.782402, 41.428961], [-73.783026, 41.431162], [-73.784965, 41.432764], [-73.78463, 41.434277], [-73.782787, 41.436144], [-73.782833, 41.437264], [-73.781721, 41.440026], [-73.782452, 41.442301], [-73.784351, 41.443981], [-73.78422, 41.447822], [-73.78656, 41.447462], [-73.789188, 41.447873], [-73.790558, 41.447364], [-73.789399, 41.461432], [-73.792796, 41.460139], [-73.795307, 41.458383], [-73.798989, 41.458485], [-73.801924, 41.45662], [-73.802422, 41.456445], [-73.802495, 41.456124], [-73.803096, 41.455669], [-73.804005, 41.453921], [-73.804578, 41.453548], [-73.80509, 41.453322], [-73.8036, 41.456189], [-73.804658, 41.457477], [-73.806671, 41.457722], [-73.803732, 41.461894], [-73.809387, 41.462676], [-73.807808, 41.464019], [-73.811116, 41.465103], [-73.808638, 41.470421], [-73.805853, 41.475376], [-73.808549, 41.475055], [-73.81342, 41.470818], [-73.818181, 41.468343], [-73.821149, 41.468065], [-73.819171, 41.471742]]]}}, {"type": "Feature", "id": "06759", "properties": {"ZCTA5CE20": "06759", "GEOID20": "06759", "zip": "06759", "STUSPS": "CT"}, "geometry": {"type": "Polygon", "coordinates": [[[-73.346711, 41.804958], [-73.342028, 41.795136], [-73.337403, 41.797649], [-73.332834, 41.797135], [-73.329579, 41.802902], [-73.326038, 41.811069], [-73.321876, 41.811307], [-73.322943, 41.813291], [-73.322099, 41.815772], [-73.321304, 41.820717], [-73.322423, 41.822494], [-73.322313, 41.82873], [-73.317644, 41.827768], [-73.316747, 41.826856], [-73.316721, 41.822573], [-73.314992, 41.821442], [-73.312265, 41.821981], [-73.30849, 41.822074], [-73.305942, 41.821653], [-73.303781, 41.822167], [-73.305884, 41.825923], [-73.306312, 41.830456], [-73.303365, 41.830526], [-73.29477, 41.832719], [-73.290818, 41.832981], [-73.289662, 41.834307], [-73.286, 41.834137], [-73.29493, 41.801324], [-73.294379, 41.800991], [-73.290918, 41.801177], [-73.286572, 41.801587], [-73.282025, 41.804528], [-73.275568, 41.806494], [-73.274047, 41.807818], [-73.273996, 41.806618], [-73.274738, 41.798242], [-73.27671, 41.794037], [-73.276314, 41.793265], [-73.275204, 41.792793], [-73.272798, 41.793011], [-73.267747, 41.7946], [-73.261752, 41.795065], [-73.25865, 41.795823], [-73.258434, 41.793866], [-73.259519, 41.791924], [-73.258938, 41.789223], [-73.259954, 41.783925], [-73.249547, 41.785317], [-73.242988, 41.785952], [-73.231335, 41.787171], [-73.224604, 41.788142], [-73.210526, 41.789294], [-73.201836, 41.790014], [-73.197524, 41.804514], [-73.195113, 41.795953], [-73.197503, 41.794933], [-73.194393, 41.792087], [-73.194266, 41.791811], [-73.197254, 41.791167], [-73.197088, 41.790514], [-73.193997, 41.790786], [-73.167775, 41.793518], [-73.163181, 41.793993], [-73.158592, 41.784762], [-73.154138, 41.783705], [-73.151335, 41.783051], [-73.143821, 41.781313], [-73.124554, 41.776835], [-73.122017, 41.776558], [-73.12198, 41.775378], [-73.117466, 41.769033], [-73.117186, 41.768207], [-73.118274, 41.764408], [-73.117304, 41.763715], [-73.117066, 41.763493], [-73.116142, 41.76069], [-73.117198, 41.756671], [-73.114066, 41.753793], [-73.112102, 41.750712], [-73.112879, 41.748295], [-73.114075, 41.747389], [-73.116743, 41.747006], [-73.118789, 41.747868], [-73.125, 41.745529], [-73.131843, 41.746], [-73.135262, 41.741598], [-73.129291, 41.738889], [-73.127158, 41.737638], [-73.121425, 41.737084], [-73.118483, 41.735072], [-73.119171, 41.733474], [-73.118565, 41.732023], [-73.119072, 41.730967], [-73.118737, 41.728434], [-73.116786, 41.726003], [-73.116986, 41.725072], [-73.120722, 41.720967], [-73.122665, 41.720137], [-73.125317, 41.717451], [-73.122449, 41.716968], [-73.120831, 41.71759], [-73.117722, 41.715612], [-73.115347, 41.712952], [-73.112918, 41.70871], [-73.113123, 41.707025], [-73.112272, 41.705525], [-73.114595, 41.705392], [-73.11383, 41.701159], [-73.117835, 41.701916], [-73.119313, 41.702626], [-73.123602, 41.702472], [-73.122343, 41.700347], [-73.116968, 41.695266], [-73.114027, 41.694208], [-73.113385, 41.693312], [-73.119585, 41.69097], [-73.120032, 41.689763], [-73.119084, 41.685009], [-73.121816, 41.682067], [-73.125398, 41.680097], [-73.134716, 41.675557], [-73.141354, 41.672749], [-73.142074, 41.674809], [-73.155076, 41.710839], [-73.155819, 41.713399], [-73.1568, 41.715857], [-73.166343, 41.714897], [-73.173303, 41.714119], [-73.182632, 41.713494], [-73.189405, 41.712579], [-73.200604, 41.711611], [-73.216811, 41.71082], [-73.222342, 41.710576], [-73.222829, 41.715324], [-73.22205, 41.716767], [-73.222385, 41.717411], [-73.222477, 41.717765], [-73.222448, 41.718017], [-73.221805, 41.719197], [-73.221082, 41.71956], [-73.220363, 41.719701], [-73.219331, 41.719942], [-73.22145, 41.723537], [-73.21963, 41.728707], [-73.220318, 41.728074], [-73.223351, 41.729213], [-73.22481, 41.73165], [-73.228771, 41.736633], [-73.229789, 41.737165], [-73.234329, 41.73735], [-73.234667, 41.735645], [-73.23312, 41.730521], [-73.245985, 41.73059], [-73.252489, 41.730983], [-73.250897, 41.737368], [-73.254007, 41.741025], [-73.255684, 41.741908], [-73.258491, 41.740287], [-73.25883, 41.738597], [-73.258376, 41.736879], [-73.259256, 41.736522], [-73.261754, 41.738373], [-73.265652, 41.739396], [-73.266444, 41.738842], [-73.268294, 41.735851], [-73.271773, 41.737642], [-73.272461, 41.737455], [-73.272178, 41.738416], [-73.269693, 41.740359], [-73.268111, 41.742886], [-73.266228, 41.743507], [-73.263204, 41.746985], [-73.263451, 41.750211], [-73.269211, 41.749675], [-73.271525, 41.750134], [-73.27467, 41.748283], [-73.275109, 41.747109], [-73.275434, 41.745789], [-73.27625, 41.744744], [-73.276017, 41.744611], [-73.27963, 41.743339], [-73.282065, 41.740947], [-73.283535, 41.740583], [-73.292469, 41.740745], [-73.293933, 41.739449], [-73.296143, 41.739973], [-73.298325, 41.742314], [-73.30028, 41.742443], [-73.299739, 41.745186], [-73.30185, 41.746257], [-73.302889, 41.748452], [-73.303788, 41.751613], [-73.30397, 41.75684], [-73.303684, 41.757935], [-73.307658, 41.758461], [-73.310084, 41.760271], [-73.31084, 41.762633], [-73.312724, 41.763003], [-73.313361, 41.764098], [-73.315415, 41.764389], [-73.320482, 41.768273], [-73.320416, 41.769623], [-73.321765, 41.772003], [-73.323452, 41.772563], [-73.322866, 41.775761], [-73.321538, 41.776949], [-73.321871, 41.779499], [-73.322117, 41.783731], [-73.323194, 41.784174], [-73.325576, 41.782108], [-73.32745, 41.781705], [-73.328344, 41.780739], [-73.331699, 41.780492], [-73.333438, 41.77983], [-73.344496, 41.785498], [-73.349426, 41.807546], [-73.346711, 41.804958]]]}}, {"type": "Feature", "id": "06782", "properties": {"ZCTA5CE20": "06782", "GEOID20": "06782", "zip": "06782", "STUSPS": "CT"}, "geometry": {"type": "Polygon", "coordinates": [[[-73.064092, 41.644872], [-73.062056, 41.659735], [-73.061174, 41.665196], [-73.060312, 41.673244], [-73.060787, 41.674301], [-73.058967, 41.682696], [-73.058447, 41.686544], [-73.057802, 41.686378], [-73.056698, 41.687939], [-73.057035, 41.691521], [-73.053233, 41.700181], [-73.047354, 41.699988], [-73.044618, 41.702786], [-73.041964, 41.701762], [-73.041575, 41.698216], [-73.036635, 41.700613], [-73.034151, 41.694952], [-73.031916, 41.68822], [-73.031321, 41.686032], [-73.031868, 41.685974], [-73.039289, 41.685832], [-73.041807, 41.685427], [-73.04366, 41.683472], [-73.043103, 41.682981], [-73.042628, 41.680086], [-73.040125, 41.676712], [-73.040417, 41.674369], [-73.036934, 41.668485], [-73.036635, 41.663467], [-73.03417, 41.65639], [-73.035058, 41.654723], [-73.034994, 41.653704], [-73.036049, 41.653944], [-73.035385, 41.651588], [-73.034361, 41.651021], [-73.033865, 41.645757], [-73.031825, 41.642777], [-73.030991, 41.642479], [-73.030986, 41.638142], [-73.029751, 41.634582], [-73.031054, 41.633784], [-73.032094, 41.631812], [-73.031765, 41.629991], [-73.030961, 41.629279], [-73.033123, 41.625898], [-73.030551, 41.625624], [-73.032685, 41.621782], [-73.033719, 41.617199], [-73.034777, 41.615134], [-73.036156, 41.615197], [-73.050362, 41.609748], [-73.063987, 41.639571], [-73.064819, 41.641039], [-73.064092, 41.644872]]]}}, {"type": "Feature", "id": "06790", "properties": {"ZCTA5CE20": "06790", "GEOID20": "06790", "zip": "06790", "STUSPS": "CT"}, "geometry": {"type": "Polygon", "coordinates": [[[-73.197524, 41.804514], [-73.192566, 41.820979], [-73.190064, 41.829463], [-73.178138, 41.869448], [-73.170664, 41.894275], [-73.168319, 41.902091], [-73.166459, 41.902083], [-73.156877, 41.900583], [-73.154424, 41.901198], [-73.148447, 41.901774], [-73.147295, 41.901058], [-73.145129, 41.898023], [-73.141811, 41.894804], [-73.141349, 41.892275], [-73.138134, 41.8893], [-73.13658, 41.886731], [-73.135392, 41.885799], [-73.135218, 41.884766], [-73.137005, 41.874831], [-73.127149, 41.876088], [-73.120205, 41.877156], [-73.103606, 41.879519], [-73.075143, 41.883837], [-73.070885, 41.884557], [-73.053534, 41.887324], [-73.058644, 41.86769], [-73.058948, 41.866571], [-73.059767, 41.863472], [-73.065192, 41.840818], [-73.06725, 41.833183], [-73.067671, 41.830378], [-73.068432, 41.827824], [-73.070201, 41.821157], [-73.071635, 41.815878], [-73.070371, 41.810371], [-73.071503, 41.80459], [-73.073455, 41.80446], [-73.074642, 41.804508], [-73.076406, 41.79888], [-73.076683, 41.798451], [-73.077706, 41.798421], [-73.080743, 41.798407], [-73.081093, 41.798438], [-73.082508, 41.798389], [-73.082923, 41.798373], [-73.085409, 41.799519], [-73.086602, 41.799797], [-73.08676, 41.799832], [-73.086766, 41.799036], [-73.088044, 41.798521], [-73.104092, 41.79839], [-73.103677, 41.79508], [-73.104289, 41.794421], [-73.107828, 41.790454], [-73.110284, 41.78791], [-73.112093, 41.784943], [-73.11247, 41.782222], [-73.117155, 41.781366], [-73.118462, 41.777051], [-73.119771, 41.775642], [-73.120287, 41.775818], [-73.122017, 41.776558], [-73.124554, 41.776835], [-73.143821, 41.781313], [-73.151335, 41.783051], [-73.154138, 41.783705], [-73.158592, 41.784762], [-73.163181, 41.793993], [-73.167775, 41.793518], [-73.193997, 41.790786], [-73.197088, 41.790514], [-73.197254, 41.791167], [-73.194266, 41.791811], [-73.194393, 41.792087], [-73.197503, 41.794933], [-73.195113, 41.795953], [-73.197524, 41.804514]]]}}, {"type": "Feature", "id": "06801", "properties": {"ZCTA5CE20": "06801", "GEOID20": "06801", "zip": "06801", "STUSPS": "CT"}, "geometry": {"type": "Polygon", "coordinates": [[[-73.433845, 41.375888], [-73.432646, 41.378476], [-73.429582, 41.380002], [-73.42788, 41.380618], [-73.427904, 41.379987], [-73.426492, 41.380416], [-73.42583, 41.380403], [-73.425294, 41.380232], [-73.424717, 41.38216], [-73.423934, 41.382346], [-73.420973, 41.384668], [-73.420493, 41.384219], [-73.41669, 41.386261], [-73.414668, 41.389613], [-73.411985, 41.391718], [-73.407719, 41.395635], [-73.407293, 41.395742], [-73.404898, 41.401031], [-73.40481, 41.402417], [-73.401176, 41.402854], [-73.400825, 41.403449], [-73.402114, 41.405598], [-73.405807, 41.414773], [-73.406019, 41.415442], [-73.40611, 41.416061], [-73.405965, 41.428194], [-73.385241, 41.424021], [-73.380138, 41.422934], [-73.378623, 41.419993], [-73.375723, 41.413596], [-73.37408, 41.409972], [-73.368213, 41.397106], [-73.361657, 41.382718], [-73.359804, 41.378625], [-73.358346, 41.375399], [-73.354858, 41.367738], [-73.347055, 41.350426], [-73.359714, 41.347011], [-73.365754, 41.345956], [-73.371634, 41.344876], [-73.380747, 41.343198], [-73.381858, 41.342901], [-73.393084, 41.340687], [-73.394296, 41.340413], [-73.406101, 41.338346], [-73.417452, 41.336249], [-73.423045, 41.335499], [-73.42433, 41.335289], [-73.425397, 41.337849], [-73.430577, 41.355726], [-73.432329, 41.36288], [-73.433366, 41.366753], [-73.433704, 41.367366], [-73.435021, 41.372399], [-73.433845, 41.375888]]]}}, {"type": "Feature", "id": "06812", "properties": {"ZCTA5CE20": "06812", "GEOID20": "06812", "zip": "06812", "STUSPS": "CT"}, "geometry": {"type": "Polygon", "coordinates": [[[-73.5371000886862, 41.439729628954], [-73.536969, 41.441094], [-73.5362155790302, 41.449644743312], [-73.536067, 41.451331], [-73.535986, 41.45306], [-73.5358943380151, 41.4550348166263], [-73.535885, 41.455236], [-73.535857, 41.455709], [-73.535769, 41.457159], [-73.5355876665594, 41.4595856300071], [-73.5352954601982, 41.4634959772766], [-73.5347598446596, 41.47066366093], [-73.534369, 41.475894], [-73.534269, 41.476394], [-73.534269, 41.476911], [-73.53415, 41.47806], [-73.5340642743096, 41.4788793571253], [-73.534055, 41.478968], [-73.533969, 41.479693], [-73.5335710643987, 41.4845372693477], [-73.5330852144833, 41.4904517636663], [-73.5330452968228, 41.4909377013371], [-73.5324177565387, 41.4985770634688], [-73.532406621006, 41.4987126218851], [-73.5308863930724, 41.5172191178032], [-73.5306605365111, 41.5199685828257], [-73.485936, 41.527931], [-73.482792, 41.528372], [-73.480223, 41.528882], [-73.470662, 41.530867], [-73.464563, 41.532022], [-73.454738, 41.533861], [-73.450368, 41.534678], [-73.44593, 41.525254], [-73.445086, 41.522574], [-73.442766, 41.514094], [-73.445266, 41.509494], [-73.443616, 41.503681], [-73.444066, 41.501794], [-73.442879, 41.498978], [-73.44226, 41.49561], [-73.441466, 41.491294], [-73.438574, 41.486289], [-73.437027, 41.483613], [-73.442095, 41.485573], [-73.44262, 41.48545], [-73.443416, 41.478529], [-73.444409, 41.477561], [-73.44425, 41.476758], [-73.443335, 41.472593], [-73.442145, 41.470591], [-73.44016, 41.469825], [-73.439284, 41.468048], [-73.437065, 41.465397], [-73.43562, 41.466233], [-73.434846, 41.467938], [-73.43543, 41.470864], [-73.437805, 41.472749], [-73.438291, 41.47406], [-73.434934, 41.471898], [-73.433379, 41.472111], [-73.431533, 41.469014], [-73.429716, 41.469735], [-73.426942, 41.463834], [-73.439366, 41.460994], [-73.44191, 41.460545], [-73.445051, 41.45999], [-73.450576, 41.459001], [-73.461977, 41.456667], [-73.468988, 41.455506], [-73.475696, 41.453846], [-73.485357, 41.451263], [-73.494364, 41.449683], [-73.502516, 41.447855], [-73.51428, 41.445636], [-73.519011, 41.444515], [-73.521216, 41.443994], [-73.53633, 41.440529], [-73.5371022733491, 41.4397068909828], [-73.5371000886862, 41.439729628954]]]}}, {"type": "Feature", "id": "10509", "properties": {"ZCTA5CE20": "10509", "GEOID20": "10509", "zip": "10509", "STUSPS": "CT"}, "geometry": {"type": "Polygon", "coordinates": [[[-73.660619, 41.355026], [-73.658021, 41.35661], [-73.653667, 41.35821], [-73.648834, 41.361635], [-73.644499, 41.364787], [-73.64342, 41.365966], [-73.642791, 41.367395], [-73.641802, 41.375037], [-73.645075, 41.37377], [-73.647296, 41.373733], [-73.647545, 41.374057], [-73.648742, 41.37321], [-73.651241, 41.370022], [-73.658593, 41.369141], [-73.658043, 41.371415], [-73.657847, 41.381613], [-73.657414, 41.387168], [-73.655001, 41.404603], [-73.655582, 41.404768], [-73.656203, 41.405387], [-73.655849, 41.411239], [-73.65559, 41.414354], [-73.652815, 41.414957], [-73.650705, 41.415745], [-73.651835, 41.414834], [-73.649868, 41.415178], [-73.649718, 41.416079], [-73.649124, 41.416235], [-73.647162, 41.416449], [-73.645973, 41.419235], [-73.644207, 41.420436], [-73.642031, 41.417906], [-73.641143, 41.418194], [-73.64009, 41.419322], [-73.641489, 41.423457], [-73.640762, 41.426086], [-73.639218, 41.429066], [-73.638816, 41.430986], [-73.63919, 41.433733], [-73.639894, 41.434471], [-73.638459, 41.434724], [-73.641086, 41.440788], [-73.632926, 41.441562], [-73.632481, 41.441628], [-73.630126, 41.441828], [-73.62959, 41.444106], [-73.631104, 41.445004], [-73.630421, 41.44903], [-73.628287, 41.44828], [-73.625725, 41.450766], [-73.622112, 41.451646], [-73.619128, 41.448632], [-73.619232, 41.4472], [-73.618954, 41.447255], [-73.61871, 41.448064], [-73.61351, 41.448722], [-73.611068, 41.451971], [-73.610637, 41.45787], [-73.608988, 41.467538], [-73.608136, 41.473157], [-73.602675, 41.472575], [-73.602862, 41.475241], [-73.602683, 41.477329], [-73.59951, 41.476479], [-73.595812, 41.478627], [-73.592721, 41.479229], [-73.585691, 41.478037], [-73.583142, 41.476272], [-73.582396, 41.474144], [-73.58059, 41.473658], [-73.580281, 41.472075], [-73.580147, 41.476191], [-73.578345, 41.478024], [-73.577336, 41.477285], [-73.578132, 41.476422], [-73.576803, 41.475005], [-73.574568, 41.474048], [-73.57199, 41.473542], [-73.571079, 41.471768], [-73.568026, 41.470243], [-73.56779, 41.468658], [-73.56943, 41.467134], [-73.567493, 41.464948], [-73.565691, 41.465225], [-73.566096, 41.46399], [-73.564874, 41.462715], [-73.562446, 41.463098], [-73.561499, 41.460588], [-73.562073, 41.459193], [-73.561247, 41.45624], [-73.559281, 41.455203], [-73.556874, 41.455743], [-73.553232, 41.457285], [-73.55268, 41.45826], [-73.553148, 41.45858], [-73.549421, 41.460545], [-73.547329, 41.460426], [-73.54648, 41.459083], [-73.545605, 41.460178], [-73.544879, 41.460353], [-73.544812, 41.461193], [-73.543787, 41.461575], [-73.543012, 41.460918], [-73.541972, 41.461278], [-73.541777, 41.460912], [-73.544093, 41.457688], [-73.54387, 41.457616], [-73.540227, 41.457775], [-73.538903, 41.458226], [-73.538673, 41.459408], [-73.537088, 41.460112], [-73.537334, 41.46379], [-73.535953, 41.468448], [-73.536472, 41.469603], [-73.535437, 41.471749], [-73.536629, 41.475072], [-73.536415, 41.478967], [-73.536656, 41.478983], [-73.537322, 41.478537], [-73.538058, 41.47716], [-73.539652, 41.478549], [-73.538839, 41.47965], [-73.539105, 41.47973], [-73.540476, 41.481562], [-73.537724, 41.486092], [-73.5335710643987, 41.4845372693477], [-73.533969, 41.479693], [-73.534055, 41.478968], [-73.5340642743096, 41.4788793571253], [-73.53415, 41.47806], [-73.534269, 41.476911], [-73.534269, 41.476394], [-73.534369, 41.475894], [-73.5347598446596, 41.47066366093], [-73.5352954601982, 41.4634959772766], [-73.5355876665594, 41.4595856300071], [-73.535769, 41.457159], [-73.535857, 41.455709], [-73.535885, 41.455236], [-73.5358943380151, 41.4550348166263], [-73.535986, 41.45306], [-73.536067, 41.451331], [-73.5362155790302, 41.449644743312], [-73.536969, 41.441094], [-73.5371000886862, 41.439729628954], [-73.5371022733491, 41.4397068909828], [-73.5372747912126, 41.4379113250589], [-73.5373805971774, 41.4368100965774], [-73.537469, 41.43589], [-73.537673, 41.433905], [-73.5380925348766, 41.4305555612295], [-73.5380976203182, 41.4305149606117], [-73.538570152797, 41.4267424051155], [-73.541169, 41.405994], [-73.5423791120522, 41.3902389418452], [-73.5423794810464, 41.3902341377244], [-73.5423839217327, 41.3901763221922], [-73.5424697738594, 41.3890585701244], [-73.5424728244938, 41.3890188523784], [-73.5434148559124, 41.3767540709835], [-73.543425, 41.376622], [-73.5436192944484, 41.3750940374418], [-73.5437226736843, 41.3742810466284], [-73.5447070189854, 41.3665399980477], [-73.560247, 41.364942], [-73.572544, 41.363677], [-73.571689, 41.362372], [-73.574984, 41.361675], [-73.575631, 41.363362], [-73.594003, 41.361439], [-73.599827, 41.360813], [-73.599938, 41.360802], [-73.628491, 41.358181], [-73.637481, 41.357358], [-73.638605, 41.357252], [-73.640991, 41.355229], [-73.641395, 41.355727], [-73.641248, 41.356974], [-73.659031, 41.355183], [-73.660619, 41.355026]]]}}, {"type": "Feature", "id": "06824", "properties": {"ZCTA5CE20": "06824", "GEOID20": "06824", "zip": "06824", "STUSPS": "CT"}, "geometry": {"type": "Polygon", "coordinates": [[[-73.338457, 41.194539], [-73.337184, 41.197375], [-73.333426, 41.1991], [-73.333296, 41.202855], [-73.332417, 41.205073], [-73.331844, 41.205859], [-73.328945, 41.210184], [-73.330311, 41.211233], [-73.329014, 41.213425], [-73.326034, 41.213191], [-73.324035, 41.213179], [-73.318313, 41.212742], [-73.307418, 41.212891], [-73.301863, 41.212729], [-73.301035, 41.213133], [-73.295435, 41.217471], [-73.290774, 41.220089], [-73.288257, 41.223855], [-73.284304, 41.225299], [-73.282351, 41.229102], [-73.280352, 41.230861], [-73.279256, 41.231551], [-73.278956, 41.2309], [-73.275498, 41.226918], [-73.274267, 41.225657], [-73.273133, 41.224211], [-73.272239, 41.223262], [-73.272044, 41.222957], [-73.264795, 41.214459], [-73.268905, 41.208592], [-73.26917, 41.206845], [-73.270942, 41.204723], [-73.270999, 41.2033], [-73.270392, 41.202975], [-73.26935, 41.202385], [-73.266899, 41.200473], [-73.26598, 41.197834], [-73.263429, 41.19451], [-73.260319, 41.192552], [-73.260042, 41.192345], [-73.25927, 41.191744], [-73.257405, 41.189787], [-73.256838, 41.186207], [-73.256704, 41.18541], [-73.255886, 41.183975], [-73.25658, 41.183674], [-73.258051, 41.182006], [-73.257901, 41.181771], [-73.257093, 41.179043], [-73.255269, 41.177394], [-73.253871, 41.178159], [-73.252064, 41.180631], [-73.251739, 41.181638], [-73.250173, 41.181035], [-73.246026, 41.179789], [-73.2437, 41.178691], [-73.243089, 41.17846], [-73.24245, 41.177907], [-73.243911, 41.177218], [-73.243398, 41.176663], [-73.242208, 41.177721], [-73.241831, 41.17621], [-73.240413, 41.176212], [-73.236283, 41.173182], [-73.235713, 41.172588], [-73.235519, 41.171034], [-73.236041, 41.171034], [-73.236193, 41.165788], [-73.235449, 41.165413], [-73.235534, 41.165133], [-73.235911, 41.164304], [-73.235845, 41.162417], [-73.237407, 41.158979], [-73.241151, 41.156296], [-73.241014, 41.155944], [-73.232111, 41.16266], [-73.229993, 41.160726], [-73.233877, 41.157178], [-73.237229, 41.155134], [-73.237219, 41.153661], [-73.236092, 41.152387], [-73.233696, 41.152099], [-73.232856, 41.147604], [-73.2348456347633, 41.1439679266145], [-73.235058, 41.143996], [-73.2351985506033, 41.1437001266572], [-73.2354744452279, 41.1431193403574], [-73.236588135665, 41.1407749084968], [-73.2378132978746, 41.1381958171957], [-73.2378387321871, 41.138142275376], [-73.2422156793845, 41.1289283554931], [-73.242565, 41.128193], [-73.2430017210054, 41.1280537392537], [-73.2435846766093, 41.1278678475025], [-73.252619, 41.124987], [-73.2592916390627, 41.1203464114247], [-73.2594630227923, 41.1202272199968], [-73.262388, 41.118193], [-73.2675748317471, 41.1193747891316], [-73.272659380404, 41.1205332736621], [-73.275116, 41.121093], [-73.278752, 41.125659], [-73.2859969746386, 41.1276831049415], [-73.2862599578681, 41.1277565773387], [-73.282825, 41.131853], [-73.277693, 41.134405], [-73.274767, 41.137548], [-73.274083, 41.138888], [-73.274293, 41.139816], [-73.275276, 41.14096], [-73.274646, 41.142317], [-73.271707, 41.146555], [-73.273113, 41.149046], [-73.27267, 41.150525], [-73.274046, 41.149424], [-73.274961, 41.149662], [-73.278584, 41.152366], [-73.278596, 41.155438], [-73.276157, 41.157902], [-73.278298, 41.159538], [-73.281627, 41.160606], [-73.28186, 41.160607], [-73.282921, 41.160113], [-73.28401, 41.159493], [-73.290558, 41.158233], [-73.291131, 41.160075], [-73.287761, 41.161058], [-73.28808, 41.162373], [-73.288807, 41.162396], [-73.290711, 41.161828], [-73.291319, 41.162889], [-73.293101, 41.162055], [-73.296818, 41.166967], [-73.300478, 41.165319], [-73.299839, 41.163273], [-73.30284, 41.159008], [-73.302855, 41.158223], [-73.305593, 41.156867], [-73.306712, 41.15416], [-73.309356, 41.155989], [-73.309218, 41.158843], [-73.312078, 41.16188], [-73.313998, 41.164465], [-73.313838, 41.165772], [-73.313315, 41.166789], [-73.318332, 41.167258], [-73.32227, 41.172457], [-73.323295, 41.17372], [-73.33566, 41.190851], [-73.335789, 41.191009], [-73.336107, 41.191451], [-73.337439, 41.193152], [-73.338457, 41.194539]]]}}, {"type": "Feature", "id": "06831", "properties": {"ZCTA5CE20": "06831", "GEOID20": "06831", "zip": "06831", "STUSPS": "CT"}, "geometry": {"type": "Polygon", "coordinates": [[[-73.727775, 41.100696], [-73.7122926255069, 41.1078656241552], [-73.7122625341071, 41.1078795589704], [-73.7028420205265, 41.1122420384951], [-73.7025289839594, 41.1123870004023], [-73.6960060114926, 41.1154076779464], [-73.6959488909347, 41.1154341295047], [-73.6767044849558, 41.1243458864203], [-73.6684334021286, 41.1281760841238], [-73.6677428182863, 41.1284958817491], [-73.6605552975166, 41.1318243003033], [-73.660504402926, 41.1318478687221], [-73.6440570349302, 41.1394643649465], [-73.639672, 41.141495], [-73.633975019844, 41.1440908044972], [-73.632153, 41.144921], [-73.6288148586472, 41.1464233424058], [-73.6157986549652, 41.1522813312348], [-73.614396, 41.144759], [-73.614161, 41.14197], [-73.613192, 41.138275], [-73.615514, 41.135754], [-73.614098, 41.135579], [-73.61263, 41.134119], [-73.613266, 41.129611], [-73.612126, 41.12965], [-73.611441, 41.125069], [-73.608866, 41.123241], [-73.612068, 41.124775], [-73.61421, 41.12423], [-73.615516, 41.124935], [-73.617587, 41.12275], [-73.613785, 41.117654], [-73.607055, 41.109609], [-73.606346, 41.108427], [-73.606092, 41.109302], [-73.603979, 41.106606], [-73.600158, 41.10495], [-73.598541, 41.101415], [-73.596732, 41.101825], [-73.591963, 41.100921], [-73.594559, 41.100711], [-73.599163, 41.099018], [-73.599229, 41.099105], [-73.60545, 41.096555], [-73.610978, 41.09314], [-73.622418, 41.09003], [-73.622452, 41.089899], [-73.623874, 41.089625], [-73.6272, 41.09028], [-73.629486, 41.092311], [-73.634963, 41.096523], [-73.637198, 41.097649], [-73.639225, 41.097623], [-73.648771, 41.095651], [-73.648404, 41.093236], [-73.647539, 41.090675], [-73.647688, 41.08897], [-73.647302, 41.087822], [-73.647973, 41.08614], [-73.650955, 41.085586], [-73.652817, 41.082511], [-73.648791, 41.075276], [-73.642911, 41.077369], [-73.642031, 41.078106], [-73.641143, 41.076822], [-73.64181, 41.076702], [-73.641587, 41.074857], [-73.641406, 41.074516], [-73.642644, 41.070306], [-73.642097, 41.069067], [-73.639356, 41.068766], [-73.640543, 41.068506], [-73.643057, 41.06819], [-73.643371, 41.066298], [-73.646072, 41.061171], [-73.643315, 41.062416], [-73.643252, 41.058719], [-73.640495, 41.058846], [-73.640608, 41.054491], [-73.641657, 41.052343], [-73.640007, 41.049726], [-73.637661, 41.049345], [-73.637041, 41.048485], [-73.635865, 41.045317], [-73.639464, 41.040847], [-73.637224, 41.038703], [-73.638412, 41.035], [-73.6381, 41.034234], [-73.634027, 41.035455], [-73.632352, 41.032568], [-73.632667, 41.032053], [-73.631471, 41.030889], [-73.629417, 41.028095], [-73.629981, 41.027564], [-73.634101, 41.025371], [-73.63445, 41.025143], [-73.635171, 41.025686], [-73.63885, 41.022711], [-73.639698, 41.022106], [-73.640119, 41.022199], [-73.640694, 41.022105], [-73.64164, 41.021627], [-73.642253, 41.021066], [-73.642396, 41.020806], [-73.643452, 41.020447], [-73.64371, 41.020294], [-73.6446, 41.019331], [-73.644602, 41.019064], [-73.645958, 41.018251], [-73.648725, 41.016701], [-73.648789, 41.016666], [-73.651923, 41.014804], [-73.652564, 41.014461], [-73.654295, 41.013272], [-73.6556623079508, 41.0126660658565], [-73.6556679291872, 41.0126718631641], [-73.656117, 41.013135], [-73.658679, 41.016706], [-73.6588002122079, 41.0168210802604], [-73.6604129558331, 41.0183522375566], [-73.662672, 41.020497], [-73.6627284964706, 41.0205665341176], [-73.6664391407287, 41.0251334808969], [-73.6665544729412, 41.0252754282353], [-73.6665587203838, 41.025280655857], [-73.670472, 41.030097], [-73.6706439735858, 41.0303087767555], [-73.6722427528981, 41.0322775924543], [-73.6756502436843, 41.0364737446697], [-73.6757863599152, 41.0366413649098], [-73.679973, 41.041797], [-73.6828743005723, 41.0453833298741], [-73.687173, 41.050697], [-73.6924347867723, 41.0570696907683], [-73.6942630233972, 41.0592839170694], [-73.694273, 41.059296], [-73.6946727798982, 41.0597965650438], [-73.7054007089612, 41.0732290220158], [-73.706163059899, 41.0741835628326], [-73.7154600485536, 41.0858243370527], [-73.716875, 41.087596], [-73.7178151629435, 41.0885856452037], [-73.7179443212336, 41.0887216012985], [-73.722575, 41.093596], [-73.727775, 41.100696]]]}}, {"type": "Feature", "id": "06880", "properties": {"ZCTA5CE20": "06880", "GEOID20": "06880", "zip": "06880", "STUSPS": "CT"}, "geometry": {"type": "Polygon", "coordinates": [[[-73.388086, 41.156484], [-73.388448, 41.157997], [-73.387588, 41.162426], [-73.386813, 41.166403], [-73.386769, 41.169805], [-73.387073, 41.170495], [-73.384866, 41.174433], [-73.381474, 41.182567], [-73.379568, 41.185777], [-73.378157, 41.184204], [-73.376548, 41.18143], [-73.371603, 41.174685], [-73.370454, 41.175722], [-73.364752, 41.179031], [-73.363826, 41.179351], [-73.361729, 41.180896], [-73.358007, 41.183063], [-73.354653, 41.185059], [-73.345524, 41.19028], [-73.342096, 41.19273], [-73.338457, 41.194539], [-73.337439, 41.193152], [-73.336107, 41.191451], [-73.335789, 41.191009], [-73.33566, 41.190851], [-73.323295, 41.17372], [-73.32227, 41.172457], [-73.318332, 41.167258], [-73.313315, 41.166789], [-73.313838, 41.165772], [-73.313998, 41.164465], [-73.312078, 41.16188], [-73.309218, 41.158843], [-73.309356, 41.155989], [-73.306712, 41.15416], [-73.306021, 41.152769], [-73.3046, 41.151912], [-73.305896, 41.14958], [-73.304253, 41.148981], [-73.303387, 41.145854], [-73.29898, 41.145005], [-73.298068, 41.142868], [-73.29895, 41.140649], [-73.297866, 41.138293], [-73.296786, 41.136355], [-73.297193, 41.135967], [-73.296127, 41.133675], [-73.297182, 41.132141], [-73.296534, 41.129695], [-73.297251, 41.12604], [-73.2987463453292, 41.1247855952212], [-73.299003, 41.124719], [-73.2986118472117, 41.1202282076829], [-73.29861, 41.120207], [-73.2986493108033, 41.1201889601108], [-73.2992107888232, 41.11993129554], [-73.3060660722115, 41.1167853778208], [-73.30664, 41.116522], [-73.308513, 41.115507], [-73.309101, 41.114804], [-73.309602, 41.114947], [-73.310792, 41.115748], [-73.311267, 41.116475], [-73.31363, 41.116769], [-73.31546, 41.116605], [-73.317665, 41.116196], [-73.319286, 41.11538], [-73.319537770502, 41.1153617787239], [-73.320875, 41.115265], [-73.32497, 41.113433], [-73.3286133560285, 41.1112322592847], [-73.33066, 41.109996], [-73.330957221598, 41.1100872499775], [-73.3310755801918, 41.1101235872393], [-73.336409, 41.111761], [-73.3470345062531, 41.1076577346387], [-73.3472202648725, 41.1075859999947], [-73.350351, 41.106377], [-73.3526336459335, 41.1016877368453], [-73.352671, 41.101611], [-73.3529310090308, 41.1017396180365], [-73.357078, 41.103791], [-73.3573073816719, 41.1038608760925], [-73.368249, 41.107194], [-73.3680613466089, 41.1028164721535], [-73.368011, 41.101642], [-73.3672503278828, 41.1003914724926], [-73.365396, 41.097343], [-73.369199, 41.095552], [-73.3722143912961, 41.095518268805], [-73.379767, 41.09742], [-73.380391, 41.096645], [-73.383071, 41.098838], [-73.382877, 41.099716], [-73.383643, 41.100563], [-73.384443, 41.102894], [-73.383433, 41.104616], [-73.384311, 41.107313], [-73.382562, 41.114596], [-73.38203, 41.116734], [-73.381404, 41.118312], [-73.380173, 41.121139], [-73.380374, 41.123415], [-73.380409, 41.123902], [-73.382057, 41.123796], [-73.381927, 41.124553], [-73.383562, 41.124671], [-73.383583, 41.125389], [-73.382402, 41.12573], [-73.38116, 41.125033], [-73.380533, 41.124971], [-73.381126, 41.128603], [-73.381471, 41.131903], [-73.382904, 41.139043], [-73.382888, 41.139757], [-73.382929, 41.141058], [-73.382684, 41.141685], [-73.386684, 41.146006], [-73.388769, 41.148948], [-73.388086, 41.156484]]]}}, {"type": "Feature", "id": "10536", "properties": {"ZCTA5CE20": "10536", "GEOID20": "10536", "zip": "10536", "STUSPS": "CT"}, "geometry": {"type": "Polygon", "coordinates": [[[-73.767421, 41.270597], [-73.764388, 41.269871], [-73.763157, 41.269886], [-73.76326, 41.272115], [-73.763748, 41.275062], [-73.762103, 41.275342], [-73.761671, 41.279707], [-73.760472, 41.280567], [-73.758813, 41.280408], [-73.757128, 41.282274], [-73.754829, 41.282252], [-73.754529, 41.28425], [-73.751967, 41.283543], [-73.753398, 41.287372], [-73.753728, 41.288777], [-73.751987, 41.289028], [-73.751171, 41.290942], [-73.749233, 41.293557], [-73.746155, 41.295482], [-73.744164, 41.297521], [-73.740374, 41.299184], [-73.739563, 41.298822], [-73.7362, 41.300683], [-73.735631, 41.302466], [-73.736307, 41.305529], [-73.737907, 41.307994], [-73.737793, 41.311177], [-73.737077, 41.312818], [-73.738221, 41.316397], [-73.733296, 41.318449], [-73.730692, 41.319095], [-73.731194, 41.320559], [-73.733869, 41.32096], [-73.734815, 41.321764], [-73.730822, 41.320526], [-73.729149, 41.318253], [-73.728942, 41.318273], [-73.719209, 41.319169], [-73.717243, 41.31871], [-73.717288, 41.314041], [-73.71023, 41.314747], [-73.703369, 41.309779], [-73.70257, 41.306223], [-73.700598, 41.305365], [-73.698947, 41.303173], [-73.69529, 41.308221], [-73.692023, 41.314008], [-73.690385, 41.312497], [-73.689869, 41.310354], [-73.690024, 41.30758], [-73.691518, 41.306016], [-73.693094, 41.30576], [-73.693243, 41.304464], [-73.694829, 41.303448], [-73.694722, 41.301836], [-73.693108, 41.300919], [-73.695042, 41.299946], [-73.694629, 41.298608], [-73.696383, 41.298689], [-73.695129, 41.29763], [-73.695952, 41.293565], [-73.694517, 41.291421], [-73.693803, 41.289459], [-73.691871, 41.287218], [-73.688386, 41.286527], [-73.687103, 41.285117], [-73.691328, 41.284149], [-73.692035, 41.281857], [-73.690896, 41.277526], [-73.693114, 41.276128], [-73.696831, 41.275232], [-73.698919, 41.272743], [-73.698977, 41.270275], [-73.699836, 41.269069], [-73.698484, 41.268111], [-73.685153, 41.271994], [-73.682885, 41.275806], [-73.680295, 41.282624], [-73.677917, 41.287407], [-73.677471, 41.288861], [-73.676941, 41.295101], [-73.676749, 41.295049], [-73.677183, 41.288411], [-73.678299, 41.285192], [-73.662469, 41.288369], [-73.661362, 41.289518], [-73.659696, 41.289127], [-73.653156, 41.291831], [-73.651732, 41.293995], [-73.651135, 41.293735], [-73.648377, 41.29361], [-73.648145, 41.294647], [-73.644883, 41.295605], [-73.640486, 41.29811], [-73.637591, 41.2992], [-73.634903, 41.299656], [-73.630673, 41.298901], [-73.627983, 41.297693], [-73.627273, 41.295989], [-73.627286, 41.294478], [-73.616043, 41.293221], [-73.61308, 41.291306], [-73.611534, 41.291352], [-73.611725, 41.290362], [-73.61189, 41.289823], [-73.612218, 41.284586], [-73.613954, 41.284912], [-73.617179, 41.282861], [-73.619074, 41.275671], [-73.627104, 41.274348], [-73.626478, 41.272713], [-73.627982, 41.272112], [-73.620845, 41.257397], [-73.619525, 41.255019], [-73.619275, 41.254579], [-73.619741, 41.251838], [-73.620606, 41.248669], [-73.617914, 41.248872], [-73.617638, 41.248318], [-73.617488, 41.245553], [-73.617937, 41.245009], [-73.618224, 41.244669], [-73.617818, 41.243463], [-73.617473, 41.236311], [-73.61862, 41.234133], [-73.619612, 41.232373], [-73.619728, 41.229552], [-73.61963, 41.228547], [-73.620851, 41.228879], [-73.621462, 41.226239], [-73.629282, 41.225318], [-73.629912, 41.222397], [-73.63727, 41.226815], [-73.643376, 41.230225], [-73.643379, 41.2296], [-73.646381, 41.230553], [-73.650652, 41.228657], [-73.653981, 41.227083], [-73.653966, 41.229249], [-73.653943, 41.231401], [-73.656162, 41.231395], [-73.657752, 41.231326], [-73.6595, 41.234126], [-73.661176, 41.234838], [-73.662014, 41.237257], [-73.663439, 41.238401], [-73.662575, 41.240094], [-73.663704, 41.241292], [-73.666197, 41.241475], [-73.668189, 41.243789], [-73.669314, 41.246773], [-73.668863, 41.247658], [-73.670202, 41.249013], [-73.672859, 41.249121], [-73.672834, 41.249061], [-73.673181, 41.249122], [-73.675507, 41.250227], [-73.676999, 41.250257], [-73.67896, 41.248268], [-73.685266, 41.245741], [-73.685499, 41.245968], [-73.686922, 41.245053], [-73.688588, 41.245428], [-73.68982, 41.245613], [-73.691651, 41.246644], [-73.693454, 41.246225], [-73.693273, 41.245793], [-73.694254, 41.245588], [-73.694157, 41.244599], [-73.695903, 41.244847], [-73.696587, 41.246743], [-73.695799, 41.246963], [-73.696506, 41.2481], [-73.696683, 41.24766], [-73.698841, 41.246231], [-73.702419, 41.246575], [-73.704763, 41.245346], [-73.705496, 41.242985], [-73.706768, 41.244033], [-73.707996, 41.244405], [-73.709051, 41.2444], [-73.709805, 41.244428], [-73.71205, 41.243069], [-73.715865, 41.241908], [-73.720927, 41.244617], [-73.725367, 41.245072], [-73.727803, 41.246365], [-73.721835, 41.249236], [-73.720044, 41.250222], [-73.715885, 41.249801], [-73.716934, 41.250239], [-73.719059, 41.250701], [-73.720583, 41.252719], [-73.722404, 41.253204], [-73.724529, 41.25463], [-73.729109, 41.253025], [-73.727298, 41.250528], [-73.72877, 41.249683], [-73.729249, 41.249529], [-73.733952, 41.248301], [-73.740417, 41.244762], [-73.748151, 41.24274], [-73.751808, 41.242], [-73.753645, 41.240141], [-73.757434, 41.238337], [-73.760479, 41.233938], [-73.761212, 41.23836], [-73.76401, 41.252075], [-73.764328, 41.255803], [-73.765907, 41.262849], [-73.767421, 41.270597]]]}}, {"type": "Feature", "id": "06890", "properties": {"ZCTA5CE20": "06890", "GEOID20": "06890", "zip": "06890", "STUSPS": "CT"}, "geometry": {"type": "Polygon", "coordinates": [[[-73.306712, 41.15416], [-73.305593, 41.156867], [-73.302855, 41.158223], [-73.30284, 41.159008], [-73.299839, 41.163273], [-73.300478, 41.165319], [-73.296818, 41.166967], [-73.293101, 41.162055], [-73.291319, 41.162889], [-73.290711, 41.161828], [-73.288807, 41.162396], [-73.28808, 41.162373], [-73.287761, 41.161058], [-73.291131, 41.160075], [-73.290558, 41.158233], [-73.28401, 41.159493], [-73.282921, 41.160113], [-73.28186, 41.160607], [-73.281627, 41.160606], [-73.278298, 41.159538], [-73.276157, 41.157902], [-73.278596, 41.155438], [-73.278584, 41.152366], [-73.274961, 41.149662], [-73.274046, 41.149424], [-73.27267, 41.150525], [-73.273113, 41.149046], [-73.271707, 41.146555], [-73.274646, 41.142317], [-73.275276, 41.14096], [-73.274293, 41.139816], [-73.274083, 41.138888], [-73.274767, 41.137548], [-73.277693, 41.134405], [-73.282825, 41.131853], [-73.2862599578681, 41.1277565773387], [-73.286759, 41.127896], [-73.2914591441097, 41.1266764346752], [-73.2975538542987, 41.1250950156724], [-73.2987463453292, 41.1247855952212], [-73.297251, 41.12604], [-73.296534, 41.129695], [-73.297182, 41.132141], [-73.296127, 41.133675], [-73.297193, 41.135967], [-73.296786, 41.136355], [-73.297866, 41.138293], [-73.29895, 41.140649], [-73.298068, 41.142868], [-73.29898, 41.145005], [-73.303387, 41.145854], [-73.304253, 41.148981], [-73.305896, 41.14958], [-73.3046, 41.151912], [-73.306021, 41.152769], [-73.306712, 41.15416]]]}}, {"type": "Feature", "id": "06389", "properties": {"ZCTA5CE20": "06389", "GEOID20": "06389", "zip": "06389", "STUSPS": "CT"}, "geometry": {"type": "Polygon", "coordinates": [[[-72.134981, 41.569529], [-72.126088, 41.564012], [-72.125195, 41.563345], [-72.124607, 41.561856], [-72.119247, 41.55848], [-72.114343, 41.558263], [-72.113294, 41.559483], [-72.111906, 41.558814], [-72.112801, 41.557341], [-72.115385, 41.555515], [-72.11449, 41.553782], [-72.112917, 41.554276], [-72.11054, 41.553773], [-72.109586, 41.551829], [-72.110918, 41.550342], [-72.115156, 41.553418], [-72.116025, 41.555722], [-72.11861, 41.558039], [-72.12075, 41.557951], [-72.12098, 41.557897], [-72.126209, 41.559895], [-72.128444, 41.561898], [-72.132136, 41.560103], [-72.132351, 41.562233], [-72.132179, 41.563653], [-72.133018, 41.566047], [-72.134744, 41.567668], [-72.135557, 41.569352], [-72.134981, 41.569529]]]}}, {"type": "Feature", "id": "06410", "properties": {"ZCTA5CE20": "06410", "GEOID20": "06410", "zip": "06410", "STUSPS": "CT"}, "geometry": {"type": "Polygon", "coordinates": [[[-72.968648, 41.531338], [-72.966633, 41.535264], [-72.966027, 41.536594], [-72.962252, 41.544735], [-72.956788, 41.555295], [-72.955167, 41.555487], [-72.94635, 41.556797], [-72.928538, 41.558891], [-72.926399, 41.558919], [-72.917806, 41.560039], [-72.915648, 41.560396], [-72.910065, 41.56101], [-72.90347, 41.561708], [-72.903213, 41.561747], [-72.901408, 41.562012], [-72.883885, 41.563812], [-72.879256, 41.563152], [-72.879423, 41.562253], [-72.876233, 41.560385], [-72.873956, 41.559154], [-72.873306, 41.556486], [-72.871823, 41.556761], [-72.871876, 41.555272], [-72.869514, 41.554531], [-72.868227, 41.552236], [-72.867806, 41.54898], [-72.862537, 41.547841], [-72.859753, 41.547727], [-72.854669, 41.546527], [-72.85329, 41.546664], [-72.852707, 41.546291], [-72.851689, 41.540286], [-72.853606, 41.533478], [-72.857977, 41.534546], [-72.85883, 41.53237], [-72.861235, 41.528102], [-72.860635, 41.527621], [-72.85793, 41.527167], [-72.857767, 41.526368], [-72.85739, 41.526363], [-72.853083, 41.524925], [-72.853734, 41.522135], [-72.850299, 41.515731], [-72.849571, 41.514593], [-72.848609, 41.509851], [-72.846332, 41.502756], [-72.848378, 41.5001], [-72.853268, 41.494564], [-72.855748, 41.495784], [-72.85934, 41.494592], [-72.861981, 41.492241], [-72.866893, 41.491184], [-72.870489, 41.486644], [-72.872147, 41.485705], [-72.870044, 41.483522], [-72.870518, 41.48222], [-72.865131, 41.480128], [-72.865209, 41.478647], [-72.867013, 41.477461], [-72.868951, 41.473682], [-72.868205, 41.473591], [-72.871264, 41.469466], [-72.87228, 41.467894], [-72.875428, 41.465822], [-72.87683, 41.465609], [-72.879465, 41.464529], [-72.88075, 41.463596], [-72.88227, 41.46319], [-72.87738, 41.461182], [-72.876644, 41.459675], [-72.878127, 41.457515], [-72.879647, 41.45627], [-72.883383, 41.451817], [-72.884699, 41.45017], [-72.886667, 41.447957], [-72.887675, 41.44826], [-72.900098, 41.452988], [-72.902143, 41.45398], [-72.908387, 41.456253], [-72.917027, 41.459731], [-72.917991, 41.459863], [-72.918627, 41.459921], [-72.926745, 41.4603], [-72.935943, 41.462699], [-72.940972, 41.46342], [-72.948048, 41.464097], [-72.949746, 41.464395], [-72.952392, 41.464589], [-72.951845, 41.465522], [-72.951201, 41.467303], [-72.950068, 41.469119], [-72.94725, 41.478222], [-72.944357, 41.479426], [-72.943735, 41.483272], [-72.944044, 41.484391], [-72.943566, 41.487458], [-72.943203, 41.48966], [-72.941907, 41.490982], [-72.941241, 41.495178], [-72.939864, 41.496359], [-72.937621, 41.497135], [-72.934914, 41.500773], [-72.934647, 41.501246], [-72.934736, 41.506714], [-72.935057, 41.507562], [-72.937606, 41.510327], [-72.940931, 41.510284], [-72.941761, 41.510231], [-72.941474, 41.510561], [-72.938613, 41.511464], [-72.940649, 41.514171], [-72.947324, 41.521168], [-72.948988, 41.521385], [-72.950908, 41.523225], [-72.95322, 41.523932], [-72.956467, 41.525318], [-72.959271, 41.526365], [-72.967249, 41.529238], [-72.969365, 41.530234], [-72.968648, 41.531338]]]}}, {"type": "Feature", "id": "01222", "properties": {"ZCTA5CE20": "01222", "GEOID20": "01222", "zip": "01222", "STUSPS": "CT"}, "geometry": {"type": "Polygon", "coordinates": [[[-73.348915, 42.055777], [-73.343981, 42.056393], [-73.344784, 42.057485], [-73.34781, 42.05693], [-73.34907, 42.057825], [-73.34765, 42.058851], [-73.34939, 42.060772], [-73.344705, 42.061789], [-73.343343, 42.062865], [-73.34196, 42.066532], [-73.341666, 42.068618], [-73.340256, 42.069367], [-73.340318, 42.069497], [-73.33855, 42.070117], [-73.339119, 42.072933], [-73.335597, 42.071529], [-73.333358, 42.074707], [-73.331111, 42.074702], [-73.332121, 42.076673], [-73.33134, 42.07771], [-73.329122, 42.078397], [-73.327708, 42.080186], [-73.328733, 42.082601], [-73.326935, 42.086482], [-73.327481, 42.088085], [-73.32334, 42.088316], [-73.322987, 42.087846], [-73.322642, 42.085683], [-73.320124, 42.083097], [-73.318462, 42.082294], [-73.313703, 42.078693], [-73.298961, 42.066606], [-73.2963299656829, 42.0470337254636], [-73.3256265850805, 42.0477964553879], [-73.3277308315671, 42.0478512389021], [-73.3405304264512, 42.0481844730512], [-73.3407275663495, 42.0481896055376], [-73.341886, 42.049779], [-73.343859, 42.050311], [-73.344177, 42.052007], [-73.345702, 42.053198], [-73.346578, 42.052407], [-73.348279, 42.052385], [-73.350085, 42.054448], [-73.348915, 42.055777]]]}}, {"type": "Feature", "id": "06243", "properties": {"ZCTA5CE20": "06243", "GEOID20": "06243", "zip": "06243", "STUSPS": "CT"}, "geometry": {"type": "Polygon", "coordinates": [[[-71.819713, 41.849088], [-71.818423, 41.849902], [-71.816069, 41.849872], [-71.813229, 41.851137], [-71.814397, 41.854349], [-71.812559, 41.855994], [-71.814842, 41.859012], [-71.812083, 41.857712], [-71.811031, 41.861508], [-71.809556, 41.863206], [-71.80738, 41.858344], [-71.808105, 41.857018], [-71.810608, 41.855021], [-71.810035, 41.850335], [-71.811122, 41.848938], [-71.809052, 41.848786], [-71.808296, 41.851066], [-71.806131, 41.849736], [-71.804803, 41.851113], [-71.803409, 41.84957], [-71.801809, 41.84905], [-71.796538, 41.848827], [-71.7944823560536, 41.8491578858595], [-71.79418248642, 41.841639697284], [-71.795066, 41.842147], [-71.796063, 41.844493], [-71.798426, 41.845212], [-71.800071, 41.842921], [-71.799982, 41.84141], [-71.801383, 41.838317], [-71.802638, 41.838393], [-71.805488, 41.837525], [-71.807236, 41.838145], [-71.809314, 41.841615], [-71.812087, 41.8432], [-71.815003, 41.844001], [-71.818009, 41.847715], [-71.8186, 41.848542], [-71.819542, 41.849087], [-71.819713, 41.849088]]]}}, {"type": "Feature", "id": "01244", "properties": {"ZCTA5CE20": "01244", "GEOID20": "01244", "zip": "01244", "STUSPS": "CT"}, "geometry": {"type": "Polygon", "coordinates": [[[-73.304148, 42.106932], [-73.302651, 42.104936], [-73.29872, 42.106347], [-73.295007, 42.105738], [-73.288871, 42.107293], [-73.287576, 42.107303], [-73.282827, 42.112643], [-73.284799, 42.118722], [-73.284786, 42.122346], [-73.285301, 42.124324], [-73.288424, 42.125958], [-73.28469, 42.128841], [-73.281442, 42.13054], [-73.278947, 42.130946], [-73.279291, 42.135288], [-73.277363, 42.135894], [-73.273516, 42.135497], [-73.271246, 42.13417], [-73.26592, 42.13272], [-73.266264, 42.130899], [-73.264047, 42.129755], [-73.261624, 42.126291], [-73.260876, 42.127701], [-73.259389, 42.128377], [-73.255119, 42.128415], [-73.250486, 42.12917], [-73.249515, 42.129851], [-73.245517, 42.130201], [-73.255269, 42.103315], [-73.256654, 42.102349], [-73.258257, 42.102494], [-73.260865, 42.098225], [-73.26326, 42.095173], [-73.264102, 42.092517], [-73.266638, 42.091134], [-73.26882, 42.091247], [-73.269209, 42.092629], [-73.271004, 42.094116], [-73.271657, 42.095766], [-73.273112, 42.095558], [-73.27354, 42.093106], [-73.277119, 42.087154], [-73.279576, 42.085702], [-73.280417, 42.083069], [-73.28204, 42.080231], [-73.282975, 42.080709], [-73.281788, 42.082081], [-73.285317, 42.083938], [-73.287365, 42.083894], [-73.288698, 42.085173], [-73.289493, 42.087419], [-73.289051, 42.089436], [-73.294015, 42.089125], [-73.301899, 42.088318], [-73.304357, 42.106707], [-73.304148, 42.106932]]]}}, {"type": "Feature", "id": "01257", "properties": {"ZCTA5CE20": "01257", "GEOID20": "01257", "zip": "01257", "STUSPS": "CT"}, "geometry": {"type": "Polygon", "coordinates": [[[-73.434663, 42.054587], [-73.428193, 42.081791], [-73.425351, 42.089388], [-73.419952, 42.103846], [-73.428748, 42.121263], [-73.434851, 42.132362], [-73.404317, 42.132], [-73.404684, 42.13449], [-73.401837, 42.131521], [-73.396587, 42.133891], [-73.394789, 42.135727], [-73.390108, 42.139013], [-73.387238, 42.141459], [-73.38426, 42.141259], [-73.380236, 42.143431], [-73.379053, 42.146225], [-73.376255, 42.147397], [-73.371007, 42.147726], [-73.368504, 42.148262], [-73.36621, 42.147811], [-73.366639, 42.159913], [-73.36518, 42.159903], [-73.349239, 42.159743], [-73.332346, 42.136454], [-73.324954, 42.132915], [-73.326899, 42.131619], [-73.327452, 42.127342], [-73.329668, 42.126593], [-73.328136, 42.123045], [-73.32846, 42.121579], [-73.329736, 42.120659], [-73.328843, 42.118923], [-73.327973, 42.115717], [-73.328001, 42.112034], [-73.328488, 42.109827], [-73.328001, 42.107884], [-73.326686, 42.107156], [-73.320269, 42.109384], [-73.31708, 42.10837], [-73.315139, 42.109636], [-73.313195, 42.111724], [-73.310955, 42.113097], [-73.307183, 42.118668], [-73.306321, 42.111561], [-73.304148, 42.106932], [-73.304357, 42.106707], [-73.301899, 42.088318], [-73.298961, 42.066606], [-73.313703, 42.078693], [-73.318462, 42.082294], [-73.320124, 42.083097], [-73.322642, 42.085683], [-73.322987, 42.087846], [-73.32334, 42.088316], [-73.327481, 42.088085], [-73.326935, 42.086482], [-73.328733, 42.082601], [-73.327708, 42.080186], [-73.329122, 42.078397], [-73.33134, 42.07771], [-73.332121, 42.076673], [-73.331111, 42.074702], [-73.333358, 42.074707], [-73.335597, 42.071529], [-73.339119, 42.072933], [-73.33855, 42.070117], [-73.340318, 42.069497], [-73.340256, 42.069367], [-73.341666, 42.068618], [-73.34196, 42.066532], [-73.343343, 42.062865], [-73.344705, 42.061789], [-73.34939, 42.060772], [-73.34765, 42.058851], [-73.34907, 42.057825], [-73.34781, 42.05693], [-73.344784, 42.057485], [-73.343981, 42.056393], [-73.348915, 42.055777], [-73.350085, 42.054448], [-73.348279, 42.052385], [-73.346578, 42.052407], [-73.345702, 42.053198], [-73.344177, 42.052007], [-73.343859, 42.050311], [-73.341886, 42.049779], [-73.3407275663495, 42.0481896055376], [-73.3753553801167, 42.0490911317313], [-73.405132814352, 42.0498663795459], [-73.4261681710053, 42.0504140296269], [-73.432812, 42.050587], [-73.4367542184717, 42.0505183572836], [-73.434663, 42.054587]]]}}, {"type": "Feature", "id": "06902", "properties": {"ZCTA5CE20": "06902", "GEOID20": "06902", "zip": "06902", "STUSPS": "CT"}, "geometry": {"type": "Polygon", "coordinates": [[[-73.588974, 41.097377], [-73.589767, 41.098523], [-73.588764, 41.1006], [-73.582188, 41.100543], [-73.576123, 41.100989], [-73.569161, 41.101565], [-73.566001, 41.10305], [-73.565014, 41.101441], [-73.563466, 41.102996], [-73.560766, 41.103536], [-73.559914, 41.105442], [-73.558607, 41.105613], [-73.55975, 41.10418], [-73.559787, 41.100888], [-73.56128, 41.100067], [-73.560127, 41.096439], [-73.557058, 41.096459], [-73.55651, 41.092822], [-73.555423, 41.089345], [-73.55458, 41.089261], [-73.553774, 41.088726], [-73.552605, 41.087978], [-73.553244, 41.088144], [-73.554287, 41.082772], [-73.556021, 41.084987], [-73.556618, 41.085519], [-73.555498, 41.08342], [-73.556896, 41.078488], [-73.556566, 41.077278], [-73.555722, 41.076195], [-73.55671, 41.072684], [-73.557635, 41.066111], [-73.55831, 41.066115], [-73.55845, 41.064427], [-73.558393, 41.063598], [-73.559918, 41.058892], [-73.559914, 41.057672], [-73.558288, 41.056908], [-73.557741, 41.056444], [-73.555045, 41.05592], [-73.551805, 41.056125], [-73.55233, 41.059082], [-73.550353, 41.060396], [-73.548424, 41.060653], [-73.548052, 41.058843], [-73.546457, 41.059081], [-73.546646, 41.060213], [-73.544066, 41.062169], [-73.5443, 41.062889], [-73.542769, 41.063447], [-73.542207, 41.062564], [-73.543049, 41.062398], [-73.541968, 41.05886], [-73.541353, 41.056891], [-73.541379, 41.055504], [-73.543159, 41.055605], [-73.543594, 41.055589], [-73.545575, 41.053697], [-73.545638, 41.052221], [-73.546131, 41.052083], [-73.546685, 41.050607], [-73.547419, 41.050401], [-73.546701, 41.050501], [-73.546304, 41.048036], [-73.545283, 41.048141], [-73.545029, 41.046638], [-73.542976, 41.047217], [-73.539404, 41.048404], [-73.538666, 41.048665], [-73.535787, 41.049889], [-73.533669, 41.050602], [-73.530607, 41.052216], [-73.529111, 41.05316], [-73.529643, 41.054663], [-73.529685, 41.055335], [-73.531024, 41.055237], [-73.531181, 41.056383], [-73.531164, 41.057162], [-73.531719, 41.057285], [-73.534134, 41.057952], [-73.533816, 41.059199], [-73.53367, 41.060284], [-73.533418, 41.060733], [-73.534827, 41.061888], [-73.533987, 41.062065], [-73.535448, 41.063706], [-73.53704, 41.063971], [-73.537224, 41.06526], [-73.537812, 41.065361], [-73.538001, 41.066852], [-73.53397, 41.067918], [-73.536722, 41.069957], [-73.539244, 41.071318], [-73.536851, 41.076883], [-73.534803, 41.077085], [-73.533559, 41.075227], [-73.533547, 41.074975], [-73.53433, 41.072482], [-73.534535, 41.071544], [-73.534266, 41.070145], [-73.534255, 41.070077], [-73.534107, 41.069407], [-73.531763, 41.069498], [-73.531745, 41.068981], [-73.532126, 41.068816], [-73.532036, 41.068202], [-73.532987, 41.067946], [-73.532757, 41.067069], [-73.533406, 41.066987], [-73.533118, 41.065518], [-73.533058, 41.064783], [-73.52784, 41.064259], [-73.528164, 41.06195], [-73.526399, 41.061884], [-73.52648, 41.060903], [-73.523547, 41.06279], [-73.520979, 41.063393], [-73.520235, 41.063577], [-73.518079, 41.063664], [-73.516559, 41.063746], [-73.516054, 41.060766], [-73.515594, 41.060804], [-73.515132, 41.060971], [-73.51577, 41.06385], [-73.512701, 41.063921], [-73.511845, 41.064096], [-73.511337, 41.063917], [-73.509097, 41.065735], [-73.508744, 41.063478], [-73.508467, 41.062834], [-73.508143, 41.06208], [-73.507327, 41.06092], [-73.506318, 41.058885], [-73.50248, 41.055977], [-73.49787, 41.049389], [-73.496682, 41.049188], [-73.495756326505, 41.0476796800875], [-73.500582, 41.046716], [-73.501063, 41.044886], [-73.5039903825738, 41.0436416386001], [-73.505968, 41.042801], [-73.5060563250783, 41.0426102355847], [-73.507958, 41.038503], [-73.5094288966824, 41.0387220327857], [-73.5149823553197, 41.0395490042038], [-73.517279, 41.039891], [-73.5211989186167, 41.0377872951312], [-73.5222799218801, 41.0372071525183], [-73.523292, 41.036664], [-73.5228495523387, 41.0356634320862], [-73.52115, 41.03182], [-73.5200458969165, 41.0316365375057], [-73.518496, 41.031379], [-73.517013, 41.030054], [-73.518262, 41.028964], [-73.519238, 41.024312], [-73.52306, 41.020047], [-73.5241672407343, 41.0201659597483], [-73.524391, 41.02019], [-73.526967, 41.019718], [-73.5270328089261, 41.0196357232774], [-73.529081, 41.017075], [-73.5292497062395, 41.0171023219224], [-73.529906364288, 41.0172086674869], [-73.530353, 41.017281], [-73.531215, 41.02245], [-73.5311970059854, 41.022560945552], [-73.5311683674775, 41.0227375217712], [-73.5303112891789, 41.028022002587], [-73.530189, 41.028776], [-73.5318478340212, 41.0306245428022], [-73.532786, 41.03167], [-73.5344100876717, 41.0318290994976], [-73.535338, 41.03192], [-73.5366682040146, 41.0310690164282], [-73.5369334391699, 41.0308993351181], [-73.5388063444217, 41.0297011643238], [-73.5399030967674, 41.0289995289219], [-73.544845, 41.025838], [-73.5471640629382, 41.0231913504021], [-73.547436, 41.022881], [-73.551494, 41.024336], [-73.552870490795, 41.0233452383279], [-73.555149, 41.02515], [-73.555689, 41.028431], [-73.560087, 41.035095], [-73.563154, 41.040232], [-73.564444, 41.044916], [-73.565004, 41.046743], [-73.565331, 41.048547], [-73.566154, 41.05151], [-73.566755, 41.05147], [-73.567196, 41.054489], [-73.567949, 41.059012], [-73.568336, 41.059467], [-73.572625, 41.065158], [-73.57649, 41.070182], [-73.577362, 41.071474], [-73.592448, 41.090614], [-73.588974, 41.097377]]]}}, {"type": "Feature", "id": "06907", "properties": {"ZCTA5CE20": "06907", "GEOID20": "06907", "zip": "06907", "STUSPS": "CT"}, "geometry": {"type": "Polygon", "coordinates": [[[-73.535111, 41.116235], [-73.528076, 41.118668], [-73.5225, 41.118888], [-73.52247, 41.118793], [-73.521264, 41.118831], [-73.520849, 41.115557], [-73.521927, 41.114859], [-73.50784, 41.114196], [-73.500756, 41.114414], [-73.506509, 41.109555], [-73.509239, 41.109726], [-73.511447, 41.107619], [-73.511398, 41.105648], [-73.509445, 41.104808], [-73.509769, 41.102954], [-73.510486, 41.102134], [-73.514432, 41.09528], [-73.514963, 41.094164], [-73.514591, 41.0927], [-73.516563, 41.091294], [-73.517413, 41.089789], [-73.519399, 41.08277], [-73.520522, 41.079886], [-73.521593, 41.080069], [-73.522069, 41.078218], [-73.522531, 41.077618], [-73.52368, 41.078057], [-73.523625, 41.082978], [-73.52498, 41.084293], [-73.526015, 41.083458], [-73.528094, 41.086248], [-73.52793, 41.088401], [-73.527383, 41.091305], [-73.526902, 41.093944], [-73.527436, 41.096849], [-73.529654, 41.096622], [-73.531661, 41.096631], [-73.531294, 41.098451], [-73.530687, 41.101014], [-73.530531, 41.101565], [-73.5311, 41.105392], [-73.525185, 41.10574], [-73.523863, 41.107832], [-73.527557, 41.113957], [-73.530394, 41.113699], [-73.532043, 41.115313], [-73.533259, 41.1146], [-73.535111, 41.116235]]]}}, {"type": "Feature", "id": "10590", "properties": {"ZCTA5CE20": "10590", "GEOID20": "10590", "zip": "10590", "STUSPS": "CT"}, "geometry": {"type": "Polygon", "coordinates": [[[-73.592126, 41.277896], [-73.590696, 41.281469], [-73.580107, 41.28461], [-73.58063, 41.28643], [-73.578984, 41.287674], [-73.579217, 41.288107], [-73.577664, 41.288132], [-73.576203, 41.288742], [-73.57818, 41.29055], [-73.577144, 41.293287], [-73.577536, 41.294487], [-73.576308, 41.296631], [-73.573414, 41.296977], [-73.572751, 41.297926], [-73.573687, 41.298515], [-73.578852, 41.298141], [-73.578666, 41.299323], [-73.581671, 41.299483], [-73.580465, 41.301036], [-73.582466, 41.300771], [-73.585934, 41.299522], [-73.585714, 41.302454], [-73.574316, 41.303981], [-73.571164, 41.304865], [-73.5499011747021, 41.3017726067059], [-73.550961, 41.295422], [-73.5488819997193, 41.2929520504079], [-73.5488750069246, 41.2929437426406], [-73.5481483879656, 41.292080485325], [-73.5405370946926, 41.2830379128492], [-73.5383435526362, 41.2804318822691], [-73.5262955113812, 41.266118245633], [-73.5262868914358, 41.2661080047347], [-73.5251605899493, 41.2647699058786], [-73.518384, 41.256719], [-73.5174528199442, 41.2555715930183], [-73.5174274449493, 41.255540325761], [-73.5025525269551, 41.2372113413152], [-73.491460949504, 41.2235442171898], [-73.4914077339291, 41.2234786445631], [-73.4880434125573, 41.219333102778], [-73.482709, 41.21276], [-73.4849111933569, 41.2117775740592], [-73.4940080975092, 41.2077193315839], [-73.4959359310458, 41.2068593009831], [-73.5091827930981, 41.2009497104956], [-73.5091865006584, 41.2009480565067], [-73.509487, 41.200814], [-73.5125931127971, 41.1993729574158], [-73.51522, 41.202633], [-73.524298, 41.213667], [-73.529913, 41.220174], [-73.527974, 41.218421], [-73.526221, 41.218698], [-73.52269, 41.220829], [-73.52028, 41.221289], [-73.530737, 41.229995], [-73.530526, 41.226992], [-73.531236, 41.224274], [-73.532388, 41.223434], [-73.541603, 41.234746], [-73.541271, 41.236308], [-73.539545, 41.240466], [-73.540796, 41.240526], [-73.543363, 41.237703], [-73.543273, 41.240373], [-73.546007, 41.240101], [-73.546776, 41.240902], [-73.545455, 41.246437], [-73.546401, 41.247], [-73.545541, 41.249853], [-73.542469, 41.253969], [-73.545131, 41.255495], [-73.547282, 41.253708], [-73.547754, 41.252914], [-73.54919, 41.253528], [-73.550603, 41.253001], [-73.551498, 41.250875], [-73.55608, 41.251017], [-73.561511, 41.257418], [-73.563712, 41.260129], [-73.564566, 41.260051], [-73.56509, 41.260004], [-73.565873, 41.261412], [-73.568891, 41.261142], [-73.569936, 41.265623], [-73.569964, 41.267183], [-73.572358, 41.268406], [-73.573939, 41.26863], [-73.575125, 41.270228], [-73.574845, 41.271494], [-73.577092, 41.271983], [-73.577976, 41.271546], [-73.580178, 41.272088], [-73.583285, 41.275754], [-73.585454, 41.27555], [-73.58845, 41.276244], [-73.588816, 41.277481], [-73.591505, 41.277872], [-73.592126, 41.277896]]]}}, {"type": "Feature", "id": "11961", "properties": {"ZCTA5CE20": "11961", "GEOID20": "11961", "zip": "11961", "STUSPS": "CT"}, "geometry": {"type": "Polygon", "coordinates": [[[-72.940899, 40.913915], [-72.923906, 40.917639], [-72.923685, 40.918755], [-72.921226, 40.919283], [-72.906796, 40.923377], [-72.90441, 40.923902], [-72.901922, 40.923199], [-72.901779, 40.922574], [-72.896747, 40.923478], [-72.897032, 40.924878], [-72.897164, 40.925851], [-72.898478, 40.930571], [-72.901098, 40.932179], [-72.901814, 40.934697], [-72.895658, 40.935627], [-72.892203, 40.926347], [-72.892136, 40.926117], [-72.89137, 40.92356], [-72.884471, 40.926218], [-72.883168, 40.924697], [-72.882039, 40.925148], [-72.881259, 40.929597], [-72.879915, 40.930851], [-72.87944, 40.931665], [-72.878744, 40.93286], [-72.877627, 40.941341], [-72.87737, 40.942368], [-72.876634, 40.943498], [-72.876343, 40.944226], [-72.866753, 40.943208], [-72.863026, 40.943435], [-72.862614, 40.941425], [-72.861198, 40.933668], [-72.858046, 40.933493], [-72.854234, 40.933458], [-72.845879, 40.933951], [-72.845317, 40.928534], [-72.844211, 40.922007], [-72.843924, 40.920122], [-72.842526, 40.910914], [-72.839642, 40.891362], [-72.843909, 40.892407], [-72.849595, 40.893447], [-72.849317, 40.890891], [-72.852315, 40.89093], [-72.868615, 40.890584], [-72.867473, 40.872997], [-72.875342, 40.874709], [-72.875068, 40.875715], [-72.877895, 40.876456], [-72.878113, 40.878575], [-72.880255, 40.878317], [-72.880473, 40.877085], [-72.882059, 40.876255], [-72.88342, 40.87723], [-72.885564, 40.876864], [-72.88403, 40.881472], [-72.884674, 40.88899], [-72.885701, 40.887134], [-72.896787, 40.873], [-72.900124, 40.868236], [-72.901102, 40.86544], [-72.904114, 40.866224], [-72.905821, 40.866337], [-72.908041, 40.86634], [-72.908665, 40.866405], [-72.913755, 40.867039], [-72.928701, 40.865889], [-72.926154, 40.868339], [-72.925337, 40.86948], [-72.923125, 40.872855], [-72.922735, 40.874717], [-72.919042, 40.882892], [-72.917822, 40.887245], [-72.917738, 40.887256], [-72.917969, 40.891393], [-72.917057, 40.896652], [-72.915258, 40.902557], [-72.915071, 40.906953], [-72.918514, 40.906443], [-72.922311, 40.90821], [-72.929311, 40.908454], [-72.930858, 40.90736], [-72.935278, 40.906685], [-72.93923, 40.906784], [-72.941954, 40.907818], [-72.940899, 40.913915]]]}}, {"type": "Feature", "id": "11975", "properties": {"ZCTA5CE20": "11975", "GEOID20": "11975", "zip": "11975", "STUSPS": "CT"}, "geometry": {"type": "Polygon", "coordinates": [[[-72.274632, 40.975539], [-72.273069, 40.976912], [-72.270391, 40.979603], [-72.269105, 40.982473], [-72.265967, 40.985121], [-72.261916, 40.986983], [-72.258725, 40.985445], [-72.261032, 40.980572], [-72.260922, 40.976384], [-72.259118, 40.972025], [-72.257619, 40.970956], [-72.255305, 40.969218], [-72.255476, 40.964095], [-72.247716, 40.962806], [-72.243174, 40.959421], [-72.243557, 40.957142], [-72.243613, 40.956197], [-72.243572, 40.956053], [-72.244112, 40.95581], [-72.240931, 40.950439], [-72.240169, 40.9508], [-72.239124, 40.951235], [-72.23765, 40.950954], [-72.23125, 40.953137], [-72.23024, 40.953186], [-72.229146, 40.953147], [-72.231153, 40.947987], [-72.231326, 40.947992], [-72.231178, 40.944393], [-72.230204, 40.942677], [-72.229081, 40.936135], [-72.229865, 40.930795], [-72.2293037719885, 40.9299575837752], [-72.236045, 40.927485], [-72.2428468567388, 40.9246560978131], [-72.245406279007, 40.9235916303406], [-72.249706, 40.928024], [-72.251715, 40.930141], [-72.257484, 40.937686], [-72.259084, 40.940131], [-72.26295, 40.944804], [-72.261578, 40.945072], [-72.256519, 40.946102], [-72.261232, 40.953081], [-72.271968, 40.968671], [-72.275523, 40.973704], [-72.274632, 40.975539]]]}}, {"type": "Feature", "id": "11932", "properties": {"ZCTA5CE20": "11932", "GEOID20": "11932", "zip": "11932", "STUSPS": "CT"}, "geometry": {"type": "Polygon", "coordinates": [[[-72.334632, 40.896488], [-72.321778, 40.903636], [-72.321247, 40.903734], [-72.316553, 40.910978], [-72.313312, 40.911634], [-72.311327, 40.916164], [-72.317078, 40.915754], [-72.316244, 40.920814], [-72.317859, 40.920769], [-72.319254, 40.920767], [-72.321138, 40.921101], [-72.318405, 40.926198], [-72.316569, 40.925242], [-72.315819, 40.928918], [-72.313492, 40.931713], [-72.313303, 40.933157], [-72.312407, 40.933482], [-72.314512, 40.935925], [-72.315221, 40.936929], [-72.315241, 40.937431], [-72.323124, 40.934458], [-72.325152, 40.939311], [-72.324074, 40.940354], [-72.330534, 40.943526], [-72.33057, 40.945693], [-72.328141, 40.951396], [-72.324867, 40.955214], [-72.323238, 40.958042], [-72.322941, 40.95833], [-72.316387, 40.96137], [-72.314844, 40.961754], [-72.307769, 40.963327], [-72.304039, 40.963765], [-72.299659, 40.965565], [-72.299698, 40.967362], [-72.300285, 40.969472], [-72.291296, 40.969412], [-72.292418, 40.967158], [-72.292714, 40.965213], [-72.285627, 40.95475], [-72.283513, 40.955927], [-72.28316, 40.953379], [-72.282753, 40.950618], [-72.281828, 40.94941], [-72.285182, 40.948793], [-72.291546, 40.947676], [-72.290187, 40.944941], [-72.288921, 40.940706], [-72.28553, 40.940703], [-72.286012, 40.94065], [-72.286634, 40.938013], [-72.287517, 40.930306], [-72.285574, 40.925284], [-72.285638, 40.924324], [-72.291077, 40.918529], [-72.291622, 40.918062], [-72.294511, 40.914795], [-72.295059, 40.913588], [-72.290275, 40.906644], [-72.2900064353386, 40.9061394373511], [-72.2900159206159, 40.9061358247729], [-72.2977096337078, 40.9032055846464], [-72.3165020434252, 40.8960482768069], [-72.3268455824814, 40.8921088196384], [-72.3280567527293, 40.8916475313609], [-72.3280740351492, 40.8916409491502], [-72.328219, 40.892484], [-72.332842, 40.894421], [-72.33499, 40.896114], [-72.334632, 40.896488]]]}}, {"type": "Feature", "id": "11946", "properties": {"ZCTA5CE20": "11946", "GEOID20": "11946", "zip": "11946", "STUSPS": "CT"}, "geometry": {"type": "Polygon", "coordinates": [[[-72.571672, 40.907214], [-72.565999, 40.911139], [-72.565642, 40.910965], [-72.563951, 40.915234], [-72.565262, 40.916276], [-72.567009, 40.916646], [-72.568238, 40.917764], [-72.566169, 40.917226], [-72.560364, 40.914403], [-72.557648, 40.913892], [-72.550445, 40.914182], [-72.545052, 40.911866], [-72.539787, 40.91031], [-72.533827, 40.907644], [-72.532844, 40.907204], [-72.528271, 40.904654], [-72.52606, 40.903429], [-72.524658, 40.902838], [-72.522224, 40.901476], [-72.512702, 40.898194], [-72.505689, 40.896355], [-72.503692, 40.896517], [-72.50356, 40.897452], [-72.503629, 40.898004], [-72.502889, 40.897798], [-72.501913, 40.895349], [-72.498639, 40.894724], [-72.491195, 40.895142], [-72.483913, 40.896371], [-72.481778, 40.897115], [-72.478765, 40.898164], [-72.47028, 40.896261], [-72.469273, 40.895109], [-72.469007, 40.89607], [-72.46849, 40.894868], [-72.477403, 40.893617], [-72.483654, 40.892136], [-72.483387, 40.890565], [-72.481253, 40.886847], [-72.482932, 40.885158], [-72.483915, 40.883238], [-72.485149, 40.881729], [-72.490124, 40.875652], [-72.47805, 40.84546], [-72.476031442202, 40.8404310222912], [-72.484332, 40.838689], [-72.4843440622304, 40.8386855565878], [-72.5066244583545, 40.8323251584619], [-72.5405869396747, 40.8226298684258], [-72.540627, 40.824972], [-72.539964, 40.846854], [-72.539103, 40.851532], [-72.546998, 40.852754], [-72.548141, 40.853015], [-72.556076, 40.85376], [-72.556156, 40.854233], [-72.557569, 40.858129], [-72.557598, 40.858268], [-72.559845, 40.862501], [-72.560682, 40.864017], [-72.561371, 40.875901], [-72.561358, 40.878343], [-72.559981, 40.87936], [-72.559274, 40.881474], [-72.558481, 40.883107], [-72.556375, 40.88696], [-72.556206, 40.887811], [-72.556155, 40.888189], [-72.559168, 40.888888], [-72.567251, 40.892483], [-72.568579, 40.892848], [-72.561769, 40.894261], [-72.561393, 40.895209], [-72.563966, 40.895989], [-72.564752, 40.897027], [-72.563219, 40.899205], [-72.566591, 40.903523], [-72.56742, 40.905862], [-72.570962, 40.905412], [-72.570991, 40.906533], [-72.571603, 40.906564], [-72.571672, 40.907214]]]}}, {"type": "Feature", "id": "11948", "properties": {"ZCTA5CE20": "11948", "GEOID20": "11948", "zip": "11948", "STUSPS": "CT"}, "geometry": {"type": "Polygon", "coordinates": [[[-72.57871, 40.98588], [-72.575948, 40.986379], [-72.572371, 40.982149], [-72.571595, 40.982501], [-72.560644, 40.973239], [-72.554977, 40.976229], [-72.55622, 40.977731], [-72.555313, 40.978562], [-72.549582, 40.976804], [-72.549131, 40.976454], [-72.547117, 40.977431], [-72.546238, 40.978173], [-72.545139, 40.977627], [-72.540736, 40.977674], [-72.536574, 40.976132], [-72.537214, 40.97471], [-72.535803, 40.973268], [-72.538108, 40.971254], [-72.5419, 40.966355], [-72.544891, 40.960324], [-72.547931, 40.955492], [-72.548811, 40.954644], [-72.551438, 40.954244], [-72.554024, 40.95194], [-72.558113, 40.947316], [-72.561035, 40.947106], [-72.563324, 40.945805], [-72.564692, 40.947689], [-72.567544, 40.952299], [-72.569894, 40.954395], [-72.572748, 40.957647], [-72.570279, 40.96098], [-72.564938, 40.965199], [-72.574273, 40.975587], [-72.575814, 40.97735], [-72.582422, 40.984897], [-72.57871, 40.98588]]]}}, {"type": "Feature", "id": "11949", "properties": {"ZCTA5CE20": "11949", "GEOID20": "11949", "zip": "11949", "STUSPS": "CT"}, "geometry": {"type": "Polygon", "coordinates": [[[-72.868615, 40.890584], [-72.852315, 40.89093], [-72.849317, 40.890891], [-72.849595, 40.893447], [-72.843909, 40.892407], [-72.839642, 40.891362], [-72.842526, 40.910914], [-72.837873, 40.91266], [-72.834073, 40.914604], [-72.829346, 40.917474], [-72.819786, 40.921405], [-72.813776, 40.923101], [-72.810734, 40.924204], [-72.801904, 40.926048], [-72.819642, 40.907154], [-72.816885, 40.904567], [-72.813964, 40.904406], [-72.794997, 40.905977], [-72.790366, 40.90593], [-72.78558, 40.905], [-72.775118, 40.904792], [-72.77389, 40.900642], [-72.768472, 40.903171], [-72.762774, 40.903682], [-72.760264, 40.903155], [-72.756632, 40.901234], [-72.752679, 40.901617], [-72.752581, 40.901007], [-72.753924, 40.899803], [-72.754534, 40.896624], [-72.756265, 40.896636], [-72.759922, 40.894921], [-72.759593, 40.892176], [-72.760672, 40.890805], [-72.760501, 40.889772], [-72.763451, 40.888904], [-72.763379, 40.885727], [-72.746805, 40.88645], [-72.741174, 40.890387], [-72.739161, 40.888755], [-72.737764, 40.881119], [-72.736101, 40.879809], [-72.735123, 40.876419], [-72.735391, 40.873596], [-72.734369, 40.865409], [-72.734522, 40.864879], [-72.733744, 40.864937], [-72.726891, 40.868488], [-72.72458, 40.870064], [-72.720032, 40.872028], [-72.713982, 40.875187], [-72.71395, 40.873959], [-72.715062, 40.870486], [-72.723387, 40.844353], [-72.723934, 40.844095], [-72.724195, 40.843973], [-72.726986, 40.844874], [-72.735359, 40.846668], [-72.735651, 40.846771], [-72.739819, 40.842166], [-72.740209, 40.84134], [-72.743373, 40.837977], [-72.746728, 40.834372], [-72.748987, 40.833585], [-72.763939, 40.828515], [-72.77312, 40.826254], [-72.782399, 40.824713], [-72.784707, 40.824418], [-72.792435, 40.823803], [-72.808966, 40.823183], [-72.809086, 40.823178], [-72.812521, 40.823007], [-72.815423, 40.822783], [-72.815657, 40.822766], [-72.815842, 40.823626], [-72.820932, 40.823057], [-72.820198, 40.822271], [-72.833567, 40.820709], [-72.837216, 40.819873], [-72.837619, 40.820434], [-72.83853, 40.822203], [-72.840829, 40.821962], [-72.849424, 40.820702], [-72.851353, 40.820243], [-72.851933, 40.832865], [-72.854283, 40.833991], [-72.855153, 40.834044], [-72.856259, 40.834007], [-72.856206, 40.833305], [-72.858273, 40.833095], [-72.860379, 40.833106], [-72.861166, 40.833214], [-72.861744, 40.833361], [-72.862493, 40.833446], [-72.865056, 40.833675], [-72.865094, 40.834377], [-72.865964, 40.834469], [-72.865156, 40.83556], [-72.865391, 40.841801], [-72.865651, 40.847751], [-72.865673, 40.848775], [-72.865674, 40.8507], [-72.865675, 40.850966], [-72.866318, 40.850949], [-72.867279, 40.86534], [-72.867473, 40.872997], [-72.868615, 40.890584]]]}}, {"type": "Feature", "id": "11764", "properties": {"ZCTA5CE20": "11764", "GEOID20": "11764", "zip": "11764", "STUSPS": "CT"}, "geometry": {"type": "Polygon", "coordinates": [[[-73.021468, 40.958881], [-73.021356, 40.959025], [-73.019789, 40.96093], [-73.019004, 40.963356], [-73.0208596895518, 40.965389578166], [-73.0080688200195, 40.9659583075826], [-72.995931, 40.966498], [-72.9953616655489, 40.9664930842394], [-72.9950945589922, 40.9664907779819], [-72.9840495357432, 40.966395412789], [-72.984761, 40.962272], [-72.985083, 40.961696], [-72.986997, 40.954517], [-72.986125, 40.953854], [-72.985708, 40.95372], [-72.985883, 40.952637], [-72.986419, 40.950719], [-72.986853, 40.950504], [-72.983473, 40.950233], [-72.98126, 40.94965], [-72.980802, 40.949917], [-72.979971, 40.950332], [-72.979856, 40.949444], [-72.976652, 40.948982], [-72.970671, 40.947403], [-72.970454, 40.947345], [-72.969434, 40.947052], [-72.968944, 40.946894], [-72.964795, 40.945507], [-72.963457, 40.945234], [-72.95994, 40.945024], [-72.957073, 40.945313], [-72.955634, 40.945244], [-72.953779, 40.945076], [-72.95079, 40.944876], [-72.94491, 40.944961], [-72.943513, 40.94498], [-72.941498, 40.945268], [-72.940891, 40.942903], [-72.940045, 40.938015], [-72.939617, 40.936148], [-72.939442, 40.934856], [-72.940535, 40.932247], [-72.940915, 40.928654], [-72.941114, 40.920932], [-72.940519, 40.917904], [-72.940899, 40.913915], [-72.941954, 40.907818], [-72.95204, 40.908291], [-72.95424, 40.907928], [-72.955443, 40.905479], [-72.956664, 40.904895], [-72.960089, 40.905955], [-72.962906, 40.910183], [-72.96582, 40.913692], [-72.976733, 40.912877], [-72.981153, 40.913541], [-72.980751, 40.910659], [-72.984573, 40.910711], [-72.985885, 40.912063], [-72.987128, 40.913643], [-72.987403, 40.914005], [-72.98947, 40.916229], [-72.990852, 40.917118], [-72.992964, 40.930389], [-72.995055, 40.932358], [-72.995879, 40.93465], [-72.997664, 40.937304], [-72.999269, 40.940561], [-72.999447, 40.940662], [-73.0002, 40.941152], [-73.001654, 40.942402], [-73.010878, 40.949886], [-73.014677, 40.953163], [-73.015045, 40.953838], [-73.01673, 40.956199], [-73.021567, 40.958381], [-73.021468, 40.958881]]]}}, {"type": "Feature", "id": "11792", "properties": {"ZCTA5CE20": "11792", "GEOID20": "11792", "zip": "11792", "STUSPS": "CT"}, "geometry": {"type": "Polygon", "coordinates": [[[-72.86935, 40.957802], [-72.867542, 40.963122], [-72.866516, 40.964173], [-72.8666308861257, 40.9644670192498], [-72.8657339872369, 40.9645294570583], [-72.86564, 40.964536], [-72.8640717154568, 40.9648051712882], [-72.8637370325413, 40.964862614328], [-72.8636354419007, 40.964880050758], [-72.8394540133935, 40.9690304112843], [-72.833129, 40.970116], [-72.8302101552571, 40.9698098888324], [-72.8156489786414, 40.9682827987784], [-72.8014958048901, 40.966798497651], [-72.800528, 40.966697], [-72.7794640083192, 40.9655945363119], [-72.779921, 40.965313], [-72.781214, 40.958568], [-72.779964, 40.958801], [-72.780489, 40.956155], [-72.786073, 40.954721], [-72.78768, 40.954386], [-72.798591, 40.951104], [-72.801692, 40.955637], [-72.803026, 40.956351], [-72.804414, 40.956168], [-72.805933, 40.954675], [-72.80293, 40.949765], [-72.811588, 40.947216], [-72.820031, 40.949006], [-72.820343, 40.948606], [-72.819845, 40.945992], [-72.816083, 40.946505], [-72.815586, 40.942958], [-72.807455, 40.939862], [-72.803756, 40.93731], [-72.800637, 40.936003], [-72.797791, 40.934794], [-72.796972, 40.934207], [-72.806836, 40.932451], [-72.808421, 40.931562], [-72.82228, 40.925794], [-72.829829, 40.923458], [-72.829332, 40.919862], [-72.829346, 40.917474], [-72.834073, 40.914604], [-72.837873, 40.91266], [-72.842526, 40.910914], [-72.843924, 40.920122], [-72.844211, 40.922007], [-72.845317, 40.928534], [-72.845879, 40.933951], [-72.854234, 40.933458], [-72.858046, 40.933493], [-72.861198, 40.933668], [-72.862614, 40.941425], [-72.863026, 40.943435], [-72.86227, 40.94355], [-72.863784, 40.952422], [-72.868262, 40.953742], [-72.869502, 40.954863], [-72.86935, 40.957802]]]}}, {"type": "Feature", "id": "11930", "properties": {"ZCTA5CE20": "11930", "GEOID20": "11930", "zip": "11930", "STUSPS": "CT"}, "geometry": {"type": "Polygon", "coordinates": [[[-72.162746, 40.990502], [-72.161826, 40.992129], [-72.160975, 40.992587], [-72.157638, 40.992794], [-72.156083, 40.993421], [-72.146167, 40.991219], [-72.143824, 40.990163], [-72.140113, 40.986952], [-72.135628, 40.988301], [-72.134774, 40.989046], [-72.134672, 40.994187], [-72.132994, 40.99563], [-72.133154, 40.998499], [-72.13284, 40.999461], [-72.132335, 40.999983], [-72.130772, 41.000722], [-72.124343, 41.005304], [-72.122765, 41.0069], [-72.1216714856457, 41.007892381992], [-72.116368, 40.999796], [-72.109008, 40.994084], [-72.10216, 40.991509], [-72.095456, 40.991349], [-72.0921951598993, 40.9926893662619], [-72.083039, 40.996453], [-72.079951, 41.003429], [-72.080058, 41.006064], [-72.077494, 41.008216], [-72.062913, 41.011317], [-72.0625899595336, 41.0124045630875], [-72.060081, 41.011972], [-72.058381, 41.012949], [-72.05622, 41.012744], [-72.057706, 41.011111], [-72.058097, 41.008501], [-72.057937, 41.004789], [-72.06105, 41.002394], [-72.061919, 40.999414], [-72.059485, 40.998518], [-72.057472, 40.998423], [-72.052734, 40.999656], [-72.049347, 40.999717], [-72.044219, 41.000693], [-72.040427, 41.002135], [-72.037551, 41.003974], [-72.035947, 41.00632], [-72.035854, 41.007643], [-72.034993, 41.00729], [-72.029323, 41.00313], [-72.026788, 41.000907], [-72.0265680440593, 41.0009692998591], [-72.029357, 40.999909], [-72.0548037979035, 40.9915881234693], [-72.0578161538006, 40.99060310989], [-72.1028237867078, 40.9758860143334], [-72.1098682839229, 40.9735825264144], [-72.114448, 40.972085], [-72.1197597431663, 40.9701367303452], [-72.1227665224704, 40.9690338877013], [-72.1230578519322, 40.9689270323184], [-72.12674, 40.972561], [-72.134289, 40.968709], [-72.139713, 40.966949], [-72.142158, 40.97097], [-72.144191, 40.970162], [-72.14496, 40.971026], [-72.148324, 40.96975], [-72.147726, 40.969133], [-72.149117, 40.96894], [-72.151154, 40.968264], [-72.151999, 40.971929], [-72.150881, 40.972378], [-72.157641, 40.979535], [-72.157232, 40.981853], [-72.157931, 40.984102], [-72.162442, 40.987103], [-72.162746, 40.990502]]]}}, {"type": "Feature", "id": "11766", "properties": {"ZCTA5CE20": "11766", "GEOID20": "11766", "zip": "11766", "STUSPS": "CT"}, "geometry": {"type": "Polygon", "coordinates": [[[-73.043503, 40.953426], [-73.043381, 40.953533], [-73.042563, 40.955845], [-73.040508, 40.957613], [-73.042587, 40.960514], [-73.042571, 40.961971], [-73.043187158733, 40.9626003990601], [-73.040934, 40.964497], [-73.0279692721388, 40.9650734598016], [-73.0208596895518, 40.965389578166], [-73.019004, 40.963356], [-73.019789, 40.96093], [-73.021356, 40.959025], [-73.021468, 40.958881], [-73.021567, 40.958381], [-73.01673, 40.956199], [-73.015045, 40.953838], [-73.014677, 40.953163], [-73.010878, 40.949886], [-73.001654, 40.942402], [-73.0002, 40.941152], [-72.999447, 40.940662], [-72.999269, 40.940561], [-72.997664, 40.937304], [-72.995879, 40.93465], [-72.995055, 40.932358], [-72.992964, 40.930389], [-72.990852, 40.917118], [-72.98947, 40.916229], [-72.987403, 40.914005], [-72.987128, 40.913643], [-72.985885, 40.912063], [-72.984573, 40.910711], [-72.979934, 40.905994], [-72.979552, 40.905635], [-72.978866, 40.905277], [-72.980032, 40.903734], [-72.986524, 40.90659], [-72.986373, 40.907654], [-72.988226, 40.90773], [-72.99002, 40.908747], [-72.995558, 40.910567], [-73.002028, 40.912616], [-73.00679, 40.914103], [-73.004795, 40.90152], [-73.01005, 40.901857], [-73.009891, 40.90012], [-73.011545, 40.899949], [-73.012792, 40.903423], [-73.013289, 40.903807], [-73.012207, 40.903612], [-73.012352, 40.903862], [-73.009748, 40.904074], [-73.009692, 40.904404], [-73.009024, 40.904564], [-73.008759, 40.907367], [-73.009536, 40.912437], [-73.010255, 40.912373], [-73.010964, 40.915293], [-73.017448, 40.917228], [-73.019265, 40.917965], [-73.020707, 40.918365], [-73.022552, 40.918781], [-73.023121, 40.921149], [-73.023628, 40.921329], [-73.02142, 40.921469], [-73.022234, 40.927988], [-73.023843, 40.930634], [-73.025891, 40.930017], [-73.025372, 40.92879], [-73.024768, 40.924339], [-73.026458, 40.92414], [-73.028664, 40.925461], [-73.03086, 40.927009], [-73.033982, 40.928329], [-73.035062, 40.931635], [-73.035666, 40.933135], [-73.036765, 40.934246], [-73.037359, 40.936139], [-73.037933, 40.936798], [-73.038452, 40.937698], [-73.038061, 40.938445], [-73.038002, 40.938582], [-73.038727, 40.941032], [-73.039063, 40.941479], [-73.041664, 40.944153], [-73.041321, 40.946388], [-73.042229, 40.947379], [-73.042084, 40.947788], [-73.042029, 40.949413], [-73.043838, 40.951595], [-73.043503, 40.953426]]]}}, {"type": "Feature", "id": "11771", "properties": {"ZCTA5CE20": "11771", "GEOID20": "11771", "zip": "11771", "STUSPS": "CT"}, "geometry": {"type": "MultiPolygon", "coordinates": [[[[-73.533802, 40.890151], [-73.528335, 40.892308], [-73.523582, 40.897877], [-73.5235763936921, 40.8979172463346], [-73.522631, 40.904704], [-73.523582, 40.909554], [-73.5272584743404, 40.9106978931302], [-73.527622, 40.910811], [-73.5287273994458, 40.9105499827235], [-73.528043, 40.914101], [-73.528152, 40.914572], [-73.5287998806815, 40.9155165155158], [-73.5278248182065, 40.9163594780789], [-73.52752, 40.916623], [-73.521423, 40.918304], [-73.521205, 40.914763], [-73.5154584673955, 40.9129546816274], [-73.511968, 40.911072], [-73.511489, 40.908944], [-73.511068, 40.908714], [-73.50932, 40.907843], [-73.508509, 40.905967], [-73.5080566620641, 40.9038401541129], [-73.5082889368345, 40.9020831788493], [-73.5083235477076, 40.9018213749188], [-73.50837, 40.90147], [-73.512886, 40.902548], [-73.517164, 40.901111], [-73.5192959099472, 40.8967167381967], [-73.519779, 40.895721], [-73.521205, 40.890511], [-73.520254, 40.886738], [-73.5206361994218, 40.8866824017346], [-73.526434, 40.885839], [-73.533089, 40.8853], [-73.533802, 40.890151]]], [[[-73.557969, 40.900471], [-73.548644, 40.902962], [-73.547825, 40.9030892475248], [-73.547825, 40.902174], [-73.547825, 40.901111], [-73.5487312372766, 40.8963143501725], [-73.549013, 40.894823], [-73.547112, 40.889972], [-73.548063, 40.886378], [-73.5458948795508, 40.8833981816847], [-73.547432, 40.882501], [-73.549526, 40.884623], [-73.549192, 40.888441], [-73.550442, 40.89051], [-73.553874, 40.891876], [-73.550526, 40.893071], [-73.552364, 40.897852], [-73.554794, 40.898443], [-73.555502, 40.900334], [-73.557396, 40.899757], [-73.557935, 40.900414], [-73.557969, 40.900471]]], [[[-73.577839, 40.846056], [-73.575783, 40.846879], [-73.577375, 40.849667], [-73.571624, 40.852596], [-73.570896, 40.853955], [-73.570048, 40.854808], [-73.568225, 40.858424], [-73.567093, 40.861313], [-73.568315, 40.867187], [-73.565264, 40.868779], [-73.560253, 40.869408], [-73.558858, 40.869608], [-73.554228, 40.870758], [-73.551323, 40.872259], [-73.548096, 40.868519], [-73.547721, 40.868329], [-73.54439, 40.867969], [-73.543027, 40.867559], [-73.541261, 40.87239], [-73.541417, 40.874513], [-73.542402, 40.875896], [-73.541883, 40.876854], [-73.5416018575091, 40.8768796566742], [-73.5322215911332, 40.8777356867867], [-73.5301050773898, 40.8779288368984], [-73.528098, 40.878112], [-73.5264226872633, 40.8769913296353], [-73.5261007226467, 40.8767759571879], [-73.525634945453, 40.8764643839001], [-73.5224103794037, 40.8743073683584], [-73.521918, 40.873978], [-73.5210638034874, 40.8740003060166], [-73.515025, 40.874158], [-73.510747, 40.875596], [-73.5095719108913, 40.8747542344405], [-73.5067920378175, 40.8727628948936], [-73.506231, 40.872361], [-73.505518, 40.875596], [-73.5058332346258, 40.8763109612247], [-73.5069597754496, 40.8788659883093], [-73.507182, 40.87937], [-73.51146, 40.887995], [-73.508608, 40.890691], [-73.508846, 40.893745], [-73.498863, 40.895182], [-73.494822, 40.894823], [-73.4915, 40.890582], [-73.489594, 40.884581], [-73.49102, 40.882245], [-73.4895303911456, 40.8797329120582], [-73.48793, 40.877034], [-73.484915805776, 40.8751144201532], [-73.487814, 40.872724], [-73.488487, 40.87124], [-73.486939, 40.869515], [-73.485912, 40.867892], [-73.486565, 40.866631], [-73.486122, 40.862316], [-73.487515, 40.862008], [-73.485442, 40.858656], [-73.485199, 40.85771], [-73.484486, 40.856188], [-73.483782, 40.857016], [-73.482381, 40.855192], [-73.484692, 40.852741], [-73.486621, 40.853198], [-73.488024, 40.851277], [-73.490338, 40.850756], [-73.493575, 40.849405], [-73.495794, 40.849262], [-73.496956, 40.848968], [-73.501749, 40.847498], [-73.505311, 40.847042], [-73.513252, 40.84596], [-73.517396, 40.845698], [-73.520135, 40.851759], [-73.520068, 40.853198], [-73.520358, 40.853966], [-73.523059, 40.853916], [-73.52396, 40.855776], [-73.523979, 40.855483], [-73.523727, 40.854319], [-73.523867, 40.853987], [-73.524085, 40.853878], [-73.524374, 40.853811], [-73.524832, 40.853859], [-73.524807, 40.854339], [-73.52583, 40.854374], [-73.526104, 40.853796], [-73.528296, 40.854917], [-73.528883, 40.855034], [-73.5292, 40.855107], [-73.529679, 40.855537], [-73.531322, 40.855391], [-73.535105, 40.854703], [-73.535062, 40.855479], [-73.535176, 40.857596], [-73.542522, 40.857143], [-73.541265, 40.855331], [-73.539977, 40.852933], [-73.539941, 40.85265], [-73.539377, 40.851631], [-73.537281, 40.851322], [-73.535159, 40.853236], [-73.535194, 40.852973], [-73.535787, 40.851085], [-73.535867, 40.850026], [-73.543532, 40.847161], [-73.544417, 40.846731], [-73.54286, 40.845489], [-73.539676, 40.841918], [-73.539571, 40.841757], [-73.541441, 40.841383], [-73.543356, 40.840846], [-73.545757, 40.844043], [-73.544119, 40.844388], [-73.545974, 40.845882], [-73.552701, 40.842855], [-73.555534, 40.837281], [-73.560055, 40.836105], [-73.563498, 40.837484], [-73.563291, 40.835352], [-73.566063, 40.83379], [-73.567812, 40.833994], [-73.567646, 40.834287], [-73.56866, 40.835372], [-73.569005, 40.837554], [-73.571829, 40.83656], [-73.571842, 40.8377], [-73.572687, 40.837589], [-73.572628, 40.838463], [-73.572284, 40.840433], [-73.573899, 40.840605], [-73.577657, 40.844664], [-73.577839, 40.846056]]]]}}, {"type": "Feature", "id": "12533", "properties": {"ZCTA5CE20": "12533", "GEOID20": "12533", "zip": "12533", "STUSPS": "CT"}, "geometry": {"type": "Polygon", "coordinates": [[[-73.866753, 41.561427], [-73.864285, 41.562496], [-73.86167, 41.564884], [-73.864866, 41.569006], [-73.862407, 41.570198], [-73.861893, 41.572219], [-73.859434, 41.572068], [-73.859405, 41.574333], [-73.855785, 41.573794], [-73.853785, 41.573521], [-73.847371, 41.578263], [-73.845381, 41.578518], [-73.840186, 41.589894], [-73.839464, 41.590225], [-73.83733, 41.591188], [-73.83903, 41.593704], [-73.839044, 41.594168], [-73.837436, 41.599717], [-73.836, 41.602063], [-73.835539, 41.602648], [-73.832914, 41.604293], [-73.830378, 41.607122], [-73.822941, 41.605632], [-73.819991, 41.60504], [-73.813449, 41.605934], [-73.81249, 41.606356], [-73.81114, 41.607296], [-73.80677, 41.607067], [-73.80287, 41.60875], [-73.796822, 41.612743], [-73.796474, 41.613093], [-73.794289, 41.612799], [-73.793978, 41.612974], [-73.786297, 41.617396], [-73.784939, 41.618267], [-73.785507, 41.619157], [-73.786172, 41.620256], [-73.787493, 41.622435], [-73.791445, 41.627114], [-73.790578, 41.627468], [-73.791781, 41.63042], [-73.790843, 41.63027], [-73.789078, 41.629987], [-73.779857, 41.628536], [-73.778207, 41.627408], [-73.774313, 41.625359], [-73.773383, 41.626104], [-73.772233, 41.627436], [-73.769394, 41.627012], [-73.769556, 41.628248], [-73.767764, 41.630036], [-73.762548, 41.630478], [-73.761264, 41.630082], [-73.752102, 41.627596], [-73.750784, 41.627759], [-73.749901, 41.627967], [-73.749582, 41.624722], [-73.738141, 41.625539], [-73.737855, 41.6237], [-73.731297, 41.623878], [-73.729221, 41.620332], [-73.725738, 41.619418], [-73.726524, 41.620463], [-73.724794, 41.622015], [-73.719692, 41.62441], [-73.720834, 41.626821], [-73.721605, 41.627428], [-73.72264, 41.626713], [-73.724908, 41.626667], [-73.725972, 41.630169], [-73.723803, 41.629874], [-73.723734, 41.629778], [-73.712934, 41.637582], [-73.71045, 41.635472], [-73.709867, 41.634849], [-73.708917, 41.635259], [-73.703113, 41.633749], [-73.698786, 41.634415], [-73.696146, 41.632863], [-73.693362, 41.632859], [-73.692676, 41.634186], [-73.695037, 41.635561], [-73.694555, 41.637075], [-73.691942, 41.637093], [-73.691247, 41.636713], [-73.691593, 41.635923], [-73.690358, 41.63464], [-73.689015, 41.635489], [-73.68849, 41.635271], [-73.687171, 41.633431], [-73.684332, 41.633698], [-73.690016, 41.626446], [-73.692565, 41.627742], [-73.696751, 41.628981], [-73.699102, 41.627249], [-73.69828, 41.626057], [-73.698993, 41.623544], [-73.700913, 41.622613], [-73.701149, 41.620493], [-73.702748, 41.620594], [-73.701552, 41.61905], [-73.702072, 41.617641], [-73.703387, 41.616808], [-73.705243, 41.615358], [-73.707816, 41.615398], [-73.708928, 41.612138], [-73.710228, 41.611504], [-73.71334, 41.609394], [-73.714235, 41.605549], [-73.717202, 41.603726], [-73.718306, 41.603727], [-73.723975, 41.604454], [-73.725929, 41.60271], [-73.725511, 41.601416], [-73.727353, 41.598683], [-73.726134, 41.597465], [-73.725552, 41.59656], [-73.726708, 41.595625], [-73.727329, 41.593666], [-73.728135, 41.594069], [-73.726349, 41.59656], [-73.72774, 41.598296], [-73.734282, 41.595103], [-73.739109, 41.594564], [-73.734864, 41.589236], [-73.738723, 41.588482], [-73.741697, 41.589108], [-73.741743, 41.58761], [-73.745888, 41.585769], [-73.745688, 41.58522], [-73.74614, 41.580563], [-73.745478, 41.578827], [-73.747573, 41.570975], [-73.750427, 41.571582], [-73.756322, 41.569176], [-73.758736, 41.56816], [-73.762707, 41.565384], [-73.75101, 41.566611], [-73.745625, 41.566108], [-73.743263, 41.565165], [-73.740956, 41.562664], [-73.7399, 41.559672], [-73.738751, 41.55831], [-73.732311, 41.55374], [-73.731231, 41.552078], [-73.731282, 41.550645], [-73.732317, 41.547971], [-73.738368, 41.548346], [-73.741266, 41.548035], [-73.743789, 41.547416], [-73.747056, 41.546167], [-73.750135, 41.544886], [-73.750159, 41.542434], [-73.752945, 41.542232], [-73.756988, 41.541758], [-73.757629, 41.540275], [-73.755647, 41.538252], [-73.760367, 41.53471], [-73.761753, 41.530685], [-73.765562, 41.529714], [-73.764716, 41.527753], [-73.76263, 41.528156], [-73.759209, 41.531108], [-73.756142, 41.532383], [-73.757859, 41.527225], [-73.765519, 41.524644], [-73.771785, 41.516892], [-73.773179, 41.513985], [-73.769677, 41.509912], [-73.771005, 41.508276], [-73.768339, 41.506411], [-73.77068, 41.504413], [-73.795491, 41.502276], [-73.796661, 41.499021], [-73.79263, 41.497662], [-73.788758, 41.497428], [-73.787469, 41.496594], [-73.795073, 41.488842], [-73.798551, 41.490473], [-73.799187, 41.489522], [-73.801006, 41.490287], [-73.8009, 41.491274], [-73.803674, 41.491928], [-73.806588, 41.490035], [-73.810269, 41.486101], [-73.815565, 41.483492], [-73.818099, 41.481612], [-73.819146, 41.480309], [-73.819564, 41.478075], [-73.818712, 41.474457], [-73.819171, 41.471742], [-73.821149, 41.468065], [-73.822973, 41.467544], [-73.830306, 41.461626], [-73.831972, 41.456351], [-73.834702, 41.454204], [-73.83694, 41.45305], [-73.838527, 41.452377], [-73.838358, 41.478273], [-73.83835, 41.494457], [-73.838363, 41.498126], [-73.85636, 41.496224], [-73.859995, 41.495741], [-73.858979, 41.503493], [-73.853701, 41.527302], [-73.853537, 41.52806], [-73.850462, 41.529421], [-73.845618, 41.53099], [-73.84706, 41.533223], [-73.850662, 41.533018], [-73.852771, 41.531611], [-73.850829, 41.540421], [-73.856128, 41.541863], [-73.858969, 41.542072], [-73.862452, 41.541499], [-73.864522, 41.541599], [-73.865963, 41.542463], [-73.861302, 41.545465], [-73.859823, 41.547135], [-73.858408, 41.547803], [-73.855191, 41.547206], [-73.852233, 41.54955], [-73.848953, 41.548786], [-73.84494, 41.54911], [-73.845132, 41.5497], [-73.842676, 41.550273], [-73.844853, 41.552421], [-73.846271, 41.553441], [-73.848576, 41.552377], [-73.852052, 41.556062], [-73.853617, 41.55627], [-73.852322, 41.556768], [-73.850156, 41.558984], [-73.859751, 41.557714], [-73.860991, 41.559916], [-73.866244, 41.560384], [-73.866753, 41.561427]]]}}, {"type": "Feature", "id": "12545", "properties": {"ZCTA5CE20": "12545", "GEOID20": "12545", "zip": "12545", "STUSPS": "CT"}, "geometry": {"type": "Polygon", "coordinates": [[[-73.754663, 41.761301], [-73.750366, 41.763473], [-73.75101, 41.769182], [-73.750567, 41.769657], [-73.750126, 41.770864], [-73.751898, 41.78093], [-73.752983, 41.78724], [-73.753024, 41.787555], [-73.754323, 41.795769], [-73.753321, 41.796485], [-73.751911, 41.799917], [-73.749997, 41.80057], [-73.750363, 41.802653], [-73.749164, 41.803777], [-73.749652, 41.806976], [-73.751267, 41.808834], [-73.750352, 41.812575], [-73.746489, 41.813115], [-73.745434, 41.817681], [-73.744024, 41.817601], [-73.735871, 41.819572], [-73.735174, 41.822173], [-73.734385, 41.822265], [-73.731894, 41.818003], [-73.70869, 41.824481], [-73.70775, 41.827135], [-73.708597, 41.832612], [-73.70778, 41.834405], [-73.707638, 41.836901], [-73.709481, 41.840761], [-73.690555, 41.842464], [-73.69044, 41.846425], [-73.688, 41.846681], [-73.686715, 41.848725], [-73.66864, 41.850374], [-73.667773, 41.84786], [-73.667703, 41.844529], [-73.658966, 41.84537], [-73.659139, 41.846132], [-73.656575, 41.846319], [-73.656654, 41.849192], [-73.655749, 41.855007], [-73.654722, 41.857192], [-73.653217, 41.858737], [-73.652055, 41.86323], [-73.650411, 41.866038], [-73.64732, 41.864871], [-73.64303, 41.865793], [-73.642088, 41.867227], [-73.639796, 41.868812], [-73.635076, 41.869589], [-73.625932, 41.870391], [-73.625128, 41.870314], [-73.622085, 41.867196], [-73.619446, 41.866796], [-73.618398, 41.863279], [-73.616142, 41.861067], [-73.607816, 41.857637], [-73.606375, 41.858494], [-73.60422, 41.860765], [-73.602874, 41.86412], [-73.602801, 41.867649], [-73.601329, 41.871759], [-73.600369, 41.875736], [-73.598386, 41.878262], [-73.598233, 41.879249], [-73.599195, 41.882867], [-73.600286, 41.885502], [-73.599378, 41.885789], [-73.594507, 41.883782], [-73.595702, 41.881639], [-73.59764, 41.881197], [-73.597042, 41.879338], [-73.5975, 41.878462], [-73.59551, 41.876053], [-73.597871, 41.873065], [-73.600067, 41.872194], [-73.599613, 41.871604], [-73.602636, 41.867737], [-73.60169, 41.865847], [-73.601805, 41.864222], [-73.600905, 41.861486], [-73.597768, 41.858776], [-73.598143, 41.855935], [-73.597319, 41.852527], [-73.595935, 41.851353], [-73.596508, 41.849468], [-73.595963, 41.847342], [-73.596373, 41.845946], [-73.59505, 41.845506], [-73.593182, 41.843515], [-73.591237, 41.840241], [-73.589567, 41.838992], [-73.588691, 41.837118], [-73.589116, 41.835074], [-73.588105, 41.833305], [-73.588121, 41.830981], [-73.585799, 41.828966], [-73.584948, 41.8268], [-73.585265, 41.825993], [-73.583115, 41.822826], [-73.584589, 41.821054], [-73.584911, 41.819389], [-73.583973, 41.817055], [-73.583066, 41.81649], [-73.580485, 41.816342], [-73.579134, 41.814057], [-73.579034, 41.811586], [-73.577227, 41.810072], [-73.573271, 41.81109], [-73.568121, 41.80712], [-73.568805, 41.80705], [-73.572756, 41.809527], [-73.575123, 41.80979], [-73.577889, 41.809248], [-73.580928, 41.810368], [-73.582315, 41.813704], [-73.587515, 41.816098], [-73.593168, 41.817069], [-73.595517, 41.817092], [-73.598159, 41.817684], [-73.600869, 41.819979], [-73.603788, 41.82155], [-73.615519, 41.82406], [-73.616017, 41.821202], [-73.61589, 41.819338], [-73.613356, 41.818616], [-73.61304, 41.81637], [-73.611618, 41.813953], [-73.608574, 41.811411], [-73.606919, 41.810944], [-73.606202, 41.80848], [-73.606259, 41.806179], [-73.603226, 41.804189], [-73.60082, 41.795452], [-73.593961, 41.7953], [-73.592101, 41.787797], [-73.602312, 41.786921], [-73.603545, 41.790846], [-73.606199, 41.791234], [-73.613611, 41.790444], [-73.616776, 41.788355], [-73.620011, 41.78799], [-73.619527, 41.784831], [-73.622766, 41.787758], [-73.627528, 41.788717], [-73.630024, 41.790342], [-73.63345, 41.791301], [-73.630315, 41.788405], [-73.629458, 41.786764], [-73.630645, 41.786586], [-73.62951, 41.784307], [-73.628332, 41.784115], [-73.628517, 41.782864], [-73.631113, 41.778763], [-73.63107, 41.775931], [-73.63189, 41.775516], [-73.63389, 41.77544], [-73.642518, 41.770823], [-73.643896, 41.770849], [-73.644529, 41.769631], [-73.644024, 41.767995], [-73.647349, 41.767823], [-73.647019, 41.766689], [-73.648173, 41.765274], [-73.637518, 41.74483], [-73.633025, 41.745827], [-73.632386, 41.744341], [-73.629791, 41.744559], [-73.626262, 41.744615], [-73.628481, 41.736158], [-73.62691, 41.732825], [-73.626889, 41.732517], [-73.627592, 41.731612], [-73.629126, 41.730829], [-73.629955, 41.730566], [-73.63082, 41.727108], [-73.631803, 41.723124], [-73.638375, 41.72246], [-73.64338, 41.723917], [-73.642259, 41.722786], [-73.650346, 41.720207], [-73.647126, 41.718231], [-73.648605, 41.708979], [-73.649313, 41.709076], [-73.65243, 41.708332], [-73.655518, 41.706792], [-73.658621, 41.705872], [-73.659227, 41.705407], [-73.661446, 41.697033], [-73.666351, 41.700097], [-73.667986, 41.700303], [-73.675171, 41.699433], [-73.678024, 41.698235], [-73.681847, 41.699881], [-73.682029, 41.700967], [-73.680466, 41.707922], [-73.676751, 41.713213], [-73.674042, 41.714634], [-73.673469, 41.718596], [-73.673983, 41.720207], [-73.669101, 41.72297], [-73.666258, 41.72573], [-73.664337, 41.725942], [-73.665134, 41.727894], [-73.670432, 41.729903], [-73.67351, 41.730559], [-73.675034, 41.732093], [-73.67841, 41.733829], [-73.682496, 41.733645], [-73.689376, 41.734848], [-73.691584, 41.734962], [-73.695844, 41.736512], [-73.697413, 41.736618], [-73.706828, 41.735538], [-73.709879, 41.735307], [-73.710685, 41.735097], [-73.711519, 41.734698], [-73.712497, 41.734194], [-73.716684, 41.731785], [-73.718234, 41.733909], [-73.718713, 41.733867], [-73.7206, 41.729874], [-73.723457, 41.729618], [-73.728037, 41.731503], [-73.727971, 41.732899], [-73.743165, 41.731317], [-73.74324, 41.731314], [-73.743257, 41.732069], [-73.747158, 41.753723], [-73.747404, 41.755209], [-73.749188, 41.755958], [-73.749888, 41.754361], [-73.75324, 41.755183], [-73.754401, 41.759874], [-73.754663, 41.761301]]]}}, {"type": "Feature", "id": "12567", "properties": {"ZCTA5CE20": "12567", "GEOID20": "12567", "zip": "12567", "STUSPS": "CT"}, "geometry": {"type": "Polygon", "coordinates": [[[-73.733825, 42.042077], [-73.733232, 42.046993], [-73.7327, 42.04653], [-73.732999, 42.042194], [-73.730848, 42.042608], [-73.7289, 42.04544], [-73.728833, 42.04665], [-73.718135, 42.045425], [-73.713229, 42.045709], [-73.71224, 42.049135], [-73.708522, 42.049012], [-73.707713, 42.051162], [-73.709513, 42.051353], [-73.705846, 42.057754], [-73.703353, 42.061666], [-73.702009, 42.062547], [-73.69205, 42.059774], [-73.692041, 42.058095], [-73.689014, 42.058305], [-73.688681, 42.059364], [-73.684607, 42.058709], [-73.684234, 42.055407], [-73.685732, 42.054551], [-73.682976, 42.053859], [-73.6814, 42.056464], [-73.673649, 42.056673], [-73.674604, 42.052799], [-73.666032, 42.051622], [-73.667796, 42.045579], [-73.671413, 42.046118], [-73.670659, 42.039509], [-73.669348, 42.035071], [-73.668107, 42.036033], [-73.663728, 42.037577], [-73.660275, 42.039415], [-73.655727, 42.0373], [-73.655463, 42.035], [-73.650161, 42.034166], [-73.647166, 42.034744], [-73.643707, 42.019251], [-73.643887, 42.01476], [-73.644278, 42.005561], [-73.644329, 42.004114], [-73.640491, 42.004399], [-73.632536, 42.002883], [-73.632487, 42.000831], [-73.625208, 41.998605], [-73.622869, 41.998439], [-73.623587, 41.996652], [-73.621413, 41.995416], [-73.619517, 41.995613], [-73.612663, 41.999784], [-73.609267, 41.997947], [-73.606528, 41.998138], [-73.604049, 41.996266], [-73.603553, 41.992757], [-73.601425, 41.991387], [-73.599956, 41.988507], [-73.586519, 41.98648], [-73.586802, 41.985496], [-73.584828, 41.980741], [-73.584357, 41.976919], [-73.580561, 41.976491], [-73.577112, 41.97734], [-73.575512, 41.97715], [-73.574227, 41.980311], [-73.575279, 41.98471], [-73.556048, 41.981756], [-73.556807, 41.969372], [-73.559614, 41.969193], [-73.559029, 41.965626], [-73.559337, 41.965051], [-73.565905, 41.963612], [-73.566364, 41.963063], [-73.565602, 41.959241], [-73.563311, 41.955983], [-73.561452, 41.954676], [-73.559262, 41.951963], [-73.576721, 41.949584], [-73.596869, 41.946909], [-73.596144, 41.945974], [-73.596608, 41.944628], [-73.598436, 41.943114], [-73.598225, 41.941346], [-73.595124, 41.940711], [-73.594999, 41.937338], [-73.593718, 41.937338], [-73.587836, 41.930004], [-73.589435, 41.917469], [-73.598684, 41.916454], [-73.597794, 41.913088], [-73.593991, 41.913724], [-73.593274, 41.911098], [-73.592403, 41.911144], [-73.592086, 41.908258], [-73.593432, 41.908127], [-73.593273, 41.905965], [-73.592269, 41.906011], [-73.592924, 41.904388], [-73.593026, 41.901646], [-73.598497, 41.901945], [-73.608626, 41.902258], [-73.614853, 41.902001], [-73.61533, 41.905752], [-73.617961, 41.905676], [-73.62002, 41.905534], [-73.624956, 41.906018], [-73.625166, 41.906161], [-73.627131, 41.906786], [-73.629413, 41.909934], [-73.630033, 41.910153], [-73.630755, 41.91438], [-73.629493, 41.914585], [-73.630009, 41.917158], [-73.629754, 41.920174], [-73.629958, 41.923143], [-73.63091, 41.926903], [-73.630787, 41.933251], [-73.632028, 41.937807], [-73.632597, 41.941026], [-73.633265, 41.942228], [-73.656706, 41.939303], [-73.692181, 41.934826], [-73.697454, 41.970712], [-73.711498, 41.969514], [-73.713335, 41.975557], [-73.714157, 41.979966], [-73.71571, 41.981035], [-73.706493, 41.984475], [-73.706451, 41.987607], [-73.704888, 41.989385], [-73.703305, 41.990314], [-73.700919, 41.993112], [-73.700354, 41.994835], [-73.702753, 41.994401], [-73.704888, 41.992258], [-73.706083, 41.991781], [-73.708465, 41.993656], [-73.711972, 41.993843], [-73.714372, 41.995276], [-73.718297, 41.995203], [-73.720288, 41.994284], [-73.72404, 41.995306], [-73.726309, 41.994843], [-73.733797, 42.014725], [-73.717907, 42.008305], [-73.717361, 42.010266], [-73.719088, 42.020884], [-73.714532, 42.027865], [-73.716343, 42.028954], [-73.716971, 42.027838], [-73.72018, 42.025328], [-73.723748, 42.025789], [-73.726958, 42.024766], [-73.730774, 42.024653], [-73.731664, 42.023887], [-73.732244, 42.029215], [-73.732442, 42.031917], [-73.733776, 42.036126], [-73.733825, 42.042077]]]}}, {"type": "Feature", "id": "12585", "properties": {"ZCTA5CE20": "12585", "GEOID20": "12585", "zip": "12585", "STUSPS": "CT"}, "geometry": {"type": "Polygon", "coordinates": [[[-73.743165, 41.731317], [-73.727971, 41.732899], [-73.728037, 41.731503], [-73.723457, 41.729618], [-73.7206, 41.729874], [-73.718713, 41.733867], [-73.718234, 41.733909], [-73.716684, 41.731785], [-73.712497, 41.734194], [-73.711519, 41.734698], [-73.710685, 41.735097], [-73.709879, 41.735307], [-73.706828, 41.735538], [-73.697413, 41.736618], [-73.695844, 41.736512], [-73.691584, 41.734962], [-73.689376, 41.734848], [-73.682496, 41.733645], [-73.67841, 41.733829], [-73.675034, 41.732093], [-73.67351, 41.730559], [-73.670432, 41.729903], [-73.665134, 41.727894], [-73.664337, 41.725942], [-73.666258, 41.72573], [-73.669101, 41.72297], [-73.673983, 41.720207], [-73.673469, 41.718596], [-73.674042, 41.714634], [-73.676751, 41.713213], [-73.680466, 41.707922], [-73.694622, 41.709822], [-73.694342, 41.712908], [-73.697596, 41.713691], [-73.701002, 41.713647], [-73.701885, 41.714017], [-73.701925, 41.713705], [-73.7044, 41.71476], [-73.706468, 41.714672], [-73.713564, 41.717207], [-73.715763, 41.719084], [-73.716827, 41.719075], [-73.718425, 41.72137], [-73.717932, 41.722766], [-73.715422, 41.725068], [-73.719344, 41.723529], [-73.71933, 41.722435], [-73.727672, 41.721834], [-73.727203, 41.719545], [-73.728247, 41.71823], [-73.729774, 41.718443], [-73.732564, 41.716557], [-73.742801, 41.715663], [-73.742875, 41.71915], [-73.743165, 41.731317]]]}}, {"type": "Feature", "id": "12516", "properties": {"ZCTA5CE20": "12516", "GEOID20": "12516", "zip": "12516", "STUSPS": "CT"}, "geometry": {"type": "Polygon", "coordinates": [[[-73.613916, 42.114894], [-73.610385, 42.13104], [-73.609235, 42.129966], [-73.601745, 42.125684], [-73.600118, 42.124167], [-73.596255, 42.122509], [-73.59565, 42.12834], [-73.594816, 42.130217], [-73.581139, 42.129812], [-73.582342, 42.132694], [-73.580117, 42.136683], [-73.57956, 42.140007], [-73.580343, 42.14077], [-73.579099, 42.144885], [-73.577387, 42.147417], [-73.570669, 42.153482], [-73.569982, 42.156001], [-73.567657, 42.15481], [-73.56361, 42.151021], [-73.55887, 42.148329], [-73.558169, 42.140256], [-73.557255, 42.138675], [-73.556701, 42.138435], [-73.55281, 42.138616], [-73.553009, 42.141275], [-73.551604, 42.143484], [-73.548869, 42.144956], [-73.546256, 42.148202], [-73.543411, 42.148441], [-73.542157, 42.149871], [-73.537191, 42.149263], [-73.534885, 42.147225], [-73.532978, 42.146401], [-73.531734, 42.144093], [-73.532112, 42.142745], [-73.531696, 42.139076], [-73.530478, 42.137151], [-73.529916, 42.137479], [-73.527392, 42.137721], [-73.527806, 42.136547], [-73.527662, 42.135239], [-73.52866, 42.135757], [-73.529501, 42.133104], [-73.532115, 42.127918], [-73.532419, 42.124344], [-73.536936, 42.118511], [-73.535281, 42.117664], [-73.536835, 42.112547], [-73.539832, 42.108354], [-73.540031, 42.107081], [-73.538975, 42.107188], [-73.540066, 42.105569], [-73.537333, 42.107993], [-73.535532, 42.11066], [-73.534146, 42.111006], [-73.530092, 42.113669], [-73.529516, 42.113458], [-73.527521, 42.114623], [-73.524849, 42.117053], [-73.519719, 42.119377], [-73.519805, 42.120686], [-73.518893, 42.120272], [-73.517959, 42.119952], [-73.517377, 42.120336], [-73.516336, 42.120481], [-73.515023, 42.120091], [-73.514043, 42.12007], [-73.513452, 42.119745], [-73.511994, 42.118183], [-73.51078, 42.118255], [-73.509624, 42.117801], [-73.508358, 42.117572], [-73.506529, 42.116963], [-73.502496, 42.11691], [-73.499441, 42.116002], [-73.49717499243, 42.1161205390081], [-73.508142, 42.086257], [-73.5030419422981, 42.069692114015], [-73.525115, 42.073212], [-73.525785, 42.073229], [-73.52514, 42.072355], [-73.525461, 42.06969], [-73.526822, 42.068492], [-73.5299, 42.06803], [-73.525756, 42.0678], [-73.516969, 42.065905], [-73.515909, 42.065903], [-73.514657, 42.064051], [-73.513956, 42.057391], [-73.519254, 42.056003], [-73.518253, 42.059185], [-73.522755, 42.061531], [-73.527183, 42.065399], [-73.528795, 42.065292], [-73.532346, 42.067703], [-73.534671, 42.070988], [-73.537896, 42.07387], [-73.538682, 42.074819], [-73.556012, 42.076956], [-73.556883, 42.074644], [-73.558206, 42.074611], [-73.559355, 42.072906], [-73.564368, 42.070939], [-73.565481, 42.071252], [-73.564491, 42.072398], [-73.563359, 42.07523], [-73.565738, 42.075457], [-73.566548, 42.078202], [-73.591062, 42.081149], [-73.590483, 42.082151], [-73.585961, 42.084252], [-73.585269, 42.085076], [-73.585085, 42.086181], [-73.593819, 42.087635], [-73.592363, 42.08951], [-73.594726, 42.09036], [-73.594837, 42.091185], [-73.593089, 42.093152], [-73.591586, 42.096472], [-73.589578, 42.099543], [-73.587976, 42.10011], [-73.589505, 42.100809], [-73.592004, 42.104025], [-73.597093, 42.103058], [-73.597776, 42.103181], [-73.600083, 42.103364], [-73.601581, 42.1032], [-73.603272, 42.103356], [-73.605025, 42.104019], [-73.603558, 42.105493], [-73.603111, 42.107581], [-73.603912, 42.109133], [-73.606981, 42.10775], [-73.611692, 42.106626], [-73.615772, 42.106875], [-73.613916, 42.114894]]]}}, {"type": "Feature", "id": "12531", "properties": {"ZCTA5CE20": "12531", "GEOID20": "12531", "zip": "12531", "STUSPS": "CT"}, "geometry": {"type": "Polygon", "coordinates": [[[-73.713776, 41.54427], [-73.709901, 41.54871], [-73.710654, 41.549067], [-73.71026, 41.550809], [-73.705302, 41.55248], [-73.709583, 41.557573], [-73.706266, 41.557668], [-73.707354, 41.559882], [-73.705746, 41.559238], [-73.703453, 41.559494], [-73.704186, 41.560466], [-73.701169, 41.560495], [-73.701542, 41.564009], [-73.696205, 41.564677], [-73.694374, 41.56584], [-73.693504, 41.567454], [-73.689716, 41.568241], [-73.685216, 41.572685], [-73.683483, 41.573], [-73.680824, 41.574537], [-73.680625, 41.57326], [-73.675938, 41.57383], [-73.675153, 41.575654], [-73.669881, 41.576121], [-73.669467, 41.574977], [-73.667255, 41.575055], [-73.665551, 41.58143], [-73.663685, 41.588426], [-73.661889, 41.587575], [-73.657624, 41.584851], [-73.656987, 41.584255], [-73.656085, 41.58304], [-73.655491, 41.581185], [-73.656102, 41.577863], [-73.655927, 41.572994], [-73.655973, 41.569997], [-73.656922, 41.567551], [-73.652037, 41.565548], [-73.651596, 41.567222], [-73.647102, 41.570731], [-73.647434, 41.57384], [-73.646188, 41.575738], [-73.641564, 41.575329], [-73.639243, 41.572383], [-73.638485, 41.569953], [-73.63874, 41.566782], [-73.639855, 41.562767], [-73.639381, 41.560296], [-73.637829, 41.557914], [-73.635827, 41.556324], [-73.630627, 41.553943], [-73.627879, 41.553174], [-73.628289, 41.550157], [-73.626425, 41.549677], [-73.628102, 41.548583], [-73.632926, 41.547537], [-73.632461, 41.546004], [-73.632428, 41.544209], [-73.632254, 41.541093], [-73.633288, 41.538965], [-73.636332, 41.537923], [-73.637181, 41.538223], [-73.637429, 41.535262], [-73.636214, 41.534758], [-73.636598, 41.532146], [-73.632251, 41.530396], [-73.630997, 41.529098], [-73.628873, 41.528171], [-73.62547, 41.525422], [-73.623907, 41.522707], [-73.621968, 41.521831], [-73.622798, 41.521765], [-73.633325, 41.52027], [-73.632128, 41.517785], [-73.633348, 41.515529], [-73.632589, 41.514346], [-73.634771, 41.513858], [-73.633791, 41.51186], [-73.630999, 41.509949], [-73.633632, 41.50941], [-73.637664, 41.514155], [-73.639817, 41.515903], [-73.643404, 41.517805], [-73.644727, 41.518716], [-73.645669, 41.518579], [-73.647635, 41.518293], [-73.650475, 41.47876], [-73.644798, 41.474754], [-73.64476, 41.474249], [-73.646367, 41.474381], [-73.648723, 41.47418], [-73.650605, 41.477019], [-73.650599, 41.477103], [-73.654131, 41.482321], [-73.65637, 41.484717], [-73.661654, 41.488461], [-73.663606, 41.490331], [-73.667717, 41.497116], [-73.670576, 41.499627], [-73.678423, 41.503555], [-73.681667, 41.508146], [-73.683849, 41.513306], [-73.686068, 41.513003], [-73.691234, 41.512433], [-73.691588, 41.513654], [-73.692139, 41.514779], [-73.693095, 41.514346], [-73.693439, 41.514949], [-73.696404, 41.514176], [-73.695732, 41.511948], [-73.713913, 41.510186], [-73.713083, 41.513649], [-73.711032, 41.517323], [-73.711005, 41.521462], [-73.714209, 41.523267], [-73.708248, 41.526562], [-73.708671, 41.529362], [-73.707065, 41.529021], [-73.702509, 41.532096], [-73.706896, 41.53557], [-73.714607, 41.543691], [-73.713776, 41.54427]]]}}, {"type": "Feature", "id": "06870", "properties": {"ZCTA5CE20": "06870", "GEOID20": "06870", "zip": "06870", "STUSPS": "CT"}, "geometry": {"type": "Polygon", "coordinates": [[[-73.5876450291519, 41.0076409654007], [-73.571968, 41.017597], [-73.572988, 41.020113], [-73.575328, 41.025393], [-73.57392, 41.026417], [-73.572157, 41.03133], [-73.57324, 41.032087], [-73.573153, 41.033434], [-73.570244, 41.03826], [-73.571259, 41.038819], [-73.571823, 41.039083], [-73.574273, 41.040985], [-73.57377, 41.04127], [-73.573944, 41.041715], [-73.574811, 41.042908], [-73.572227, 41.044733], [-73.57319, 41.044819], [-73.571902, 41.04876], [-73.572273, 41.050378], [-73.574617, 41.05057], [-73.573081, 41.056899], [-73.574134, 41.057525], [-73.574132, 41.057695], [-73.576908, 41.057828], [-73.575853, 41.059426], [-73.578184, 41.062135], [-73.578443, 41.060295], [-73.578803, 41.060001], [-73.579437, 41.063058], [-73.578216, 41.067777], [-73.57649, 41.070182], [-73.572625, 41.065158], [-73.568336, 41.059467], [-73.567949, 41.059012], [-73.567196, 41.054489], [-73.566755, 41.05147], [-73.566154, 41.05151], [-73.565331, 41.048547], [-73.565004, 41.046743], [-73.564444, 41.044916], [-73.563154, 41.040232], [-73.560087, 41.035095], [-73.555689, 41.028431], [-73.555149, 41.02515], [-73.552870490795, 41.0233452383279], [-73.55644, 41.020776], [-73.557168, 41.017158], [-73.560726718517, 41.0168903547115], [-73.561968, 41.016797], [-73.5639458230335, 41.014749779667], [-73.567668, 41.010897], [-73.570068, 41.001597], [-73.583968, 41.000897], [-73.585115, 41.005464], [-73.5876071719435, 41.0076083911386], [-73.5876450291519, 41.0076409654007]]]}}, {"type": "Feature", "id": "06107", "properties": {"ZCTA5CE20": "06107", "GEOID20": "06107", "zip": "06107", "STUSPS": "CT"}, "geometry": {"type": "Polygon", "coordinates": [[[-72.794156, 41.754296], [-72.789632, 41.754496], [-72.78809, 41.756929], [-72.787489, 41.759398], [-72.7877, 41.761367], [-72.784833, 41.762082], [-72.78216, 41.760969], [-72.781313, 41.763896], [-72.779489, 41.764523], [-72.778123, 41.766993], [-72.777266, 41.769748], [-72.776648, 41.770534], [-72.773823, 41.770067], [-72.772398, 41.773594], [-72.770855, 41.773703], [-72.768456, 41.771159], [-72.767069, 41.773435], [-72.765253, 41.774148], [-72.764813, 41.772311], [-72.765171, 41.769425], [-72.763881, 41.769775], [-72.76403, 41.770374], [-72.764049, 41.771254], [-72.763501, 41.771496], [-72.762144, 41.771717], [-72.761861, 41.771603], [-72.76148, 41.770098], [-72.759992, 41.770484], [-72.758611, 41.770616], [-72.758868, 41.77121], [-72.757848, 41.774592], [-72.754204, 41.77582], [-72.751991, 41.777796], [-72.751013, 41.778423], [-72.752712, 41.779006], [-72.751937, 41.778994], [-72.747861, 41.778546], [-72.746144, 41.779252], [-72.746048, 41.778897], [-72.737042, 41.778535], [-72.736444, 41.774355], [-72.737261, 41.769429], [-72.737578, 41.76942], [-72.739427, 41.768441], [-72.738696, 41.762814], [-72.738204, 41.762949], [-72.737426, 41.75874], [-72.736252, 41.75695], [-72.735723, 41.755892], [-72.735304, 41.754663], [-72.736266, 41.754461], [-72.73522, 41.749239], [-72.734816, 41.743144], [-72.734888, 41.742637], [-72.735435, 41.741392], [-72.738668, 41.738192], [-72.741264, 41.735783], [-72.743036, 41.735141], [-72.751018, 41.7334], [-72.752815, 41.73236], [-72.757104, 41.727807], [-72.757701, 41.727526], [-72.759609, 41.726935], [-72.762346, 41.726854], [-72.762537, 41.732688], [-72.763767, 41.732509], [-72.763936, 41.731923], [-72.765151, 41.732053], [-72.766119, 41.732857], [-72.767043, 41.734139], [-72.767979, 41.736762], [-72.768074, 41.737631], [-72.768774, 41.737571], [-72.769206, 41.739347], [-72.770752, 41.738293], [-72.772828, 41.736847], [-72.777638, 41.731089], [-72.779064, 41.730222], [-72.781228, 41.746086], [-72.782199, 41.748224], [-72.789642, 41.747769], [-72.792761, 41.747593], [-72.792439, 41.751642], [-72.794156, 41.754296]]]}}, {"type": "Feature", "id": "06081", "properties": {"ZCTA5CE20": "06081", "GEOID20": "06081", "zip": "06081", "STUSPS": "CT"}, "geometry": {"type": "Polygon", "coordinates": [[[-72.77623, 41.904032], [-72.775452, 41.907017], [-72.772392, 41.911652], [-72.772018, 41.915005], [-72.769405, 41.917829], [-72.768154, 41.917719], [-72.767087, 41.915049], [-72.765463, 41.91551], [-72.764784, 41.914964], [-72.764897, 41.913243], [-72.762193, 41.91183], [-72.761547, 41.910488], [-72.758929, 41.908145], [-72.758661, 41.907064], [-72.760585, 41.905705], [-72.765054, 41.902614], [-72.766425, 41.898273], [-72.768349, 41.899375], [-72.768776, 41.897659], [-72.774275, 41.898457], [-72.773982, 41.899775], [-72.774304, 41.900749], [-72.774195, 41.901582], [-72.776091, 41.903934], [-72.77623, 41.904032]]]}}, {"type": "Feature", "id": "06016", "properties": {"ZCTA5CE20": "06016", "GEOID20": "06016", "zip": "06016", "STUSPS": "CT"}, "geometry": {"type": "Polygon", "coordinates": [[[-72.587988, 41.880129], [-72.585058, 41.880784], [-72.58182, 41.880021], [-72.580509, 41.880882], [-72.577808, 41.882775], [-72.578871, 41.883323], [-72.578754, 41.885905], [-72.577945, 41.886787], [-72.574063, 41.886561], [-72.572824, 41.894207], [-72.573134, 41.896329], [-72.571921, 41.896815], [-72.571653, 41.898313], [-72.572851, 41.899101], [-72.57059, 41.901939], [-72.57252, 41.902628], [-72.57154, 41.904205], [-72.568147, 41.906033], [-72.567685, 41.908434], [-72.566455, 41.910002], [-72.564332, 41.911134], [-72.562346, 41.912222], [-72.562699, 41.913456], [-72.564221, 41.913351], [-72.56448, 41.913978], [-72.562207, 41.916081], [-72.563184, 41.921819], [-72.567693, 41.923259], [-72.567096, 41.924714], [-72.569837, 41.927771], [-72.570199, 41.93457], [-72.571289, 41.935929], [-72.572849, 41.937158], [-72.576433, 41.936236], [-72.577367, 41.938657], [-72.559891, 41.940335], [-72.548002, 41.941801], [-72.538606, 41.943033], [-72.526183, 41.944355], [-72.525103, 41.944471], [-72.523411, 41.944575], [-72.51333, 41.945401], [-72.51363, 41.942997], [-72.514128, 41.932564], [-72.514628, 41.916631], [-72.515226, 41.899467], [-72.516924, 41.873639], [-72.51733, 41.869897], [-72.530832, 41.869686], [-72.538471, 41.869483], [-72.547879, 41.869284], [-72.552678, 41.86923], [-72.571488, 41.868783], [-72.582561, 41.868326], [-72.587988, 41.868313], [-72.588078, 41.872394], [-72.585941, 41.874046], [-72.589932, 41.87727], [-72.587988, 41.880129]]]}}, {"type": "Feature", "id": "06850", "properties": {"ZCTA5CE20": "06850", "GEOID20": "06850", "zip": "06850", "STUSPS": "CT"}, "geometry": {"type": "Polygon", "coordinates": [[[-73.473786, 41.115722], [-73.471082, 41.119181], [-73.462948, 41.129826], [-73.459505, 41.134217], [-73.458823, 41.134903], [-73.450615, 41.148707], [-73.449498, 41.1501], [-73.448898, 41.153544], [-73.448906, 41.153754], [-73.447995, 41.153796], [-73.43746, 41.156165], [-73.431873, 41.157641], [-73.423305, 41.15976], [-73.422233, 41.160029], [-73.424266, 41.156736], [-73.424774, 41.155398], [-73.425383, 41.152646], [-73.427581, 41.149689], [-73.42789, 41.14338], [-73.425883, 41.143556], [-73.425725, 41.142631], [-73.427554, 41.142305], [-73.427117, 41.139112], [-73.42547, 41.135622], [-73.427524, 41.134614], [-73.42882, 41.132707], [-73.428451, 41.131369], [-73.427866, 41.129449], [-73.426248, 41.126306], [-73.421206, 41.120545], [-73.420564, 41.119642], [-73.419678, 41.118154], [-73.41776, 41.118472], [-73.416981, 41.119523], [-73.416031, 41.119963], [-73.413754, 41.119022], [-73.412759, 41.119429], [-73.412031, 41.118475], [-73.410644, 41.118409], [-73.410104, 41.117231], [-73.409381, 41.116639], [-73.409, 41.115214], [-73.409523, 41.112905], [-73.41162, 41.110764], [-73.410575, 41.107436], [-73.411002, 41.107325], [-73.413662, 41.106668], [-73.415767, 41.106424], [-73.419449, 41.106548], [-73.420042, 41.106584], [-73.421274, 41.106602], [-73.423056, 41.106367], [-73.423796, 41.106179], [-73.425649, 41.105568], [-73.426163, 41.106204], [-73.428312, 41.112487], [-73.429689, 41.112735], [-73.433192, 41.111146], [-73.433856, 41.110113], [-73.435738, 41.111633], [-73.434927, 41.112925], [-73.435726, 41.115669], [-73.438182, 41.11586], [-73.438151, 41.117841], [-73.438476, 41.118152], [-73.439493, 41.119262], [-73.441397, 41.119647], [-73.443812, 41.119138], [-73.444386, 41.114993], [-73.441293, 41.112861], [-73.446995, 41.112932], [-73.450573, 41.110114], [-73.449547, 41.106449], [-73.448139, 41.106449], [-73.446026, 41.103681], [-73.446567, 41.103358], [-73.448383, 41.104805], [-73.451759, 41.104631], [-73.45194, 41.103953], [-73.451218, 41.100902], [-73.453222, 41.1007], [-73.4544, 41.10055], [-73.453712, 41.096303], [-73.452884, 41.095734], [-73.452759, 41.09436], [-73.45398, 41.091673], [-73.455521, 41.092859], [-73.455805, 41.093389], [-73.462138, 41.101133], [-73.469086, 41.108288], [-73.473898, 41.113834], [-73.473786, 41.115722]]]}}, {"type": "Feature", "id": "06001", "properties": {"ZCTA5CE20": "06001", "GEOID20": "06001", "zip": "06001", "STUSPS": "CT"}, "geometry": {"type": "Polygon", "coordinates": [[[-72.927414, 41.803707], [-72.924253, 41.804794], [-72.921391, 41.805194], [-72.921183, 41.807117], [-72.91977, 41.80695], [-72.917365, 41.807353], [-72.915361, 41.807562], [-72.914349, 41.810575], [-72.887949, 41.813902], [-72.885844, 41.813891], [-72.874705, 41.815647], [-72.870201, 41.81613], [-72.867406, 41.816404], [-72.866356, 41.816488], [-72.856132, 41.817919], [-72.844704, 41.819342], [-72.842888, 41.819458], [-72.840029, 41.820216], [-72.829, 41.821389], [-72.819679, 41.822327], [-72.819308, 41.822434], [-72.818558, 41.825024], [-72.812363, 41.828861], [-72.809158, 41.832031], [-72.808703, 41.833109], [-72.809326, 41.835598], [-72.810097, 41.84177], [-72.808929, 41.843487], [-72.806744, 41.84514], [-72.807273, 41.84716], [-72.806407, 41.847417], [-72.806442, 41.844589], [-72.808952, 41.840343], [-72.809341, 41.838303], [-72.808426, 41.833813], [-72.809265, 41.828526], [-72.81283, 41.82473], [-72.810509, 41.824549], [-72.809486, 41.823689], [-72.798552, 41.824885], [-72.78455, 41.826593], [-72.784492, 41.826411], [-72.783943, 41.822431], [-72.783056, 41.821289], [-72.78377, 41.816585], [-72.784761, 41.814303], [-72.785299, 41.810428], [-72.784815, 41.809709], [-72.785379, 41.80495], [-72.797241, 41.804699], [-72.797943, 41.796674], [-72.798942, 41.791926], [-72.800042, 41.791827], [-72.796742, 41.758799], [-72.804126, 41.758694], [-72.820461, 41.757946], [-72.827742, 41.759118], [-72.853144, 41.762099], [-72.857897, 41.762508], [-72.859289, 41.7626], [-72.867027, 41.763724], [-72.873218, 41.764013], [-72.875453, 41.764505], [-72.876055, 41.762757], [-72.876018, 41.762268], [-72.878973, 41.760872], [-72.881405, 41.757449], [-72.880981, 41.758873], [-72.883339, 41.761524], [-72.882509, 41.762775], [-72.884191, 41.765595], [-72.889797, 41.765082], [-72.893898, 41.764875], [-72.895237, 41.764685], [-72.89594, 41.76486], [-72.901217, 41.768696], [-72.901077, 41.771625], [-72.902158, 41.77512], [-72.902985, 41.775711], [-72.90848, 41.776043], [-72.917652, 41.777739], [-72.919023, 41.778299], [-72.920328, 41.779381], [-72.922256, 41.783047], [-72.923087, 41.785217], [-72.924946, 41.787785], [-72.924542, 41.789574], [-72.924659, 41.792615], [-72.925523, 41.798702], [-72.92688, 41.799805], [-72.928104, 41.80284], [-72.927414, 41.803707]]]}}, {"type": "Feature", "id": "06335", "properties": {"ZCTA5CE20": "06335", "GEOID20": "06335", "zip": "06335", "STUSPS": "CT"}, "geometry": {"type": "Polygon", "coordinates": [[[-72.096521, 41.430198], [-72.094721, 41.432898], [-72.092421, 41.436698], [-72.090994, 41.437442], [-72.087921, 41.439398], [-72.085521, 41.445098], [-72.082821, 41.448898], [-72.076421, 41.453898], [-72.073621, 41.456298], [-72.071744, 41.458736], [-72.070821, 41.460298], [-72.070021, 41.463598], [-72.066348, 41.465269], [-72.064915, 41.465696], [-72.063104, 41.467491], [-72.060282, 41.471482], [-72.059739, 41.471005], [-72.059116, 41.471014], [-72.056149, 41.474917], [-72.054379, 41.475075], [-72.048703, 41.467632], [-72.048667, 41.466097], [-72.048064, 41.465514], [-72.047753, 41.464311], [-72.044357, 41.46335], [-72.04643, 41.458329], [-72.048666, 41.458853], [-72.049271, 41.457265], [-72.047036, 41.456497], [-72.048008, 41.453623], [-72.04707, 41.453638], [-72.045801, 41.452422], [-72.040107, 41.450209], [-72.038729, 41.448552], [-72.038784, 41.444886], [-72.039453, 41.44164], [-72.04225, 41.43927], [-72.040311, 41.437545], [-72.039312, 41.436072], [-72.034873, 41.433582], [-72.0303, 41.428528], [-72.026943, 41.423834], [-72.029004, 41.420965], [-72.034042, 41.417087], [-72.032614, 41.413138], [-72.033023, 41.408837], [-72.035569, 41.405404], [-72.037219, 41.400017], [-72.036985, 41.399442], [-72.045632, 41.399493], [-72.061075, 41.399901], [-72.069895, 41.399898], [-72.077858, 41.40009], [-72.080491, 41.400186], [-72.086794, 41.400266], [-72.089673, 41.403472], [-72.091669, 41.403224], [-72.090936, 41.408052], [-72.091243, 41.409909], [-72.092996, 41.406878], [-72.092353, 41.410381], [-72.095021, 41.411598], [-72.093921, 41.413898], [-72.093021, 41.415798], [-72.095621, 41.425298], [-72.096521, 41.430198]]]}}, {"type": "Feature", "id": "06248", "properties": {"ZCTA5CE20": "06248", "GEOID20": "06248", "zip": "06248", "STUSPS": "CT"}, "geometry": {"type": "Polygon", "coordinates": [[[-72.453728, 41.728201], [-72.43547, 41.730273], [-72.422818, 41.73196], [-72.421727, 41.730343], [-72.419113, 41.725103], [-72.415658, 41.720456], [-72.413909, 41.718583], [-72.412393, 41.715798], [-72.398746, 41.696908], [-72.388538, 41.698043], [-72.356478, 41.701497], [-72.351471, 41.687161], [-72.344008, 41.668712], [-72.344758, 41.667127], [-72.345263, 41.666381], [-72.343764, 41.66496], [-72.343451, 41.66234], [-72.344502, 41.66363], [-72.346465, 41.663313], [-72.346268, 41.662936], [-72.348077, 41.662662], [-72.348832, 41.663325], [-72.350366, 41.66223], [-72.351982, 41.661478], [-72.350552, 41.657461], [-72.349995, 41.656537], [-72.36251, 41.653434], [-72.359827, 41.650019], [-72.357588, 41.645005], [-72.365697, 41.643734], [-72.367402, 41.643337], [-72.36662, 41.648292], [-72.365597, 41.650109], [-72.366887, 41.651655], [-72.370842, 41.64838], [-72.380593, 41.643602], [-72.381153, 41.645774], [-72.383672, 41.647084], [-72.384048, 41.648843], [-72.382641, 41.651104], [-72.384091, 41.654472], [-72.390084, 41.651657], [-72.393551, 41.650953], [-72.393866, 41.651881], [-72.395396, 41.652098], [-72.40393, 41.650591], [-72.406674, 41.652837], [-72.407751, 41.652996], [-72.409665, 41.650091], [-72.411071, 41.647157], [-72.42084, 41.648053], [-72.427529, 41.659699], [-72.429429, 41.662299], [-72.437329, 41.666598], [-72.448129, 41.671898], [-72.451629, 41.687099], [-72.452229, 41.688799], [-72.452972, 41.69205], [-72.460129, 41.727299], [-72.453728, 41.728201]]]}}, {"type": "Feature", "id": "06281", "properties": {"ZCTA5CE20": "06281", "GEOID20": "06281", "zip": "06281", "STUSPS": "CT"}, "geometry": {"type": "MultiPolygon", "coordinates": [[[[-72.075824, 41.960027], [-72.071311, 41.95998], [-72.068728, 41.960061], [-72.068439, 41.957806], [-72.070189, 41.955641], [-72.070776, 41.955122], [-72.071513, 41.953958], [-72.071828, 41.952959], [-72.069806, 41.951961], [-72.06826, 41.95166], [-72.06807, 41.947039], [-72.066134, 41.947067], [-72.069577, 41.942792], [-72.070234, 41.943473], [-72.073506, 41.942859], [-72.075709, 41.947919], [-72.075748, 41.950503], [-72.07573, 41.95082], [-72.075138, 41.95156], [-72.07462, 41.953285], [-72.075742, 41.956724], [-72.078839, 41.958454], [-72.075824, 41.960027]]], [[[-72.1021687771907, 42.028899460948], [-72.0997252597077, 42.0288013695839], [-72.063496, 42.027347], [-72.0345788233465, 42.0271697081331], [-72.0100444151492, 42.0270192871192], [-72.0100396989336, 42.027019258204], [-71.9931020771696, 42.0269154132603], [-71.987326, 42.02688], [-71.9630193086355, 42.0262475718444], [-71.956642, 42.008455], [-71.953522, 42.000098], [-71.951392, 41.993567], [-71.950163, 41.989505], [-71.948424, 41.988759], [-71.946393, 41.985937], [-71.943662, 41.982976], [-71.946961, 41.979435], [-71.935586, 41.943518], [-71.931984, 41.932285], [-71.931792, 41.931574], [-71.930681, 41.92806], [-71.927355, 41.917049], [-71.928085, 41.917029], [-71.933847, 41.916861], [-71.936939, 41.916788], [-71.955945, 41.916165], [-71.957007, 41.915978], [-71.980877, 41.915289], [-71.989131, 41.915056], [-71.999424, 41.91481], [-72.005217, 41.914404], [-72.043952, 41.914552], [-72.050059, 41.914746], [-72.055507, 41.914509], [-72.06029, 41.91455], [-72.067943, 41.914652], [-72.063949, 41.918315], [-72.063205, 41.919444], [-72.062977, 41.921515], [-72.064977, 41.923017], [-72.066256, 41.927422], [-72.067767, 41.928734], [-72.07181, 41.929397], [-72.072913, 41.930483], [-72.072163, 41.931329], [-72.071598, 41.935405], [-72.072582, 41.936766], [-72.071304, 41.938911], [-72.073465, 41.939421], [-72.072824, 41.940522], [-72.072191, 41.941204], [-72.067927, 41.94101], [-72.066963, 41.941599], [-72.067029, 41.939814], [-72.06603, 41.939781], [-72.065899, 41.941419], [-72.063868, 41.940862], [-72.061084, 41.940895], [-72.059967, 41.93703], [-72.058851, 41.937143], [-72.052291, 41.947447], [-72.048654, 41.950457], [-72.046147, 41.954726], [-72.044717, 41.955048], [-72.041213, 41.957622], [-72.03902, 41.965584], [-72.04523, 41.969276], [-72.047128, 41.964027], [-72.047314, 41.95597], [-72.052395, 41.957706], [-72.055463, 41.957948], [-72.058956, 41.961041], [-72.059266, 41.961357], [-72.06208, 41.960594], [-72.064161, 41.958887], [-72.066459, 41.960238], [-72.064838, 41.961158], [-72.064552, 41.961326], [-72.065912, 41.963357], [-72.067788, 41.963448], [-72.07067, 41.965008], [-72.073671, 41.968376], [-72.081276, 41.968436], [-72.087474, 41.967003], [-72.089661, 41.966039], [-72.091697, 41.966239], [-72.091813, 41.967467], [-72.090855, 41.970759], [-72.091592, 41.972175], [-72.091648, 41.977214], [-72.0877, 41.980219], [-72.091698, 41.982889], [-72.093883, 41.983986], [-72.097802, 41.984877], [-72.100317, 41.984998], [-72.10188, 42.016804], [-72.1021687771907, 42.028899460948]]]]}}, {"type": "Feature", "id": "10580", "properties": {"ZCTA5CE20": "10580", "GEOID20": "10580", "zip": "10580", "STUSPS": "CT"}, "geometry": {"type": "Polygon", "coordinates": [[[-73.725893, 40.999613], [-73.721657, 41.00325], [-73.720752, 41.004418], [-73.720143, 41.005529], [-73.716991, 41.014022], [-73.708687, 41.013912], [-73.703396, 41.012593], [-73.700469, 41.01089], [-73.694512, 41.004568], [-73.691903, 41.002738], [-73.684689, 41.000561], [-73.685245, 40.999339], [-73.68499, 40.997859], [-73.682325, 40.997609], [-73.683568, 40.995438], [-73.679533, 40.994674], [-73.678449, 40.994304], [-73.67742, 40.992408], [-73.677155, 40.991892], [-73.677179, 40.99187], [-73.677142, 40.991856], [-73.675557, 40.989938], [-73.671957, 40.988257], [-73.670406, 40.98777], [-73.667289, 40.988174], [-73.666773, 40.987982], [-73.66609, 40.987728], [-73.6631117714495, 40.98664044612], [-73.664911, 40.983734], [-73.6642592256209, 40.983261888848], [-73.662114, 40.981708], [-73.6604949089863, 40.9819876280656], [-73.658113, 40.982399], [-73.656297, 40.979725], [-73.659011, 40.975241], [-73.6598832091905, 40.970400752987], [-73.660114, 40.96912], [-73.66284, 40.966762], [-73.665725, 40.967583], [-73.6713431495862, 40.9659826070102], [-73.677615, 40.964196], [-73.6781254670998, 40.9628441627912], [-73.678182936779, 40.9626919695337], [-73.6791205655615, 40.9602089074981], [-73.6795174680909, 40.9591578160415], [-73.6806968486951, 40.9560345381955], [-73.684667, 40.955498], [-73.683613, 40.954645], [-73.68329, 40.954071], [-73.68347, 40.953571], [-73.683852, 40.953083], [-73.683984, 40.952458], [-73.684574, 40.952167], [-73.684453, 40.951503], [-73.683971, 40.95148], [-73.683667, 40.95177], [-73.683658, 40.952404], [-73.682747, 40.953471], [-73.682486, 40.953482], [-73.6817637039934, 40.9532092538843], [-73.6826778871488, 40.9507882813955], [-73.683113, 40.949636], [-73.6839760642877, 40.9493329248161], [-73.685394, 40.948835], [-73.6857021703847, 40.9477962458857], [-73.686473, 40.945198], [-73.692678, 40.944206], [-73.6937232450703, 40.9425993417639], [-73.695413, 40.940002], [-73.69747, 40.939493], [-73.69805367884, 40.940199300445], [-73.698303, 40.940501], [-73.692576, 40.953523], [-73.693223, 40.955019], [-73.69186, 40.956895], [-73.690053, 40.956652], [-73.689548, 40.958158], [-73.691295, 40.958533], [-73.691289, 40.958685], [-73.690322, 40.958957], [-73.690846, 40.959402], [-73.692875, 40.957087], [-73.693506, 40.956627], [-73.69534989241, 40.9547258045963], [-73.695392, 40.95472], [-73.6954008803533, 40.9547070680629], [-73.697197, 40.95394], [-73.698121, 40.954669], [-73.697221, 40.953651], [-73.6976025343032, 40.9515009286898], [-73.6979202298512, 40.9510382873174], [-73.7000693681623, 40.9479086233857], [-73.702277, 40.94661], [-73.70164, 40.948394], [-73.70227, 40.949416], [-73.704995, 40.94629], [-73.7085530402807, 40.9441830063932], [-73.708796, 40.944738], [-73.7107118982706, 40.944678128179], [-73.7135943519313, 40.9445880515021], [-73.7137644505194, 40.9445827359213], [-73.71654, 40.945331], [-73.715168, 40.94671], [-73.713687, 40.945998], [-73.714199, 40.948503], [-73.71517, 40.955047], [-73.715811, 40.959173], [-73.71269, 40.962462], [-73.712207, 40.962907], [-73.711832, 40.963261], [-73.709553, 40.964243], [-73.708484, 40.964855], [-73.70612, 40.968676], [-73.705423, 40.969221], [-73.704625, 40.970712], [-73.703571, 40.972519], [-73.703317, 40.973167], [-73.703643, 40.974847], [-73.706212, 40.974537], [-73.706126, 40.974663], [-73.701818, 40.980857], [-73.703722, 40.981787], [-73.708371, 40.986297], [-73.709779, 40.987182], [-73.710184, 40.988686], [-73.712335, 40.991848], [-73.719703, 40.99565], [-73.722962, 40.997796], [-73.725893, 40.999613]]]}}, {"type": "Feature", "id": "11933", "properties": {"ZCTA5CE20": "11933", "GEOID20": "11933", "zip": "11933", "STUSPS": "CT"}, "geometry": {"type": "Polygon", "coordinates": [[[-72.829829, 40.923458], [-72.82228, 40.925794], [-72.808421, 40.931562], [-72.806836, 40.932451], [-72.796972, 40.934207], [-72.797791, 40.934794], [-72.800637, 40.936003], [-72.803756, 40.93731], [-72.807455, 40.939862], [-72.815586, 40.942958], [-72.816083, 40.946505], [-72.819845, 40.945992], [-72.820343, 40.948606], [-72.820031, 40.949006], [-72.811588, 40.947216], [-72.80293, 40.949765], [-72.805933, 40.954675], [-72.804414, 40.956168], [-72.803026, 40.956351], [-72.801692, 40.955637], [-72.798591, 40.951104], [-72.78768, 40.954386], [-72.786073, 40.954721], [-72.780489, 40.956155], [-72.779964, 40.958801], [-72.781214, 40.958568], [-72.779921, 40.965313], [-72.7794640083192, 40.9655945363119], [-72.774104, 40.965314], [-72.745656, 40.968445], [-72.7437660643675, 40.968863668727], [-72.7337748030087, 40.9710769867905], [-72.731935, 40.966711], [-72.727748, 40.961975], [-72.729385, 40.960013], [-72.728513, 40.959155], [-72.727878, 40.959031], [-72.716513, 40.946218], [-72.715555, 40.945156], [-72.711214, 40.94074], [-72.705917, 40.934407], [-72.704837, 40.934402], [-72.699625, 40.928012], [-72.696677, 40.925208], [-72.698437, 40.924836], [-72.705635, 40.924013], [-72.707876, 40.92375], [-72.714499, 40.922492], [-72.717856, 40.922192], [-72.723589, 40.920404], [-72.721187, 40.918549], [-72.718688, 40.917689], [-72.709701, 40.916323], [-72.70784, 40.916004], [-72.706655, 40.915925], [-72.707071, 40.915752], [-72.707784, 40.915796], [-72.709344, 40.915189], [-72.710827, 40.914541], [-72.713626, 40.914501], [-72.713118, 40.913081], [-72.713181, 40.91257], [-72.707604, 40.912483], [-72.701152, 40.914032], [-72.703359, 40.907201], [-72.703517, 40.906624], [-72.705751, 40.899631], [-72.71395, 40.873959], [-72.713982, 40.875187], [-72.720032, 40.872028], [-72.72458, 40.870064], [-72.726891, 40.868488], [-72.733744, 40.864937], [-72.734522, 40.864879], [-72.734369, 40.865409], [-72.735391, 40.873596], [-72.735123, 40.876419], [-72.736101, 40.879809], [-72.737764, 40.881119], [-72.739161, 40.888755], [-72.741174, 40.890387], [-72.746805, 40.88645], [-72.763379, 40.885727], [-72.763451, 40.888904], [-72.760501, 40.889772], [-72.760672, 40.890805], [-72.759593, 40.892176], [-72.759922, 40.894921], [-72.756265, 40.896636], [-72.754534, 40.896624], [-72.753924, 40.899803], [-72.752581, 40.901007], [-72.752679, 40.901617], [-72.756632, 40.901234], [-72.760264, 40.903155], [-72.762774, 40.903682], [-72.768472, 40.903171], [-72.77389, 40.900642], [-72.775118, 40.904792], [-72.78558, 40.905], [-72.790366, 40.90593], [-72.794997, 40.905977], [-72.813964, 40.904406], [-72.816885, 40.904567], [-72.819642, 40.907154], [-72.801904, 40.926048], [-72.810734, 40.924204], [-72.813776, 40.923101], [-72.819786, 40.921405], [-72.829346, 40.917474], [-72.829332, 40.919862], [-72.829829, 40.923458]]]}}, {"type": "Feature", "id": "06447", "properties": {"ZCTA5CE20": "06447", "GEOID20": "06447", "zip": "06447", "STUSPS": "CT"}, "geometry": {"type": "Polygon", "coordinates": [[[-72.505431, 41.646999], [-72.501913, 41.654163], [-72.501777, 41.654467], [-72.497307, 41.662399], [-72.485997, 41.666245], [-72.477319, 41.668756], [-72.478945, 41.673454], [-72.482725, 41.681292], [-72.476798, 41.686094], [-72.469875, 41.68679], [-72.46098, 41.687968], [-72.452229, 41.688799], [-72.451629, 41.687099], [-72.448129, 41.671898], [-72.437329, 41.666598], [-72.429429, 41.662299], [-72.427529, 41.659699], [-72.42084, 41.648053], [-72.415892, 41.640206], [-72.415728, 41.639299], [-72.413852, 41.636916], [-72.413774, 41.634869], [-72.409217, 41.630749], [-72.40848, 41.626562], [-72.407881, 41.625096], [-72.408971, 41.622628], [-72.409508, 41.620046], [-72.409485, 41.608595], [-72.410367, 41.602581], [-72.410629, 41.601798], [-72.415331, 41.59373], [-72.417229, 41.590598], [-72.427729, 41.589198], [-72.42886, 41.588986], [-72.46673, 41.583899], [-72.469042, 41.587316], [-72.474342, 41.595157], [-72.476921, 41.599987], [-72.481537, 41.607741], [-72.481842, 41.60818], [-72.504875, 41.645534], [-72.505431, 41.646999]]]}}, {"type": "Feature", "id": "06796", "properties": {"ZCTA5CE20": "06796", "GEOID20": "06796", "zip": "06796", "STUSPS": "CT"}, "geometry": {"type": "Polygon", "coordinates": [[[-73.406858, 41.890867], [-73.404181, 41.891955], [-73.401307, 41.89245], [-73.401052, 41.894463], [-73.398048, 41.895858], [-73.395584, 41.897725], [-73.396608, 41.900153], [-73.396483, 41.902224], [-73.394944, 41.902993], [-73.392855, 41.906541], [-73.387314, 41.908887], [-73.385377, 41.910722], [-73.382631, 41.91117], [-73.380046, 41.913024], [-73.377145, 41.912395], [-73.376058, 41.915103], [-73.375139, 41.915803], [-73.375132, 41.917914], [-73.374103, 41.918631], [-73.361779, 41.918351], [-73.354987, 41.918192], [-73.342587, 41.918307], [-73.341093, 41.91821], [-73.273621, 41.916405], [-73.27366, 41.913842], [-73.275249, 41.910664], [-73.27823, 41.908903], [-73.28056, 41.90538], [-73.280514, 41.902293], [-73.282508, 41.8996], [-73.28239, 41.896054], [-73.281412, 41.895898], [-73.27749, 41.892237], [-73.275854, 41.888533], [-73.271397, 41.886843], [-73.28303, 41.844607], [-73.285937, 41.845718], [-73.287976, 41.845549], [-73.288593, 41.844177], [-73.29006, 41.843887], [-73.290225, 41.841791], [-73.291472, 41.840848], [-73.294673, 41.840413], [-73.299969, 41.838558], [-73.299535, 41.835882], [-73.303185, 41.834379], [-73.30385, 41.832328], [-73.303365, 41.830526], [-73.306312, 41.830456], [-73.305884, 41.825923], [-73.303781, 41.822167], [-73.305942, 41.821653], [-73.30849, 41.822074], [-73.312265, 41.821981], [-73.314992, 41.821442], [-73.316721, 41.822573], [-73.316747, 41.826856], [-73.317644, 41.827768], [-73.322313, 41.82873], [-73.322423, 41.822494], [-73.321304, 41.820717], [-73.322099, 41.815772], [-73.322943, 41.813291], [-73.321876, 41.811307], [-73.326038, 41.811069], [-73.329579, 41.802902], [-73.332834, 41.797135], [-73.337403, 41.797649], [-73.342028, 41.795136], [-73.346711, 41.804958], [-73.349426, 41.807546], [-73.343746, 41.807089], [-73.341336, 41.807938], [-73.340059, 41.810849], [-73.338173, 41.813916], [-73.336965, 41.817116], [-73.336608, 41.820162], [-73.337674, 41.82028], [-73.337439, 41.821992], [-73.336068, 41.824593], [-73.334937, 41.82455], [-73.332575, 41.827911], [-73.333155, 41.829239], [-73.332915, 41.832635], [-73.334354, 41.834863], [-73.333701, 41.835812], [-73.329179, 41.835819], [-73.329111, 41.840451], [-73.327943, 41.839386], [-73.324918, 41.839613], [-73.32507, 41.841655], [-73.327773, 41.842907], [-73.32583, 41.846317], [-73.326556, 41.846409], [-73.330331, 41.846863], [-73.333629, 41.84675], [-73.335886, 41.845385], [-73.337839, 41.844911], [-73.336207, 41.847336], [-73.332654, 41.848379], [-73.332198, 41.849537], [-73.334597, 41.851554], [-73.338321, 41.848983], [-73.337401, 41.847975], [-73.339291, 41.847371], [-73.339748, 41.844512], [-73.345663, 41.84683], [-73.360893, 41.84407], [-73.361867, 41.843708], [-73.366874, 41.84526], [-73.367848, 41.846923], [-73.372063, 41.845109], [-73.373466, 41.845371], [-73.372526, 41.84784], [-73.373171, 41.850794], [-73.372755, 41.854295], [-73.373615, 41.85688], [-73.374389, 41.857022], [-73.374136, 41.856256], [-73.376102, 41.855135], [-73.37673, 41.853333], [-73.378648, 41.855194], [-73.379291, 41.857644], [-73.382372, 41.861875], [-73.383672, 41.864275], [-73.378624, 41.864305], [-73.381627, 41.865977], [-73.384654, 41.868316], [-73.386836, 41.87086], [-73.390164, 41.872702], [-73.395151, 41.876362], [-73.397667, 41.877828], [-73.40422, 41.883485], [-73.406129, 41.886178], [-73.404942, 41.888859], [-73.406719, 41.889573], [-73.406858, 41.890867]]]}}, {"type": "Feature", "id": "10560", "properties": {"ZCTA5CE20": "10560", "GEOID20": "10560", "zip": "10560", "STUSPS": "CT"}, "geometry": {"type": "Polygon", "coordinates": [[[-73.673647, 41.307385], [-73.672553, 41.308976], [-73.668926, 41.309535], [-73.668823, 41.310612], [-73.668288, 41.312277], [-73.66357, 41.317471], [-73.658695, 41.321537], [-73.658076, 41.322569], [-73.656564, 41.325972], [-73.654957, 41.325329], [-73.654588, 41.325926], [-73.654405, 41.326446], [-73.655981, 41.326884], [-73.656152, 41.326629], [-73.658091, 41.326509], [-73.659219, 41.330717], [-73.658844, 41.332683], [-73.657002, 41.336727], [-73.65581, 41.341634], [-73.655079, 41.342901], [-73.654312, 41.343843], [-73.650444, 41.347166], [-73.652065, 41.346817], [-73.655901, 41.343466], [-73.656945, 41.343307], [-73.659267, 41.343048], [-73.659597, 41.343057], [-73.660043, 41.343222], [-73.660462, 41.343586], [-73.660931, 41.346022], [-73.658136, 41.346428], [-73.659522, 41.347459], [-73.659013, 41.349249], [-73.66276, 41.350116], [-73.661495, 41.354077], [-73.659514, 41.355005], [-73.659031, 41.355183], [-73.641248, 41.356974], [-73.641395, 41.355727], [-73.640991, 41.355229], [-73.638605, 41.357252], [-73.637481, 41.357358], [-73.628491, 41.358181], [-73.599938, 41.360802], [-73.599827, 41.360813], [-73.594003, 41.361439], [-73.575631, 41.363362], [-73.574984, 41.361675], [-73.571689, 41.362372], [-73.572544, 41.363677], [-73.560247, 41.364942], [-73.5447070189854, 41.3665399980477], [-73.544728, 41.366375], [-73.5452425041353, 41.3615174507099], [-73.5459496796377, 41.3548408476985], [-73.5481110375857, 41.3344349810691], [-73.5485829823631, 41.329979244252], [-73.5485869686171, 41.3299416091314], [-73.548973, 41.326297], [-73.5490414860338, 41.3251157583587], [-73.5493621478447, 41.3195850090541], [-73.5495265913116, 41.3167487012713], [-73.549574, 41.315931], [-73.548929, 41.307598], [-73.5493781244406, 41.3049067897691], [-73.5499011747021, 41.3017726067059], [-73.571164, 41.304865], [-73.574316, 41.303981], [-73.585714, 41.302454], [-73.584783, 41.311029], [-73.59359, 41.310191], [-73.613681, 41.30826], [-73.614036, 41.307878], [-73.616493, 41.306813], [-73.619152, 41.307807], [-73.643153, 41.305411], [-73.647586, 41.305213], [-73.659286, 41.303848], [-73.670944, 41.302727], [-73.674696, 41.30236], [-73.673647, 41.307385]]]}}, {"type": "Feature", "id": "01085", "properties": {"ZCTA5CE20": "01085", "GEOID20": "01085", "zip": "01085", "STUSPS": "CT"}, "geometry": {"type": "Polygon", "coordinates": [[[-72.857466, 42.230043], [-72.857858, 42.234306], [-72.857165, 42.236467], [-72.853765, 42.236017], [-72.851588, 42.237138], [-72.848457, 42.237659], [-72.847627, 42.238946], [-72.845481, 42.240044], [-72.845044, 42.241768], [-72.813422, 42.245004], [-72.812576, 42.234954], [-72.793414, 42.236854], [-72.793292, 42.235274], [-72.791987, 42.217302], [-72.782111, 42.217271], [-72.781039, 42.199749], [-72.766556, 42.197235], [-72.726096, 42.190207], [-72.703391, 42.186279], [-72.686861, 42.18339], [-72.686381, 42.178391], [-72.684891, 42.162937], [-72.68507, 42.160598], [-72.685538, 42.154571], [-72.686653, 42.150703], [-72.687974, 42.149374], [-72.689152, 42.146324], [-72.686691, 42.143885], [-72.68696, 42.140679], [-72.686872, 42.139962], [-72.686358, 42.135947], [-72.690189, 42.128738], [-72.690928, 42.125697], [-72.690764, 42.122872], [-72.692495, 42.117013], [-72.693028, 42.112669], [-72.694532, 42.106493], [-72.69468, 42.106223], [-72.694869, 42.105884], [-72.694939, 42.105737], [-72.695419, 42.104824], [-72.695729, 42.103033], [-72.697177, 42.100652], [-72.700659, 42.093253], [-72.701963, 42.091038], [-72.702866, 42.087733], [-72.70565, 42.082144], [-72.705989, 42.080797], [-72.718264, 42.082811], [-72.723206, 42.08362], [-72.727923, 42.08439], [-72.744959, 42.087175], [-72.750004, 42.087999], [-72.763108, 42.09015], [-72.776992, 42.092409], [-72.77865, 42.097315], [-72.780929, 42.093836], [-72.781645, 42.093165], [-72.810839, 42.09792], [-72.837212, 42.102218], [-72.839319, 42.111727], [-72.853897, 42.115006], [-72.851378, 42.124432], [-72.849439, 42.124902], [-72.84633, 42.1265], [-72.843402, 42.126164], [-72.842746, 42.127138], [-72.8437, 42.128609], [-72.844251, 42.131369], [-72.843396, 42.132466], [-72.840831, 42.132196], [-72.839533, 42.1332], [-72.836604, 42.133945], [-72.836035, 42.135459], [-72.836118, 42.13719], [-72.83049, 42.138098], [-72.828936, 42.136986], [-72.82798, 42.138079], [-72.82169, 42.145497], [-72.814226, 42.154269], [-72.813767, 42.154801], [-72.812875, 42.155848], [-72.812673, 42.156642], [-72.81091, 42.163817], [-72.845814, 42.200141], [-72.846153, 42.204413], [-72.845843, 42.206203], [-72.846779, 42.208852], [-72.848134, 42.21105], [-72.848336, 42.212956], [-72.849276, 42.213886], [-72.844215, 42.214841], [-72.842146, 42.215822], [-72.841729, 42.217389], [-72.840255, 42.219719], [-72.841876, 42.2217], [-72.845353, 42.223661], [-72.847297, 42.22156], [-72.848759, 42.221096], [-72.850155, 42.221871], [-72.853007, 42.224702], [-72.856974, 42.226237], [-72.857871, 42.227713], [-72.857466, 42.230043]]]}}, {"type": "Feature", "id": "11560", "properties": {"ZCTA5CE20": "11560", "GEOID20": "11560", "zip": "11560", "STUSPS": "CT"}, "geometry": {"type": "Polygon", "coordinates": [[[-73.6210178615598, 40.8984476059439], [-73.617571, 40.897898], [-73.614199, 40.900127], [-73.613053, 40.902208], [-73.609636961957, 40.9030335555198], [-73.608671, 40.903267], [-73.605786, 40.90207], [-73.60187, 40.902798], [-73.6013155818298, 40.903242139631], [-73.5990314998158, 40.9050718981011], [-73.5954650514131, 40.9079289492636], [-73.59454, 40.90867], [-73.5908481751224, 40.9089454280946], [-73.58397820988, 40.9094579609204], [-73.582914, 40.908362], [-73.581577, 40.906091], [-73.58134, 40.903731], [-73.577816, 40.901357], [-73.573558, 40.897643], [-73.574373, 40.895928], [-73.573589, 40.895951], [-73.57199, 40.895195], [-73.571421, 40.892861], [-73.56874, 40.890297], [-73.567566, 40.888856], [-73.564487, 40.887708], [-73.568071, 40.888157], [-73.568697, 40.888005], [-73.570984, 40.887441], [-73.572151, 40.887715], [-73.572823, 40.887752], [-73.575204, 40.886824], [-73.575029, 40.882229], [-73.574362, 40.882261], [-73.568973, 40.883004], [-73.569338, 40.884324], [-73.564658, 40.883817], [-73.565503, 40.881768], [-73.565079, 40.879264], [-73.56787, 40.878528], [-73.568503, 40.875185], [-73.573108, 40.87541], [-73.5751, 40.874435], [-73.571922, 40.869812], [-73.568315, 40.867187], [-73.567093, 40.861313], [-73.568225, 40.858424], [-73.570048, 40.854808], [-73.570896, 40.853955], [-73.571624, 40.852596], [-73.577375, 40.849667], [-73.581457, 40.847479], [-73.583187, 40.845856], [-73.585846, 40.844793], [-73.588239, 40.848259], [-73.58891, 40.851809], [-73.589886, 40.853777], [-73.590248, 40.855035], [-73.590693, 40.856978], [-73.592602, 40.856847], [-73.594242, 40.856779], [-73.595427, 40.858472], [-73.597244, 40.865813], [-73.600225, 40.865739], [-73.599456, 40.867436], [-73.598859, 40.867991], [-73.604889, 40.870629], [-73.612303, 40.873783], [-73.612267, 40.873482], [-73.614145, 40.874323], [-73.613472, 40.874308], [-73.614551, 40.874784], [-73.61406, 40.87528], [-73.61412, 40.876726], [-73.61616, 40.880262], [-73.617609, 40.884942], [-73.617971, 40.886355], [-73.619266, 40.889055], [-73.619678, 40.890563], [-73.61804, 40.89022], [-73.618084, 40.896087], [-73.619897, 40.897149], [-73.620365, 40.897549], [-73.620985, 40.898023], [-73.6210178615598, 40.8984476059439]]]}}, {"type": "Feature", "id": "11968", "properties": {"ZCTA5CE20": "11968", "GEOID20": "11968", "zip": "11968", "STUSPS": "CT"}, "geometry": {"type": "Polygon", "coordinates": [[[-72.485149, 40.881729], [-72.483915, 40.883238], [-72.482932, 40.885158], [-72.481253, 40.886847], [-72.483387, 40.890565], [-72.483654, 40.892136], [-72.477403, 40.893617], [-72.46849, 40.894868], [-72.469007, 40.89607], [-72.469273, 40.895109], [-72.47028, 40.896261], [-72.478765, 40.898164], [-72.472876, 40.900002], [-72.467316, 40.904677], [-72.464047, 40.90682], [-72.458156, 40.911893], [-72.452625, 40.9176], [-72.452352, 40.917702], [-72.450474, 40.916998], [-72.449276, 40.92138], [-72.447911, 40.922956], [-72.448635, 40.92362], [-72.448506, 40.925104], [-72.445773, 40.933782], [-72.444743, 40.939428], [-72.443005, 40.945509], [-72.437961, 40.947222], [-72.432857, 40.947987], [-72.42876, 40.947943], [-72.416475, 40.947907], [-72.416102, 40.947396], [-72.411784, 40.948243], [-72.406442, 40.949891], [-72.400507, 40.955731], [-72.401469, 40.957029], [-72.400669, 40.958067], [-72.400889, 40.958035], [-72.393053, 40.965073], [-72.391769, 40.96626], [-72.383345, 40.976725], [-72.383227, 40.976887], [-72.376417, 40.975235], [-72.376621, 40.974745], [-72.376981, 40.973182], [-72.377147, 40.972676], [-72.375511, 40.969839], [-72.368073, 40.961085], [-72.367128, 40.961448], [-72.367536, 40.959088], [-72.370083, 40.95774], [-72.370504, 40.956251], [-72.376317, 40.956021], [-72.376064, 40.955206], [-72.377216, 40.955387], [-72.377213, 40.954109], [-72.375397, 40.944019], [-72.376421, 40.942883], [-72.376096, 40.941649], [-72.377611, 40.942685], [-72.379973, 40.941797], [-72.378392, 40.939889], [-72.37868, 40.938226], [-72.377699, 40.937267], [-72.377862, 40.937201], [-72.37717, 40.933322], [-72.376119, 40.932279], [-72.373134, 40.92531], [-72.372936, 40.924428], [-72.375631, 40.922989], [-72.376271, 40.921348], [-72.379226, 40.920272], [-72.379865, 40.918104], [-72.379021, 40.913235], [-72.380935, 40.909601], [-72.377113, 40.909271], [-72.372931, 40.908735], [-72.372258, 40.907429], [-72.375199, 40.902906], [-72.377036, 40.901011], [-72.378374, 40.900444], [-72.372165, 40.897935], [-72.370382, 40.897003], [-72.36531, 40.895408], [-72.359488, 40.895211], [-72.360126, 40.892806], [-72.357267, 40.892511], [-72.352586, 40.893236], [-72.349977, 40.891872], [-72.343898, 40.893651], [-72.343353, 40.893029], [-72.339961, 40.889134], [-72.338975862606, 40.8874888613501], [-72.340031, 40.887087], [-72.3517589643456, 40.8827951436843], [-72.3525581274479, 40.882502689418], [-72.3874811849889, 40.8697225733931], [-72.39585, 40.86666], [-72.4055592208986, 40.863527739812], [-72.4090277688778, 40.8624087628253], [-72.4274877558611, 40.8564534464408], [-72.4678059098452, 40.8434465378645], [-72.469996, 40.84274], [-72.4711999275037, 40.8421813377129], [-72.474097, 40.840837], [-72.476031442202, 40.8404310222912], [-72.47805, 40.84546], [-72.490124, 40.875652], [-72.485149, 40.881729]]]}}, {"type": "Feature", "id": "12523", "properties": {"ZCTA5CE20": "12523", "GEOID20": "12523", "zip": "12523", "STUSPS": "CT"}, "geometry": {"type": "Polygon", "coordinates": [[[-73.81415, 42.063053], [-73.812606, 42.064401], [-73.810608, 42.068233], [-73.811012, 42.069265], [-73.80822, 42.073726], [-73.811398, 42.076442], [-73.808612, 42.077853], [-73.80999, 42.08057], [-73.810534, 42.085098], [-73.808608, 42.088319], [-73.809429, 42.089834], [-73.807926, 42.091599], [-73.809318, 42.09407], [-73.807785, 42.096128], [-73.807127, 42.098696], [-73.808884, 42.09951], [-73.806584, 42.099144], [-73.805312, 42.099234], [-73.80501, 42.09912], [-73.801568, 42.09958], [-73.800112, 42.099101], [-73.80075, 42.103295], [-73.796436, 42.103452], [-73.796444, 42.105149], [-73.789757, 42.111538], [-73.790111, 42.1121], [-73.786388, 42.113116], [-73.784605, 42.111899], [-73.783677, 42.112334], [-73.78001, 42.112549], [-73.778117, 42.114166], [-73.775677, 42.114228], [-73.773664, 42.113343], [-73.773979, 42.112101], [-73.773584, 42.109525], [-73.771738, 42.108389], [-73.77004, 42.108061], [-73.768685, 42.108928], [-73.766769, 42.108667], [-73.765963, 42.106356], [-73.761283, 42.106779], [-73.753199, 42.121002], [-73.749835, 42.126822], [-73.749565, 42.126939], [-73.745836, 42.133091], [-73.740175, 42.142467], [-73.734398, 42.138637], [-73.733169, 42.137302], [-73.735208, 42.140328], [-73.7353, 42.141367], [-73.736472, 42.142554], [-73.739542, 42.143516], [-73.739326, 42.143873], [-73.737764, 42.143744], [-73.735677, 42.142567], [-73.732166, 42.142866], [-73.729187, 42.141609], [-73.728431, 42.140429], [-73.729058, 42.139307], [-73.728032, 42.137558], [-73.725096, 42.135708], [-73.724422, 42.134559], [-73.724623, 42.13182], [-73.724124, 42.128937], [-73.72341, 42.127909], [-73.72242, 42.124266], [-73.721756, 42.123345], [-73.721926, 42.123271], [-73.714516, 42.117849], [-73.715568, 42.111435], [-73.717252, 42.107377], [-73.717668, 42.102327], [-73.718559, 42.097891], [-73.719341, 42.096086], [-73.720191, 42.094529], [-73.719571, 42.091456], [-73.720922, 42.090516], [-73.720943, 42.088744], [-73.717342, 42.08559], [-73.716393, 42.084028], [-73.715558, 42.084006], [-73.71493, 42.082087], [-73.714959, 42.079297], [-73.714288, 42.078579], [-73.712932, 42.078199], [-73.711287, 42.079547], [-73.709904, 42.079692], [-73.707629, 42.077644], [-73.705326, 42.077071], [-73.703537, 42.075175], [-73.700675, 42.074173], [-73.698887, 42.074142], [-73.692122, 42.077363], [-73.690558, 42.077841], [-73.691426, 42.075069], [-73.68994, 42.074306], [-73.689826, 42.072562], [-73.688723, 42.070267], [-73.685955, 42.068949], [-73.687301, 42.066439], [-73.68714, 42.063439], [-73.688681, 42.059364], [-73.689014, 42.058305], [-73.692041, 42.058095], [-73.69205, 42.059774], [-73.702009, 42.062547], [-73.703353, 42.061666], [-73.705846, 42.057754], [-73.709513, 42.051353], [-73.707713, 42.051162], [-73.708522, 42.049012], [-73.71224, 42.049135], [-73.713229, 42.045709], [-73.718135, 42.045425], [-73.728833, 42.04665], [-73.7289, 42.04544], [-73.730848, 42.042608], [-73.732999, 42.042194], [-73.7327, 42.04653], [-73.733232, 42.046993], [-73.733585, 42.047873], [-73.733441, 42.049305], [-73.731172, 42.054612], [-73.72953, 42.057389], [-73.728135, 42.062396], [-73.732691, 42.061448], [-73.735688, 42.055131], [-73.737351, 42.055262], [-73.736426, 42.060248], [-73.737984, 42.059885], [-73.744949, 42.060715], [-73.746972, 42.056807], [-73.75551, 42.058068], [-73.75726, 42.056371], [-73.757611, 42.05838], [-73.760056, 42.058741], [-73.759376, 42.064052], [-73.764711, 42.065294], [-73.764902, 42.066638], [-73.76735, 42.067361], [-73.769948, 42.066337], [-73.771192, 42.067489], [-73.771392, 42.06594], [-73.768377, 42.065545], [-73.767382, 42.064879], [-73.770274, 42.06432], [-73.771155, 42.065256], [-73.773895, 42.064751], [-73.775256, 42.063824], [-73.784175, 42.059676], [-73.787142, 42.0596], [-73.789523, 42.056884], [-73.794614, 42.04801], [-73.795163, 42.049025], [-73.797687, 42.049074], [-73.800066, 42.048717], [-73.801522, 42.047653], [-73.803192, 42.047436], [-73.808032, 42.051197], [-73.809076, 42.052608], [-73.807143, 42.055471], [-73.806061, 42.060563], [-73.813471, 42.0597], [-73.81415, 42.063053]]]}}, {"type": "Feature", "id": "06357", "properties": {"ZCTA5CE20": "06357", "GEOID20": "06357", "zip": "06357", "STUSPS": "CT"}, "geometry": {"type": "MultiPolygon", "coordinates": [[[[-72.225931, 41.293839], [-72.225226, 41.295258], [-72.223756, 41.294857], [-72.223899, 41.293464], [-72.225325, 41.293303], [-72.225931, 41.293839]]], [[[-72.254139, 41.309787], [-72.251946, 41.313426], [-72.251578, 41.313798], [-72.248331, 41.315634], [-72.245604, 41.316503], [-72.246274, 41.320526], [-72.24984, 41.325452], [-72.248516, 41.326084], [-72.246547, 41.327656], [-72.242404, 41.334936], [-72.241259, 41.3364], [-72.240218, 41.337293], [-72.228708, 41.344791], [-72.223596, 41.348897], [-72.214256, 41.356933], [-72.212736, 41.356874], [-72.212399, 41.35575], [-72.210357, 41.355991], [-72.209764, 41.360825], [-72.208592, 41.361841], [-72.201506, 41.370109], [-72.197105, 41.367633], [-72.193736, 41.367859], [-72.19305, 41.367865], [-72.192798, 41.368587], [-72.193031, 41.367098], [-72.18943, 41.358466], [-72.189614, 41.354594], [-72.188122, 41.349497], [-72.188822, 41.346397], [-72.188222, 41.345597], [-72.184901, 41.34472], [-72.182922, 41.344197], [-72.181122, 41.342697], [-72.180977, 41.341908], [-72.1793, 41.334623], [-72.180491, 41.328056], [-72.179852, 41.325732], [-72.176199, 41.324], [-72.1774650579298, 41.3222891577989], [-72.177622, 41.322497], [-72.184122, 41.323997], [-72.1905843147668, 41.323247746114], [-72.191022, 41.323197], [-72.1915159517901, 41.3228407847668], [-72.1961932231956, 41.3194677525031], [-72.201422, 41.315697], [-72.203022, 41.313197], [-72.2035779661765, 41.3053578769112], [-72.2039543102256, 41.3000514258192], [-72.204022, 41.299097], [-72.2039964894281, 41.2990233323183], [-72.2025735079617, 41.2949141439404], [-72.202294, 41.294107], [-72.203684, 41.287222], [-72.205788, 41.285883], [-72.210387, 41.285963], [-72.212348, 41.288642], [-72.213132, 41.291964], [-72.219763, 41.293544], [-72.219977, 41.29491], [-72.2192246953484, 41.2957247728057], [-72.218857, 41.296123], [-72.219763, 41.29716], [-72.221582, 41.296571], [-72.222936, 41.29933], [-72.221689, 41.300589], [-72.221724, 41.301124], [-72.2237757595202, 41.3019597214395], [-72.223828, 41.301981], [-72.2241557995148, 41.3018515736233], [-72.225183, 41.301446], [-72.2251922027137, 41.3014341612349], [-72.227536, 41.298419], [-72.22996, 41.298526], [-72.230209, 41.297133], [-72.2316, 41.29641], [-72.233133, 41.298874], [-72.235735, 41.30083], [-72.2372921808096, 41.3006019815376], [-72.243971, 41.299624], [-72.244827, 41.298365], [-72.246823, 41.297669], [-72.248161, 41.299488], [-72.2488103721913, 41.2993370479212], [-72.25062, 41.304718], [-72.25328, 41.309535], [-72.254139, 41.309787]]]]}}, {"type": "Feature", "id": "06365", "properties": {"ZCTA5CE20": "06365", "GEOID20": "06365", "zip": "06365", "STUSPS": "CT"}, "geometry": {"type": "Polygon", "coordinates": [[[-72.08102, 41.492099], [-72.07802, 41.490706], [-72.072871, 41.491819], [-72.07203, 41.494002], [-72.071721, 41.497898], [-72.067703, 41.517534], [-72.058641, 41.512078], [-72.056415, 41.513797], [-72.051902, 41.517442], [-72.047389, 41.522763], [-72.040317, 41.531096], [-72.040917, 41.531396], [-72.04352, 41.532508], [-72.04412, 41.532927], [-72.046904, 41.535165], [-72.045066, 41.540563], [-72.045182, 41.540563], [-72.045532, 41.540564], [-72.045649, 41.540565], [-72.050264, 41.541802], [-72.04892, 41.546298], [-72.04672, 41.548098], [-72.04582, 41.549298], [-72.04612, 41.555998], [-72.041414, 41.555584], [-72.036842, 41.553938], [-72.035222, 41.553712], [-72.032132, 41.554944], [-72.029543, 41.555276], [-72.026781, 41.55494], [-72.022691, 41.553427], [-72.019159, 41.553963], [-72.015777, 41.557301], [-72.012685, 41.564742], [-72.011941, 41.567916], [-72.01072, 41.569398], [-72.007027, 41.568687], [-72.00332, 41.566601], [-72.000038, 41.565654], [-71.993055, 41.566418], [-71.991149, 41.564907], [-71.989233, 41.565641], [-71.980767, 41.565936], [-71.95458, 41.56653], [-71.940003, 41.553461], [-71.90286, 41.520262], [-71.967227, 41.528666], [-71.965922, 41.523103], [-71.963899, 41.514473], [-71.961009, 41.501994], [-71.959419, 41.497298], [-71.956618, 41.487398], [-71.97141, 41.486495], [-71.974219, 41.486301], [-72.005915, 41.484797], [-72.011711, 41.4844], [-72.013532, 41.485464], [-72.016512, 41.489973], [-72.019001, 41.489925], [-72.025677, 41.490814], [-72.030086, 41.490288], [-72.034855, 41.487668], [-72.035529, 41.485936], [-72.033628, 41.484772], [-72.039684, 41.482944], [-72.039924, 41.484449], [-72.042005, 41.484557], [-72.046728, 41.485223], [-72.050076, 41.484942], [-72.05507, 41.483645], [-72.058417, 41.479896], [-72.058711, 41.478294], [-72.058092, 41.473586], [-72.060282, 41.471482], [-72.063104, 41.467491], [-72.064915, 41.465696], [-72.066348, 41.465269], [-72.070021, 41.463598], [-72.069921, 41.465811], [-72.071323, 41.471143], [-72.073624, 41.474968], [-72.073424, 41.478388], [-72.074425, 41.481808], [-72.077613, 41.485086], [-72.080498, 41.489174], [-72.08102, 41.492099]]]}}, {"type": "Feature", "id": "06277", "properties": {"ZCTA5CE20": "06277", "GEOID20": "06277", "zip": "06277", "STUSPS": "CT"}, "geometry": {"type": "Polygon", "coordinates": [[[-71.933065, 41.943553], [-71.929454, 41.943205], [-71.924531, 41.941066], [-71.921308, 41.940641], [-71.920172, 41.935766], [-71.911927, 41.945603], [-71.90594, 41.942954], [-71.900978, 41.944813], [-71.898558, 41.941966], [-71.897737, 41.943084], [-71.894953, 41.943094], [-71.893876, 41.942525], [-71.892533, 41.943468], [-71.891961, 41.943493], [-71.891439, 41.943907], [-71.891328, 41.944502], [-71.890747, 41.944919], [-71.890196, 41.945638], [-71.889476, 41.947291], [-71.889032, 41.946819], [-71.889138, 41.947487], [-71.888192, 41.947451], [-71.885247, 41.947431], [-71.882102, 41.953696], [-71.880953, 41.954864], [-71.87825, 41.95792], [-71.8767, 41.963137], [-71.874125, 41.96695], [-71.87239, 41.965819], [-71.870378, 41.969207], [-71.86904, 41.970824], [-71.856071, 41.980128], [-71.854539, 41.981815], [-71.853163, 41.984559], [-71.852813, 41.987043], [-71.8524, 42.001597], [-71.852883, 42.004205], [-71.854562, 42.008437], [-71.849867, 42.009624], [-71.847087, 42.009029], [-71.846906, 42.010302], [-71.8533407123943, 42.0240361017331], [-71.8457122262748, 42.023968475411], [-71.8456912124835, 42.0239682891243], [-71.8416470936308, 42.0239324381206], [-71.8335164438506, 42.0238603601313], [-71.8306254954102, 42.023834731952], [-71.8045665635015, 42.023603720229], [-71.80065, 42.023569], [-71.799242, 42.008065], [-71.7988268815301, 41.9852114703], [-71.798676428909, 41.9769285975867], [-71.797922, 41.935395], [-71.7978012534201, 41.9323676992798], [-71.7976528289549, 41.9286464718086], [-71.7976051393451, 41.9274508206346], [-71.802431, 41.929198], [-71.805203, 41.92653], [-71.807267, 41.925529], [-71.809699, 41.923454], [-71.812197, 41.920403], [-71.81401, 41.917286], [-71.81649, 41.917484], [-71.81529, 41.921494], [-71.811933, 41.925879], [-71.81089, 41.928919], [-71.807566, 41.931564], [-71.808799, 41.9323], [-71.852661, 41.932168], [-71.866998, 41.932146], [-71.879274, 41.931974], [-71.883904, 41.932043], [-71.892289, 41.93193], [-71.894727, 41.931919], [-71.896761, 41.931893], [-71.897257, 41.9319], [-71.914088, 41.931739], [-71.919238, 41.931697], [-71.924324, 41.931634], [-71.931792, 41.931574], [-71.931984, 41.932285], [-71.935586, 41.943518], [-71.933065, 41.943553]]]}}, {"type": "Feature", "id": "06033", "properties": {"ZCTA5CE20": "06033", "GEOID20": "06033", "zip": "06033", "STUSPS": "CT"}, "geometry": {"type": "Polygon", "coordinates": [[[-72.648868, 41.723096], [-72.636335, 41.724899], [-72.63424, 41.725089], [-72.630939, 41.725662], [-72.627099, 41.726175], [-72.616494, 41.72758], [-72.613848, 41.728123], [-72.603951, 41.729453], [-72.599312, 41.729872], [-72.592966, 41.731125], [-72.58651, 41.731862], [-72.574059, 41.733483], [-72.571233, 41.733799], [-72.567664, 41.734347], [-72.549234, 41.736108], [-72.536391, 41.737716], [-72.531898, 41.738335], [-72.519664, 41.73947], [-72.518136, 41.740022], [-72.517132, 41.739935], [-72.516256, 41.739824], [-72.50078, 41.741877], [-72.489123, 41.742998], [-72.474227, 41.744492], [-72.463899, 41.745572], [-72.460129, 41.727299], [-72.452972, 41.69205], [-72.452229, 41.688799], [-72.46098, 41.687968], [-72.469875, 41.68679], [-72.476798, 41.686094], [-72.482725, 41.681292], [-72.478945, 41.673454], [-72.477319, 41.668756], [-72.485997, 41.666245], [-72.497307, 41.662399], [-72.501777, 41.654467], [-72.503953, 41.6569], [-72.506662, 41.658445], [-72.509563, 41.658962], [-72.508547, 41.660059], [-72.5031, 41.669217], [-72.502615, 41.671719], [-72.517382, 41.676031], [-72.522014, 41.674389], [-72.525378, 41.675728], [-72.527505, 41.678762], [-72.538416, 41.677663], [-72.540393, 41.678146], [-72.540785, 41.677065], [-72.541727, 41.679007], [-72.541561, 41.681589], [-72.543125, 41.680541], [-72.543206, 41.678678], [-72.547056, 41.681045], [-72.548891, 41.68077], [-72.548932, 41.680825], [-72.549657, 41.681613], [-72.551012, 41.681567], [-72.552419, 41.683251], [-72.55379, 41.681843], [-72.555256, 41.681766], [-72.555008, 41.682737], [-72.555313, 41.684127], [-72.55529, 41.685762], [-72.558915, 41.681454], [-72.561522, 41.680955], [-72.562519, 41.679244], [-72.563412, 41.679149], [-72.563681, 41.676993], [-72.566794, 41.672248], [-72.57243, 41.671454], [-72.57387, 41.669873], [-72.578598, 41.666591], [-72.583597, 41.664756], [-72.584556, 41.666514], [-72.584468, 41.667485], [-72.58592, 41.665701], [-72.58811, 41.665273], [-72.588577, 41.664365], [-72.59047, 41.664314], [-72.590321, 41.666729], [-72.587962, 41.66702], [-72.587434, 41.671458], [-72.590868, 41.671415], [-72.592652, 41.674598], [-72.593847, 41.675095], [-72.598774, 41.674854], [-72.600445, 41.673795], [-72.609554, 41.672139], [-72.608194, 41.674349], [-72.607712, 41.675541], [-72.607515, 41.676447], [-72.608272, 41.681429], [-72.608632, 41.681131], [-72.610729, 41.684198], [-72.615735, 41.688099], [-72.629735, 41.689399], [-72.632682, 41.689861], [-72.636154, 41.692012], [-72.636736, 41.693199], [-72.635326, 41.698655], [-72.626888, 41.701039], [-72.619716, 41.702469], [-72.618466, 41.703394], [-72.617612, 41.704029], [-72.615937, 41.707101], [-72.622035, 41.712199], [-72.638309, 41.714102], [-72.640411, 41.714496], [-72.640573, 41.714526], [-72.648868, 41.723096]]]}}, {"type": "Feature", "id": "10604", "properties": {"ZCTA5CE20": "10604", "GEOID20": "10604", "zip": "10604", "STUSPS": "CT"}, "geometry": {"type": "Polygon", "coordinates": [[[-73.766494, 41.073887], [-73.765737, 41.075316], [-73.765305, 41.076424], [-73.764978, 41.082207], [-73.764247, 41.085186], [-73.762777, 41.087239], [-73.754854, 41.09325], [-73.753815, 41.094859], [-73.746874, 41.091715], [-73.74429, 41.089857], [-73.744448, 41.088701], [-73.747032, 41.083597], [-73.747014, 41.079546], [-73.745793, 41.078167], [-73.74425, 41.077829], [-73.738525, 41.078882], [-73.737388, 41.078403], [-73.734303, 41.075101], [-73.731801, 41.076241], [-73.727942, 41.074942], [-73.726284, 41.075928], [-73.72505, 41.079143], [-73.723759, 41.079519], [-73.720823, 41.078997], [-73.720588, 41.074923], [-73.721361, 41.072045], [-73.719162, 41.072189], [-73.718557, 41.072234], [-73.717073, 41.072328], [-73.71752, 41.075271], [-73.716065, 41.085118], [-73.71621, 41.085606], [-73.7154600485536, 41.0858243370527], [-73.706163059899, 41.0741835628326], [-73.7054007089612, 41.0732290220158], [-73.6946727798982, 41.0597965650438], [-73.699228, 41.057594], [-73.70092, 41.056631], [-73.699695, 41.054855], [-73.703067, 41.05472], [-73.705069, 41.056757], [-73.70611, 41.057859], [-73.705403, 41.059729], [-73.705015, 41.060637], [-73.707024, 41.060475], [-73.707132, 41.061649], [-73.712033, 41.061295], [-73.714476, 41.062185], [-73.716358, 41.060806], [-73.719019, 41.060502], [-73.719375, 41.066417], [-73.719446, 41.066636], [-73.720557, 41.06648], [-73.726281, 41.061654], [-73.727683, 41.059843], [-73.728779, 41.056718], [-73.728429, 41.053369], [-73.732278, 41.054213], [-73.736577, 41.050996], [-73.737606, 41.047602], [-73.737934, 41.045612], [-73.738556, 41.043717], [-73.73889, 41.04211], [-73.740538, 41.038878], [-73.743655, 41.034912], [-73.74493, 41.033637], [-73.745185, 41.032265], [-73.744942, 41.031638], [-73.744118, 41.030849], [-73.741574, 41.030564], [-73.736748, 41.028891], [-73.730067, 41.025985], [-73.729487, 41.02625], [-73.724218, 41.030181], [-73.724359, 41.027643], [-73.723863, 41.026497], [-73.722129, 41.024622], [-73.716724, 41.021702], [-73.715507, 41.019713], [-73.715421, 41.018581], [-73.715523, 41.018021], [-73.716059, 41.016658], [-73.7167, 41.015216], [-73.717247, 41.014025], [-73.721879, 41.014571], [-73.724228, 41.015908], [-73.72487, 41.016542], [-73.725777, 41.017797], [-73.726342, 41.017588], [-73.727709, 41.019719], [-73.7292, 41.019327], [-73.731253, 41.022117], [-73.731907, 41.022094], [-73.736359, 41.023123], [-73.73778, 41.0231], [-73.738629, 41.027392], [-73.741442, 41.02869], [-73.741182, 41.029359], [-73.74229, 41.029652], [-73.742286, 41.028245], [-73.744085, 41.025385], [-73.746416, 41.027113], [-73.749559, 41.028574], [-73.752801, 41.031583], [-73.754878, 41.032651], [-73.75471, 41.03275], [-73.753751, 41.033498], [-73.753556, 41.033249], [-73.752795, 41.034613], [-73.753167, 41.035982], [-73.753563, 41.036453], [-73.758051, 41.038852], [-73.759341, 41.039368], [-73.760918, 41.040147], [-73.761496, 41.040709], [-73.763722, 41.044909], [-73.76395, 41.045951], [-73.764127, 41.047225], [-73.764802, 41.047234], [-73.765256, 41.048467], [-73.76611, 41.053789], [-73.762482, 41.053696], [-73.763054, 41.054494], [-73.762518, 41.058752], [-73.764103, 41.061443], [-73.765514, 41.063223], [-73.765346, 41.06395], [-73.763911, 41.064225], [-73.764029, 41.065], [-73.762083, 41.064922], [-73.760405, 41.068166], [-73.762929, 41.068476], [-73.765372, 41.070142], [-73.762249, 41.071866], [-73.761824, 41.072273], [-73.762188, 41.072809], [-73.766527, 41.07383], [-73.766494, 41.073887]]]}}, {"type": "Feature", "id": "12546", "properties": {"ZCTA5CE20": "12546", "GEOID20": "12546", "zip": "12546", "STUSPS": "CT"}, "geometry": {"type": "Polygon", "coordinates": [[[-73.598684, 41.916454], [-73.589435, 41.917469], [-73.587836, 41.930004], [-73.593718, 41.937338], [-73.594999, 41.937338], [-73.595124, 41.940711], [-73.598225, 41.941346], [-73.598436, 41.943114], [-73.596608, 41.944628], [-73.596144, 41.945974], [-73.596869, 41.946909], [-73.576721, 41.949584], [-73.559262, 41.951963], [-73.561452, 41.954676], [-73.563311, 41.955983], [-73.565602, 41.959241], [-73.566364, 41.963063], [-73.565905, 41.963612], [-73.559337, 41.965051], [-73.559029, 41.965626], [-73.559614, 41.969193], [-73.556807, 41.969372], [-73.556048, 41.981756], [-73.575279, 41.98471], [-73.574227, 41.980311], [-73.575512, 41.97715], [-73.577112, 41.97734], [-73.580561, 41.976491], [-73.584357, 41.976919], [-73.584828, 41.980741], [-73.586802, 41.985496], [-73.586519, 41.98648], [-73.584746, 41.988278], [-73.58377, 41.99037], [-73.582474, 41.991219], [-73.581923, 41.99298], [-73.579812, 41.994813], [-73.575428, 42.00203], [-73.568632, 41.998748], [-73.567782, 41.997904], [-73.566452, 41.996268], [-73.563983, 41.99538], [-73.561131, 41.995238], [-73.558861, 41.997817], [-73.556332, 41.997761], [-73.556183, 42.0012], [-73.553289, 42.00122], [-73.552774, 42.004728], [-73.551979, 42.00662], [-73.552106, 42.008692], [-73.54954, 42.011516], [-73.549677, 42.016051], [-73.545221, 42.016062], [-73.545088, 42.020497], [-73.549007, 42.020507], [-73.55252, 42.021521], [-73.559142, 42.021637], [-73.558874, 42.025367], [-73.553336, 42.02528], [-73.551986, 42.026692], [-73.549285, 42.027805], [-73.550158, 42.032033], [-73.551915, 42.036691], [-73.542584, 42.03612], [-73.5428, 42.039128], [-73.539523, 42.039791], [-73.530393, 42.056557], [-73.526415, 42.056765], [-73.526046, 42.060083], [-73.526757, 42.062256], [-73.52898, 42.064809], [-73.532346, 42.067703], [-73.528795, 42.065292], [-73.527183, 42.065399], [-73.522755, 42.061531], [-73.518253, 42.059185], [-73.519254, 42.056003], [-73.513956, 42.057391], [-73.514657, 42.064051], [-73.515909, 42.065903], [-73.516969, 42.065905], [-73.525756, 42.0678], [-73.5299, 42.06803], [-73.526822, 42.068492], [-73.525461, 42.06969], [-73.52514, 42.072355], [-73.525785, 42.073229], [-73.525115, 42.073212], [-73.5030419422981, 42.069692114015], [-73.496879, 42.049675], [-73.487314, 42.049638], [-73.4882238286054, 42.0300472272559], [-73.4890805203513, 42.0116006174156], [-73.4891994439162, 42.009039910355], [-73.489615, 42.000092], [-73.492975, 41.958524], [-73.4934845021214, 41.953339471656], [-73.496527, 41.92238], [-73.4965646487039, 41.921747111939], [-73.498304, 41.892508], [-73.4994594107714, 41.8818986289734], [-73.520241, 41.883035], [-73.518451, 41.902107], [-73.521907, 41.90445], [-73.526339, 41.905261], [-73.530702, 41.903144], [-73.534517, 41.901968], [-73.537756, 41.903012], [-73.537109, 41.901341], [-73.541958, 41.899152], [-73.544912, 41.898519], [-73.546808, 41.897593], [-73.549641, 41.897312], [-73.550237, 41.896785], [-73.549894, 41.892861], [-73.552319, 41.885765], [-73.55224, 41.884757], [-73.591035, 41.886962], [-73.589518, 41.889029], [-73.58497, 41.894087], [-73.583787, 41.896904], [-73.581812, 41.899086], [-73.579956, 41.900274], [-73.593026, 41.901646], [-73.592924, 41.904388], [-73.592269, 41.906011], [-73.593273, 41.905965], [-73.593432, 41.908127], [-73.592086, 41.908258], [-73.592403, 41.911144], [-73.593274, 41.911098], [-73.593991, 41.913724], [-73.597794, 41.913088], [-73.598684, 41.916454]]]}}, {"type": "Feature", "id": "06778", "properties": {"ZCTA5CE20": "06778", "GEOID20": "06778", "zip": "06778", "STUSPS": "CT"}, "geometry": {"type": "Polygon", "coordinates": [[[-73.131843, 41.746], [-73.125, 41.745529], [-73.118789, 41.747868], [-73.116743, 41.747006], [-73.114075, 41.747389], [-73.11536, 41.74503], [-73.115571, 41.741927], [-73.114013, 41.740287], [-73.111305, 41.739057], [-73.110783, 41.738985], [-73.109298, 41.738708], [-73.10523, 41.736029], [-73.105078, 41.734659], [-73.101573, 41.730837], [-73.098997, 41.73065], [-73.09765, 41.729785], [-73.094132, 41.725253], [-73.092183, 41.721981], [-73.089164, 41.719514], [-73.088658, 41.718076], [-73.087506, 41.717563], [-73.082062, 41.717164], [-73.078773, 41.714672], [-73.071891, 41.710967], [-73.070455, 41.709884], [-73.068402, 41.707093], [-73.074164, 41.704282], [-73.077888, 41.705788], [-73.082715, 41.708811], [-73.08622, 41.704462], [-73.086721, 41.69869], [-73.087009, 41.698314], [-73.091025, 41.696245], [-73.099265, 41.692685], [-73.105985, 41.689372], [-73.115318, 41.684919], [-73.117748, 41.684009], [-73.125398, 41.680097], [-73.121816, 41.682067], [-73.119084, 41.685009], [-73.120032, 41.689763], [-73.119585, 41.69097], [-73.113385, 41.693312], [-73.114027, 41.694208], [-73.116968, 41.695266], [-73.122343, 41.700347], [-73.123602, 41.702472], [-73.119313, 41.702626], [-73.117835, 41.701916], [-73.11383, 41.701159], [-73.114595, 41.705392], [-73.112272, 41.705525], [-73.113123, 41.707025], [-73.112918, 41.70871], [-73.115347, 41.712952], [-73.117722, 41.715612], [-73.120831, 41.71759], [-73.122449, 41.716968], [-73.125317, 41.717451], [-73.122665, 41.720137], [-73.120722, 41.720967], [-73.116986, 41.725072], [-73.116786, 41.726003], [-73.118737, 41.728434], [-73.119072, 41.730967], [-73.118565, 41.732023], [-73.119171, 41.733474], [-73.118483, 41.735072], [-73.121425, 41.737084], [-73.127158, 41.737638], [-73.129291, 41.738889], [-73.135262, 41.741598], [-73.131843, 41.746]]]}}, {"type": "Feature", "id": "01081", "properties": {"ZCTA5CE20": "01081", "GEOID20": "01081", "zip": "01081", "STUSPS": "CT"}, "geometry": {"type": "Polygon", "coordinates": [[[-72.270531, 42.045255], [-72.26754, 42.045574], [-72.267317, 42.046452], [-72.265442, 42.044483], [-72.263554, 42.045994], [-72.263776, 42.047306], [-72.266247, 42.048535], [-72.266438, 42.049633], [-72.264913, 42.052333], [-72.266745, 42.054502], [-72.266275, 42.055887], [-72.264203, 42.058451], [-72.264337, 42.060187], [-72.260463, 42.058747], [-72.257852, 42.058934], [-72.251366, 42.058594], [-72.243976, 42.058884], [-72.253989, 42.071361], [-72.252392, 42.071748], [-72.254316, 42.073334], [-72.258846, 42.073103], [-72.261274, 42.07228], [-72.26968, 42.072514], [-72.270298, 42.071065], [-72.270095, 42.092522], [-72.192674, 42.091544], [-72.193041, 42.087987], [-72.19189, 42.084888], [-72.192775, 42.081921], [-72.193752, 42.081545], [-72.193075, 42.079418], [-72.192689, 42.073301], [-72.193647, 42.068291], [-72.193612, 42.066857], [-72.196885, 42.06309], [-72.197465, 42.060169], [-72.199263, 42.057084], [-72.19963, 42.0544], [-72.197344, 42.051392], [-72.196145, 42.050491], [-72.196497, 42.048159], [-72.201099, 42.044318], [-72.201677, 42.042052], [-72.201675, 42.039709], [-72.198233, 42.035203], [-72.1988321207782, 42.0310110442372], [-72.2050807834552, 42.0310868498098], [-72.2412901545176, 42.0315261233387], [-72.249523, 42.031626], [-72.2706561367986, 42.0317138138475], [-72.270531, 42.045255]]]}}, {"type": "Feature", "id": "06091", "properties": {"ZCTA5CE20": "06091", "GEOID20": "06091", "zip": "06091", "STUSPS": "CT"}, "geometry": {"type": "Polygon", "coordinates": [[[-73.020539, 42.000094], [-73.0087643066587, 42.038860282198], [-72.999549, 42.038653], [-72.9789786343673, 42.0385101754816], [-72.9242297429858, 42.0381300420321], [-72.925828, 42.034973], [-72.926741, 42.034426], [-72.929778, 42.034404], [-72.930047, 42.033112], [-72.93224, 42.031108], [-72.934025, 42.030906], [-72.934121, 42.027084], [-72.934754, 42.022647], [-72.93649, 42.021174], [-72.938322, 42.018753], [-72.939412, 42.014814], [-72.939332, 42.013552], [-72.942059, 42.009674], [-72.944976, 42.008105], [-72.946819, 42.005891], [-72.947127, 42.004654], [-72.949672, 42.001237], [-72.952726, 41.994386], [-72.959569, 41.974798], [-72.958743, 41.970497], [-72.976226, 41.969645], [-72.975256, 41.970079], [-72.973707, 41.973141], [-72.970932, 41.977441], [-72.970121, 41.979372], [-72.971147, 41.982789], [-72.971248, 41.985561], [-72.9722, 41.988476], [-72.973293, 41.989354], [-72.975176, 41.989761], [-72.97982, 41.987658], [-72.983665, 41.985495], [-72.98341, 41.990388], [-72.982669, 41.992012], [-72.980666, 41.994153], [-72.979689, 41.996099], [-72.990486, 41.99624], [-72.991933, 41.99859], [-72.981012, 42.004469], [-72.98344, 42.014635], [-72.988589, 42.014057], [-72.988871, 42.015811], [-72.987618, 42.019003], [-72.987479, 42.021129], [-72.991511, 42.021099], [-72.989829, 42.018473], [-72.992611, 42.016842], [-72.996203, 42.013244], [-72.99634, 42.011815], [-72.998286, 42.00998], [-73.000807, 42.009956], [-73.004539, 42.006772], [-73.004523, 42.004763], [-73.00291, 42.001768], [-73.010519, 41.997971], [-73.014152, 41.994963], [-73.014703, 41.993435], [-73.01706, 41.991147], [-73.017533, 41.989731], [-73.019289, 41.989764], [-73.023718, 41.988131], [-73.020539, 42.000094]]]}}, {"type": "Feature", "id": "06412", "properties": {"ZCTA5CE20": "06412", "GEOID20": "06412", "zip": "06412", "STUSPS": "CT"}, "geometry": {"type": "Polygon", "coordinates": [[[-72.52917, 41.423724], [-72.524159, 41.424813], [-72.505251, 41.426839], [-72.503021, 41.427001], [-72.463584, 41.432053], [-72.455689, 41.433052], [-72.454942, 41.433157], [-72.450983, 41.433665], [-72.445, 41.431662], [-72.437902, 41.428275], [-72.43593, 41.426817], [-72.43371, 41.423995], [-72.430648, 41.419755], [-72.426102, 41.413069], [-72.425479, 41.411656], [-72.425102, 41.408566], [-72.42525, 41.40198], [-72.425663, 41.400805], [-72.430591, 41.401408], [-72.431763, 41.401386], [-72.433558, 41.401798], [-72.436612, 41.400369], [-72.437072, 41.397762], [-72.439305, 41.396103], [-72.442313, 41.392589], [-72.44676, 41.391225], [-72.453818, 41.388745], [-72.454956, 41.388356], [-72.45997, 41.386587], [-72.454571, 41.382377], [-72.465452, 41.381491], [-72.493946, 41.37917], [-72.50344, 41.37831], [-72.511213, 41.377411], [-72.516029, 41.376547], [-72.522382, 41.376531], [-72.524062, 41.376179], [-72.528007, 41.388321], [-72.538782, 41.421491], [-72.52917, 41.423724]]]}}, {"type": "Feature", "id": "06112", "properties": {"ZCTA5CE20": "06112", "GEOID20": "06112", "zip": "06112", "STUSPS": "CT"}, "geometry": {"type": "Polygon", "coordinates": [[[-72.71759, 41.806623], [-72.714952, 41.806655], [-72.707758, 41.806971], [-72.701682, 41.807087], [-72.697816, 41.807145], [-72.695574, 41.807277], [-72.691393, 41.807568], [-72.691081, 41.80499], [-72.690076, 41.800844], [-72.686039, 41.800168], [-72.68076, 41.799314], [-72.678302, 41.798913], [-72.677325, 41.797483], [-72.67924, 41.796347], [-72.681066, 41.79123], [-72.681938, 41.786178], [-72.682757, 41.786223], [-72.682975, 41.78567], [-72.679659, 41.784841], [-72.680348, 41.782253], [-72.683861, 41.782971], [-72.684514, 41.781098], [-72.684093, 41.780904], [-72.684351, 41.78029], [-72.684765, 41.780321], [-72.683795, 41.780081], [-72.684636, 41.777581], [-72.685398, 41.776257], [-72.686108, 41.776398], [-72.686546, 41.775078], [-72.686653, 41.774746], [-72.68799, 41.775223], [-72.6919, 41.776147], [-72.695885, 41.777201], [-72.698032, 41.778118], [-72.701669, 41.780071], [-72.703409, 41.781917], [-72.7041, 41.784521], [-72.706195, 41.784844], [-72.708127, 41.784941], [-72.707846, 41.787152], [-72.710263, 41.790124], [-72.709754, 41.79206], [-72.715017, 41.79284], [-72.715068, 41.793816], [-72.715709, 41.793808], [-72.71708, 41.801029], [-72.718019, 41.802187], [-72.71759, 41.806623]]]}}, {"type": "Feature", "id": "06418", "properties": {"ZCTA5CE20": "06418", "GEOID20": "06418", "zip": "06418", "STUSPS": "CT"}, "geometry": {"type": "Polygon", "coordinates": [[[-73.124028, 41.345569], [-73.119347, 41.347573], [-73.111986, 41.349755], [-73.102353, 41.352896], [-73.096255, 41.341292], [-73.095462, 41.339222], [-73.094785, 41.339101], [-73.092376, 41.339298], [-73.091999, 41.339137], [-73.090175, 41.338127], [-73.088213, 41.335115], [-73.087613, 41.334801], [-73.087772, 41.334477], [-73.088335, 41.332602], [-73.087121, 41.332472], [-73.086162, 41.333987], [-73.084517, 41.333015], [-73.079182, 41.330837], [-73.077258, 41.330334], [-73.076378, 41.32895], [-73.072317, 41.327344], [-73.072098, 41.326851], [-73.066166, 41.326353], [-73.065019, 41.325245], [-73.060679, 41.324473], [-73.058267, 41.324007], [-73.055696, 41.323906], [-73.053511, 41.324614], [-73.051459, 41.325487], [-73.050976, 41.324706], [-73.039141, 41.326654], [-73.04042, 41.318545], [-73.040707, 41.313891], [-73.04911, 41.3113], [-73.05315, 41.311351], [-73.054627, 41.311568], [-73.056149, 41.311974], [-73.056701, 41.312168], [-73.061746, 41.310079], [-73.065027, 41.306127], [-73.064812, 41.30532], [-73.065454, 41.304835], [-73.066414, 41.302949], [-73.067851, 41.300996], [-73.075352, 41.305596], [-73.077652, 41.307696], [-73.078952, 41.311596], [-73.082052, 41.313096], [-73.085259, 41.3137], [-73.086523, 41.314455], [-73.090938, 41.319256], [-73.09324, 41.321007], [-73.096853, 41.322596], [-73.113174, 41.330802], [-73.115754, 41.332196], [-73.122854, 41.341396], [-73.123527, 41.343699], [-73.124654, 41.345296], [-73.124028, 41.345569]]]}}, {"type": "Feature", "id": "06354", "properties": {"ZCTA5CE20": "06354", "GEOID20": "06354", "zip": "06354", "STUSPS": "CT"}, "geometry": {"type": "Polygon", "coordinates": [[[-71.897872, 41.725722], [-71.895997, 41.726742], [-71.894978, 41.728689], [-71.894505, 41.732493], [-71.897633, 41.737072], [-71.892344, 41.736005], [-71.889641, 41.738354], [-71.885787, 41.743783], [-71.885169, 41.745916], [-71.883861, 41.745936], [-71.884974, 41.748957], [-71.883839, 41.750669], [-71.882633, 41.752244], [-71.878634, 41.752561], [-71.8745, 41.759645], [-71.87352, 41.762842], [-71.871888, 41.764842], [-71.8717, 41.764848], [-71.850166, 41.767445], [-71.850804, 41.766194], [-71.851794, 41.766549], [-71.850414, 41.763035], [-71.844749, 41.763069], [-71.841727, 41.765077], [-71.839378, 41.764086], [-71.844211, 41.732301], [-71.846497, 41.71672], [-71.848357, 41.704664], [-71.843243, 41.701361], [-71.840961, 41.693488], [-71.840699, 41.691107], [-71.834721, 41.691025], [-71.830846, 41.691738], [-71.82377, 41.692113], [-71.825016, 41.690913], [-71.82601, 41.68673], [-71.824472, 41.684473], [-71.823776, 41.681157], [-71.824895, 41.680211], [-71.825822, 41.677001], [-71.824387, 41.675435], [-71.821444, 41.669137], [-71.820286, 41.669628], [-71.821213, 41.666249], [-71.815255, 41.666862], [-71.81202, 41.666091], [-71.810311, 41.666121], [-71.806755, 41.666184], [-71.804157, 41.664462], [-71.803735, 41.676826], [-71.79794, 41.674932], [-71.796979, 41.674296], [-71.79551, 41.671912], [-71.792411, 41.671827], [-71.7875342614766, 41.6698290545547], [-71.7869988956813, 41.6561173870817], [-71.786994, 41.655992], [-71.7876366458895, 41.6399171462982], [-71.796401, 41.640476], [-71.817437, 41.641866], [-71.820089, 41.641844], [-71.846992, 41.643757], [-71.847298, 41.645648], [-71.849418, 41.645524], [-71.854213, 41.645785], [-71.857481, 41.644201], [-71.857917, 41.644227], [-71.855986, 41.656158], [-71.855705, 41.657192], [-71.853826, 41.669445], [-71.859139, 41.66825], [-71.86225, 41.668018], [-71.863983, 41.675558], [-71.864592, 41.676822], [-71.863678, 41.677657], [-71.863857, 41.681616], [-71.861017, 41.682327], [-71.856812, 41.68705], [-71.863339, 41.687029], [-71.862655, 41.688674], [-71.878089, 41.688807], [-71.876174, 41.691846], [-71.884588, 41.694436], [-71.888701, 41.6932], [-71.890567, 41.691176], [-71.892491, 41.691542], [-71.893863, 41.6917], [-71.898127, 41.695148], [-71.898205, 41.708362], [-71.898002, 41.7088], [-71.896175, 41.712773], [-71.894844, 41.717245], [-71.895, 41.717372], [-71.8959, 41.718702], [-71.897288, 41.719375], [-71.899077, 41.719385], [-71.897872, 41.725722]]]}}, {"type": "Feature", "id": "06451", "properties": {"ZCTA5CE20": "06451", "GEOID20": "06451", "zip": "06451", "STUSPS": "CT"}, "geometry": {"type": "Polygon", "coordinates": [[[-72.861235, 41.528102], [-72.85883, 41.53237], [-72.857977, 41.534546], [-72.853606, 41.533478], [-72.851689, 41.540286], [-72.852707, 41.546291], [-72.846988, 41.545237], [-72.845295, 41.548528], [-72.845731, 41.553346], [-72.845986, 41.554694], [-72.846005, 41.55485], [-72.848541, 41.567329], [-72.840244, 41.569098], [-72.827644, 41.570999], [-72.829644, 41.562397], [-72.825743, 41.564298], [-72.826141, 41.555897], [-72.825142, 41.555397], [-72.821243, 41.554195], [-72.819145, 41.554298], [-72.80996, 41.562284], [-72.809243, 41.561997], [-72.805243, 41.566598], [-72.801243, 41.573098], [-72.779721, 41.575936], [-72.789556, 41.560189], [-72.790959, 41.557562], [-72.791759, 41.554977], [-72.792476, 41.55053], [-72.793133, 41.548733], [-72.793284, 41.548337], [-72.794274, 41.546464], [-72.794916, 41.545543], [-72.796305, 41.5441], [-72.796464, 41.543943], [-72.798712, 41.541708], [-72.802076, 41.53796], [-72.802423, 41.537542], [-72.804101, 41.534822], [-72.804824, 41.533203], [-72.805506, 41.531537], [-72.805781, 41.530453], [-72.80761, 41.52516], [-72.810058, 41.522253], [-72.810556, 41.521676], [-72.812905, 41.51673], [-72.814002, 41.513395], [-72.815187, 41.508516], [-72.816547, 41.508742], [-72.823004, 41.510108], [-72.828231, 41.511229], [-72.84071, 41.513789], [-72.850299, 41.515731], [-72.853734, 41.522135], [-72.853083, 41.524925], [-72.85739, 41.526363], [-72.857767, 41.526368], [-72.85793, 41.527167], [-72.860635, 41.527621], [-72.861235, 41.528102]]]}}, {"type": "Feature", "id": "06480", "properties": {"ZCTA5CE20": "06480", "GEOID20": "06480", "zip": "06480", "STUSPS": "CT"}, "geometry": {"type": "Polygon", "coordinates": [[[-72.648925, 41.575915], [-72.645644, 41.582347], [-72.643767, 41.584109], [-72.641682, 41.587786], [-72.640776, 41.589861], [-72.638135, 41.59402], [-72.635846, 41.596049], [-72.630356, 41.599172], [-72.627454, 41.600811], [-72.623945, 41.601841], [-72.622331, 41.602348], [-72.619471, 41.604242], [-72.617456, 41.607706], [-72.617638, 41.61194], [-72.618919, 41.614104], [-72.625523, 41.619331], [-72.630773, 41.627662], [-72.630524, 41.633282], [-72.610819, 41.635379], [-72.605047, 41.635977], [-72.58805, 41.637776], [-72.577189, 41.639002], [-72.559926, 41.640955], [-72.54423, 41.642696], [-72.531228, 41.621112], [-72.52929, 41.617435], [-72.544489, 41.615818], [-72.540796, 41.605365], [-72.541908, 41.601811], [-72.542945, 41.597065], [-72.543164, 41.597502], [-72.548286, 41.598092], [-72.55012, 41.598882], [-72.55458, 41.598823], [-72.555859, 41.597042], [-72.556593, 41.59381], [-72.551763, 41.59567], [-72.548339, 41.595698], [-72.54659, 41.593568], [-72.546898, 41.591743], [-72.550409, 41.58646], [-72.554087, 41.581516], [-72.557674, 41.578037], [-72.558397, 41.568919], [-72.559213, 41.566441], [-72.559523, 41.562355], [-72.562767, 41.558428], [-72.561992, 41.556175], [-72.560802, 41.554049], [-72.56573, 41.55485], [-72.573467, 41.557101], [-72.576457, 41.557597], [-72.579846, 41.55794], [-72.588696, 41.558207], [-72.592633, 41.55781], [-72.595211, 41.558093], [-72.599307, 41.55936], [-72.603151, 41.560488], [-72.608089, 41.562758], [-72.609901, 41.562842], [-72.614017, 41.562125], [-72.619757, 41.561129], [-72.623848, 41.560561], [-72.624536, 41.561015], [-72.628924, 41.560981], [-72.634259, 41.560657], [-72.638682, 41.560388], [-72.641313, 41.56136], [-72.644297, 41.56291], [-72.645687, 41.564117], [-72.648455, 41.56784], [-72.648436, 41.569221], [-72.648802, 41.575236], [-72.648925, 41.575915]]]}}, {"type": "Feature", "id": "01001", "properties": {"ZCTA5CE20": "01001", "GEOID20": "01001", "zip": "01001", "STUSPS": "CT"}, "geometry": {"type": "Polygon", "coordinates": [[[-72.667677, 42.045022], [-72.657715, 42.050148], [-72.658902, 42.051275], [-72.661506, 42.052785], [-72.65804, 42.056019], [-72.655067, 42.056255], [-72.652958, 42.058017], [-72.648179, 42.059957], [-72.646695, 42.058908], [-72.647746, 42.06334], [-72.650737, 42.062775], [-72.650921, 42.062504], [-72.651052, 42.063137], [-72.652415, 42.064151], [-72.652677, 42.066129], [-72.647006, 42.068705], [-72.640645, 42.070817], [-72.643183, 42.071941], [-72.646447, 42.071632], [-72.647636, 42.075569], [-72.645513, 42.076647], [-72.649087, 42.077051], [-72.648143, 42.077396], [-72.646459, 42.078822], [-72.64612, 42.082904], [-72.645387, 42.083489], [-72.646874, 42.085476], [-72.64523, 42.086428], [-72.648157, 42.090138], [-72.643111, 42.092523], [-72.639385, 42.096063], [-72.638593, 42.097924], [-72.639402, 42.098883], [-72.638635, 42.098811], [-72.636188, 42.099411], [-72.633348, 42.100623], [-72.630847, 42.100228], [-72.629489, 42.097286], [-72.63109, 42.095168], [-72.628975, 42.091133], [-72.626819, 42.089864], [-72.620914, 42.087654], [-72.613494, 42.087547], [-72.609561, 42.08861], [-72.605332, 42.087699], [-72.601297, 42.085994], [-72.598843, 42.093173], [-72.595872, 42.093859], [-72.593726, 42.093322], [-72.591763, 42.092022], [-72.588523, 42.093235], [-72.584912, 42.088843], [-72.584112, 42.086997], [-72.582693, 42.081558], [-72.582671, 42.079518], [-72.583722, 42.077991], [-72.587891, 42.074139], [-72.588765, 42.073164], [-72.589401, 42.072268], [-72.591813, 42.069561], [-72.593371, 42.067419], [-72.600451, 42.057759], [-72.60342, 42.052963], [-72.606677, 42.047072], [-72.607337, 42.044857], [-72.607961, 42.039267], [-72.60813, 42.032746], [-72.6079909707697, 42.0307976349601], [-72.6110121835102, 42.0309349589107], [-72.6169036025419, 42.0312027430774], [-72.61690464073, 42.0312027902664], [-72.6369752374858, 42.0321150642021], [-72.643134, 42.032395], [-72.6632528827809, 42.0340691282378], [-72.662263, 42.036443], [-72.664525, 42.038295], [-72.666762, 42.042456], [-72.667866, 42.043987], [-72.667677, 42.045022]]]}}, {"type": "Feature", "id": "06825", "properties": {"ZCTA5CE20": "06825", "GEOID20": "06825", "zip": "06825", "STUSPS": "CT"}, "geometry": {"type": "Polygon", "coordinates": [[[-73.270942, 41.204723], [-73.26917, 41.206845], [-73.268905, 41.208592], [-73.264795, 41.214459], [-73.263296, 41.21254], [-73.262098, 41.212876], [-73.261289, 41.214354], [-73.260405, 41.215234], [-73.260191, 41.21543], [-73.256559, 41.219296], [-73.255651, 41.22219], [-73.25256, 41.226665], [-73.251349, 41.230178], [-73.248556, 41.231977], [-73.246248, 41.229334], [-73.245457, 41.228064], [-73.244168, 41.226592], [-73.243418, 41.225822], [-73.242431, 41.224659], [-73.239026, 41.220669], [-73.233172, 41.213918], [-73.23287, 41.21348], [-73.231584, 41.212142], [-73.2275, 41.207507], [-73.227133, 41.207087], [-73.225643, 41.205315], [-73.223129, 41.202441], [-73.222927, 41.202088], [-73.219366, 41.198181], [-73.219139, 41.197759], [-73.219403, 41.195315], [-73.219772, 41.191592], [-73.220371, 41.187949], [-73.218692, 41.184554], [-73.218012, 41.183284], [-73.219647, 41.18148], [-73.219268, 41.179367], [-73.223072, 41.176385], [-73.223865, 41.174002], [-73.225492, 41.173908], [-73.225682, 41.173051], [-73.227633, 41.169433], [-73.223701, 41.170156], [-73.222269, 41.168928], [-73.224417, 41.166297], [-73.227426, 41.164102], [-73.228135, 41.162145], [-73.229993, 41.160726], [-73.232111, 41.16266], [-73.241014, 41.155944], [-73.241151, 41.156296], [-73.237407, 41.158979], [-73.235845, 41.162417], [-73.235911, 41.164304], [-73.235534, 41.165133], [-73.235449, 41.165413], [-73.236193, 41.165788], [-73.236041, 41.171034], [-73.235519, 41.171034], [-73.235713, 41.172588], [-73.236283, 41.173182], [-73.240413, 41.176212], [-73.241831, 41.17621], [-73.242208, 41.177721], [-73.243398, 41.176663], [-73.243911, 41.177218], [-73.24245, 41.177907], [-73.243089, 41.17846], [-73.2437, 41.178691], [-73.246026, 41.179789], [-73.250173, 41.181035], [-73.251739, 41.181638], [-73.252064, 41.180631], [-73.253871, 41.178159], [-73.255269, 41.177394], [-73.257093, 41.179043], [-73.257901, 41.181771], [-73.258051, 41.182006], [-73.25658, 41.183674], [-73.255886, 41.183975], [-73.256704, 41.18541], [-73.256838, 41.186207], [-73.257405, 41.189787], [-73.25927, 41.191744], [-73.260042, 41.192345], [-73.260319, 41.192552], [-73.263429, 41.19451], [-73.26598, 41.197834], [-73.266899, 41.200473], [-73.26935, 41.202385], [-73.270392, 41.202975], [-73.270999, 41.2033], [-73.270942, 41.204723]]]}}, {"type": "Feature", "id": "06092", "properties": {"ZCTA5CE20": "06092", "GEOID20": "06092", "zip": "06092", "STUSPS": "CT"}, "geometry": {"type": "Polygon", "coordinates": [[[-72.876512, 41.918106], [-72.872064, 41.916265], [-72.869191, 41.916311], [-72.867259, 41.916888], [-72.866289, 41.917086], [-72.859743, 41.90662], [-72.857125, 41.900844], [-72.852966, 41.899598], [-72.853386, 41.898262], [-72.850275, 41.89653], [-72.849907, 41.896131], [-72.848032, 41.89528], [-72.84688, 41.894639], [-72.847514, 41.889933], [-72.846508, 41.885742], [-72.847364, 41.884418], [-72.848474, 41.883471], [-72.84784, 41.882506], [-72.847094, 41.881734], [-72.847249, 41.881179], [-72.847669, 41.880349], [-72.848419, 41.880092], [-72.849297, 41.880297], [-72.849365, 41.879666], [-72.849776, 41.879347], [-72.848139, 41.876966], [-72.836449, 41.87822], [-72.834482, 41.879531], [-72.834952, 41.878345], [-72.833292, 41.877341], [-72.832621, 41.875864], [-72.824049, 41.874272], [-72.824436, 41.87277], [-72.819664, 41.874021], [-72.819847, 41.872884], [-72.823328, 41.872901], [-72.825362, 41.870595], [-72.824252, 41.870078], [-72.824889, 41.870069], [-72.830179, 41.870694], [-72.832661, 41.86987], [-72.833491, 41.870595], [-72.834498, 41.869727], [-72.836329, 41.868886], [-72.839189, 41.869232], [-72.839562, 41.868824], [-72.842746, 41.869322], [-72.843629, 41.866991], [-72.847619, 41.866283], [-72.842443, 41.863213], [-72.840046, 41.862638], [-72.843693, 41.861277], [-72.85343, 41.85749], [-72.854766, 41.854467], [-72.857644, 41.847964], [-72.857244, 41.846777], [-72.859141, 41.846346], [-72.854488, 41.844075], [-72.854611, 41.841766], [-72.850777, 41.840568], [-72.853468, 41.840375], [-72.861492, 41.836327], [-72.860767, 41.83345], [-72.863079, 41.832057], [-72.863708, 41.82965], [-72.864997, 41.830629], [-72.86701, 41.830612], [-72.866648, 41.828516], [-72.863639, 41.827205], [-72.863296, 41.824154], [-72.865249, 41.82209], [-72.866809, 41.821634], [-72.867537, 41.818201], [-72.867406, 41.816404], [-72.870201, 41.81613], [-72.870696, 41.819118], [-72.872381, 41.833037], [-72.873018, 41.83739], [-72.874339, 41.870927], [-72.876512, 41.918106]]]}}, {"type": "Feature", "id": "06481", "properties": {"ZCTA5CE20": "06481", "GEOID20": "06481", "zip": "06481", "STUSPS": "CT"}, "geometry": {"type": "Polygon", "coordinates": [[[-72.713589, 41.52882], [-72.712243, 41.532976], [-72.708988, 41.533061], [-72.707932, 41.534123], [-72.708162, 41.543621], [-72.703604, 41.54431], [-72.703233, 41.546699], [-72.708608, 41.545729], [-72.711418, 41.545614], [-72.712268, 41.548608], [-72.711334, 41.547887], [-72.700903, 41.549028], [-72.700899, 41.54891], [-72.694345, 41.549201], [-72.691323, 41.543959], [-72.690218, 41.542023], [-72.688199, 41.538631], [-72.688093, 41.537033], [-72.687362, 41.536157], [-72.686435, 41.535126], [-72.68639, 41.53453], [-72.685779, 41.533322], [-72.686654, 41.530631], [-72.689582, 41.529186], [-72.692139, 41.528221], [-72.695229, 41.528603], [-72.69574, 41.526762], [-72.695718, 41.526019], [-72.696273, 41.525503], [-72.696855, 41.525578], [-72.696976, 41.525152], [-72.697147, 41.522277], [-72.697638, 41.5216], [-72.697909, 41.520574], [-72.702358, 41.52056], [-72.70415, 41.520338], [-72.706244, 41.520296], [-72.706531, 41.520308], [-72.707589, 41.52029], [-72.708439, 41.519881], [-72.712828, 41.520429], [-72.7134, 41.524389], [-72.713589, 41.52882]]]}}, {"type": "Feature", "id": "06755", "properties": {"ZCTA5CE20": "06755", "GEOID20": "06755", "zip": "06755", "STUSPS": "CT"}, "geometry": {"type": "Polygon", "coordinates": [[[-73.506923, 41.665802], [-73.504075, 41.669103], [-73.501858, 41.669545], [-73.499616, 41.669729], [-73.469463, 41.673249], [-73.45666, 41.674983], [-73.456332, 41.674974], [-73.460067, 41.671377], [-73.45955, 41.670798], [-73.462213, 41.669224], [-73.461996, 41.666502], [-73.463987, 41.66566], [-73.464382, 41.663985], [-73.46723, 41.66055], [-73.46608, 41.659496], [-73.467278, 41.656891], [-73.467914, 41.654053], [-73.467328, 41.65106], [-73.469838, 41.650274], [-73.472569, 41.647546], [-73.467546, 41.642354], [-73.468637, 41.632025], [-73.473054, 41.632995], [-73.473847, 41.633191], [-73.472145, 41.632112], [-73.471396, 41.631832], [-73.467116, 41.6274], [-73.46617, 41.625146], [-73.470765, 41.624706], [-73.472838, 41.623433], [-73.481485, 41.619508], [-73.488166, 41.619095], [-73.488723, 41.617886], [-73.495016, 41.631785], [-73.49781, 41.638145], [-73.496762, 41.638514], [-73.49598, 41.640395], [-73.496289, 41.642498], [-73.49411, 41.644487], [-73.490029, 41.646414], [-73.488074, 41.645648], [-73.486728, 41.647053], [-73.484686, 41.64743], [-73.49032, 41.653278], [-73.49115, 41.654606], [-73.493968, 41.661118], [-73.494864, 41.661214], [-73.497952, 41.658893], [-73.503952, 41.661773], [-73.506929, 41.664029], [-73.506923, 41.665802]]]}}, {"type": "Feature", "id": "06477", "properties": {"ZCTA5CE20": "06477", "GEOID20": "06477", "zip": "06477", "STUSPS": "CT"}, "geometry": {"type": "Polygon", "coordinates": [[[-73.083752, 41.281496], [-73.08153, 41.282856], [-73.078852, 41.284496], [-73.075451, 41.285749], [-73.071251, 41.287296], [-73.068751, 41.289196], [-73.065251, 41.294896], [-73.065051, 41.297596], [-73.067851, 41.300996], [-73.066414, 41.302949], [-73.065454, 41.304835], [-73.064812, 41.30532], [-73.065027, 41.306127], [-73.061746, 41.310079], [-73.056701, 41.312168], [-73.056149, 41.311974], [-73.054627, 41.311568], [-73.05315, 41.311351], [-73.04911, 41.3113], [-73.040707, 41.313891], [-73.033576, 41.313129], [-73.028064, 41.311879], [-73.020627, 41.311095], [-73.016482, 41.310826], [-73.013074, 41.310319], [-73.008764, 41.31041], [-73.000697, 41.312623], [-72.998048, 41.314097], [-72.989148, 41.313297], [-72.98613, 41.306187], [-72.984502, 41.302364], [-72.984437, 41.30216], [-72.984268, 41.30179], [-72.98573, 41.291989], [-72.987302, 41.288249], [-72.986188, 41.285737], [-72.987148, 41.282447], [-72.986908, 41.281159], [-72.984035, 41.280599], [-72.982985, 41.28129], [-72.979943, 41.279192], [-72.986468, 41.273049], [-72.992027, 41.268089], [-72.992213, 41.258644], [-72.992366, 41.248689], [-72.99046, 41.247724], [-72.990938, 41.245429], [-72.992051, 41.244909], [-72.995014, 41.245711], [-72.998729, 41.246362], [-73.000239, 41.246618], [-73.006448, 41.248121], [-73.012715, 41.249511], [-73.021226, 41.25081], [-73.024818, 41.251745], [-73.030307, 41.252779], [-73.034073, 41.253855], [-73.035161, 41.254378], [-73.044144, 41.256815], [-73.051511, 41.2595], [-73.055225, 41.261297], [-73.062054, 41.264595], [-73.072277, 41.269716], [-73.078556, 41.273346], [-73.078663, 41.273283], [-73.078994, 41.273319], [-73.081109, 41.274357], [-73.086852, 41.276596], [-73.083752, 41.281496]]]}}, {"type": "Feature", "id": "06082", "properties": {"ZCTA5CE20": "06082", "GEOID20": "06082", "zip": "06082", "STUSPS": "CT"}, "geometry": {"type": "Polygon", "coordinates": [[[-72.613964, 41.943468], [-72.613101, 41.946971], [-72.612233, 41.955896], [-72.611634, 41.960787], [-72.609533, 41.964895], [-72.607033, 41.973796], [-72.603579, 41.989771], [-72.607533, 41.999296], [-72.604905, 42.011908], [-72.6069560573249, 42.0251287324845], [-72.606933, 42.024995], [-72.590233, 42.024695], [-72.589876, 42.024695], [-72.5898262911392, 42.024695], [-72.582332, 42.024695], [-72.5741893219163, 42.0295675442087], [-72.573231, 42.030141], [-72.5609752476445, 42.0312698335984], [-72.560958712171, 42.0312713566218], [-72.5530545610102, 42.0319993797686], [-72.552858204224, 42.0320174654912], [-72.5501111622106, 42.0322704857245], [-72.5314944001573, 42.0339852092183], [-72.528131, 42.034295], [-72.5246152595797, 42.034280435345], [-72.5245899680222, 42.0342803305697], [-72.51715282224, 42.0342495207118], [-72.5092040512358, 42.0342165913446], [-72.508637, 42.031135], [-72.505935, 42.016478], [-72.50539, 42.013567], [-72.503903, 42.006475], [-72.50232, 41.998039], [-72.499722, 41.984223], [-72.499406, 41.98159], [-72.498928, 41.977893], [-72.492729, 41.947497], [-72.505528, 41.946397], [-72.51333, 41.945401], [-72.523411, 41.944575], [-72.525103, 41.944471], [-72.526183, 41.944355], [-72.538606, 41.943033], [-72.548002, 41.941801], [-72.559891, 41.940335], [-72.577367, 41.938657], [-72.590423, 41.937514], [-72.603892, 41.936314], [-72.606932, 41.936097], [-72.607763, 41.935891], [-72.623434, 41.934297], [-72.613964, 41.943468]]]}}, {"type": "Feature", "id": "10541", "properties": {"ZCTA5CE20": "10541", "GEOID20": "10541", "zip": "10541", "STUSPS": "CT"}, "geometry": {"type": "Polygon", "coordinates": [[[-73.813478, 41.341043], [-73.812519, 41.342935], [-73.812114, 41.347686], [-73.809973, 41.352852], [-73.806522, 41.357135], [-73.80542, 41.358421], [-73.802695, 41.362877], [-73.801468, 41.369723], [-73.80007, 41.374648], [-73.799721, 41.377088], [-73.800152, 41.385682], [-73.799758, 41.386927], [-73.797219, 41.391171], [-73.797122, 41.394394], [-73.794989, 41.395369], [-73.793138, 41.396921], [-73.789721, 41.396348], [-73.780441, 41.408729], [-73.777421, 41.408224], [-73.777538, 41.409004], [-73.773631, 41.412576], [-73.770429, 41.412939], [-73.768009, 41.418095], [-73.770305, 41.417333], [-73.774409, 41.420227], [-73.772418, 41.420871], [-73.766864, 41.425506], [-73.764506, 41.429484], [-73.763012, 41.430259], [-73.751334, 41.431104], [-73.728556, 41.433025], [-73.728485, 41.432726], [-73.727144, 41.430661], [-73.727549, 41.430433], [-73.727551, 41.425005], [-73.730812, 41.42352], [-73.729086, 41.422987], [-73.727774, 41.416038], [-73.7268, 41.415898], [-73.725952, 41.414247], [-73.725274, 41.406637], [-73.724604, 41.399092], [-73.717533, 41.399866], [-73.715248, 41.398423], [-73.717583, 41.396763], [-73.718542, 41.396229], [-73.716762, 41.396328], [-73.712179, 41.396259], [-73.712041, 41.396688], [-73.706551, 41.396878], [-73.697669, 41.387602], [-73.701719, 41.385965], [-73.702886, 41.383214], [-73.701047, 41.383645], [-73.700242, 41.384307], [-73.700514, 41.37835], [-73.699033, 41.377987], [-73.698143, 41.372157], [-73.696975, 41.371567], [-73.695473, 41.368873], [-73.695057, 41.368732], [-73.69155, 41.368517], [-73.69181, 41.366448], [-73.690312, 41.364572], [-73.692926, 41.362141], [-73.693078, 41.361958], [-73.692605, 41.361553], [-73.693586, 41.359274], [-73.69578, 41.357994], [-73.69628, 41.355684], [-73.697737, 41.355321], [-73.699636, 41.350919], [-73.699944, 41.350888], [-73.718674, 41.348976], [-73.717125, 41.346664], [-73.714698, 41.347016], [-73.714424, 41.345342], [-73.718817, 41.344871], [-73.718839, 41.34349], [-73.721765, 41.342871], [-73.72226, 41.339362], [-73.722258, 41.337773], [-73.721929, 41.337248], [-73.717944, 41.338056], [-73.716861, 41.335588], [-73.716579, 41.3327], [-73.720506, 41.330807], [-73.720123, 41.328603], [-73.71981, 41.326804], [-73.719704, 41.326142], [-73.723443, 41.32722], [-73.726935, 41.330215], [-73.726928, 41.332367], [-73.729889, 41.332116], [-73.732682, 41.333405], [-73.734459, 41.335267], [-73.734631, 41.337191], [-73.734867, 41.337616], [-73.735157, 41.340877], [-73.733892, 41.342804], [-73.736007, 41.345851], [-73.735772, 41.347194], [-73.740171, 41.346735], [-73.753002, 41.345412], [-73.753122, 41.345342], [-73.757556, 41.344952], [-73.758296, 41.344875], [-73.766975, 41.343998], [-73.771797, 41.343511], [-73.772044, 41.343486], [-73.780334, 41.342647], [-73.788183, 41.341852], [-73.797361, 41.340922], [-73.801027, 41.340556], [-73.800027, 41.342378], [-73.799689, 41.342887], [-73.804971, 41.342633], [-73.80531, 41.34183], [-73.806056, 41.340814], [-73.806746, 41.339988], [-73.815716, 41.339094], [-73.813478, 41.341043]], [[-73.76637, 41.369445], [-73.765241, 41.369637], [-73.761613, 41.371644], [-73.761624, 41.371951], [-73.764742, 41.372524], [-73.765974, 41.371512], [-73.76637, 41.369445]]]}}, {"type": "Feature", "id": "11963", "properties": {"ZCTA5CE20": "11963", "GEOID20": "11963", "zip": "11963", "STUSPS": "CT"}, "geometry": {"type": "Polygon", "coordinates": [[[-72.383227, 40.976887], [-72.376254, 40.98627], [-72.37452, 40.988484], [-72.372812, 40.99165], [-72.37098, 40.996259], [-72.370537, 41.000069], [-72.371179, 41.003892], [-72.374505, 41.012517], [-72.376726, 41.019269], [-72.375511, 41.018563], [-72.372972, 41.014821], [-72.371285, 41.012963], [-72.370346, 41.008996], [-72.367814, 41.002835], [-72.368103, 41.000085], [-72.366532, 40.995747], [-72.364251, 40.996373], [-72.361733, 40.996163], [-72.359337, 40.997075], [-72.358436, 40.996674], [-72.34967, 40.998005], [-72.349351, 41.00005], [-72.348441, 41.000707], [-72.343636, 41.001492], [-72.341546, 40.999749], [-72.337914, 40.998612], [-72.336488, 40.996693], [-72.33252, 40.995045], [-72.326042, 40.996869], [-72.323418, 40.998628], [-72.318038, 41.004598], [-72.31703, 41.006963], [-72.316359, 41.009442], [-72.316772, 41.010773], [-72.319077, 41.012612], [-72.322762, 41.016114], [-72.324485, 41.018643], [-72.325958, 41.021538], [-72.329605, 41.024243], [-72.332429, 41.030312], [-72.336747, 41.031349], [-72.342432, 41.03249], [-72.370039, 41.038579], [-72.382578, 41.055716], [-72.374212, 41.060889], [-72.372728, 41.056835], [-72.372013, 41.057132], [-72.372422, 41.051907], [-72.371209, 41.052883], [-72.370949, 41.05069], [-72.368917, 41.049356], [-72.367928, 41.050303], [-72.365238, 41.048923], [-72.364438, 41.048412], [-72.363127, 41.049], [-72.361936, 41.046476], [-72.359773, 41.045186], [-72.360475, 41.044389], [-72.355653, 41.04223], [-72.351379, 41.041317], [-72.346276, 41.040662], [-72.343505, 41.041759], [-72.341813, 41.043742], [-72.339187, 41.045775], [-72.338644, 41.047088], [-72.340022, 41.04695], [-72.336947, 41.049745], [-72.331253, 41.047619], [-72.329399, 41.044163], [-72.327515, 41.043346], [-72.325594, 41.03819], [-72.315828, 41.041497], [-72.310234, 41.04339], [-72.283304, 41.016194], [-72.2818, 41.014677], [-72.287606, 41.010723], [-72.27101, 41.002373], [-72.266791, 40.999172], [-72.266305, 40.997445], [-72.266279, 40.996097], [-72.265235, 40.993603], [-72.268597, 40.991951], [-72.272616, 40.992996], [-72.273833, 40.99237], [-72.269029, 40.986173], [-72.278827, 40.980226], [-72.277346, 40.978403], [-72.274803, 40.980036], [-72.273069, 40.976912], [-72.274632, 40.975539], [-72.275523, 40.973704], [-72.271968, 40.968671], [-72.27645, 40.968593], [-72.279598, 40.968897], [-72.28628, 40.968805], [-72.291296, 40.969412], [-72.300285, 40.969472], [-72.299698, 40.967362], [-72.299659, 40.965565], [-72.304039, 40.963765], [-72.307769, 40.963327], [-72.314844, 40.961754], [-72.316387, 40.96137], [-72.317509, 40.971166], [-72.316961, 40.972971], [-72.318057, 40.974834], [-72.318405, 40.974789], [-72.3358, 40.965379], [-72.33933, 40.96788], [-72.344902, 40.969756], [-72.346118, 40.969291], [-72.35149, 40.96724], [-72.366957, 40.961514], [-72.367128, 40.961448], [-72.368073, 40.961085], [-72.375511, 40.969839], [-72.377147, 40.972676], [-72.376981, 40.973182], [-72.376621, 40.974745], [-72.376417, 40.975235], [-72.383227, 40.976887]]]}}, {"type": "Feature", "id": "01077", "properties": {"ZCTA5CE20": "01077", "GEOID20": "01077", "zip": "01077", "STUSPS": "CT"}, "geometry": {"type": "Polygon", "coordinates": [[[-72.838942, 42.069264], [-72.835731, 42.074508], [-72.834487, 42.078124], [-72.832406, 42.084172], [-72.833439, 42.09433], [-72.837212, 42.102218], [-72.810839, 42.09792], [-72.781645, 42.093165], [-72.780929, 42.093836], [-72.77865, 42.097315], [-72.776992, 42.092409], [-72.763108, 42.09015], [-72.750004, 42.087999], [-72.744959, 42.087175], [-72.727923, 42.08439], [-72.723206, 42.08362], [-72.718264, 42.082811], [-72.705989, 42.080797], [-72.706004, 42.080674], [-72.706154, 42.07347], [-72.708078, 42.064484], [-72.707829, 42.061596], [-72.70763, 42.059245], [-72.708075, 42.055543], [-72.709555, 42.052075], [-72.710975, 42.049806], [-72.712619, 42.043941], [-72.712461, 42.041224], [-72.713119, 42.038908], [-72.714557957256, 42.0366035904984], [-72.7192527914859, 42.0365571209569], [-72.721913180132, 42.0365307883891], [-72.7516167497092, 42.0362367820003], [-72.755838, 42.036195], [-72.757538, 42.033295], [-72.753538, 42.032095], [-72.751738, 42.030195], [-72.754038, 42.025395], [-72.757467, 42.020947], [-72.758151, 42.020865], [-72.760558, 42.021846], [-72.762151, 42.021527], [-72.76231, 42.019775], [-72.761354, 42.018183], [-72.759738, 42.016995], [-72.761238, 42.014595], [-72.763238, 42.012795], [-72.763265, 42.009742], [-72.766139, 42.007695], [-72.7663060027458, 42.006386811825], [-72.766739, 42.002995], [-72.7706452603118, 42.0025731407607], [-72.77475938856, 42.0021288326822], [-72.7849047651194, 42.0010331758401], [-72.7948454404142, 41.9999596258502], [-72.7949002458136, 41.9999537071038], [-72.8085983692563, 41.9984743689456], [-72.816741, 41.997595], [-72.8167357432203, 41.997658901085], [-72.813541, 42.036494], [-72.8349699391824, 42.0367490988266], [-72.834128, 42.058329], [-72.836556, 42.06232], [-72.838942, 42.069264]]]}}, {"type": "Feature", "id": "06512", "properties": {"ZCTA5CE20": "06512", "GEOID20": "06512", "zip": "06512", "STUSPS": "CT"}, "geometry": {"type": "Polygon", "coordinates": [[[-72.9073407391115, 41.2952539114803], [-72.905184, 41.298252], [-72.904775, 41.298828], [-72.904523, 41.299185], [-72.899816, 41.294628], [-72.897647, 41.296796], [-72.897713, 41.293558], [-72.896189, 41.294791], [-72.893243, 41.294416], [-72.892706, 41.29323], [-72.892915, 41.290583], [-72.892361, 41.289756], [-72.892489, 41.289119], [-72.88643, 41.288105], [-72.882517, 41.29323], [-72.88026, 41.297336], [-72.877538, 41.30093], [-72.876287, 41.303561], [-72.87364, 41.306847], [-72.870497, 41.305675], [-72.868951, 41.307114], [-72.866016, 41.305002], [-72.862904, 41.304414], [-72.86036, 41.306286], [-72.857252, 41.307567], [-72.857123, 41.308471], [-72.859964, 41.310525], [-72.857371, 41.313991], [-72.857713, 41.31649], [-72.85937, 41.31694], [-72.859859, 41.319143], [-72.858447, 41.319384], [-72.857545, 41.321926], [-72.854782, 41.322176], [-72.85357, 41.322097], [-72.852131, 41.31887], [-72.852325, 41.315226], [-72.85108, 41.315239], [-72.849122, 41.313935], [-72.851318, 41.315739], [-72.85167, 41.316036], [-72.851256, 41.321948], [-72.848861, 41.322049], [-72.843509, 41.323837], [-72.844226, 41.326263], [-72.842923, 41.32977], [-72.84162, 41.32977], [-72.840361, 41.329235], [-72.840004, 41.327646], [-72.841575, 41.326638], [-72.842554, 41.323897], [-72.840235, 41.324068], [-72.832994, 41.324973], [-72.833239, 41.323087], [-72.83171, 41.323392], [-72.828106, 41.322255], [-72.824326, 41.323513], [-72.82263, 41.322882], [-72.823248, 41.321451], [-72.823805, 41.318428], [-72.823843, 41.318324], [-72.835013, 41.314393], [-72.836502, 41.313467], [-72.837293, 41.312572], [-72.838365, 41.308794], [-72.840181, 41.299796], [-72.841265, 41.297997], [-72.843744, 41.296397], [-72.850859, 41.293641], [-72.855822, 41.290873], [-72.858971, 41.287729], [-72.860823, 41.283013], [-72.860324, 41.282169], [-72.859344, 41.281012], [-72.860534, 41.277485], [-72.861691, 41.275476], [-72.862659, 41.273183], [-72.864047, 41.269549], [-72.862474, 41.269783], [-72.861032, 41.266613], [-72.860513, 41.265521], [-72.857704, 41.265568], [-72.85334, 41.264126], [-72.851927, 41.262181], [-72.852018, 41.259789], [-72.852271, 41.259051], [-72.857243, 41.252196], [-72.8588854805434, 41.2465878744321], [-72.8592136577447, 41.2464694636549], [-72.8596146467979, 41.2463247813758], [-72.861058, 41.245804], [-72.87013, 41.245313], [-72.8737391356455, 41.2446069681917], [-72.8746281468663, 41.24443305669], [-72.8804754556488, 41.243289185581], [-72.8808673035784, 41.2432125309108], [-72.881509, 41.243087], [-72.885622, 41.244272], [-72.8863300031435, 41.2443322283217], [-72.890042, 41.244648], [-72.893579, 41.242538], [-72.894578, 41.242509], [-72.896703, 41.245315], [-72.900010867256, 41.2466176641596], [-72.900159, 41.246676], [-72.9003323174285, 41.2467554504053], [-72.903429, 41.248175], [-72.904116, 41.249554], [-72.903754, 41.251401], [-72.902727, 41.252916], [-72.898705, 41.255196], [-72.8975717676279, 41.2555674780046], [-72.894666, 41.25652], [-72.893845, 41.259897], [-72.8961891872368, 41.2636588715478], [-72.8963698914716, 41.2639488595268], [-72.897496, 41.265756], [-72.905359, 41.270627], [-72.9050191978859, 41.2716433992438], [-72.9035475671646, 41.2760452681271], [-72.903099, 41.277387], [-72.9059454168644, 41.2827000049195], [-72.906194, 41.283164], [-72.906432, 41.292183], [-72.9073407391115, 41.2952539114803]]]}}, {"type": "Feature", "id": "06712", "properties": {"ZCTA5CE20": "06712", "GEOID20": "06712", "zip": "06712", "STUSPS": "CT"}, "geometry": {"type": "Polygon", "coordinates": [[[-73.01817, 41.519834], [-73.01131, 41.522156], [-73.005085, 41.523693], [-73.00215, 41.524754], [-72.999551, 41.525927], [-72.991418, 41.528893], [-72.979835, 41.53317], [-72.979168, 41.533074], [-72.975789, 41.533045], [-72.969365, 41.530234], [-72.967249, 41.529238], [-72.959271, 41.526365], [-72.956467, 41.525318], [-72.95322, 41.523932], [-72.950908, 41.523225], [-72.948988, 41.521385], [-72.947324, 41.521168], [-72.940649, 41.514171], [-72.938613, 41.511464], [-72.941474, 41.510561], [-72.941761, 41.510231], [-72.940931, 41.510284], [-72.937606, 41.510327], [-72.935057, 41.507562], [-72.934736, 41.506714], [-72.934647, 41.501246], [-72.934914, 41.500773], [-72.937621, 41.497135], [-72.939864, 41.496359], [-72.941241, 41.495178], [-72.941907, 41.490982], [-72.943203, 41.48966], [-72.943566, 41.487458], [-72.944044, 41.484391], [-72.943735, 41.483272], [-72.944357, 41.479426], [-72.94725, 41.478222], [-72.950068, 41.469119], [-72.951201, 41.467303], [-72.951845, 41.465522], [-72.952392, 41.464589], [-72.956242, 41.464994], [-72.957338, 41.465325], [-72.966192, 41.46625], [-72.985445, 41.469043], [-72.989758, 41.468871], [-73.001811, 41.471159], [-73.001913, 41.474656], [-73.006613, 41.483211], [-73.007075, 41.483948], [-73.007109, 41.484239], [-73.007011, 41.484509], [-73.006996, 41.484718], [-73.00732, 41.485752], [-73.007621, 41.486148], [-73.011322, 41.497586], [-73.013717, 41.505202], [-73.01655, 41.513996], [-73.01817, 41.519834]]]}}, {"type": "Feature", "id": "06840", "properties": {"ZCTA5CE20": "06840", "GEOID20": "06840", "zip": "06840", "STUSPS": "CT"}, "geometry": {"type": "Polygon", "coordinates": [[[-73.5546500736945, 41.1799273346628], [-73.535995955855, 41.1885508422818], [-73.5359272678253, 41.1885825956862], [-73.514617, 41.198434], [-73.5125931127971, 41.1993729574158], [-73.509487, 41.200814], [-73.5091865006584, 41.2009480565067], [-73.5091827930981, 41.2009497104956], [-73.4959359310458, 41.2068593009831], [-73.4940080975092, 41.2077193315839], [-73.4849111933569, 41.2117775740592], [-73.48378, 41.208207], [-73.480261, 41.207911], [-73.478718, 41.205281], [-73.477173, 41.202309], [-73.47569, 41.199052], [-73.473108, 41.195078], [-73.472033, 41.19438], [-73.472852, 41.191411], [-73.47014, 41.18959], [-73.472819, 41.184993], [-73.472208, 41.182681], [-73.473217, 41.180996], [-73.46999, 41.17913], [-73.46847, 41.177393], [-73.465396, 41.176002], [-73.465428, 41.170234], [-73.466834, 41.165502], [-73.464073, 41.162789], [-73.464294, 41.161515], [-73.462619, 41.161054], [-73.457043, 41.160114], [-73.454888, 41.159163], [-73.452974, 41.159783], [-73.450402, 41.157997], [-73.448906, 41.153754], [-73.448898, 41.153544], [-73.449498, 41.1501], [-73.450615, 41.148707], [-73.458823, 41.134903], [-73.459505, 41.134217], [-73.462948, 41.129826], [-73.471082, 41.119181], [-73.473786, 41.115722], [-73.473898, 41.113834], [-73.474565, 41.114696], [-73.479027, 41.114607], [-73.48561, 41.113916], [-73.486209, 41.114198], [-73.493416, 41.114472], [-73.495812, 41.114141], [-73.497708, 41.114392], [-73.500756, 41.114414], [-73.50784, 41.114196], [-73.521927, 41.114859], [-73.520849, 41.115557], [-73.521264, 41.118831], [-73.52247, 41.118793], [-73.5225, 41.118888], [-73.533245, 41.147776], [-73.534057, 41.149819], [-73.534134, 41.15024], [-73.533469, 41.151731], [-73.533056, 41.153956], [-73.532327, 41.154389], [-73.534868, 41.155717], [-73.535784, 41.157795], [-73.538724, 41.160052], [-73.540021, 41.160067], [-73.541987, 41.163129], [-73.544225, 41.164886], [-73.545486, 41.16572], [-73.553052, 41.17417], [-73.552265, 41.17608], [-73.553381, 41.178392], [-73.553603, 41.178671], [-73.5546500736945, 41.1799273346628]]]}}, {"type": "Feature", "id": "10506", "properties": {"ZCTA5CE20": "10506", "GEOID20": "10506", "zip": "10506", "STUSPS": "CT"}, "geometry": {"type": "Polygon", "coordinates": [[[-73.682836, 41.208429], [-73.679717, 41.206995], [-73.675705, 41.207076], [-73.672189, 41.206577], [-73.668867, 41.205667], [-73.667126, 41.204347], [-73.666342, 41.204212], [-73.661429, 41.206522], [-73.661281, 41.208344], [-73.66228, 41.214018], [-73.656263, 41.217246], [-73.657403, 41.21894], [-73.656744, 41.223471], [-73.656863, 41.226535], [-73.656364, 41.229129], [-73.655242, 41.228721], [-73.653966, 41.229249], [-73.653981, 41.227083], [-73.650652, 41.228657], [-73.646381, 41.230553], [-73.643379, 41.2296], [-73.643376, 41.230225], [-73.63727, 41.226815], [-73.629912, 41.222397], [-73.629282, 41.225318], [-73.621462, 41.226239], [-73.620851, 41.228879], [-73.61963, 41.228547], [-73.619728, 41.229552], [-73.618176, 41.23086], [-73.617723, 41.232444], [-73.615959, 41.232081], [-73.613369, 41.225669], [-73.606477, 41.226341], [-73.603647, 41.220451], [-73.594815, 41.201021], [-73.591631, 41.194817], [-73.59287, 41.194481], [-73.599981, 41.192553], [-73.598681, 41.19254], [-73.597148, 41.190605], [-73.597235, 41.186373], [-73.596502, 41.18584], [-73.597083, 41.183997], [-73.604287, 41.173182], [-73.608394, 41.174717], [-73.609754, 41.175664], [-73.612492, 41.178797], [-73.613164, 41.181519], [-73.616313, 41.185147], [-73.617477, 41.187983], [-73.621676, 41.186832], [-73.619153, 41.186834], [-73.61938, 41.184877], [-73.620259, 41.183752], [-73.619986, 41.181483], [-73.618401, 41.179606], [-73.617418, 41.177099], [-73.617891, 41.17548], [-73.616807, 41.172211], [-73.616106, 41.168868], [-73.616378, 41.163507], [-73.614464558521, 41.1528817460914], [-73.6157986549652, 41.1522813312348], [-73.6288148586472, 41.1464233424058], [-73.632153, 41.144921], [-73.633975019844, 41.1440908044972], [-73.639672, 41.141495], [-73.6440570349302, 41.1394643649465], [-73.644868, 41.140386], [-73.64854, 41.141159], [-73.64856, 41.143581], [-73.650196, 41.149772], [-73.656392, 41.150277], [-73.656442, 41.149451], [-73.656936, 41.149026], [-73.663703, 41.149658], [-73.663097, 41.151574], [-73.665206, 41.152623], [-73.665271, 41.15428], [-73.663146, 41.155308], [-73.663092, 41.157483], [-73.662311, 41.158633], [-73.663056, 41.160929], [-73.664539, 41.161412], [-73.668359, 41.161389], [-73.668409, 41.163087], [-73.666548, 41.163422], [-73.665821, 41.165284], [-73.663942, 41.166273], [-73.661666, 41.171142], [-73.661853, 41.172952], [-73.659908, 41.17582], [-73.660536, 41.176805], [-73.662689, 41.176256], [-73.663977, 41.177069], [-73.666572, 41.176597], [-73.666368, 41.179781], [-73.663686, 41.186285], [-73.667481, 41.187845], [-73.663636, 41.197116], [-73.666175, 41.197688], [-73.666282, 41.198227], [-73.667817, 41.201641], [-73.670004, 41.201478], [-73.6704, 41.201579], [-73.671113, 41.202509], [-73.669329, 41.202506], [-73.668745, 41.202671], [-73.668208, 41.203168], [-73.668165, 41.203234], [-73.668598, 41.203849], [-73.672935, 41.204336], [-73.68198, 41.206552], [-73.682836, 41.208429]]]}}, {"type": "Feature", "id": "01540", "properties": {"ZCTA5CE20": "01540", "GEOID20": "01540", "zip": "01540", "STUSPS": "CT"}, "geometry": {"type": "Polygon", "coordinates": [[[-71.91143, 42.101419], [-71.908094, 42.102169], [-71.899489, 42.104114], [-71.902403, 42.118804], [-71.902779, 42.120638], [-71.902812, 42.120803], [-71.905379, 42.133519], [-71.903973, 42.133598], [-71.896811, 42.135462], [-71.894304, 42.134069], [-71.890016, 42.13433], [-71.885746, 42.137163], [-71.883955, 42.137423], [-71.883973, 42.137931], [-71.882131, 42.13788], [-71.87842, 42.140786], [-71.874639, 42.142795], [-71.870335, 42.144909], [-71.868955, 42.143209], [-71.865297, 42.143242], [-71.865738, 42.145066], [-71.871868, 42.149746], [-71.873847, 42.15196], [-71.870806, 42.151115], [-71.870029, 42.150471], [-71.87016, 42.155649], [-71.864996, 42.157386], [-71.857931, 42.160696], [-71.855926, 42.160624], [-71.845516, 42.16023], [-71.837875, 42.15994], [-71.834924, 42.159829], [-71.831504, 42.164253], [-71.825959, 42.16582], [-71.825488, 42.15992], [-71.834485, 42.157257], [-71.834105, 42.15499], [-71.830439, 42.156077], [-71.824853, 42.155332], [-71.829591, 42.14486], [-71.831851, 42.143809], [-71.82953, 42.129391], [-71.826896, 42.130273], [-71.826103, 42.126011], [-71.824642, 42.122305], [-71.824768, 42.121354], [-71.818916, 42.12078], [-71.81508, 42.122528], [-71.813082, 42.125274], [-71.805025, 42.112038], [-71.797177, 42.099172], [-71.809217, 42.095363], [-71.811328, 42.098871], [-71.830064, 42.092778], [-71.840595, 42.089324], [-71.86378, 42.081718], [-71.866608, 42.080786], [-71.874332, 42.078249], [-71.876493, 42.077542], [-71.881509, 42.075893], [-71.881686, 42.075836], [-71.891139, 42.072732], [-71.894437, 42.090586], [-71.895113, 42.094248], [-71.901155, 42.092974], [-71.907247, 42.091686], [-71.909235, 42.091261], [-71.911895, 42.101317], [-71.91143, 42.101419]]]}}, {"type": "Feature", "id": "06039", "properties": {"ZCTA5CE20": "06039", "GEOID20": "06039", "zip": "06039", "STUSPS": "CT"}, "geometry": {"type": "Polygon", "coordinates": [[[-73.496527, 41.92238], [-73.4934845021214, 41.953339471656], [-73.492975, 41.958524], [-73.489615, 42.000092], [-73.4891994439162, 42.009039910355], [-73.487382, 42.009035], [-73.485735, 42.010117], [-73.480847, 42.009565], [-73.479433, 42.008984], [-73.476178, 42.00557], [-73.474249, 42.005198], [-73.471762, 42.006181], [-73.468886, 42.005203], [-73.46993, 42.004742], [-73.475927, 41.998855], [-73.476282, 41.997189], [-73.475843, 41.994156], [-73.47488, 41.991351], [-73.475031, 41.987959], [-73.473756, 41.986117], [-73.471056, 41.98383], [-73.470362, 41.981412], [-73.467843, 41.979101], [-73.467036, 41.977909], [-73.461562, 41.975409], [-73.45956, 41.972955], [-73.457425, 41.968986], [-73.455289, 41.967805], [-73.452666, 41.966071], [-73.449518, 41.96733], [-73.448107, 41.96732], [-73.44339, 41.969143], [-73.441659, 41.968875], [-73.44126, 41.970415], [-73.435867, 41.969535], [-73.435253, 41.96999], [-73.441978, 41.971261], [-73.444829, 41.973884], [-73.447146, 41.977372], [-73.451174, 41.97889], [-73.451516, 41.979945], [-73.449282, 41.980361], [-73.442983, 41.979669], [-73.441748, 41.979115], [-73.435775, 41.979961], [-73.433704, 41.981051], [-73.433231, 41.979883], [-73.429482, 41.978785], [-73.427252, 41.978716], [-73.42663, 41.976637], [-73.423361, 41.980649], [-73.420019, 41.979469], [-73.41865, 41.977604], [-73.414782, 41.975821], [-73.411427, 41.975581], [-73.408419, 41.973396], [-73.407074, 41.97177], [-73.407428, 41.970658], [-73.404611, 41.969646], [-73.404502, 41.968857], [-73.400991, 41.96725], [-73.401447, 41.964694], [-73.401321, 41.962169], [-73.399306, 41.959307], [-73.399299, 41.959288], [-73.394872, 41.952269], [-73.391753, 41.950746], [-73.386998, 41.947617], [-73.387381, 41.945558], [-73.385919, 41.94314], [-73.379996, 41.937187], [-73.379524, 41.930616], [-73.376849, 41.929784], [-73.374567, 41.929552], [-73.371577, 41.930144], [-73.370548, 41.928612], [-73.369945, 41.927183], [-73.371151, 41.924041], [-73.373242, 41.923106], [-73.374776, 41.921674], [-73.373793, 41.919526], [-73.374103, 41.918631], [-73.390807, 41.918871], [-73.403781, 41.919369], [-73.4965646487039, 41.921747111939], [-73.496527, 41.92238]]]}}, {"type": "Feature", "id": "06037", "properties": {"ZCTA5CE20": "06037", "GEOID20": "06037", "zip": "06037", "STUSPS": "CT"}, "geometry": {"type": "Polygon", "coordinates": [[[-72.836535, 41.580535], [-72.833874, 41.583244], [-72.826457, 41.586864], [-72.824077, 41.597013], [-72.82346, 41.604333], [-72.820199, 41.606895], [-72.818326, 41.606866], [-72.818929, 41.611976], [-72.819365, 41.615599], [-72.822808, 41.617619], [-72.820559, 41.619298], [-72.820233, 41.621148], [-72.822255, 41.621589], [-72.817989, 41.627589], [-72.825251, 41.627669], [-72.825243, 41.629847], [-72.823331, 41.633607], [-72.814989, 41.64448], [-72.810966, 41.645181], [-72.809612, 41.64605], [-72.800128, 41.646781], [-72.796388, 41.647201], [-72.794642, 41.647213], [-72.79116, 41.647484], [-72.790973, 41.647491], [-72.788972, 41.646828], [-72.78852, 41.647625], [-72.778572, 41.648244], [-72.77131, 41.648393], [-72.768871, 41.648879], [-72.767824, 41.648901], [-72.758153, 41.649722], [-72.751643, 41.650006], [-72.750357, 41.650167], [-72.749874, 41.646965], [-72.736178, 41.648586], [-72.732024, 41.648958], [-72.727163, 41.649484], [-72.727356, 41.652197], [-72.715296, 41.652706], [-72.715271, 41.650531], [-72.71476, 41.646725], [-72.714099, 41.64577], [-72.71094, 41.644866], [-72.704692, 41.64456], [-72.705882, 41.642389], [-72.708975, 41.639236], [-72.71311, 41.63885], [-72.713833, 41.636205], [-72.712339, 41.630599], [-72.713897, 41.627705], [-72.7155, 41.625573], [-72.715706, 41.625353], [-72.717081, 41.625107], [-72.724553, 41.622825], [-72.728571, 41.616569], [-72.727783, 41.615884], [-72.728197, 41.614569], [-72.728703, 41.609116], [-72.727801, 41.606341], [-72.727175, 41.601994], [-72.72994, 41.601498], [-72.73161, 41.595865], [-72.739077, 41.594794], [-72.74284, 41.594398], [-72.752941, 41.592497], [-72.752181, 41.578894], [-72.767821, 41.577339], [-72.768079, 41.577313], [-72.779721, 41.575936], [-72.801243, 41.573098], [-72.805243, 41.566598], [-72.809243, 41.561997], [-72.80996, 41.562284], [-72.819145, 41.554298], [-72.821243, 41.554195], [-72.825142, 41.555397], [-72.826141, 41.555897], [-72.825743, 41.564298], [-72.829644, 41.562397], [-72.827644, 41.570999], [-72.840244, 41.569098], [-72.836535, 41.580535]]]}}, {"type": "Feature", "id": "06073", "properties": {"ZCTA5CE20": "06073", "GEOID20": "06073", "zip": "06073", "STUSPS": "CT"}, "geometry": {"type": "Polygon", "coordinates": [[[-72.627836, 41.640199], [-72.624436, 41.645099], [-72.623535, 41.650299], [-72.628136, 41.661699], [-72.628021, 41.666037], [-72.624797, 41.669301], [-72.612016, 41.6725], [-72.609522, 41.6746], [-72.608632, 41.681131], [-72.608272, 41.681429], [-72.607515, 41.676447], [-72.607712, 41.675541], [-72.608194, 41.674349], [-72.609554, 41.672139], [-72.600445, 41.673795], [-72.598774, 41.674854], [-72.593847, 41.675095], [-72.592652, 41.674598], [-72.590868, 41.671415], [-72.587434, 41.671458], [-72.587962, 41.66702], [-72.590321, 41.666729], [-72.59047, 41.664314], [-72.588577, 41.664365], [-72.58811, 41.665273], [-72.58592, 41.665701], [-72.584468, 41.667485], [-72.584556, 41.666514], [-72.583597, 41.664756], [-72.578598, 41.666591], [-72.57387, 41.669873], [-72.57243, 41.671454], [-72.566794, 41.672248], [-72.563681, 41.676993], [-72.563412, 41.679149], [-72.562519, 41.679244], [-72.561522, 41.680955], [-72.558915, 41.681454], [-72.55529, 41.685762], [-72.555313, 41.684127], [-72.555008, 41.682737], [-72.555256, 41.681766], [-72.55379, 41.681843], [-72.552419, 41.683251], [-72.551012, 41.681567], [-72.549657, 41.681613], [-72.548932, 41.680825], [-72.548891, 41.68077], [-72.547056, 41.681045], [-72.543206, 41.678678], [-72.543125, 41.680541], [-72.541561, 41.681589], [-72.541727, 41.679007], [-72.540785, 41.677065], [-72.540393, 41.678146], [-72.538416, 41.677663], [-72.527505, 41.678762], [-72.525378, 41.675728], [-72.522014, 41.674389], [-72.517382, 41.676031], [-72.502615, 41.671719], [-72.5031, 41.669217], [-72.508547, 41.660059], [-72.509563, 41.658962], [-72.506662, 41.658445], [-72.503953, 41.6569], [-72.501777, 41.654467], [-72.501913, 41.654163], [-72.505431, 41.646999], [-72.521832, 41.645499], [-72.532132, 41.643999], [-72.534583, 41.643879], [-72.54423, 41.642696], [-72.559926, 41.640955], [-72.577189, 41.639002], [-72.58805, 41.637776], [-72.605047, 41.635977], [-72.610819, 41.635379], [-72.630524, 41.633282], [-72.627836, 41.640199]]]}}, {"type": "Feature", "id": "06438", "properties": {"ZCTA5CE20": "06438", "GEOID20": "06438", "zip": "06438", "STUSPS": "CT"}, "geometry": {"type": "Polygon", "coordinates": [[[-72.54744, 41.430946], [-72.544655, 41.435763], [-72.542121, 41.442205], [-72.542165, 41.443423], [-72.541135, 41.444617], [-72.540701, 41.446782], [-72.541775, 41.447405], [-72.541132, 41.448569], [-72.538813, 41.450433], [-72.537575, 41.452053], [-72.53357, 41.453138], [-72.531899, 41.454547], [-72.530954, 41.454081], [-72.527805, 41.456665], [-72.536739, 41.462911], [-72.540395, 41.464453], [-72.538307, 41.464956], [-72.537892, 41.467811], [-72.540074, 41.473011], [-72.538405, 41.477642], [-72.537593, 41.478396], [-72.539862, 41.478787], [-72.539683, 41.48081], [-72.538642, 41.482058], [-72.539385, 41.484308], [-72.538728, 41.487212], [-72.539792, 41.488112], [-72.542223, 41.487322], [-72.54467, 41.484772], [-72.546477, 41.494555], [-72.542773, 41.495517], [-72.542846, 41.49685], [-72.543141, 41.496888], [-72.544248, 41.498555], [-72.541383, 41.498844], [-72.531712, 41.495146], [-72.531563, 41.495371], [-72.529754, 41.496965], [-72.523671, 41.495123], [-72.523686, 41.493923], [-72.522505, 41.492612], [-72.519385, 41.490263], [-72.5176, 41.489516], [-72.5121, 41.488295], [-72.504916, 41.482134], [-72.501366, 41.480031], [-72.5, 41.478793], [-72.496072, 41.477206], [-72.485653, 41.472276], [-72.478736, 41.469522], [-72.474968, 41.467615], [-72.468084, 41.462392], [-72.467638, 41.460897], [-72.464891, 41.452544], [-72.463077, 41.450123], [-72.457196, 41.43866], [-72.456369, 41.437287], [-72.454228, 41.435337], [-72.450983, 41.433665], [-72.454942, 41.433157], [-72.455689, 41.433052], [-72.463584, 41.432053], [-72.503021, 41.427001], [-72.505251, 41.426839], [-72.524159, 41.424813], [-72.52917, 41.423724], [-72.528664, 41.426581], [-72.530285, 41.425989], [-72.533142, 41.428076], [-72.534061, 41.428114], [-72.537487, 41.426835], [-72.541305, 41.426541], [-72.5429, 41.427167], [-72.545106, 41.427165], [-72.547028, 41.427896], [-72.54744, 41.430946]]]}}, {"type": "Feature", "id": "01030", "properties": {"ZCTA5CE20": "01030", "GEOID20": "01030", "zip": "01030", "STUSPS": "CT"}, "geometry": {"type": "Polygon", "coordinates": [[[-72.713119, 42.038908], [-72.712461, 42.041224], [-72.712619, 42.043941], [-72.710975, 42.049806], [-72.709555, 42.052075], [-72.708075, 42.055543], [-72.70763, 42.059245], [-72.707829, 42.061596], [-72.708078, 42.064484], [-72.706154, 42.07347], [-72.706004, 42.080674], [-72.705989, 42.080797], [-72.70565, 42.082144], [-72.702866, 42.087733], [-72.701963, 42.091038], [-72.700659, 42.093253], [-72.697177, 42.100652], [-72.695729, 42.103033], [-72.695419, 42.104824], [-72.694939, 42.105737], [-72.694869, 42.105884], [-72.688686, 42.106234], [-72.683525, 42.107053], [-72.682661, 42.106312], [-72.682209, 42.101551], [-72.681442, 42.100695], [-72.680178, 42.100963], [-72.676712, 42.100512], [-72.675717, 42.098413], [-72.673246, 42.094863], [-72.670284, 42.093335], [-72.668349, 42.091318], [-72.666318, 42.086567], [-72.663891, 42.084673], [-72.662205, 42.08437], [-72.660755, 42.086812], [-72.661429, 42.089535], [-72.660521, 42.092559], [-72.658198, 42.096235], [-72.656372, 42.097204], [-72.650954, 42.098195], [-72.647107, 42.099261], [-72.643501, 42.09938], [-72.639402, 42.098883], [-72.638593, 42.097924], [-72.639385, 42.096063], [-72.643111, 42.092523], [-72.648157, 42.090138], [-72.64523, 42.086428], [-72.646874, 42.085476], [-72.645387, 42.083489], [-72.64612, 42.082904], [-72.646459, 42.078822], [-72.648143, 42.077396], [-72.649087, 42.077051], [-72.645513, 42.076647], [-72.647636, 42.075569], [-72.646447, 42.071632], [-72.643183, 42.071941], [-72.640645, 42.070817], [-72.647006, 42.068705], [-72.652677, 42.066129], [-72.652415, 42.064151], [-72.651052, 42.063137], [-72.650921, 42.062504], [-72.650737, 42.062775], [-72.647746, 42.06334], [-72.646695, 42.058908], [-72.648179, 42.059957], [-72.652958, 42.058017], [-72.655067, 42.056255], [-72.65804, 42.056019], [-72.661506, 42.052785], [-72.658902, 42.051275], [-72.657715, 42.050148], [-72.667677, 42.045022], [-72.667866, 42.043987], [-72.666762, 42.042456], [-72.664525, 42.038295], [-72.662263, 42.036443], [-72.6632528827809, 42.0340691282378], [-72.6729633546716, 42.0348771539801], [-72.6731246644418, 42.0348905768547], [-72.678311259508, 42.0353221627113], [-72.6784620268016, 42.0353347083276], [-72.6820133741491, 42.0356302222953], [-72.6860801113328, 42.0359686227736], [-72.695927, 42.036788], [-72.6994029866905, 42.0367535946302], [-72.7109372031057, 42.0366394287786], [-72.7113852377432, 42.0366349941249], [-72.7120042050453, 42.036628867577], [-72.7128274389607, 42.0366207191951], [-72.714557957256, 42.0366035904984], [-72.713119, 42.038908]]]}}, {"type": "Feature", "id": "12563", "properties": {"ZCTA5CE20": "12563", "GEOID20": "12563", "zip": "12563", "STUSPS": "CT"}, "geometry": {"type": "Polygon", "coordinates": [[[-73.647635, 41.518293], [-73.645669, 41.518579], [-73.644727, 41.518716], [-73.643404, 41.517805], [-73.639817, 41.515903], [-73.637664, 41.514155], [-73.633632, 41.50941], [-73.630999, 41.509949], [-73.633791, 41.51186], [-73.634771, 41.513858], [-73.632589, 41.514346], [-73.633348, 41.515529], [-73.632128, 41.517785], [-73.633325, 41.52027], [-73.622798, 41.521765], [-73.621968, 41.521831], [-73.6205, 41.521994], [-73.604342, 41.523874], [-73.580153, 41.526382], [-73.573503, 41.526462], [-73.560811, 41.526637], [-73.530067, 41.527194], [-73.5306605365111, 41.5199685828257], [-73.5308863930724, 41.5172191178032], [-73.532406621006, 41.4987126218851], [-73.5324177565387, 41.4985770634688], [-73.5330452968228, 41.4909377013371], [-73.5330852144833, 41.4904517636663], [-73.5335710643987, 41.4845372693477], [-73.537724, 41.486092], [-73.540476, 41.481562], [-73.539105, 41.47973], [-73.538839, 41.47965], [-73.539652, 41.478549], [-73.538058, 41.47716], [-73.537322, 41.478537], [-73.536656, 41.478983], [-73.536415, 41.478967], [-73.536629, 41.475072], [-73.535437, 41.471749], [-73.536472, 41.469603], [-73.535953, 41.468448], [-73.537334, 41.46379], [-73.537088, 41.460112], [-73.538673, 41.459408], [-73.538903, 41.458226], [-73.540227, 41.457775], [-73.54387, 41.457616], [-73.544093, 41.457688], [-73.541777, 41.460912], [-73.541972, 41.461278], [-73.543012, 41.460918], [-73.543787, 41.461575], [-73.544812, 41.461193], [-73.544879, 41.460353], [-73.545605, 41.460178], [-73.54648, 41.459083], [-73.547329, 41.460426], [-73.549421, 41.460545], [-73.553148, 41.45858], [-73.55268, 41.45826], [-73.553232, 41.457285], [-73.556874, 41.455743], [-73.559281, 41.455203], [-73.561247, 41.45624], [-73.562073, 41.459193], [-73.561499, 41.460588], [-73.562446, 41.463098], [-73.564874, 41.462715], [-73.566096, 41.46399], [-73.565691, 41.465225], [-73.567493, 41.464948], [-73.56943, 41.467134], [-73.56779, 41.468658], [-73.568026, 41.470243], [-73.571079, 41.471768], [-73.57199, 41.473542], [-73.574568, 41.474048], [-73.576803, 41.475005], [-73.578132, 41.476422], [-73.577336, 41.477285], [-73.578345, 41.478024], [-73.580147, 41.476191], [-73.580281, 41.472075], [-73.58059, 41.473658], [-73.582396, 41.474144], [-73.583142, 41.476272], [-73.585691, 41.478037], [-73.592721, 41.479229], [-73.595812, 41.478627], [-73.59951, 41.476479], [-73.602683, 41.477329], [-73.602862, 41.475241], [-73.602675, 41.472575], [-73.608136, 41.473157], [-73.608988, 41.467538], [-73.610637, 41.45787], [-73.611068, 41.451971], [-73.61351, 41.448722], [-73.61871, 41.448064], [-73.618954, 41.447255], [-73.619232, 41.4472], [-73.619128, 41.448632], [-73.622112, 41.451646], [-73.625725, 41.450766], [-73.628287, 41.44828], [-73.630421, 41.44903], [-73.631782, 41.453873], [-73.630771, 41.460657], [-73.633281, 41.460874], [-73.633558, 41.463736], [-73.632627, 41.467548], [-73.632698, 41.469274], [-73.633716, 41.470566], [-73.633064, 41.473181], [-73.631701, 41.473912], [-73.631064, 41.47567], [-73.631642, 41.478571], [-73.631122, 41.481143], [-73.631885, 41.48067], [-73.633462, 41.477328], [-73.637212, 41.475479], [-73.638047, 41.474025], [-73.637856, 41.473193], [-73.641615, 41.467153], [-73.644243, 41.465554], [-73.646051, 41.469883], [-73.648723, 41.47418], [-73.646367, 41.474381], [-73.64476, 41.474249], [-73.644798, 41.474754], [-73.650475, 41.47876], [-73.647635, 41.518293]]]}}, {"type": "Feature", "id": "11776", "properties": {"ZCTA5CE20": "11776", "GEOID20": "11776", "zip": "11776", "STUSPS": "CT"}, "geometry": {"type": "Polygon", "coordinates": [[[-73.076262, 40.919174], [-73.076215, 40.919865], [-73.073596, 40.922276], [-73.073077, 40.921962], [-73.072474, 40.922553], [-73.071596, 40.923488], [-73.070609, 40.927155], [-73.069732, 40.928094], [-73.073969, 40.931015], [-73.072709, 40.931544], [-73.070208, 40.930298], [-73.06926, 40.931407], [-73.071328, 40.93196], [-73.066857, 40.933033], [-73.066963, 40.93421], [-73.066961, 40.934417], [-73.062015, 40.933698], [-73.054494, 40.934346], [-73.053464, 40.934449], [-73.045494, 40.933544], [-73.04374, 40.933599], [-73.039652, 40.9347], [-73.039667, 40.93586], [-73.037359, 40.936139], [-73.036765, 40.934246], [-73.035666, 40.933135], [-73.035062, 40.931635], [-73.033982, 40.928329], [-73.03086, 40.927009], [-73.028664, 40.925461], [-73.026458, 40.92414], [-73.024768, 40.924339], [-73.025372, 40.92879], [-73.025891, 40.930017], [-73.023843, 40.930634], [-73.022234, 40.927988], [-73.02142, 40.921469], [-73.023628, 40.921329], [-73.023121, 40.921149], [-73.022552, 40.918781], [-73.020707, 40.918365], [-73.019265, 40.917965], [-73.017448, 40.917228], [-73.010964, 40.915293], [-73.010255, 40.912373], [-73.009536, 40.912437], [-73.008759, 40.907367], [-73.009024, 40.904564], [-73.009692, 40.904404], [-73.009748, 40.904074], [-73.012352, 40.903862], [-73.012207, 40.903612], [-73.013289, 40.903807], [-73.018645, 40.902331], [-73.018669, 40.902542], [-73.021377, 40.902263], [-73.023626, 40.901874], [-73.026692, 40.901633], [-73.027374, 40.905022], [-73.032318, 40.904764], [-73.032055, 40.901463], [-73.031981, 40.900928], [-73.031573, 40.896484], [-73.036065, 40.896243], [-73.036004, 40.895953], [-73.035425, 40.895988], [-73.034942, 40.892475], [-73.035579, 40.892434], [-73.03515, 40.888503], [-73.035532, 40.888992], [-73.042969, 40.894717], [-73.04403, 40.894174], [-73.045889, 40.893734], [-73.045878, 40.893596], [-73.046907, 40.893574], [-73.047445, 40.893453], [-73.047868, 40.894283], [-73.047878, 40.894361], [-73.04969, 40.893921], [-73.051086, 40.892441], [-73.05051, 40.8905], [-73.052188, 40.890447], [-73.052454, 40.89439], [-73.051633, 40.896407], [-73.053976, 40.896488], [-73.053559, 40.893127], [-73.053495, 40.892717], [-73.059647, 40.892459], [-73.059202, 40.892348], [-73.060025, 40.892301], [-73.062853, 40.891753], [-73.063875, 40.891239], [-73.064301, 40.891074], [-73.064795, 40.891127], [-73.067678, 40.889798], [-73.067427, 40.891457], [-73.068078, 40.892122], [-73.067831, 40.894919], [-73.068751, 40.897529], [-73.068929, 40.898921], [-73.069732, 40.906212], [-73.069324, 40.906467], [-73.069468, 40.91344], [-73.070063, 40.914039], [-73.07255, 40.916473], [-73.076365, 40.919097], [-73.076262, 40.919174]]]}}, {"type": "Feature", "id": "06525", "properties": {"ZCTA5CE20": "06525", "GEOID20": "06525", "zip": "06525", "STUSPS": "CT"}, "geometry": {"type": "Polygon", "coordinates": [[[-73.048203, 41.391499], [-73.047608, 41.395611], [-73.047543, 41.395834], [-73.043935, 41.394925], [-73.042848, 41.395649], [-73.041593, 41.395064], [-73.037944, 41.391915], [-73.034255, 41.391788], [-73.031388, 41.389345], [-73.029978, 41.388532], [-73.010559, 41.389796], [-73.00056, 41.390504], [-72.97245, 41.392783], [-72.965604, 41.393608], [-72.954873, 41.394475], [-72.957034, 41.392973], [-72.961132, 41.387937], [-72.967348, 41.377737], [-72.968666, 41.375111], [-72.974108, 41.365274], [-72.974656, 41.363558], [-72.975396, 41.359937], [-72.975225, 41.355449], [-72.974329, 41.350481], [-72.972909, 41.347396], [-72.971109, 41.344264], [-72.970186, 41.342897], [-72.974068, 41.341594], [-72.977248, 41.339992], [-72.98047, 41.338751], [-72.98331, 41.337307], [-72.985015, 41.333017], [-72.987296, 41.33124], [-72.988743, 41.330186], [-72.98894, 41.328893], [-72.99639, 41.32375], [-72.997111, 41.322194], [-72.998048, 41.314097], [-73.000697, 41.312623], [-73.008764, 41.31041], [-73.013074, 41.310319], [-73.016482, 41.310826], [-73.020627, 41.311095], [-73.028064, 41.311879], [-73.033576, 41.313129], [-73.040707, 41.313891], [-73.04042, 41.318545], [-73.039141, 41.326654], [-73.038934, 41.32801], [-73.039981, 41.332357], [-73.041881, 41.337578], [-73.042788, 41.338759], [-73.043843, 41.341577], [-73.043718, 41.34232], [-73.046334, 41.346078], [-73.046445, 41.352086], [-73.047162, 41.360531], [-73.04907, 41.381053], [-73.048203, 41.391499]]]}}, {"type": "Feature", "id": "12502", "properties": {"ZCTA5CE20": "12502", "GEOID20": "12502", "zip": "12502", "STUSPS": "CT"}, "geometry": {"type": "Polygon", "coordinates": [[[-73.721756, 42.123345], [-73.721185, 42.12359], [-73.7186, 42.121461], [-73.717778, 42.122052], [-73.7163, 42.12198], [-73.715652, 42.12118], [-73.714464, 42.121176], [-73.713097, 42.120646], [-73.71238, 42.121479], [-73.709728, 42.123855], [-73.709568, 42.123735], [-73.70274, 42.128352], [-73.699784, 42.13077], [-73.697575, 42.133561], [-73.696123, 42.136791], [-73.689415, 42.137956], [-73.689462, 42.135986], [-73.684934, 42.135496], [-73.687075, 42.132739], [-73.68457, 42.126865], [-73.683615, 42.122498], [-73.682906, 42.122597], [-73.68264, 42.122589], [-73.673932, 42.128532], [-73.667808, 42.129798], [-73.663669, 42.131972], [-73.66106, 42.130144], [-73.660935, 42.13119], [-73.657654, 42.132137], [-73.656674, 42.132112], [-73.654094, 42.13154], [-73.652488, 42.13049], [-73.650837, 42.127692], [-73.646979, 42.127065], [-73.644721, 42.127492], [-73.639675, 42.127528], [-73.635481, 42.126895], [-73.613916, 42.114894], [-73.615772, 42.106875], [-73.611692, 42.106626], [-73.606981, 42.10775], [-73.603912, 42.109133], [-73.603111, 42.107581], [-73.603558, 42.105493], [-73.605025, 42.104019], [-73.603272, 42.103356], [-73.601581, 42.1032], [-73.600083, 42.103364], [-73.597776, 42.103181], [-73.597093, 42.103058], [-73.592004, 42.104025], [-73.589505, 42.100809], [-73.587976, 42.10011], [-73.589578, 42.099543], [-73.591586, 42.096472], [-73.593089, 42.093152], [-73.594837, 42.091185], [-73.594726, 42.09036], [-73.592363, 42.08951], [-73.593819, 42.087635], [-73.585085, 42.086181], [-73.585269, 42.085076], [-73.585961, 42.084252], [-73.590483, 42.082151], [-73.591062, 42.081149], [-73.592805, 42.081307], [-73.590661, 42.079488], [-73.591158, 42.074862], [-73.594236, 42.075039], [-73.59641, 42.073755], [-73.594809, 42.075598], [-73.596547, 42.077238], [-73.598623, 42.075815], [-73.600382, 42.078263], [-73.598649, 42.07927], [-73.600268, 42.080611], [-73.603638, 42.077976], [-73.604804, 42.075303], [-73.6045, 42.065577], [-73.607055, 42.064245], [-73.612518, 42.064945], [-73.611809, 42.057899], [-73.613101, 42.055933], [-73.615324, 42.055686], [-73.614419, 42.053207], [-73.620484, 42.048417], [-73.619061, 42.046475], [-73.619561, 42.044399], [-73.623297, 42.045035], [-73.621561, 42.041122], [-73.621145, 42.037227], [-73.62212, 42.035547], [-73.621789, 42.034335], [-73.624527, 42.034248], [-73.624344, 42.032354], [-73.623247, 42.030096], [-73.621688, 42.028634], [-73.620949, 42.024407], [-73.621426, 42.020984], [-73.619248, 42.017956], [-73.618397, 42.016453], [-73.632741, 42.011259], [-73.632536, 42.002883], [-73.640491, 42.004399], [-73.644329, 42.004114], [-73.644278, 42.005561], [-73.643887, 42.01476], [-73.643707, 42.019251], [-73.647166, 42.034744], [-73.650161, 42.034166], [-73.655463, 42.035], [-73.655727, 42.0373], [-73.660275, 42.039415], [-73.663728, 42.037577], [-73.668107, 42.036033], [-73.669348, 42.035071], [-73.670659, 42.039509], [-73.671413, 42.046118], [-73.667796, 42.045579], [-73.666032, 42.051622], [-73.674604, 42.052799], [-73.673649, 42.056673], [-73.6814, 42.056464], [-73.682976, 42.053859], [-73.685732, 42.054551], [-73.684234, 42.055407], [-73.684607, 42.058709], [-73.688681, 42.059364], [-73.68714, 42.063439], [-73.687301, 42.066439], [-73.685955, 42.068949], [-73.688723, 42.070267], [-73.689826, 42.072562], [-73.68994, 42.074306], [-73.691426, 42.075069], [-73.690558, 42.077841], [-73.692122, 42.077363], [-73.698887, 42.074142], [-73.700675, 42.074173], [-73.703537, 42.075175], [-73.705326, 42.077071], [-73.707629, 42.077644], [-73.709904, 42.079692], [-73.711287, 42.079547], [-73.712932, 42.078199], [-73.714288, 42.078579], [-73.714959, 42.079297], [-73.71493, 42.082087], [-73.715558, 42.084006], [-73.716393, 42.084028], [-73.717342, 42.08559], [-73.720943, 42.088744], [-73.720922, 42.090516], [-73.719571, 42.091456], [-73.720191, 42.094529], [-73.719341, 42.096086], [-73.718559, 42.097891], [-73.717668, 42.102327], [-73.717252, 42.107377], [-73.715568, 42.111435], [-73.714516, 42.117849], [-73.721926, 42.123271], [-73.721756, 42.123345]]]}}, {"type": "Feature", "id": "12522", "properties": {"ZCTA5CE20": "12522", "GEOID20": "12522", "zip": "12522", "STUSPS": "CT"}, "geometry": {"type": "Polygon", "coordinates": [[[-73.650346, 41.720207], [-73.642259, 41.722786], [-73.64338, 41.723917], [-73.638375, 41.72246], [-73.631803, 41.723124], [-73.63082, 41.727108], [-73.629955, 41.730566], [-73.629126, 41.730829], [-73.627592, 41.731612], [-73.626889, 41.732517], [-73.62691, 41.732825], [-73.628481, 41.736158], [-73.626262, 41.744615], [-73.629791, 41.744559], [-73.632386, 41.744341], [-73.633025, 41.745827], [-73.637518, 41.74483], [-73.648173, 41.765274], [-73.647019, 41.766689], [-73.647349, 41.767823], [-73.644024, 41.767995], [-73.644529, 41.769631], [-73.643896, 41.770849], [-73.642518, 41.770823], [-73.63389, 41.77544], [-73.63189, 41.775516], [-73.63107, 41.775931], [-73.631113, 41.778763], [-73.628517, 41.782864], [-73.628332, 41.784115], [-73.62951, 41.784307], [-73.630645, 41.786586], [-73.629458, 41.786764], [-73.630315, 41.788405], [-73.63345, 41.791301], [-73.630024, 41.790342], [-73.627528, 41.788717], [-73.622766, 41.787758], [-73.619527, 41.784831], [-73.620011, 41.78799], [-73.616776, 41.788355], [-73.613611, 41.790444], [-73.606199, 41.791234], [-73.603545, 41.790846], [-73.602312, 41.786921], [-73.592101, 41.787797], [-73.589808, 41.776644], [-73.579265, 41.77469], [-73.578787, 41.772104], [-73.577268, 41.771943], [-73.575291, 41.775457], [-73.572132, 41.777806], [-73.566695, 41.779777], [-73.562438, 41.780911], [-73.559972, 41.781164], [-73.558366, 41.780386], [-73.567892, 41.76879], [-73.568954, 41.767152], [-73.572229, 41.760208], [-73.574305, 41.751114], [-73.567651, 41.751913], [-73.552667, 41.753509], [-73.55255, 41.758056], [-73.550311, 41.760647], [-73.549063, 41.761172], [-73.545703, 41.760638], [-73.545218, 41.761356], [-73.545279, 41.759896], [-73.538836, 41.757104], [-73.538354, 41.759345], [-73.535564, 41.761074], [-73.528172, 41.76045], [-73.528587, 41.75604], [-73.526788, 41.75531], [-73.525729, 41.753026], [-73.522027, 41.7516], [-73.522413, 41.748556], [-73.5115449368014, 41.7479169723343], [-73.5119065463255, 41.7412091156621], [-73.511921, 41.740941], [-73.5138329867247, 41.7199657508983], [-73.530688, 41.718713], [-73.551039, 41.702713], [-73.558224, 41.702731], [-73.558331, 41.706243], [-73.559585, 41.707137], [-73.560103, 41.708809], [-73.55971, 41.710004], [-73.559479, 41.715536], [-73.562004, 41.716322], [-73.564258, 41.717966], [-73.56607, 41.721029], [-73.567532, 41.721056], [-73.568671, 41.717188], [-73.569041, 41.71633], [-73.569186, 41.716039], [-73.566074, 41.715335], [-73.561998, 41.714902], [-73.562344, 41.712092], [-73.560539, 41.709389], [-73.561501, 41.707945], [-73.563323, 41.708057], [-73.563081, 41.703638], [-73.563884, 41.702652], [-73.56367, 41.70038], [-73.56151, 41.696265], [-73.561768, 41.694828], [-73.561988, 41.691957], [-73.563389, 41.690437], [-73.562276, 41.686893], [-73.564263, 41.683604], [-73.561048, 41.680626], [-73.561418, 41.679591], [-73.56012, 41.676653], [-73.561652, 41.673481], [-73.56036, 41.671478], [-73.558916, 41.666566], [-73.559615, 41.66541], [-73.55973, 41.66308], [-73.558634, 41.659685], [-73.558734, 41.657909], [-73.557723, 41.656851], [-73.563077, 41.656458], [-73.563785, 41.658483], [-73.565395, 41.658423], [-73.565575, 41.659681], [-73.571019, 41.658801], [-73.571605, 41.662638], [-73.571212, 41.663938], [-73.572148, 41.672267], [-73.572047, 41.676786], [-73.57403, 41.677382], [-73.576939, 41.677416], [-73.576772, 41.672842], [-73.576256, 41.670032], [-73.576621, 41.668294], [-73.579278, 41.665715], [-73.580756, 41.667102], [-73.580543, 41.668143], [-73.584618, 41.66786], [-73.586186, 41.666106], [-73.615586, 41.676163], [-73.618154, 41.673375], [-73.618407, 41.670641], [-73.619381, 41.669947], [-73.618759, 41.667285], [-73.620021, 41.665029], [-73.621441, 41.66462], [-73.62155, 41.663187], [-73.622851, 41.662064], [-73.625143, 41.661422], [-73.626791, 41.660266], [-73.62964, 41.657041], [-73.630555, 41.6583], [-73.631596, 41.657167], [-73.633181, 41.674588], [-73.635785, 41.701897], [-73.636037, 41.704591], [-73.634978, 41.709247], [-73.640528, 41.70849], [-73.643527, 41.70623], [-73.646287, 41.70827], [-73.648605, 41.708979], [-73.647126, 41.718231], [-73.650346, 41.720207]]]}}, {"type": "Feature", "id": "11962", "properties": {"ZCTA5CE20": "11962", "GEOID20": "11962", "zip": "11962", "STUSPS": "CT"}, "geometry": {"type": "Polygon", "coordinates": [[[-72.294511, 40.914795], [-72.291622, 40.918062], [-72.291077, 40.918529], [-72.285638, 40.924324], [-72.285574, 40.925284], [-72.287517, 40.930306], [-72.286634, 40.938013], [-72.286012, 40.94065], [-72.28553, 40.940703], [-72.288921, 40.940706], [-72.290187, 40.944941], [-72.291546, 40.947676], [-72.285182, 40.948793], [-72.281828, 40.94941], [-72.282753, 40.950618], [-72.28316, 40.953379], [-72.283513, 40.955927], [-72.285627, 40.95475], [-72.292714, 40.965213], [-72.292418, 40.967158], [-72.291296, 40.969412], [-72.28628, 40.968805], [-72.279598, 40.968897], [-72.27645, 40.968593], [-72.271968, 40.968671], [-72.261232, 40.953081], [-72.256519, 40.946102], [-72.261578, 40.945072], [-72.26295, 40.944804], [-72.259084, 40.940131], [-72.257484, 40.937686], [-72.251715, 40.930141], [-72.249706, 40.928024], [-72.245406279007, 40.9235916303406], [-72.258697, 40.918064], [-72.259074139836, 40.9179203619064], [-72.2609436711011, 40.9172083291772], [-72.274319423961, 40.91211401811], [-72.2829362483145, 40.9088322003217], [-72.2894200676447, 40.9063627623081], [-72.2897158611396, 40.9062501059148], [-72.2900064353386, 40.9061394373511], [-72.290275, 40.906644], [-72.295059, 40.913588], [-72.294511, 40.914795]]]}}, {"type": "Feature", "id": "12540", "properties": {"ZCTA5CE20": "12540", "GEOID20": "12540", "zip": "12540", "STUSPS": "CT"}, "geometry": {"type": "Polygon", "coordinates": [[[-73.808404, 41.666615], [-73.808358, 41.666923], [-73.809085, 41.669493], [-73.807992, 41.672058], [-73.8061, 41.672358], [-73.805004, 41.672385], [-73.805733, 41.673366], [-73.799887, 41.672601], [-73.79968, 41.675494], [-73.794458, 41.676976], [-73.790581, 41.674484], [-73.793333, 41.670133], [-73.791423, 41.669973], [-73.788636, 41.670172], [-73.788535, 41.670183], [-73.786998, 41.675263], [-73.787341, 41.679298], [-73.78519, 41.685528], [-73.783442, 41.688656], [-73.777329, 41.685061], [-73.774432, 41.690872], [-73.774205, 41.69212], [-73.772064, 41.696058], [-73.770548, 41.695759], [-73.768676, 41.696757], [-73.766496, 41.699243], [-73.763972, 41.697926], [-73.764327, 41.696932], [-73.760881, 41.6961], [-73.759774, 41.696392], [-73.748335, 41.697643], [-73.747433, 41.693677], [-73.746974, 41.696059], [-73.744196, 41.699898], [-73.742474, 41.699016], [-73.742414, 41.690012], [-73.741622, 41.689923], [-73.741222, 41.697622], [-73.739285, 41.697405], [-73.733024, 41.700726], [-73.730579, 41.701141], [-73.729726, 41.701398], [-73.731897, 41.702777], [-73.742534, 41.702928], [-73.742801, 41.715663], [-73.732564, 41.716557], [-73.729774, 41.718443], [-73.728247, 41.71823], [-73.727203, 41.719545], [-73.727672, 41.721834], [-73.71933, 41.722435], [-73.719344, 41.723529], [-73.715422, 41.725068], [-73.717932, 41.722766], [-73.718425, 41.72137], [-73.716827, 41.719075], [-73.715763, 41.719084], [-73.713564, 41.717207], [-73.706468, 41.714672], [-73.7044, 41.71476], [-73.701925, 41.713705], [-73.701885, 41.714017], [-73.701002, 41.713647], [-73.697596, 41.713691], [-73.694342, 41.712908], [-73.694622, 41.709822], [-73.680466, 41.707922], [-73.682029, 41.700967], [-73.681847, 41.699881], [-73.678024, 41.698235], [-73.675171, 41.699433], [-73.667986, 41.700303], [-73.666351, 41.700097], [-73.661446, 41.697033], [-73.659227, 41.705407], [-73.658621, 41.705872], [-73.655518, 41.706792], [-73.65243, 41.708332], [-73.649313, 41.709076], [-73.648605, 41.708979], [-73.646287, 41.70827], [-73.643527, 41.70623], [-73.640528, 41.70849], [-73.634978, 41.709247], [-73.636037, 41.704591], [-73.635785, 41.701897], [-73.633181, 41.674588], [-73.646489, 41.674585], [-73.648101, 41.686576], [-73.647781, 41.68939], [-73.648989, 41.689721], [-73.649256, 41.689761], [-73.649879, 41.689714], [-73.650638, 41.689818], [-73.651168, 41.689526], [-73.65712, 41.673637], [-73.673927, 41.675121], [-73.676315, 41.666099], [-73.67816, 41.662692], [-73.67791, 41.661309], [-73.679554, 41.657359], [-73.680123, 41.647706], [-73.680927, 41.646368], [-73.681748, 41.643115], [-73.682921, 41.641222], [-73.683048, 41.641067], [-73.685384, 41.638654], [-73.685579, 41.638466], [-73.683997, 41.634145], [-73.684332, 41.633698], [-73.687171, 41.633431], [-73.68849, 41.635271], [-73.689015, 41.635489], [-73.690358, 41.63464], [-73.691593, 41.635923], [-73.691247, 41.636713], [-73.691942, 41.637093], [-73.694555, 41.637075], [-73.695037, 41.635561], [-73.692676, 41.634186], [-73.693362, 41.632859], [-73.696146, 41.632863], [-73.698786, 41.634415], [-73.703113, 41.633749], [-73.708917, 41.635259], [-73.709867, 41.634849], [-73.71045, 41.635472], [-73.712934, 41.637582], [-73.723734, 41.629778], [-73.723803, 41.629874], [-73.725972, 41.630169], [-73.724908, 41.626667], [-73.72264, 41.626713], [-73.721605, 41.627428], [-73.720834, 41.626821], [-73.719692, 41.62441], [-73.724794, 41.622015], [-73.726524, 41.620463], [-73.725738, 41.619418], [-73.729221, 41.620332], [-73.731297, 41.623878], [-73.737855, 41.6237], [-73.738141, 41.625539], [-73.749582, 41.624722], [-73.749901, 41.627967], [-73.750784, 41.627759], [-73.752102, 41.627596], [-73.761264, 41.630082], [-73.762548, 41.630478], [-73.767764, 41.630036], [-73.769556, 41.628248], [-73.769394, 41.627012], [-73.772233, 41.627436], [-73.773383, 41.626104], [-73.774313, 41.625359], [-73.778207, 41.627408], [-73.779857, 41.628536], [-73.789078, 41.629987], [-73.790599, 41.633447], [-73.788574, 41.636405], [-73.78932, 41.636991], [-73.792976, 41.640062], [-73.793596, 41.6409], [-73.794108, 41.641875], [-73.795779, 41.643844], [-73.798602, 41.64463], [-73.800045, 41.644831], [-73.799897, 41.645817], [-73.803627, 41.645845], [-73.804334, 41.647186], [-73.804989, 41.649196], [-73.803453, 41.650032], [-73.801653, 41.652913], [-73.798571, 41.655105], [-73.794767, 41.656311], [-73.793792, 41.657703], [-73.795088, 41.657836], [-73.796855, 41.660646], [-73.798761, 41.659138], [-73.799153, 41.658439], [-73.804738, 41.662533], [-73.805298, 41.66282], [-73.812196, 41.664534], [-73.808404, 41.666615]]]}}, {"type": "Feature", "id": "06457", "properties": {"ZCTA5CE20": "06457", "GEOID20": "06457", "zip": "06457", "STUSPS": "CT"}, "geometry": {"type": "Polygon", "coordinates": [[[-72.752941, 41.592497], [-72.74284, 41.594398], [-72.739077, 41.594794], [-72.73161, 41.595865], [-72.72994, 41.601498], [-72.727175, 41.601994], [-72.723679, 41.603045], [-72.714538, 41.60431], [-72.712446, 41.602423], [-72.70849, 41.60378], [-72.707739, 41.602658], [-72.705171, 41.603251], [-72.696511, 41.600339], [-72.694301, 41.601422], [-72.689215, 41.60077], [-72.684072, 41.601862], [-72.680956, 41.600491], [-72.680325, 41.597373], [-72.679511, 41.597132], [-72.677099, 41.597997], [-72.674342, 41.599804], [-72.671812, 41.597626], [-72.673195, 41.594686], [-72.670357, 41.591731], [-72.667999, 41.5919], [-72.667293, 41.589238], [-72.665377, 41.587104], [-72.667898, 41.586249], [-72.668097, 41.583549], [-72.665453, 41.581878], [-72.661135, 41.580262], [-72.660246, 41.578703], [-72.65789, 41.578962], [-72.655137, 41.577455], [-72.656229, 41.576081], [-72.656101, 41.573395], [-72.654034, 41.572293], [-72.652562, 41.573018], [-72.651546, 41.573106], [-72.648802, 41.575236], [-72.648436, 41.569221], [-72.648455, 41.56784], [-72.645687, 41.564117], [-72.644297, 41.56291], [-72.641313, 41.56136], [-72.638682, 41.560388], [-72.634259, 41.560657], [-72.628924, 41.560981], [-72.624536, 41.561015], [-72.623848, 41.560561], [-72.619757, 41.561129], [-72.614017, 41.562125], [-72.609901, 41.562842], [-72.608089, 41.562758], [-72.603151, 41.560488], [-72.599307, 41.55936], [-72.595211, 41.558093], [-72.592633, 41.55781], [-72.588696, 41.558207], [-72.579846, 41.55794], [-72.576457, 41.557597], [-72.573467, 41.557101], [-72.56573, 41.55485], [-72.560802, 41.554049], [-72.554393, 41.550646], [-72.55247, 41.547511], [-72.551585, 41.545497], [-72.551128, 41.542994], [-72.550945, 41.538073], [-72.551341, 41.535304], [-72.552974, 41.531527], [-72.553798, 41.530474], [-72.555858, 41.524958], [-72.556194, 41.51932], [-72.555736, 41.514567], [-72.554912, 41.51105], [-72.55686, 41.510906], [-72.563504, 41.510125], [-72.581012, 41.507488], [-72.587721, 41.506515], [-72.589334, 41.506299], [-72.633701, 41.500201], [-72.648322, 41.498425], [-72.654672, 41.497743], [-72.671501, 41.495685], [-72.677595, 41.494838], [-72.677896, 41.49623], [-72.679054, 41.507989], [-72.680459, 41.514708], [-72.680313, 41.5162], [-72.681269, 41.516869], [-72.680863, 41.522705], [-72.682575, 41.531089], [-72.686435, 41.535126], [-72.687362, 41.536157], [-72.688093, 41.537033], [-72.688199, 41.538631], [-72.690218, 41.542023], [-72.691323, 41.543959], [-72.694345, 41.549201], [-72.700899, 41.54891], [-72.700903, 41.549028], [-72.711334, 41.547887], [-72.712268, 41.548608], [-72.722619, 41.547959], [-72.733584, 41.546158], [-72.734864, 41.544327], [-72.742527, 41.544073], [-72.748878, 41.544279], [-72.748931, 41.545673], [-72.748991, 41.546308], [-72.749269, 41.547485], [-72.75024, 41.559177], [-72.750864, 41.564441], [-72.752181, 41.578894], [-72.752941, 41.592497]], [[-72.666515, 41.543217], [-72.659931, 41.543896], [-72.65984, 41.544048], [-72.659281, 41.54614], [-72.659292, 41.548275], [-72.659238, 41.548631], [-72.658423, 41.55104], [-72.658429, 41.553573], [-72.654272, 41.554169], [-72.654647, 41.555584], [-72.653691, 41.557292], [-72.654931, 41.559426], [-72.653737, 41.560264], [-72.654325, 41.561174], [-72.658255, 41.559858], [-72.661176, 41.55895], [-72.66111, 41.55841], [-72.659089, 41.559091], [-72.658172, 41.55737], [-72.66102, 41.556014], [-72.661065, 41.557139], [-72.662138, 41.557115], [-72.661153, 41.553745], [-72.660749, 41.554607], [-72.660246, 41.553326], [-72.659751, 41.552893], [-72.659497, 41.553022], [-72.659806, 41.550729], [-72.660337, 41.552595], [-72.662192, 41.551716], [-72.663558, 41.55125], [-72.66446, 41.550947], [-72.665001, 41.550034], [-72.666515, 41.543217]]]}}, {"type": "Feature", "id": "06042", "properties": {"ZCTA5CE20": "06042", "GEOID20": "06042", "zip": "06042", "STUSPS": "CT"}, "geometry": {"type": "Polygon", "coordinates": [[[-72.583489, 41.800644], [-72.580539, 41.801567], [-72.579588, 41.80208], [-72.575916, 41.802894], [-72.555338, 41.808089], [-72.540541, 41.811741], [-72.535564, 41.812972], [-72.528878, 41.814511], [-72.521077, 41.816545], [-72.520793, 41.817076], [-72.520624, 41.817142], [-72.520449, 41.817114], [-72.519315, 41.816795], [-72.516687, 41.817205], [-72.50543, 41.820298], [-72.506428, 41.815506], [-72.507531, 41.809698], [-72.502559, 41.810176], [-72.491959, 41.811353], [-72.487364, 41.811751], [-72.485404, 41.812233], [-72.476029, 41.812997], [-72.47364, 41.799141], [-72.473468, 41.798264], [-72.472281, 41.79096], [-72.474465, 41.788553], [-72.475849, 41.788568], [-72.477909, 41.786769], [-72.478334, 41.785702], [-72.481836, 41.786274], [-72.482892, 41.786322], [-72.483682, 41.786314], [-72.48852, 41.785755], [-72.488458, 41.786005], [-72.489152, 41.787818], [-72.491876, 41.787456], [-72.491655, 41.785522], [-72.492242, 41.78615], [-72.497373, 41.784999], [-72.496416, 41.786637], [-72.499209, 41.786628], [-72.497902, 41.784964], [-72.499524, 41.784736], [-72.500444, 41.784883], [-72.505471, 41.784765], [-72.505825, 41.784284], [-72.508357, 41.783958], [-72.510655, 41.783663], [-72.511802, 41.786894], [-72.516366, 41.78598], [-72.515789, 41.785842], [-72.516366, 41.784449], [-72.519664, 41.783695], [-72.519788, 41.784011], [-72.522615, 41.783781], [-72.523242, 41.783351], [-72.523717, 41.78347], [-72.523744, 41.783751], [-72.524133, 41.783701], [-72.524235, 41.784093], [-72.525923, 41.783994], [-72.52586, 41.783557], [-72.526492, 41.783496], [-72.526509, 41.782987], [-72.528626, 41.782769], [-72.529801, 41.782668], [-72.532213, 41.782328], [-72.532389, 41.782919], [-72.533485, 41.782843], [-72.534933, 41.781786], [-72.535013, 41.781646], [-72.535312, 41.782133], [-72.538063, 41.78178], [-72.538198, 41.78152], [-72.5392, 41.781261], [-72.54003, 41.781185], [-72.540221, 41.780775], [-72.542685, 41.780704], [-72.547799, 41.782231], [-72.549697, 41.780998], [-72.551961, 41.781208], [-72.552054, 41.781605], [-72.553118, 41.781699], [-72.553388, 41.781656], [-72.553407, 41.781347], [-72.555609, 41.781387], [-72.559634, 41.781213], [-72.562524, 41.780705], [-72.566813, 41.780141], [-72.571984, 41.780068], [-72.573566, 41.780239], [-72.579949, 41.782189], [-72.581458, 41.788799], [-72.581515, 41.789777], [-72.583489, 41.800644]]]}}, {"type": "Feature", "id": "11953", "properties": {"ZCTA5CE20": "11953", "GEOID20": "11953", "zip": "11953", "STUSPS": "CT"}, "geometry": {"type": "MultiPolygon", "coordinates": [[[[-72.920362, 40.865777], [-72.91705, 40.866033], [-72.916987, 40.863499], [-72.917335, 40.863337], [-72.919998, 40.86309], [-72.920362, 40.865777]]], [[[-72.987732, 40.892832], [-72.986151, 40.895754], [-72.9841, 40.895458], [-72.983066, 40.895602], [-72.982776, 40.897571], [-72.977183, 40.898529], [-72.975982, 40.903789], [-72.97444, 40.904087], [-72.975196, 40.904803], [-72.978866, 40.905277], [-72.979552, 40.905635], [-72.979934, 40.905994], [-72.984573, 40.910711], [-72.980751, 40.910659], [-72.981153, 40.913541], [-72.976733, 40.912877], [-72.96582, 40.913692], [-72.962906, 40.910183], [-72.960089, 40.905955], [-72.956664, 40.904895], [-72.955443, 40.905479], [-72.95424, 40.907928], [-72.95204, 40.908291], [-72.941954, 40.907818], [-72.93923, 40.906784], [-72.935278, 40.906685], [-72.930858, 40.90736], [-72.929311, 40.908454], [-72.922311, 40.90821], [-72.918514, 40.906443], [-72.915071, 40.906953], [-72.915258, 40.902557], [-72.917057, 40.896652], [-72.917969, 40.891393], [-72.917738, 40.887256], [-72.917822, 40.887245], [-72.919042, 40.882892], [-72.922735, 40.874717], [-72.923125, 40.872855], [-72.925337, 40.86948], [-72.926154, 40.868339], [-72.928701, 40.865889], [-72.934949, 40.865101], [-72.936812, 40.86533], [-72.939131, 40.864006], [-72.939643, 40.863636], [-72.941878, 40.863113], [-72.942672, 40.863276], [-72.944175, 40.859909], [-72.946448, 40.857761], [-72.947165, 40.855602], [-72.946365, 40.852034], [-72.946633, 40.851295], [-72.94722, 40.851036], [-72.948067, 40.854238], [-72.952559, 40.85469], [-72.952666, 40.853247], [-72.952331, 40.851116], [-72.954468, 40.851002], [-72.957252, 40.851172], [-72.961029, 40.851719], [-72.962151, 40.851929], [-72.961373, 40.852973], [-72.961013, 40.856379], [-72.961935, 40.858829], [-72.960934, 40.858934], [-72.961158, 40.861183], [-72.969063, 40.860527], [-72.970174, 40.869558], [-72.971731, 40.8695], [-72.971694, 40.869179], [-72.975258, 40.868953], [-72.976538, 40.870592], [-72.97708, 40.874659], [-72.977714, 40.874653], [-72.975996, 40.875236], [-72.97615, 40.875959], [-72.978386, 40.875221], [-72.978537, 40.875956], [-72.977378, 40.876027], [-72.978089, 40.879995], [-72.978445, 40.879956], [-72.978574, 40.880446], [-72.979317, 40.880371], [-72.97969, 40.882255], [-72.980514, 40.886695], [-72.982153, 40.889682], [-72.984344, 40.889258], [-72.986181, 40.891179], [-72.988205, 40.892224], [-72.987732, 40.892832]]]]}}, {"type": "Feature", "id": "06238", "properties": {"ZCTA5CE20": "06238", "GEOID20": "06238", "zip": "06238", "STUSPS": "CT"}, "geometry": {"type": "Polygon", "coordinates": [[[-72.421527, 41.825498], [-72.405163, 41.827019], [-72.376083, 41.82996], [-72.357635, 41.832175], [-72.337347, 41.834312], [-72.314304, 41.837384], [-72.312722, 41.837596], [-72.309744, 41.837772], [-72.310145, 41.836059], [-72.310183, 41.834924], [-72.308512, 41.833142], [-72.310958, 41.829395], [-72.313071, 41.829406], [-72.314159, 41.82792], [-72.312964, 41.827133], [-72.313333, 41.824135], [-72.314004, 41.822462], [-72.313069, 41.820425], [-72.313816, 41.818521], [-72.316781, 41.816359], [-72.316678, 41.814497], [-72.315014, 41.813164], [-72.315321, 41.809289], [-72.316722, 41.808222], [-72.3161, 41.807742], [-72.316031, 41.805556], [-72.310223, 41.802925], [-72.309765, 41.800621], [-72.312704, 41.79928], [-72.312828, 41.798314], [-72.309015, 41.796287], [-72.305925, 41.795394], [-72.302717, 41.797457], [-72.299875, 41.797156], [-72.296303, 41.795469], [-72.295991, 41.795013], [-72.291557, 41.795325], [-72.280591, 41.784181], [-72.280228, 41.781278], [-72.280221, 41.779221], [-72.277318, 41.777778], [-72.275362, 41.776096], [-72.275188, 41.773779], [-72.271982, 41.771204], [-72.27241, 41.767158], [-72.271117, 41.766174], [-72.270897, 41.764123], [-72.26886, 41.762517], [-72.270898, 41.760625], [-72.270872, 41.759764], [-72.267904, 41.756381], [-72.266131, 41.753352], [-72.265986, 41.750001], [-72.269467, 41.745833], [-72.267841, 41.745693], [-72.268431, 41.744837], [-72.265771, 41.743676], [-72.263535, 41.740468], [-72.263637, 41.739356], [-72.262502, 41.738337], [-72.263065, 41.73709], [-72.261722, 41.736757], [-72.260678, 41.734139], [-72.26135, 41.732748], [-72.259701, 41.729619], [-72.254003, 41.729515], [-72.252643, 41.728202], [-72.252994, 41.724921], [-72.249325, 41.724393], [-72.247094, 41.723492], [-72.246596, 41.722901], [-72.247813, 41.721936], [-72.249183, 41.723186], [-72.252704, 41.721921], [-72.253546, 41.721006], [-72.256964, 41.722186], [-72.259178, 41.722174], [-72.261517, 41.719497], [-72.26485, 41.717571], [-72.26637, 41.718043], [-72.26833, 41.719952], [-72.272449, 41.72113], [-72.275511, 41.720368], [-72.276747, 41.720659], [-72.275517, 41.72159], [-72.27819, 41.723881], [-72.280615, 41.722378], [-72.282461, 41.721989], [-72.282395, 41.722917], [-72.284475, 41.722599], [-72.284759, 41.725112], [-72.294611, 41.724994], [-72.298024, 41.726153], [-72.300295, 41.725209], [-72.302565, 41.727701], [-72.306983, 41.729039], [-72.311604, 41.731658], [-72.315054, 41.731148], [-72.3166, 41.731971], [-72.320754, 41.732377], [-72.321823, 41.733809], [-72.323098, 41.733617], [-72.327135, 41.734484], [-72.328556, 41.736382], [-72.327743, 41.738105], [-72.328872, 41.738819], [-72.353271, 41.765844], [-72.354883, 41.767127], [-72.376672, 41.764384], [-72.38092, 41.76386], [-72.410251, 41.765505], [-72.411165, 41.769922], [-72.41163, 41.772553], [-72.416269, 41.795768], [-72.416523, 41.796953], [-72.418891, 41.806559], [-72.418995, 41.806973], [-72.421257, 41.824238], [-72.421527, 41.825498]]]}}, {"type": "Feature", "id": "11952", "properties": {"ZCTA5CE20": "11952", "GEOID20": "11952", "zip": "11952", "STUSPS": "CT"}, "geometry": {"type": "Polygon", "coordinates": [[[-72.585327, 40.997587], [-72.5825616146843, 40.9992418445534], [-72.566166685507, 41.0090527953451], [-72.565406, 41.009508], [-72.5590408468346, 41.0133785290889], [-72.5581886947273, 41.0138967066463], [-72.557412, 41.014369], [-72.544768, 41.022097], [-72.5357772669725, 41.0281198618537], [-72.52789, 41.018306], [-72.528742, 41.017795], [-72.520284, 41.009554], [-72.520198, 41.009463], [-72.517962, 41.007255], [-72.513112, 41.01063], [-72.509459, 41.007415], [-72.507946, 41.006746], [-72.508333, 41.005482], [-72.505209, 41.002597], [-72.506099, 41.00103], [-72.504693, 40.99925], [-72.508178, 40.998993], [-72.507871, 40.993434], [-72.503977, 40.993722], [-72.501963, 40.993047], [-72.501851, 40.991972], [-72.500378, 40.988691], [-72.49953, 40.988691], [-72.500186, 40.98839], [-72.50388, 40.986757], [-72.504871, 40.986902], [-72.504733, 40.986662], [-72.504414, 40.985716], [-72.505772, 40.984838], [-72.508313, 40.984007], [-72.523099, 40.980787], [-72.526409, 40.979619], [-72.527914, 40.978693], [-72.531851, 40.97674], [-72.532664, 40.976148], [-72.532797, 40.976052], [-72.5352, 40.974213], [-72.535803, 40.973268], [-72.537214, 40.97471], [-72.536574, 40.976132], [-72.540736, 40.977674], [-72.545139, 40.977627], [-72.546238, 40.978173], [-72.547117, 40.977431], [-72.549131, 40.976454], [-72.549582, 40.976804], [-72.555313, 40.978562], [-72.55622, 40.977731], [-72.554977, 40.976229], [-72.560644, 40.973239], [-72.571595, 40.982501], [-72.572371, 40.982149], [-72.575948, 40.986379], [-72.57871, 40.98588], [-72.582422, 40.984897], [-72.5916829950277, 40.9955263082587], [-72.585327, 40.997587]]]}}, {"type": "Feature", "id": "01028", "properties": {"ZCTA5CE20": "01028", "GEOID20": "01028", "zip": "01028", "STUSPS": "CT"}, "geometry": {"type": "Polygon", "coordinates": [[[-72.539409, 42.081222], [-72.534358, 42.081835], [-72.528275, 42.082582], [-72.51609, 42.084086], [-72.511629, 42.084622], [-72.50352, 42.085613], [-72.502878, 42.08569], [-72.50279, 42.086058], [-72.502419, 42.086046], [-72.502296, 42.086339], [-72.499436, 42.086678], [-72.499313, 42.086129], [-72.49111, 42.087175], [-72.490967, 42.087193], [-72.479622, 42.088638], [-72.471087, 42.089722], [-72.469939, 42.084764], [-72.469248, 42.081784], [-72.467995, 42.076335], [-72.463136, 42.055325], [-72.461338, 42.047511], [-72.4582913228665, 42.0340056752259], [-72.4596911701656, 42.0340114743722], [-72.4601204240419, 42.0340132526419], [-72.4797597224356, 42.0340946123475], [-72.5092040512358, 42.0342165913446], [-72.51715282224, 42.0342495207118], [-72.5245899680222, 42.0342803305697], [-72.5246152595797, 42.034280435345], [-72.528131, 42.034295], [-72.5314944001573, 42.0339852092183], [-72.535345, 42.056765], [-72.535535, 42.05785], [-72.536639, 42.063736], [-72.537774, 42.070543], [-72.535826, 42.070818], [-72.536449, 42.073858], [-72.538094, 42.073699], [-72.538374, 42.073951], [-72.539553, 42.081208], [-72.539409, 42.081222]]]}}, {"type": "Feature", "id": "06235", "properties": {"ZCTA5CE20": "06235", "GEOID20": "06235", "zip": "06235", "STUSPS": "CT"}, "geometry": {"type": "Polygon", "coordinates": [[[-72.163924, 41.828911], [-72.161507, 41.829808], [-72.159445, 41.831876], [-72.158007, 41.832216], [-72.155482, 41.834695], [-72.154297, 41.834945], [-72.145113, 41.834855], [-72.140378, 41.834614], [-72.133985, 41.834578], [-72.129049, 41.834301], [-72.12595, 41.83391], [-72.113995, 41.83169], [-72.096671, 41.831663], [-72.093275, 41.831643], [-72.092446, 41.83167], [-72.096642, 41.768086], [-72.099728, 41.757105], [-72.102628, 41.744435], [-72.112001, 41.745892], [-72.112045, 41.745897], [-72.122521, 41.748768], [-72.15021, 41.752773], [-72.150738, 41.752842], [-72.153477, 41.753157], [-72.156321, 41.753491], [-72.156719, 41.753719], [-72.159342, 41.781159], [-72.163218, 41.822034], [-72.163211, 41.822222], [-72.163924, 41.828911]]]}}, {"type": "Feature", "id": "06259", "properties": {"ZCTA5CE20": "06259", "GEOID20": "06259", "zip": "06259", "STUSPS": "CT"}, "geometry": {"type": "Polygon", "coordinates": [[[-72.083338, 41.880587], [-72.082289, 41.882776], [-72.080784, 41.883287], [-72.079522, 41.884966], [-72.079295, 41.886716], [-72.077929, 41.887888], [-72.077841, 41.889526], [-72.078914, 41.890683], [-72.077563, 41.892977], [-72.076168, 41.892977], [-72.07611, 41.894903], [-72.074744, 41.895238], [-72.074443, 41.896648], [-72.072174, 41.895567], [-72.071459, 41.895696], [-72.07094, 41.895951], [-72.070918, 41.897679], [-72.070287, 41.898113], [-72.070279, 41.898738], [-72.070632, 41.899814], [-72.069244, 41.900478], [-72.068906, 41.901279], [-72.067342, 41.90208], [-72.066211, 41.902348], [-72.062649, 41.905866], [-72.060012, 41.91065], [-72.060159, 41.912186], [-72.060438, 41.912274], [-72.06029, 41.91455], [-72.055507, 41.914509], [-72.050059, 41.914746], [-72.043952, 41.914552], [-72.005217, 41.914404], [-71.999424, 41.91481], [-71.989131, 41.915056], [-71.980877, 41.915289], [-71.957007, 41.915978], [-71.955945, 41.916165], [-71.936939, 41.916788], [-71.933847, 41.916861], [-71.933004, 41.909933], [-71.932701, 41.909475], [-71.931673, 41.905164], [-71.927171, 41.90075], [-71.92663, 41.899561], [-71.925659, 41.897574], [-71.924038, 41.892444], [-71.922507, 41.888652], [-71.92123, 41.886755], [-71.923474, 41.883498], [-71.923062, 41.881477], [-71.923726, 41.878025], [-71.924965, 41.874534], [-71.923204, 41.870481], [-71.91736, 41.869241], [-71.919187, 41.867809], [-71.921887, 41.864408], [-71.923234, 41.862094], [-71.923489, 41.859082], [-71.926156, 41.856355], [-71.927131, 41.853393], [-71.927003, 41.850248], [-71.92515, 41.849511], [-71.922882, 41.850174], [-71.920873, 41.849313], [-71.927456, 41.848458], [-71.931295, 41.847343], [-71.931589, 41.845991], [-71.92963, 41.842688], [-71.929521, 41.840893], [-71.93046, 41.840071], [-71.928567, 41.836887], [-71.926894, 41.835797], [-71.928413, 41.834145], [-71.931083, 41.834207], [-71.931421, 41.834991], [-71.93354, 41.834777], [-71.934774, 41.831875], [-71.93255, 41.830901], [-71.932646, 41.829575], [-71.930306, 41.828909], [-71.931435, 41.827265], [-71.932982, 41.82677], [-71.936638, 41.82689], [-71.958701, 41.826823], [-71.976605, 41.826768], [-71.976661, 41.824179], [-71.978058, 41.820888], [-71.977629, 41.818307], [-71.992262, 41.818523], [-71.991969, 41.806133], [-72.014491, 41.804989], [-72.016318, 41.812662], [-72.021401, 41.828199], [-72.031799, 41.831717], [-72.044738, 41.831548], [-72.044513, 41.863119], [-72.050772, 41.867977], [-72.054718, 41.869901], [-72.062268, 41.872116], [-72.061655, 41.873903], [-72.062363, 41.877954], [-72.061181, 41.881721], [-72.064279, 41.881286], [-72.065814, 41.881544], [-72.070321, 41.879963], [-72.072157, 41.88156], [-72.075637, 41.881894], [-72.076591, 41.879622], [-72.082303, 41.88079], [-72.083338, 41.880587]], [[-71.96543, 41.88534], [-71.964415, 41.88468], [-71.964143, 41.883384], [-71.961892, 41.883539], [-71.962081, 41.887601], [-71.965169, 41.887453], [-71.96543, 41.88534]]]}}, {"type": "Feature", "id": "06419", "properties": {"ZCTA5CE20": "06419", "GEOID20": "06419", "zip": "06419", "STUSPS": "CT"}, "geometry": {"type": "Polygon", "coordinates": [[[-72.653672, 41.438125], [-72.65308, 41.438206], [-72.645026, 41.439202], [-72.638379, 41.439583], [-72.62689, 41.440544], [-72.623701, 41.44104], [-72.614791, 41.441745], [-72.60896, 41.44309], [-72.604916, 41.440206], [-72.569999, 41.41477], [-72.566289, 41.415763], [-72.555342, 41.418145], [-72.548917, 41.419203], [-72.538782, 41.421491], [-72.528007, 41.388321], [-72.524062, 41.376179], [-72.51395, 41.346403], [-72.512034, 41.341599], [-72.526203, 41.33832], [-72.531728, 41.336764], [-72.548802, 41.3277], [-72.549548, 41.327391], [-72.558821, 41.322306], [-72.573581, 41.314829], [-72.574417, 41.314672], [-72.582618, 41.311302], [-72.585657, 41.309852], [-72.588574, 41.3117], [-72.586565, 41.312936], [-72.584885, 41.312934], [-72.585206, 41.314232], [-72.587062, 41.313706], [-72.589415, 41.315133], [-72.587809, 41.316045], [-72.585318, 41.318618], [-72.585768, 41.322976], [-72.586417, 41.324217], [-72.587341, 41.324326], [-72.589445, 41.322663], [-72.591804, 41.322778], [-72.592866, 41.324065], [-72.595708, 41.328035], [-72.597193, 41.328533], [-72.600784, 41.325814], [-72.60251, 41.325977], [-72.605226, 41.327609], [-72.608654, 41.328175], [-72.611518, 41.327506], [-72.612077, 41.32922], [-72.614407, 41.329966], [-72.614963, 41.333588], [-72.613604, 41.336223], [-72.614405, 41.337002], [-72.612689, 41.340866], [-72.612705, 41.342414], [-72.611213, 41.343233], [-72.61139, 41.347096], [-72.612834, 41.350219], [-72.611605, 41.352327], [-72.612655, 41.353834], [-72.612563, 41.357205], [-72.612233, 41.362674], [-72.609746, 41.363368], [-72.609346, 41.365357], [-72.61014, 41.367148], [-72.608132, 41.367404], [-72.609241, 41.370529], [-72.60884, 41.373513], [-72.611524, 41.3765], [-72.614006, 41.38078], [-72.613837, 41.384398], [-72.612328, 41.386179], [-72.616032, 41.388742], [-72.61801, 41.391656], [-72.622458, 41.393594], [-72.625909, 41.397165], [-72.625027, 41.399092], [-72.626278, 41.400189], [-72.629017, 41.401232], [-72.63083, 41.403589], [-72.630587, 41.406943], [-72.632269, 41.408122], [-72.632325, 41.412315], [-72.637801, 41.41232], [-72.641634, 41.413736], [-72.645073, 41.415802], [-72.646875, 41.415744], [-72.647406, 41.416962], [-72.649214, 41.417345], [-72.649739, 41.418387], [-72.650482, 41.419119], [-72.648789, 41.421998], [-72.645184, 41.425806], [-72.642351, 41.429323], [-72.646843, 41.431153], [-72.649591, 41.431007], [-72.648363, 41.435148], [-72.650908, 41.435031], [-72.653018, 41.434914], [-72.654563, 41.43626], [-72.653672, 41.438125]]]}}, {"type": "Feature", "id": "12594", "properties": {"ZCTA5CE20": "12594", "GEOID20": "12594", "zip": "12594", "STUSPS": "CT"}, "geometry": {"type": "Polygon", "coordinates": [[[-73.638774, 41.647555], [-73.633685, 41.648116], [-73.630729, 41.647153], [-73.631596, 41.657167], [-73.630555, 41.6583], [-73.62964, 41.657041], [-73.626791, 41.660266], [-73.625143, 41.661422], [-73.622851, 41.662064], [-73.62155, 41.663187], [-73.621441, 41.66462], [-73.620021, 41.665029], [-73.618759, 41.667285], [-73.619381, 41.669947], [-73.618407, 41.670641], [-73.618154, 41.673375], [-73.615586, 41.676163], [-73.586186, 41.666106], [-73.584618, 41.66786], [-73.580543, 41.668143], [-73.580756, 41.667102], [-73.579278, 41.665715], [-73.576621, 41.668294], [-73.576256, 41.670032], [-73.576772, 41.672842], [-73.576939, 41.677416], [-73.57403, 41.677382], [-73.572047, 41.676786], [-73.572148, 41.672267], [-73.571212, 41.663938], [-73.571605, 41.662638], [-73.571019, 41.658801], [-73.565575, 41.659681], [-73.565395, 41.658423], [-73.563785, 41.658483], [-73.563077, 41.656458], [-73.557723, 41.656851], [-73.558734, 41.657909], [-73.558634, 41.659685], [-73.55973, 41.66308], [-73.559615, 41.66541], [-73.558916, 41.666566], [-73.56036, 41.671478], [-73.561652, 41.673481], [-73.56012, 41.676653], [-73.561418, 41.679591], [-73.561048, 41.680626], [-73.564263, 41.683604], [-73.562276, 41.686893], [-73.563389, 41.690437], [-73.561988, 41.691957], [-73.561768, 41.694828], [-73.56151, 41.696265], [-73.56367, 41.70038], [-73.563884, 41.702652], [-73.563081, 41.703638], [-73.563323, 41.708057], [-73.561501, 41.707945], [-73.560539, 41.709389], [-73.562344, 41.712092], [-73.561998, 41.714902], [-73.566074, 41.715335], [-73.569186, 41.716039], [-73.569041, 41.71633], [-73.568671, 41.717188], [-73.567532, 41.721056], [-73.56607, 41.721029], [-73.564258, 41.717966], [-73.562004, 41.716322], [-73.559479, 41.715536], [-73.55971, 41.710004], [-73.560103, 41.708809], [-73.559585, 41.707137], [-73.558331, 41.706243], [-73.558224, 41.702731], [-73.551039, 41.702713], [-73.530688, 41.718713], [-73.5138329867247, 41.7199657508983], [-73.5159914638673, 41.6962864046138], [-73.5165907759759, 41.6897117142119], [-73.516785, 41.687581], [-73.5179500508434, 41.670860790123], [-73.5182376035525, 41.6667339816894], [-73.520017, 41.641197], [-73.5200737332017, 41.6400100350447], [-73.5210383249554, 41.619828966949], [-73.576879, 41.614024], [-73.574527, 41.625114], [-73.574422, 41.62563], [-73.576593, 41.626457], [-73.576473, 41.628164], [-73.574692, 41.633503], [-73.574233, 41.637911], [-73.580558, 41.638158], [-73.588067, 41.639509], [-73.588278, 41.638578], [-73.59036, 41.638923], [-73.592155, 41.640938], [-73.596223, 41.639079], [-73.599768, 41.638496], [-73.60262, 41.639072], [-73.605089, 41.637012], [-73.605022, 41.63331], [-73.611657, 41.63288], [-73.617508, 41.635036], [-73.621289, 41.634993], [-73.624988, 41.636248], [-73.625277, 41.640257], [-73.630103, 41.639838], [-73.630109, 41.639908], [-73.63866, 41.640224], [-73.640066, 41.645406], [-73.638774, 41.647555]]]}}, {"type": "Feature", "id": "06810", "properties": {"ZCTA5CE20": "06810", "GEOID20": "06810", "zip": "06810", "STUSPS": "CT"}, "geometry": {"type": "Polygon", "coordinates": [[[-73.543425, 41.376622], [-73.5434148559124, 41.3767540709835], [-73.5424728244938, 41.3890188523784], [-73.5424697738594, 41.3890585701244], [-73.540847, 41.389381], [-73.533448, 41.392168], [-73.530466, 41.392686], [-73.527197, 41.392549], [-73.520679, 41.390479], [-73.516723, 41.39015], [-73.506763, 41.389501], [-73.497147, 41.387135], [-73.491425, 41.385784], [-73.48539, 41.383508], [-73.483698, 41.383476], [-73.476683, 41.385578], [-73.475822, 41.387398], [-73.47586, 41.388317], [-73.477961, 41.39317], [-73.478108, 41.394263], [-73.477729, 41.395488], [-73.474867, 41.398495], [-73.47311, 41.399578], [-73.468755, 41.401089], [-73.467148, 41.401461], [-73.46613, 41.40172], [-73.464523, 41.402389], [-73.462783, 41.403448], [-73.460818, 41.405249], [-73.458157, 41.407779], [-73.455394, 41.409721], [-73.453523, 41.410701], [-73.451218, 41.411631], [-73.45069, 41.411799], [-73.43738, 41.414738], [-73.427122, 41.417361], [-73.424211, 41.418611], [-73.419801, 41.421239], [-73.415684, 41.424307], [-73.411924, 41.429532], [-73.405965, 41.428194], [-73.40611, 41.416061], [-73.406019, 41.415442], [-73.405807, 41.414773], [-73.402114, 41.405598], [-73.400825, 41.403449], [-73.401176, 41.402854], [-73.40481, 41.402417], [-73.404898, 41.401031], [-73.407293, 41.395742], [-73.407719, 41.395635], [-73.411985, 41.391718], [-73.414668, 41.389613], [-73.41669, 41.386261], [-73.420493, 41.384219], [-73.420973, 41.384668], [-73.423934, 41.382346], [-73.424717, 41.38216], [-73.425294, 41.380232], [-73.42583, 41.380403], [-73.426492, 41.380416], [-73.427904, 41.379987], [-73.42788, 41.380618], [-73.429582, 41.380002], [-73.432646, 41.378476], [-73.433845, 41.375888], [-73.435021, 41.372399], [-73.433704, 41.367366], [-73.433366, 41.366753], [-73.432329, 41.36288], [-73.430577, 41.355726], [-73.425397, 41.337849], [-73.42433, 41.335289], [-73.441165, 41.331751], [-73.46188, 41.327936], [-73.467651, 41.326873], [-73.470102, 41.326421], [-73.472831, 41.332085], [-73.474163, 41.334591], [-73.475859, 41.337436], [-73.485401, 41.356617], [-73.487054, 41.357262], [-73.501608, 41.362138], [-73.500993, 41.363705], [-73.502177, 41.363789], [-73.504813, 41.373282], [-73.506444, 41.377409], [-73.51073, 41.37725], [-73.534286, 41.375704], [-73.534924, 41.375604], [-73.539, 41.375375], [-73.54189, 41.375199], [-73.5436192944484, 41.3750940374418], [-73.543425, 41.376622]]]}}, {"type": "Feature", "id": "06029", "properties": {"ZCTA5CE20": "06029", "GEOID20": "06029", "zip": "06029", "STUSPS": "CT"}, "geometry": {"type": "Polygon", "coordinates": [[[-72.51733, 41.869897], [-72.516924, 41.873639], [-72.515226, 41.899467], [-72.514628, 41.916631], [-72.514128, 41.932564], [-72.51363, 41.942997], [-72.51333, 41.945401], [-72.505528, 41.946397], [-72.492729, 41.947497], [-72.491878, 41.947553], [-72.490489, 41.94768], [-72.482348, 41.948992], [-72.480891, 41.949176], [-72.457973, 41.95178], [-72.447329, 41.953106], [-72.430063, 41.955001], [-72.412118, 41.956883], [-72.406746, 41.957164], [-72.407226, 41.941397], [-72.39152, 41.941698], [-72.371764, 41.941804], [-72.366791, 41.941501], [-72.336768, 41.94121], [-72.338409, 41.939114], [-72.33482, 41.937654], [-72.338562, 41.928918], [-72.335758, 41.926389], [-72.377932, 41.921243], [-72.389456, 41.91999], [-72.411542, 41.917648], [-72.429516, 41.915022], [-72.42997, 41.914811], [-72.430261, 41.914706], [-72.43084, 41.914541], [-72.431225, 41.91448], [-72.429324, 41.893694], [-72.429622, 41.891898], [-72.428017, 41.874598], [-72.43802, 41.873299], [-72.438194, 41.873279], [-72.450816, 41.871699], [-72.460488, 41.870626], [-72.463868, 41.870015], [-72.464403, 41.869958], [-72.469569, 41.869305], [-72.485035, 41.867256], [-72.488149, 41.866895], [-72.492802, 41.866391], [-72.492511, 41.867417], [-72.494467, 41.86617], [-72.495537, 41.865991], [-72.49681, 41.860616], [-72.501927, 41.859457], [-72.515142, 41.857461], [-72.51833, 41.856899], [-72.51733, 41.869897]]]}}, {"type": "Feature", "id": "11957", "properties": {"ZCTA5CE20": "11957", "GEOID20": "11957", "zip": "11957", "STUSPS": "CT"}, "geometry": {"type": "MultiPolygon", "coordinates": [[[[-72.211393, 41.176562], [-72.208683, 41.179428], [-72.189141, 41.188311], [-72.185612, 41.188607], [-72.182067, 41.187467], [-72.172972, 41.187296], [-72.164225, 41.190376], [-72.161834, 41.190324], [-72.161542, 41.188776], [-72.167348, 41.185978], [-72.178653, 41.18407], [-72.18413, 41.185013], [-72.186805, 41.183104], [-72.197319, 41.165468], [-72.200056, 41.165633], [-72.204397, 41.171787], [-72.211999, 41.173544], [-72.211393, 41.176562]]], [[[-72.3192340811663, 41.1408998893658], [-72.31669, 41.143214], [-72.3164321727203, 41.1435293197995], [-72.312775, 41.148002], [-72.307525, 41.147011], [-72.3027608226406, 41.1502274863469], [-72.298949, 41.152801], [-72.291109, 41.155874], [-72.278789, 41.158722], [-72.272997, 41.15501], [-72.266947, 41.15408], [-72.252678, 41.159629], [-72.247003, 41.160944], [-72.239673, 41.159461], [-72.23549, 41.160382], [-72.234026, 41.160032], [-72.233927, 41.158914], [-72.24258, 41.153296], [-72.251816, 41.141962], [-72.253572, 41.137138], [-72.2536849601583, 41.1368342027141], [-72.254744, 41.133986], [-72.2608, 41.129785], [-72.265124, 41.128482], [-72.2651259880015, 41.1284818455555], [-72.269346, 41.128154], [-72.278741, 41.122222], [-72.2797605124585, 41.1217946057096], [-72.289306, 41.117793], [-72.294106, 41.114121], [-72.295995, 41.114287], [-72.2962315502648, 41.1150973918776], [-72.296366, 41.115558], [-72.293151, 41.11786], [-72.2856652124414, 41.125239444055], [-72.285619, 41.125285], [-72.284469, 41.126273], [-72.285212, 41.1273], [-72.2856611971058, 41.127444129519], [-72.300044, 41.132059], [-72.3053956771899, 41.1369411281103], [-72.306381, 41.13784], [-72.308801, 41.13979], [-72.312841, 41.140327], [-72.3169597742727, 41.1394653116003], [-72.317119, 41.139432], [-72.3171507707313, 41.1393609102819], [-72.3172563332812, 41.1391247050826], [-72.3192340811663, 41.1408998893658]]]]}}, {"type": "Feature", "id": "06518", "properties": {"ZCTA5CE20": "06518", "GEOID20": "06518", "zip": "06518", "STUSPS": "CT"}, "geometry": {"type": "MultiPolygon", "coordinates": [[[[-72.906841, 41.373644], [-72.907129, 41.376295], [-72.903786, 41.378107], [-72.904545, 41.37592], [-72.906296, 41.371047], [-72.908366, 41.371912], [-72.906841, 41.373644]]], [[[-72.963238, 41.439405], [-72.95792, 41.445198], [-72.957824, 41.446603], [-72.958139, 41.448837], [-72.957148, 41.450097], [-72.952548, 41.452897], [-72.949048, 41.455797], [-72.947448, 41.460097], [-72.948048, 41.464097], [-72.940972, 41.46342], [-72.935943, 41.462699], [-72.926745, 41.4603], [-72.918627, 41.459921], [-72.917991, 41.459863], [-72.917027, 41.459731], [-72.908387, 41.456253], [-72.902143, 41.45398], [-72.900098, 41.452988], [-72.887675, 41.44826], [-72.886667, 41.447957], [-72.886752, 41.446145], [-72.88634, 41.44614], [-72.883708, 41.446491], [-72.883214, 41.446652], [-72.876739, 41.444233], [-72.87061, 41.441751], [-72.85546, 41.435825], [-72.85136, 41.434382], [-72.85436, 41.430843], [-72.85831, 41.42953], [-72.861782, 41.425927], [-72.864094, 41.426574], [-72.874213, 41.426306], [-72.877345, 41.424481], [-72.882066, 41.423173], [-72.882757, 41.423192], [-72.883152, 41.423309], [-72.884568, 41.411406], [-72.88637, 41.411295], [-72.885813, 41.405038], [-72.886374, 41.40043], [-72.887524, 41.39683], [-72.887411, 41.393355], [-72.890814, 41.393367], [-72.892842, 41.389473], [-72.893495, 41.386144], [-72.895289, 41.384466], [-72.895386, 41.383952], [-72.896496, 41.382879], [-72.899609, 41.380246], [-72.903786, 41.378107], [-72.903444, 41.379085], [-72.907044, 41.376786], [-72.909584, 41.374425], [-72.914373, 41.376345], [-72.914602, 41.37788], [-72.913956, 41.37944], [-72.912438, 41.381065], [-72.914817, 41.381608], [-72.915291, 41.389278], [-72.915429, 41.393343], [-72.913842, 41.400089], [-72.912419, 41.403579], [-72.907932, 41.408987], [-72.908513, 41.409348], [-72.908653, 41.409618], [-72.913637, 41.40653], [-72.914698, 41.407807], [-72.920188, 41.406655], [-72.922893, 41.40716], [-72.922625, 41.408378], [-72.923472, 41.408196], [-72.924062, 41.405784], [-72.927085, 41.406052], [-72.928101, 41.405174], [-72.92993, 41.409352], [-72.932772, 41.40932], [-72.937486, 41.406785], [-72.941667, 41.40641], [-72.94041, 41.407816], [-72.93893, 41.408584], [-72.940152, 41.411224], [-72.949732, 41.417517], [-72.95256, 41.419374], [-72.950713, 41.427813], [-72.955248, 41.428925], [-72.96158, 41.432434], [-72.963487, 41.437542], [-72.963238, 41.439405]]]]}}, {"type": "Feature", "id": "06119", "properties": {"ZCTA5CE20": "06119", "GEOID20": "06119", "zip": "06119", "STUSPS": "CT"}, "geometry": {"type": "Polygon", "coordinates": [[[-72.739427, 41.768441], [-72.737578, 41.76942], [-72.737261, 41.769429], [-72.736444, 41.774355], [-72.737042, 41.778535], [-72.737107, 41.778963], [-72.731132, 41.778783], [-72.726193, 41.778611], [-72.72458, 41.778567], [-72.718377, 41.777798], [-72.720345, 41.776059], [-72.720748, 41.770352], [-72.717335, 41.770707], [-72.717073, 41.765635], [-72.716151, 41.765624], [-72.716233, 41.765475], [-72.716666, 41.765194], [-72.717047, 41.765175], [-72.717047, 41.764718], [-72.716928, 41.763804], [-72.716481, 41.763833], [-72.716438, 41.763562], [-72.715788, 41.763407], [-72.715685, 41.762513], [-72.715384, 41.760492], [-72.715352, 41.760159], [-72.715047, 41.758346], [-72.715479, 41.758272], [-72.715273, 41.75664], [-72.714782, 41.756428], [-72.715145, 41.749745], [-72.721687, 41.749851], [-72.728242, 41.749937], [-72.729302, 41.749823], [-72.73327, 41.748812], [-72.73522, 41.749239], [-72.736266, 41.754461], [-72.735304, 41.754663], [-72.735723, 41.755892], [-72.736252, 41.75695], [-72.737426, 41.75874], [-72.738204, 41.762949], [-72.738696, 41.762814], [-72.739427, 41.768441]]]}}, {"type": "Feature", "id": "06807", "properties": {"ZCTA5CE20": "06807", "GEOID20": "06807", "zip": "06807", "STUSPS": "CT"}, "geometry": {"type": "Polygon", "coordinates": [[[-73.605027, 41.036131], [-73.603258, 41.036642], [-73.602514, 41.043961], [-73.603867, 41.044581], [-73.603892, 41.047658], [-73.603586, 41.047827], [-73.602972, 41.048209], [-73.600782, 41.04869], [-73.601537, 41.050631], [-73.601608, 41.051581], [-73.602275, 41.052348], [-73.602334, 41.053331], [-73.601646, 41.054407], [-73.601421, 41.055572], [-73.598984, 41.05737], [-73.597862, 41.059954], [-73.597376, 41.060392], [-73.599913, 41.060483], [-73.599863, 41.061509], [-73.596822, 41.06214], [-73.597295, 41.068178], [-73.60081, 41.069282], [-73.602587, 41.073782], [-73.601178, 41.077756], [-73.599912, 41.078503], [-73.598586, 41.082584], [-73.598205, 41.08465], [-73.600331, 41.08593], [-73.600429, 41.086704], [-73.599354, 41.08675], [-73.597248, 41.088651], [-73.592448, 41.090614], [-73.577362, 41.071474], [-73.57649, 41.070182], [-73.578216, 41.067777], [-73.579437, 41.063058], [-73.578803, 41.060001], [-73.578443, 41.060295], [-73.578184, 41.062135], [-73.575853, 41.059426], [-73.578173, 41.059312], [-73.577905, 41.057946], [-73.578941, 41.057631], [-73.580757, 41.057628], [-73.581001, 41.0591], [-73.581613, 41.059063], [-73.582215, 41.05761], [-73.585527, 41.05339], [-73.585553, 41.04893], [-73.588257, 41.04594], [-73.589298, 41.042206], [-73.589565, 41.040879], [-73.594627, 41.030812], [-73.600927, 41.029563], [-73.603631, 41.032942], [-73.602765, 41.035841], [-73.604667, 41.034965], [-73.605027, 41.036131]]]}}, {"type": "Feature", "id": "06340", "properties": {"ZCTA5CE20": "06340", "GEOID20": "06340", "zip": "06340", "STUSPS": "CT"}, "geometry": {"type": "Polygon", "coordinates": [[[-72.09648, 41.398997], [-72.095821, 41.400398], [-72.095521, 41.402198], [-72.096021, 41.408798], [-72.095021, 41.411598], [-72.092353, 41.410381], [-72.092996, 41.406878], [-72.091243, 41.409909], [-72.090936, 41.408052], [-72.091669, 41.403224], [-72.089673, 41.403472], [-72.086794, 41.400266], [-72.080491, 41.400186], [-72.077858, 41.40009], [-72.069895, 41.399898], [-72.061075, 41.399901], [-72.045632, 41.399493], [-72.036985, 41.399442], [-72.026347, 41.399369], [-72.019827, 41.399267], [-72.015352, 41.388599], [-72.00709, 41.38785], [-72.006956, 41.387477], [-72.006722, 41.385001], [-72.008253, 41.384539], [-72.008072, 41.382315], [-72.006774, 41.382315], [-72.005679, 41.38048], [-72.00501, 41.380523], [-72.005169, 41.378609], [-72.006922, 41.372946], [-72.006717, 41.369774], [-72.006921, 41.368333], [-72.007094, 41.366724], [-72.006955, 41.361199], [-72.008021, 41.356376], [-72.009213, 41.353595], [-72.008993, 41.35109], [-72.007376, 41.351393], [-72.006725, 41.347036], [-72.005125, 41.346215], [-72.002178, 41.343625], [-72.001894, 41.3431], [-72.001603, 41.343336], [-72.000113, 41.344733], [-71.999384, 41.344937], [-71.996801, 41.343243], [-71.995579, 41.341689], [-71.996471, 41.341345], [-71.996664, 41.341084], [-71.996078, 41.339281], [-71.995093, 41.339644], [-71.99418, 41.340194], [-71.993983, 41.34053], [-71.992636, 41.337737], [-71.988552, 41.33276], [-71.98504, 41.331038], [-71.979917, 41.330398], [-71.9802752216186, 41.3299490109487], [-71.982194, 41.329861], [-71.9843410762623, 41.326515899141], [-71.9865407976565, 41.3230887782441], [-71.988153, 41.320577], [-71.9891974133674, 41.3160030895106], [-71.989231, 41.315856], [-71.9894197815126, 41.3160106218487], [-71.989616572068, 41.3161718035189], [-71.9908606263986, 41.3171907485303], [-71.993724, 41.319536], [-71.999011691448, 41.3185482647122], [-71.9997103120774, 41.318417763102], [-72.0001008130767, 41.3183448179197], [-72.000678, 41.318237], [-72.0036509005825, 41.3105467420542], [-72.005143, 41.306687], [-72.0056918504038, 41.3067203454328], [-72.0102887045407, 41.3069996275278], [-72.010838, 41.307033], [-72.0115673936891, 41.3076796279495], [-72.0202819284619, 41.3154053072847], [-72.021898, 41.316838], [-72.027497, 41.316034], [-72.030262, 41.312121], [-72.035341, 41.312821], [-72.0357776297516, 41.3140246926878], [-72.036447, 41.31587], [-72.041527, 41.318488], [-72.0419997912178, 41.3185277727209], [-72.049123, 41.319127], [-72.0528189781371, 41.315317251636], [-72.0536647216758, 41.314445474276], [-72.054728, 41.315477], [-72.063243, 41.31503], [-72.065048, 41.315238], [-72.066956, 41.318893], [-72.074104, 41.318993], [-72.0820020402424, 41.3172242653722], [-72.083631, 41.32801], [-72.08532, 41.339198], [-72.08562, 41.340598], [-72.08672, 41.348098], [-72.08592, 41.349498], [-72.08612, 41.352598], [-72.086407, 41.353867], [-72.08682, 41.355698], [-72.087838, 41.363134], [-72.088055, 41.363793], [-72.08962, 41.367598], [-72.09052, 41.369598], [-72.09322, 41.377098], [-72.092921, 41.386998], [-72.092921, 41.388898], [-72.094221, 41.392698], [-72.097221, 41.396198], [-72.09648, 41.398997]]]}}, {"type": "Feature", "id": "06511", "properties": {"ZCTA5CE20": "06511", "GEOID20": "06511", "zip": "06511", "STUSPS": "CT"}, "geometry": {"type": "Polygon", "coordinates": [[[-72.957476, 41.325242], [-72.955987, 41.324353], [-72.953436, 41.322173], [-72.952522, 41.322803], [-72.95084, 41.32394], [-72.950094, 41.325015], [-72.951738, 41.325688], [-72.951242, 41.326358], [-72.949645, 41.32571], [-72.948518, 41.327269], [-72.94955, 41.327682], [-72.947672, 41.32999], [-72.944382, 41.330305], [-72.942364, 41.32899], [-72.941013, 41.329859], [-72.94049, 41.330604], [-72.939702, 41.332035], [-72.939116, 41.333498], [-72.939233, 41.33529], [-72.940647, 41.335397], [-72.940553, 41.335846], [-72.940491, 41.335468], [-72.93798, 41.335333], [-72.937914, 41.335665], [-72.935193, 41.335471], [-72.931664, 41.334999], [-72.927935, 41.335173], [-72.928112, 41.334691], [-72.926978, 41.334587], [-72.924896, 41.334493], [-72.919963, 41.334149], [-72.913234, 41.333592], [-72.912529, 41.333192], [-72.908528, 41.33085], [-72.902541, 41.327195], [-72.897752, 41.328098], [-72.89331, 41.328897], [-72.891692, 41.328471], [-72.889471, 41.324999], [-72.891629, 41.322419], [-72.894787, 41.32136], [-72.897894, 41.318951], [-72.89771, 41.318176], [-72.899244, 41.318088], [-72.901202, 41.316733], [-72.901162, 41.316578], [-72.903425, 41.315212], [-72.904108, 41.31487], [-72.904334, 41.316377], [-72.905024, 41.316452], [-72.906761, 41.315624], [-72.907161, 41.314284], [-72.907169, 41.313482], [-72.907805, 41.312394], [-72.907562, 41.310415], [-72.907749, 41.308787], [-72.908134, 41.306046], [-72.905656, 41.303555], [-72.904523, 41.299185], [-72.904775, 41.298828], [-72.905184, 41.298252], [-72.90887, 41.300737], [-72.910762, 41.300843], [-72.910802, 41.299498], [-72.911829, 41.298615], [-72.915323, 41.297018], [-72.924789, 41.286744], [-72.925793, 41.287316], [-72.927801, 41.285736], [-72.929311, 41.285461], [-72.930391, 41.289099], [-72.931051, 41.291556], [-72.93082, 41.293497], [-72.927545, 41.295691], [-72.924282, 41.299331], [-72.923687, 41.301], [-72.924314, 41.301006], [-72.924399, 41.301445], [-72.924396, 41.302604], [-72.922726, 41.304785], [-72.921153, 41.306964], [-72.921618, 41.308536], [-72.92099, 41.309767], [-72.92251, 41.31042], [-72.922616, 41.310476], [-72.922178, 41.311746], [-72.92012, 41.310918], [-72.918439, 41.313173], [-72.921372, 41.314352], [-72.921618, 41.313886], [-72.922204, 41.313212], [-72.923777, 41.310958], [-72.92447, 41.309974], [-72.923227, 41.309434], [-72.924142, 41.308201], [-72.925388, 41.308748], [-72.927047, 41.306584], [-72.93033, 41.307922], [-72.931602, 41.308417], [-72.932525, 41.307212], [-72.931226, 41.306646], [-72.929636, 41.305981], [-72.930909, 41.304272], [-72.931255, 41.303859], [-72.931444, 41.303579], [-72.935963, 41.305611], [-72.937594, 41.306095], [-72.939227, 41.306146], [-72.938888, 41.307031], [-72.942471, 41.306904], [-72.942632, 41.306028], [-72.946922, 41.305889], [-72.947353, 41.305889], [-72.949953, 41.305778], [-72.952153, 41.305573], [-72.9526, 41.305438], [-72.952857, 41.306549], [-72.953115, 41.308046], [-72.9534, 41.310083], [-72.956296, 41.310459], [-72.956047, 41.312096], [-72.956535, 41.314012], [-72.956809, 41.316696], [-72.95765, 41.324757], [-72.957476, 41.325242]]]}}, {"type": "Feature", "id": "06330", "properties": {"ZCTA5CE20": "06330", "GEOID20": "06330", "zip": "06330", "STUSPS": "CT"}, "geometry": {"type": "Polygon", "coordinates": [[[-72.119773, 41.661834], [-72.11, 41.660224], [-72.103523, 41.659305], [-72.092407, 41.657189], [-72.089506, 41.659735], [-72.087692, 41.661923], [-72.08722, 41.666353], [-72.089496, 41.667614], [-72.091918, 41.66701], [-72.094338, 41.668868], [-72.094726, 41.670268], [-72.093877, 41.671819], [-72.095518, 41.674897], [-72.093217, 41.676672], [-72.085088, 41.687361], [-72.083468, 41.692657], [-72.082317, 41.697499], [-72.08145, 41.698465], [-72.064282, 41.698786], [-72.057276, 41.7006], [-72.056104, 41.701203], [-72.05292, 41.688273], [-72.053451, 41.684373], [-72.05695, 41.671338], [-72.073597, 41.668591], [-72.074332, 41.660981], [-72.072335, 41.657882], [-72.070815, 41.653678], [-72.062051, 41.652239], [-72.055659, 41.651239], [-72.031216, 41.647242], [-72.030583, 41.645373], [-72.030778, 41.643661], [-72.031959, 41.642044], [-72.031896, 41.639524], [-72.032581, 41.63638], [-72.032484, 41.634785], [-72.039032, 41.629919], [-72.04062, 41.628373], [-72.040383, 41.623993], [-72.039929, 41.622383], [-72.037777, 41.618806], [-72.037098, 41.615986], [-72.036374, 41.615333], [-72.035443, 41.611574], [-72.037933, 41.606443], [-72.03898, 41.605339], [-72.040226, 41.604607], [-72.043593, 41.600929], [-72.044092, 41.600246], [-72.046608, 41.595738], [-72.046981, 41.59531], [-72.047045, 41.595171], [-72.047384, 41.594935], [-72.047864, 41.594823], [-72.053909, 41.603381], [-72.05534, 41.604636], [-72.058074, 41.605919], [-72.063094, 41.608122], [-72.063937, 41.608298], [-72.065267, 41.608028], [-72.066694, 41.607647], [-72.066924, 41.607444], [-72.070118, 41.607054], [-72.075007, 41.606028], [-72.088, 41.603777], [-72.103654, 41.600884], [-72.104121, 41.600798], [-72.107559, 41.614355], [-72.108454, 41.617897], [-72.108833, 41.619046], [-72.111312, 41.628736], [-72.113398, 41.635003], [-72.118194, 41.653637], [-72.119773, 41.661834]], [[-72.070815, 41.653678], [-72.076319, 41.654572], [-72.077048, 41.652758], [-72.07235, 41.645395], [-72.068692, 41.642683], [-72.06623, 41.640705], [-72.065304, 41.643506], [-72.064097, 41.643022], [-72.060523, 41.647207], [-72.062879, 41.64683], [-72.064292, 41.6462], [-72.063737, 41.649339], [-72.067599, 41.652352], [-72.070024, 41.652739], [-72.070815, 41.653678]]]}}, {"type": "Feature", "id": "06255", "properties": {"ZCTA5CE20": "06255", "GEOID20": "06255", "zip": "06255", "STUSPS": "CT"}, "geometry": {"type": "Polygon", "coordinates": [[[-71.956642, 42.008455], [-71.952404, 42.008878], [-71.946088, 42.008213], [-71.941859, 42.009893], [-71.94292, 42.012239], [-71.944759, 42.013935], [-71.945775, 42.017314], [-71.942045, 42.019954], [-71.939958, 42.018846], [-71.939798, 42.019504], [-71.939584, 42.020105], [-71.936852, 42.021184], [-71.935582, 42.02119], [-71.934475, 42.021261], [-71.93204, 42.024019], [-71.9288901116937, 42.0253595750064], [-71.9209864169382, 42.0251539312591], [-71.9208828863063, 42.0251512375282], [-71.9010880693507, 42.0246362024134], [-71.89078, 42.024368], [-71.883947767419, 42.0243074324439], [-71.882803750428, 42.0242972907644], [-71.877396643979, 42.0242493569126], [-71.8773761099018, 42.0242491748786], [-71.8713971886384, 42.0241961719042], [-71.8659515062247, 42.0241478960776], [-71.8603967710167, 42.024098653501], [-71.8533407123943, 42.0240361017331], [-71.846906, 42.010302], [-71.847087, 42.009029], [-71.849867, 42.009624], [-71.854562, 42.008437], [-71.852883, 42.004205], [-71.8524, 42.001597], [-71.852813, 41.987043], [-71.853163, 41.984559], [-71.854539, 41.981815], [-71.856071, 41.980128], [-71.86904, 41.970824], [-71.870378, 41.969207], [-71.87239, 41.965819], [-71.874125, 41.96695], [-71.8767, 41.963137], [-71.87825, 41.95792], [-71.880953, 41.954864], [-71.882102, 41.953696], [-71.885247, 41.947431], [-71.888192, 41.947451], [-71.889138, 41.947487], [-71.889032, 41.946819], [-71.889476, 41.947291], [-71.890196, 41.945638], [-71.890747, 41.944919], [-71.891328, 41.944502], [-71.891439, 41.943907], [-71.891961, 41.943493], [-71.892533, 41.943468], [-71.893876, 41.942525], [-71.894953, 41.943094], [-71.897737, 41.943084], [-71.898558, 41.941966], [-71.900978, 41.944813], [-71.90594, 41.942954], [-71.911927, 41.945603], [-71.920172, 41.935766], [-71.921308, 41.940641], [-71.924531, 41.941066], [-71.929454, 41.943205], [-71.933065, 41.943553], [-71.935586, 41.943518], [-71.946961, 41.979435], [-71.943662, 41.982976], [-71.946393, 41.985937], [-71.948424, 41.988759], [-71.950163, 41.989505], [-71.951392, 41.993567], [-71.953522, 42.000098], [-71.956642, 42.008455]]]}}, {"type": "Feature", "id": "06070", "properties": {"ZCTA5CE20": "06070", "GEOID20": "06070", "zip": "06070", "STUSPS": "CT"}, "geometry": {"type": "Polygon", "coordinates": [[[-72.876644, 41.920796], [-72.854954, 41.920303], [-72.826429, 41.918907], [-72.817841, 41.918692], [-72.80089, 41.918412], [-72.790854, 41.918093], [-72.78544, 41.917997], [-72.783187, 41.918102], [-72.78294, 41.918097], [-72.780706, 41.917988], [-72.778227, 41.917765], [-72.770587, 41.918048], [-72.769405, 41.917829], [-72.772018, 41.915005], [-72.772392, 41.911652], [-72.775452, 41.907017], [-72.77623, 41.904032], [-72.776091, 41.903934], [-72.774195, 41.901582], [-72.774304, 41.900749], [-72.773982, 41.899775], [-72.774275, 41.898457], [-72.768776, 41.897659], [-72.768349, 41.899375], [-72.766425, 41.898273], [-72.766945, 41.895886], [-72.771387, 41.885117], [-72.770403, 41.880789], [-72.772214, 41.878172], [-72.78444, 41.855698], [-72.785156, 41.843414], [-72.784459, 41.838995], [-72.784267, 41.837778], [-72.783486, 41.836558], [-72.784438, 41.833307], [-72.783336, 41.826907], [-72.78455, 41.826593], [-72.798552, 41.824885], [-72.809486, 41.823689], [-72.810509, 41.824549], [-72.81283, 41.82473], [-72.809265, 41.828526], [-72.808426, 41.833813], [-72.809341, 41.838303], [-72.808952, 41.840343], [-72.806442, 41.844589], [-72.806407, 41.847417], [-72.807273, 41.84716], [-72.807671, 41.848282], [-72.810318, 41.851849], [-72.809304, 41.854327], [-72.809342, 41.85469], [-72.810038, 41.855152], [-72.811573, 41.855964], [-72.812526, 41.854567], [-72.815275, 41.854137], [-72.818635, 41.854245], [-72.819633, 41.854812], [-72.820675, 41.857101], [-72.822821, 41.857802], [-72.823056, 41.856846], [-72.824569, 41.855339], [-72.82793, 41.855748], [-72.828852, 41.856043], [-72.827451, 41.854414], [-72.828149, 41.849508], [-72.834705, 41.850757], [-72.836666, 41.846379], [-72.837856, 41.845665], [-72.834457, 41.843761], [-72.833598, 41.842943], [-72.831086, 41.842213], [-72.830309, 41.841863], [-72.831343, 41.839825], [-72.835277, 41.835758], [-72.836238, 41.835475], [-72.836641, 41.83385], [-72.838892, 41.832346], [-72.838676, 41.832162], [-72.84082, 41.822139], [-72.840029, 41.820216], [-72.842888, 41.819458], [-72.844704, 41.819342], [-72.856132, 41.817919], [-72.866356, 41.816488], [-72.867406, 41.816404], [-72.867537, 41.818201], [-72.866809, 41.821634], [-72.865249, 41.82209], [-72.863296, 41.824154], [-72.863639, 41.827205], [-72.866648, 41.828516], [-72.86701, 41.830612], [-72.864997, 41.830629], [-72.863708, 41.82965], [-72.863079, 41.832057], [-72.860767, 41.83345], [-72.861492, 41.836327], [-72.853468, 41.840375], [-72.850777, 41.840568], [-72.854611, 41.841766], [-72.854488, 41.844075], [-72.859141, 41.846346], [-72.857244, 41.846777], [-72.857644, 41.847964], [-72.854766, 41.854467], [-72.85343, 41.85749], [-72.843693, 41.861277], [-72.840046, 41.862638], [-72.842443, 41.863213], [-72.847619, 41.866283], [-72.843629, 41.866991], [-72.842746, 41.869322], [-72.839562, 41.868824], [-72.839189, 41.869232], [-72.836329, 41.868886], [-72.834498, 41.869727], [-72.833491, 41.870595], [-72.832661, 41.86987], [-72.830179, 41.870694], [-72.824889, 41.870069], [-72.824252, 41.870078], [-72.825362, 41.870595], [-72.823328, 41.872901], [-72.819847, 41.872884], [-72.819664, 41.874021], [-72.824436, 41.87277], [-72.824049, 41.874272], [-72.832621, 41.875864], [-72.833292, 41.877341], [-72.834952, 41.878345], [-72.834482, 41.879531], [-72.836449, 41.87822], [-72.848139, 41.876966], [-72.849776, 41.879347], [-72.849365, 41.879666], [-72.849297, 41.880297], [-72.848419, 41.880092], [-72.847669, 41.880349], [-72.847249, 41.881179], [-72.847094, 41.881734], [-72.84784, 41.882506], [-72.848474, 41.883471], [-72.847364, 41.884418], [-72.846508, 41.885742], [-72.847514, 41.889933], [-72.84688, 41.894639], [-72.848032, 41.89528], [-72.849907, 41.896131], [-72.850275, 41.89653], [-72.853386, 41.898262], [-72.852966, 41.899598], [-72.857125, 41.900844], [-72.859743, 41.90662], [-72.866289, 41.917086], [-72.867259, 41.916888], [-72.869191, 41.916311], [-72.872064, 41.916265], [-72.876512, 41.918106], [-72.876644, 41.920796]]]}}, {"type": "Feature", "id": "06249", "properties": {"ZCTA5CE20": "06249", "GEOID20": "06249", "zip": "06249", "STUSPS": "CT"}, "geometry": {"type": "Polygon", "coordinates": [[[-72.334226, 41.643598], [-72.303643, 41.653982], [-72.303238, 41.65427], [-72.290511, 41.663302], [-72.278669, 41.671975], [-72.268418, 41.671137], [-72.267503, 41.673685], [-72.267489, 41.675594], [-72.266141, 41.677273], [-72.267253, 41.678047], [-72.267858, 41.681532], [-72.269598, 41.684737], [-72.269392, 41.685708], [-72.272157, 41.688618], [-72.274762, 41.690682], [-72.274204, 41.692217], [-72.273596, 41.69293], [-72.270824, 41.691453], [-72.268825, 41.692391], [-72.266564, 41.690673], [-72.26576, 41.690891], [-72.263936, 41.691834], [-72.263562, 41.693261], [-72.261279, 41.695346], [-72.260728, 41.698645], [-72.258421, 41.698439], [-72.257724, 41.699789], [-72.254092, 41.700499], [-72.252007, 41.699078], [-72.250045, 41.699653], [-72.251354, 41.701223], [-72.251249, 41.703324], [-72.247446, 41.704108], [-72.245981, 41.703719], [-72.244021, 41.706529], [-72.247302, 41.706928], [-72.247677, 41.708766], [-72.246571, 41.708268], [-72.245701, 41.710951], [-72.243264, 41.712253], [-72.244965, 41.713878], [-72.24413, 41.714381], [-72.242847, 41.713257], [-72.239559, 41.714191], [-72.237889, 41.713117], [-72.234997, 41.710692], [-72.232487, 41.708911], [-72.227991, 41.705752], [-72.223496, 41.702607], [-72.214587, 41.696343], [-72.211589, 41.69441], [-72.211178, 41.694145], [-72.208239, 41.69225], [-72.198866, 41.685394], [-72.189529, 41.678447], [-72.186651, 41.676283], [-72.185111, 41.675312], [-72.178318, 41.67123], [-72.175469, 41.668995], [-72.166975, 41.663703], [-72.158827, 41.658448], [-72.157546, 41.657627], [-72.158271, 41.656348], [-72.163153, 41.647912], [-72.169285, 41.636299], [-72.187659, 41.601983], [-72.189664, 41.597429], [-72.192209, 41.593771], [-72.194024, 41.590399], [-72.195947, 41.587407], [-72.202243, 41.575194], [-72.204161, 41.570838], [-72.20429, 41.570557], [-72.218423, 41.540698], [-72.21911, 41.538815], [-72.227823, 41.546203], [-72.231038, 41.548745], [-72.247409, 41.560367], [-72.249516, 41.562715], [-72.253229, 41.566125], [-72.261957, 41.574001], [-72.262671, 41.574513], [-72.289678, 41.595952], [-72.291971, 41.597697], [-72.29289, 41.598124], [-72.309505, 41.611514], [-72.313125, 41.609522], [-72.32451, 41.61857], [-72.327018, 41.625098], [-72.329226, 41.629597], [-72.334226, 41.643598]]]}}, {"type": "Feature", "id": "06896", "properties": {"ZCTA5CE20": "06896", "GEOID20": "06896", "zip": "06896", "STUSPS": "CT"}, "geometry": {"type": "Polygon", "coordinates": [[[-73.470102, 41.326421], [-73.467651, 41.326873], [-73.46188, 41.327936], [-73.441165, 41.331751], [-73.42433, 41.335289], [-73.423045, 41.335499], [-73.417452, 41.336249], [-73.406101, 41.338346], [-73.394296, 41.340413], [-73.393084, 41.340687], [-73.381858, 41.342901], [-73.380747, 41.343198], [-73.371634, 41.344876], [-73.365754, 41.345956], [-73.359714, 41.347011], [-73.347055, 41.350426], [-73.342788, 41.340479], [-73.334846, 41.321868], [-73.333337, 41.318343], [-73.325287, 41.322474], [-73.320372, 41.315387], [-73.318692, 41.313905], [-73.317935, 41.311928], [-73.315997, 41.31092], [-73.31547, 41.308429], [-73.314218, 41.308199], [-73.305871, 41.298897], [-73.304798, 41.297764], [-73.309872, 41.295981], [-73.327644, 41.290159], [-73.342143, 41.284769], [-73.368811, 41.274975], [-73.37295, 41.273409], [-73.380257, 41.271229], [-73.416078, 41.258986], [-73.420752, 41.257498], [-73.423909, 41.256402], [-73.430102, 41.254328], [-73.430184, 41.254491], [-73.431584, 41.256574], [-73.431977, 41.257205], [-73.43256, 41.257902], [-73.433409, 41.259161], [-73.433805, 41.259909], [-73.434016, 41.260142], [-73.434583, 41.260273], [-73.43819, 41.265187], [-73.44085, 41.268981], [-73.444112, 41.274154], [-73.444793, 41.2761], [-73.446121, 41.286021], [-73.445767, 41.287379], [-73.447883, 41.287075], [-73.448535, 41.287234], [-73.448658, 41.287991], [-73.44957, 41.293594], [-73.450269, 41.300397], [-73.451604, 41.304233], [-73.450645, 41.304315], [-73.450651, 41.305054], [-73.451152, 41.306006], [-73.45797, 41.309006], [-73.461967, 41.311274], [-73.466051, 41.312207], [-73.466328, 41.313026], [-73.467971, 41.318276], [-73.46979, 41.325772], [-73.470102, 41.326421]]]}}, {"type": "Feature", "id": "06111", "properties": {"ZCTA5CE20": "06111", "GEOID20": "06111", "zip": "06111", "STUSPS": "CT"}, "geometry": {"type": "Polygon", "coordinates": [[[-72.761333, 41.711605], [-72.757812, 41.708317], [-72.757436, 41.715247], [-72.759464, 41.716719], [-72.759455, 41.718382], [-72.742833, 41.720695], [-72.740518, 41.721056], [-72.736509, 41.721261], [-72.733435, 41.721503], [-72.731639, 41.7218], [-72.72612, 41.722376], [-72.714561, 41.72363], [-72.714138, 41.72381], [-72.710233, 41.724185], [-72.705938, 41.7243], [-72.70804, 41.710374], [-72.706315, 41.703007], [-72.705438, 41.69923], [-72.705349, 41.698054], [-72.704846, 41.696975], [-72.705237, 41.695298], [-72.703243, 41.688915], [-72.701935, 41.682634], [-72.701053, 41.677325], [-72.700364, 41.674573], [-72.70694, 41.673714], [-72.706534, 41.670628], [-72.706039, 41.668799], [-72.703, 41.654271], [-72.709071, 41.653152], [-72.715296, 41.652706], [-72.727356, 41.652197], [-72.727163, 41.649484], [-72.732024, 41.648958], [-72.736178, 41.648586], [-72.749874, 41.646965], [-72.750357, 41.650167], [-72.750512, 41.651201], [-72.750552, 41.653948], [-72.751915, 41.659156], [-72.754427, 41.672096], [-72.755153, 41.676055], [-72.755217, 41.677048], [-72.757552, 41.688743], [-72.758241, 41.693436], [-72.759063, 41.698758], [-72.761333, 41.711605]]]}}, {"type": "Feature", "id": "01255", "properties": {"ZCTA5CE20": "01255", "GEOID20": "01255", "zip": "01255", "STUSPS": "CT"}, "geometry": {"type": "Polygon", "coordinates": [[[-73.186719, 42.155823], [-73.166171, 42.157345], [-73.166779, 42.162909], [-73.161824, 42.161443], [-73.158817, 42.159769], [-73.154365, 42.159646], [-73.152576, 42.159195], [-73.14515, 42.159639], [-73.145803, 42.162881], [-73.144809, 42.166967], [-73.146664, 42.169177], [-73.14533, 42.176886], [-73.145711, 42.178337], [-73.151289, 42.179858], [-73.139484, 42.181156], [-73.094803, 42.186127], [-73.08938, 42.185656], [-73.086535, 42.183828], [-73.080097, 42.139119], [-73.077917, 42.138805], [-73.0742, 42.139791], [-73.070546, 42.14016], [-73.069182, 42.138967], [-73.0685, 42.135498], [-73.069442, 42.134986], [-73.069827, 42.133228], [-73.069285, 42.130869], [-73.067206, 42.127351], [-73.066574, 42.124791], [-73.06426, 42.122775], [-73.061384, 42.119389], [-73.061206, 42.118112], [-73.063353, 42.11585], [-73.065745, 42.114778], [-73.069227, 42.113926], [-73.072672, 42.111684], [-73.072897, 42.110335], [-73.071837, 42.109356], [-73.071867, 42.108163], [-73.072889, 42.107017], [-73.074845, 42.106146], [-73.074837, 42.104111], [-73.074167, 42.101867], [-73.073087, 42.094213], [-73.061805, 42.070638], [-73.058153, 42.066753], [-73.061742, 42.061939], [-73.058004, 42.059452], [-73.056128, 42.05889], [-73.054651, 42.0576], [-73.053905, 42.05499], [-73.056549, 42.047419], [-73.055797, 42.04502], [-73.0532880861326, 42.0398619684613], [-73.1272774996918, 42.0419641690369], [-73.1721252790948, 42.0432383922418], [-73.177318, 42.083787], [-73.186301, 42.153565], [-73.186719, 42.155823]]]}}, {"type": "Feature", "id": "06473", "properties": {"ZCTA5CE20": "06473", "GEOID20": "06473", "zip": "06473", "STUSPS": "CT"}, "geometry": {"type": "Polygon", "coordinates": [[[-72.906296, 41.371047], [-72.904545, 41.37592], [-72.903786, 41.378107], [-72.899609, 41.380246], [-72.896496, 41.382879], [-72.895386, 41.383952], [-72.895289, 41.384466], [-72.893495, 41.386144], [-72.892842, 41.389473], [-72.890814, 41.393367], [-72.887411, 41.393355], [-72.887524, 41.39683], [-72.886374, 41.40043], [-72.885813, 41.405038], [-72.88637, 41.411295], [-72.884568, 41.411406], [-72.883152, 41.423309], [-72.882757, 41.423192], [-72.882066, 41.423173], [-72.877345, 41.424481], [-72.874213, 41.426306], [-72.864094, 41.426574], [-72.861782, 41.425927], [-72.85831, 41.42953], [-72.85436, 41.430843], [-72.85136, 41.434382], [-72.850086, 41.433971], [-72.85095, 41.432378], [-72.849639, 41.428716], [-72.847901, 41.426078], [-72.847619, 41.427201], [-72.8443, 41.426095], [-72.837867, 41.427168], [-72.832529, 41.424076], [-72.830115, 41.424612], [-72.827404, 41.424378], [-72.826959, 41.419487], [-72.827414, 41.402702], [-72.827148, 41.403261], [-72.827557, 41.396662], [-72.817722, 41.399449], [-72.817432, 41.378987], [-72.817453, 41.377526], [-72.817003, 41.363877], [-72.817069, 41.359727], [-72.817752, 41.339982], [-72.822733, 41.341486], [-72.828303, 41.341341], [-72.827988, 41.342358], [-72.846223, 41.339082], [-72.860309, 41.336639], [-72.866205, 41.33601], [-72.869937, 41.334775], [-72.876169, 41.334007], [-72.879183, 41.334093], [-72.888845, 41.332597], [-72.889252, 41.334107], [-72.887972, 41.339665], [-72.886773, 41.34115], [-72.882853, 41.343701], [-72.880157, 41.343384], [-72.878763, 41.34463], [-72.88115, 41.3465], [-72.879642, 41.347488], [-72.87724, 41.346614], [-72.874942, 41.347401], [-72.873252, 41.349399], [-72.874456, 41.351683], [-72.87697, 41.353476], [-72.882904, 41.353115], [-72.883825, 41.353508], [-72.884466, 41.354736], [-72.883922, 41.357158], [-72.881881, 41.358878], [-72.881745, 41.360897], [-72.887702, 41.362221], [-72.893981, 41.3633], [-72.899624, 41.364726], [-72.899655, 41.364618], [-72.901806, 41.364961], [-72.908024, 41.366518], [-72.906296, 41.371047]]]}}, {"type": "Feature", "id": "06024", "properties": {"ZCTA5CE20": "06024", "GEOID20": "06024", "zip": "06024", "STUSPS": "CT"}, "geometry": {"type": "Polygon", "coordinates": [[[-73.329312, 42.009265], [-73.327432, 42.011199], [-73.323929, 42.018525], [-73.320498, 42.015782], [-73.314826, 42.014193], [-73.308319, 42.011499], [-73.304781, 42.010875], [-73.306801, 42.012396], [-73.305566, 42.017785], [-73.310252, 42.018396], [-73.311002, 42.018638], [-73.309728, 42.022207], [-73.300811, 42.025383], [-73.297403, 42.025985], [-73.292031, 42.021273], [-73.287979, 42.020104], [-73.285093, 42.016288], [-73.284534, 42.013895], [-73.277754, 42.011046], [-73.274826, 42.011174], [-73.274426, 42.012525], [-73.272055, 42.016808], [-73.270474, 42.020397], [-73.267649, 42.021316], [-73.265104, 42.02264], [-73.265931, 42.027661], [-73.262765, 42.029184], [-73.261018, 42.024472], [-73.257841, 42.023232], [-73.256244, 42.021879], [-73.256702, 42.019515], [-73.259433, 42.017406], [-73.259241, 42.015442], [-73.253721, 42.009803], [-73.245773, 42.011825], [-73.242742, 42.012087], [-73.241409, 42.011135], [-73.240811, 42.007705], [-73.241126, 42.006171], [-73.243605, 41.994021], [-73.328209, 42.000802], [-73.328251, 42.004193], [-73.330377, 42.009044], [-73.329312, 42.009265]]]}}, {"type": "Feature", "id": "01507", "properties": {"ZCTA5CE20": "01507", "GEOID20": "01507", "zip": "01507", "STUSPS": "CT"}, "geometry": {"type": "Polygon", "coordinates": [[[-72.046816, 42.134925], [-72.024015, 42.141786], [-72.02944, 42.174426], [-72.0186, 42.175699], [-72.019886, 42.183762], [-71.992331, 42.185645], [-71.9748, 42.186834], [-71.939356, 42.189238], [-71.925799, 42.190224], [-71.91697, 42.190862], [-71.915419, 42.183213], [-71.913974, 42.176064], [-71.909676, 42.154812], [-71.906909, 42.141046], [-71.905379, 42.133519], [-71.902812, 42.120803], [-71.902779, 42.120638], [-71.902403, 42.118804], [-71.899489, 42.104114], [-71.908094, 42.102169], [-71.91143, 42.101419], [-71.911895, 42.101317], [-71.909235, 42.091261], [-71.913464, 42.090327], [-71.917526, 42.089418], [-71.933348, 42.085885], [-71.936803, 42.085117], [-71.94022, 42.084345], [-71.945293, 42.083212], [-71.96769, 42.078199], [-71.992843, 42.072562], [-71.992501, 42.078187], [-71.995745, 42.07745], [-71.996587, 42.082123], [-71.992663, 42.083145], [-71.993359, 42.085689], [-71.994873, 42.08536], [-71.993879, 42.08752], [-71.996079, 42.087278], [-71.998137, 42.097867], [-72.000469, 42.097254], [-72.002993, 42.096589], [-72.015135, 42.100808], [-72.016883, 42.101415], [-72.017725, 42.101706], [-72.027106, 42.104938], [-72.025495, 42.10793], [-72.027603, 42.107406], [-72.029051, 42.115115], [-72.03176, 42.114388], [-72.030844, 42.109798], [-72.035995, 42.108239], [-72.03619, 42.109483], [-72.039076, 42.109058], [-72.039613, 42.112304], [-72.042014, 42.111645], [-72.042268, 42.11288], [-72.045611, 42.129151], [-72.046607, 42.133914], [-72.046816, 42.134925]]]}}, {"type": "Feature", "id": "10549", "properties": {"ZCTA5CE20": "10549", "GEOID20": "10549", "zip": "10549", "STUSPS": "CT"}, "geometry": {"type": "MultiPolygon", "coordinates": [[[[-73.67013, 41.17128], [-73.670019, 41.172304], [-73.669718, 41.172961], [-73.666412, 41.171773], [-73.665903, 41.16947], [-73.667239, 41.169364], [-73.666867, 41.168074], [-73.669683, 41.167773], [-73.669745, 41.168548], [-73.670061, 41.169926], [-73.67013, 41.17128]]], [[[-73.772774, 41.218388], [-73.770995, 41.219119], [-73.771483, 41.219564], [-73.770619, 41.22215], [-73.766255, 41.2276], [-73.766118, 41.229274], [-73.763278, 41.23344], [-73.760479, 41.233938], [-73.757434, 41.238337], [-73.753645, 41.240141], [-73.751808, 41.242], [-73.748151, 41.24274], [-73.740417, 41.244762], [-73.733952, 41.248301], [-73.729249, 41.249529], [-73.72877, 41.249683], [-73.727298, 41.250528], [-73.729109, 41.253025], [-73.724529, 41.25463], [-73.722404, 41.253204], [-73.720583, 41.252719], [-73.719059, 41.250701], [-73.716934, 41.250239], [-73.715885, 41.249801], [-73.720044, 41.250222], [-73.721835, 41.249236], [-73.727803, 41.246365], [-73.729989, 41.242802], [-73.728659, 41.23967], [-73.726648, 41.239473], [-73.725542, 41.239904], [-73.721817, 41.23815], [-73.720835, 41.229076], [-73.718613, 41.228674], [-73.717316, 41.23029], [-73.716905, 41.22998], [-73.717274, 41.227659], [-73.72105, 41.224555], [-73.723605, 41.221461], [-73.7253, 41.220592], [-73.72289, 41.221038], [-73.719708, 41.223062], [-73.720137, 41.222208], [-73.716269, 41.220783], [-73.71394, 41.219931], [-73.71154, 41.220468], [-73.709727, 41.220128], [-73.7099, 41.219677], [-73.70554, 41.218921], [-73.705846, 41.215702], [-73.706359, 41.212132], [-73.703856, 41.211728], [-73.70316, 41.213458], [-73.698644, 41.21272], [-73.696464, 41.213239], [-73.69607, 41.215902], [-73.691816, 41.215671], [-73.688536, 41.214225], [-73.686257, 41.214214], [-73.685394, 41.208294], [-73.683599, 41.208368], [-73.683011, 41.208447], [-73.682836, 41.208429], [-73.68198, 41.206552], [-73.672935, 41.204336], [-73.668598, 41.203849], [-73.668165, 41.203234], [-73.668208, 41.203168], [-73.668745, 41.202671], [-73.669329, 41.202506], [-73.671113, 41.202509], [-73.6704, 41.201579], [-73.670004, 41.201478], [-73.667817, 41.201641], [-73.666282, 41.198227], [-73.666175, 41.197688], [-73.663636, 41.197116], [-73.667481, 41.187845], [-73.663686, 41.186285], [-73.666368, 41.179781], [-73.666572, 41.176597], [-73.663977, 41.177069], [-73.662689, 41.176256], [-73.668497, 41.174778], [-73.681753, 41.171377], [-73.686555, 41.17015], [-73.690499, 41.169126], [-73.693685, 41.16829], [-73.703513, 41.165654], [-73.704411, 41.165204], [-73.709107, 41.162698], [-73.711124, 41.161377], [-73.714297, 41.159285], [-73.719294, 41.15599], [-73.727179, 41.150862], [-73.729192, 41.149683], [-73.729549, 41.15241], [-73.731394, 41.152729], [-73.732564, 41.157264], [-73.734632, 41.162346], [-73.734926, 41.170193], [-73.735226, 41.172314], [-73.738651, 41.172614], [-73.738526, 41.173472], [-73.73953, 41.174558], [-73.740839, 41.178034], [-73.73996, 41.178875], [-73.741173, 41.179925], [-73.740885, 41.182849], [-73.745294, 41.18188], [-73.746033, 41.187523], [-73.750662, 41.188108], [-73.754636, 41.18417], [-73.757494, 41.180263], [-73.75931, 41.180687], [-73.757052, 41.183797], [-73.75485, 41.188829], [-73.755872, 41.19025], [-73.755695, 41.192121], [-73.756089, 41.193382], [-73.757322, 41.197041], [-73.756768, 41.199315], [-73.754603, 41.200863], [-73.753577, 41.202792], [-73.754089, 41.205718], [-73.759545, 41.204833], [-73.762374, 41.205589], [-73.767827, 41.20505], [-73.769446, 41.205571], [-73.769643, 41.205594], [-73.769298, 41.20609], [-73.769949, 41.208721], [-73.769367, 41.210374], [-73.772011, 41.217211], [-73.772774, 41.218388]]]]}}, {"type": "Feature", "id": "06105", "properties": {"ZCTA5CE20": "06105", "GEOID20": "06105", "zip": "06105", "STUSPS": "CT"}, "geometry": {"type": "Polygon", "coordinates": [[[-72.720345, 41.776059], [-72.718377, 41.777798], [-72.713971, 41.777155], [-72.715205, 41.787157], [-72.717083, 41.788216], [-72.717543, 41.793018], [-72.716377, 41.793478], [-72.716617, 41.793822], [-72.715709, 41.793808], [-72.715068, 41.793816], [-72.715017, 41.79284], [-72.709754, 41.79206], [-72.710263, 41.790124], [-72.707846, 41.787152], [-72.708127, 41.784941], [-72.706195, 41.784844], [-72.7041, 41.784521], [-72.703409, 41.781917], [-72.701669, 41.780071], [-72.698032, 41.778118], [-72.695885, 41.777201], [-72.6919, 41.776147], [-72.68799, 41.775223], [-72.686653, 41.774746], [-72.68227, 41.771891], [-72.68242, 41.770195], [-72.683521, 41.768069], [-72.681831, 41.76786], [-72.683586, 41.76619], [-72.686447, 41.765773], [-72.686614, 41.763661], [-72.687882, 41.763888], [-72.687954, 41.765941], [-72.693759, 41.763949], [-72.693827, 41.765137], [-72.697017, 41.763958], [-72.698744, 41.763438], [-72.700561, 41.763517], [-72.700777, 41.762391], [-72.701008, 41.762175], [-72.704171, 41.762329], [-72.704764, 41.76218], [-72.706654, 41.761848], [-72.706651, 41.76175], [-72.707745, 41.761614], [-72.70763, 41.760633], [-72.709451, 41.760399], [-72.709663, 41.761426], [-72.714089, 41.760932], [-72.71361, 41.760049], [-72.713726, 41.757961], [-72.714968, 41.757502], [-72.714782, 41.756428], [-72.715273, 41.75664], [-72.715479, 41.758272], [-72.715047, 41.758346], [-72.715352, 41.760159], [-72.715384, 41.760492], [-72.715685, 41.762513], [-72.715788, 41.763407], [-72.716438, 41.763562], [-72.716481, 41.763833], [-72.716928, 41.763804], [-72.717047, 41.764718], [-72.717047, 41.765175], [-72.716666, 41.765194], [-72.716233, 41.765475], [-72.716151, 41.765624], [-72.717073, 41.765635], [-72.717335, 41.770707], [-72.720748, 41.770352], [-72.720345, 41.776059]]]}}, {"type": "Feature", "id": "06416", "properties": {"ZCTA5CE20": "06416", "GEOID20": "06416", "zip": "06416", "STUSPS": "CT"}, "geometry": {"type": "Polygon", "coordinates": [[[-72.7151, 41.608074], [-72.713644, 41.610736], [-72.712567, 41.616684], [-72.711274, 41.617693], [-72.712809, 41.618915], [-72.713287, 41.620839], [-72.715527, 41.622821], [-72.715706, 41.625353], [-72.7155, 41.625573], [-72.713897, 41.627705], [-72.688425, 41.631399], [-72.675884, 41.633093], [-72.67587, 41.633095], [-72.67355, 41.633446], [-72.650837, 41.636899], [-72.648764, 41.637097], [-72.647136, 41.637199], [-72.634036, 41.639199], [-72.630373, 41.639763], [-72.627836, 41.640199], [-72.630524, 41.633282], [-72.630773, 41.627662], [-72.625523, 41.619331], [-72.618919, 41.614104], [-72.617638, 41.61194], [-72.617456, 41.607706], [-72.619471, 41.604242], [-72.622331, 41.602348], [-72.623945, 41.601841], [-72.627454, 41.600811], [-72.630356, 41.599172], [-72.635846, 41.596049], [-72.638135, 41.59402], [-72.640776, 41.589861], [-72.641682, 41.587786], [-72.643767, 41.584109], [-72.645644, 41.582347], [-72.648925, 41.575915], [-72.648802, 41.575236], [-72.651546, 41.573106], [-72.652562, 41.573018], [-72.654034, 41.572293], [-72.656101, 41.573395], [-72.656229, 41.576081], [-72.655137, 41.577455], [-72.65789, 41.578962], [-72.660246, 41.578703], [-72.661135, 41.580262], [-72.665453, 41.581878], [-72.668097, 41.583549], [-72.667898, 41.586249], [-72.665377, 41.587104], [-72.667293, 41.589238], [-72.667999, 41.5919], [-72.670357, 41.591731], [-72.673195, 41.594686], [-72.671812, 41.597626], [-72.674342, 41.599804], [-72.677099, 41.597997], [-72.679511, 41.597132], [-72.680325, 41.597373], [-72.680956, 41.600491], [-72.684072, 41.601862], [-72.689215, 41.60077], [-72.694301, 41.601422], [-72.696511, 41.600339], [-72.705171, 41.603251], [-72.707739, 41.602658], [-72.70849, 41.60378], [-72.712446, 41.602423], [-72.714538, 41.60431], [-72.715924, 41.606424], [-72.7151, 41.608074]]]}}, {"type": "Feature", "id": "06853", "properties": {"ZCTA5CE20": "06853", "GEOID20": "06853", "zip": "06853", "STUSPS": "CT"}, "geometry": {"type": "Polygon", "coordinates": [[[-73.4475, 41.072916], [-73.446134, 41.076303], [-73.446226, 41.077276], [-73.447027, 41.081985], [-73.446853, 41.08248], [-73.445406, 41.082974], [-73.443095, 41.083176], [-73.443524, 41.082056], [-73.441459, 41.081988], [-73.441468, 41.081419], [-73.440553, 41.081333], [-73.440595, 41.078923], [-73.440712, 41.079125], [-73.442203, 41.07925], [-73.44488, 41.078772], [-73.445331, 41.077397], [-73.436413, 41.07875], [-73.433737, 41.079758], [-73.431683, 41.081065], [-73.428854, 41.085888], [-73.428709, 41.08628], [-73.428406, 41.087017], [-73.427074, 41.086909], [-73.428793, 41.08302], [-73.429331, 41.080037], [-73.427927, 41.076018], [-73.428454, 41.07198], [-73.429876, 41.070538], [-73.430565, 41.067299], [-73.429565, 41.063851], [-73.428789, 41.063417], [-73.432745, 41.060174], [-73.433932, 41.058641], [-73.4331301040929, 41.055897694743], [-73.43325, 41.055808], [-73.435063, 41.056696], [-73.438152, 41.055515], [-73.4385988351135, 41.0555728276755], [-73.440841, 41.055863], [-73.442796, 41.057493], [-73.4431765424148, 41.057588603024], [-73.445849, 41.05826], [-73.4465190115365, 41.0580763361426], [-73.445515, 41.06539], [-73.445269, 41.065911], [-73.444046, 41.06835], [-73.444824, 41.070024], [-73.447619, 41.071907], [-73.4475, 41.072916]]]}}, {"type": "Feature", "id": "06776", "properties": {"ZCTA5CE20": "06776", "GEOID20": "06776", "zip": "06776", "STUSPS": "CT"}, "geometry": {"type": "Polygon", "coordinates": [[[-73.488166, 41.619095], [-73.481485, 41.619508], [-73.472838, 41.623433], [-73.470765, 41.624706], [-73.46617, 41.625146], [-73.467116, 41.6274], [-73.471396, 41.631832], [-73.472145, 41.632112], [-73.473847, 41.633191], [-73.473054, 41.632995], [-73.468637, 41.632025], [-73.467546, 41.642354], [-73.472569, 41.647546], [-73.469838, 41.650274], [-73.467328, 41.65106], [-73.467914, 41.654053], [-73.467278, 41.656891], [-73.46608, 41.659496], [-73.46723, 41.66055], [-73.464382, 41.663985], [-73.463987, 41.66566], [-73.461996, 41.666502], [-73.462213, 41.669224], [-73.45955, 41.670798], [-73.460067, 41.671377], [-73.456332, 41.674974], [-73.453239, 41.675002], [-73.401314, 41.680772], [-73.382124, 41.683327], [-73.380507, 41.671646], [-73.377858, 41.658984], [-73.37613, 41.658197], [-73.374194, 41.657461], [-73.370412, 41.655286], [-73.372189, 41.654258], [-73.373308, 41.652832], [-73.368623, 41.648212], [-73.365934, 41.64397], [-73.36276, 41.64143], [-73.361283, 41.641232], [-73.360244, 41.644558], [-73.360998, 41.647282], [-73.359384, 41.646951], [-73.359079, 41.646521], [-73.35694, 41.63383], [-73.356407, 41.629975], [-73.350234, 41.602053], [-73.347742, 41.598246], [-73.346912, 41.595202], [-73.348619, 41.595183], [-73.343067, 41.565855], [-73.349432, 41.565681], [-73.355917, 41.565334], [-73.364635, 41.564886], [-73.372047, 41.565105], [-73.379074, 41.562143], [-73.388344, 41.557578], [-73.391171, 41.556025], [-73.390315, 41.55429], [-73.390779, 41.549672], [-73.388968, 41.547876], [-73.38902, 41.546904], [-73.390664, 41.546846], [-73.391747, 41.545011], [-73.393954, 41.544794], [-73.39576, 41.543851], [-73.399464, 41.544024], [-73.400334, 41.54282], [-73.403545, 41.540576], [-73.404738, 41.53702], [-73.404638, 41.534346], [-73.40452, 41.531214], [-73.402599, 41.525106], [-73.39978, 41.5201], [-73.397412, 41.518274], [-73.395289, 41.517462], [-73.394637, 41.517138], [-73.393921, 41.516873], [-73.386964, 41.514794], [-73.388129, 41.514295], [-73.391212, 41.513381], [-73.402671, 41.508998], [-73.414559, 41.503496], [-73.417723, 41.501987], [-73.419085, 41.501438], [-73.425465, 41.499294], [-73.430888, 41.497919], [-73.435354, 41.49514], [-73.439497, 41.492529], [-73.439752, 41.492401], [-73.441466, 41.491294], [-73.44226, 41.49561], [-73.442879, 41.498978], [-73.444066, 41.501794], [-73.443616, 41.503681], [-73.445266, 41.509494], [-73.442766, 41.514094], [-73.445086, 41.522574], [-73.44593, 41.525254], [-73.450368, 41.534678], [-73.454017, 41.542687], [-73.455163, 41.547195], [-73.461333, 41.560719], [-73.460456, 41.562709], [-73.465126, 41.572054], [-73.467272, 41.573588], [-73.469106, 41.577743], [-73.474005, 41.588341], [-73.479791, 41.600798], [-73.488723, 41.617886], [-73.488166, 41.619095]]]}}, {"type": "Feature", "id": "06830", "properties": {"ZCTA5CE20": "06830", "GEOID20": "06830", "zip": "06830", "STUSPS": "CT"}, "geometry": {"type": "MultiPolygon", "coordinates": [[[[-73.613369, 40.988883], [-73.611501, 40.990011], [-73.609727, 40.990786], [-73.608327, 40.990786], [-73.607569, 40.990397], [-73.608233, 40.989659], [-73.609634, 40.988742], [-73.612528, 40.987474], [-73.613369, 40.988883]]], [[[-73.630573, 40.980707], [-73.62948, 40.983646], [-73.626647, 40.983049], [-73.623765, 40.984696], [-73.622717, 40.984559], [-73.621865, 40.98247], [-73.622799, 40.982047], [-73.623609, 40.982138], [-73.625127, 40.981213], [-73.626813, 40.981906], [-73.627841, 40.981483], [-73.628968, 40.980685], [-73.630081, 40.980144], [-73.630573, 40.980707]]], [[[-73.645767, 40.996001], [-73.644485, 40.997605], [-73.644289, 40.998289], [-73.642966, 40.997833], [-73.6414241047105, 40.9958754367159], [-73.640451, 40.99464], [-73.639325, 40.994028], [-73.638435, 40.994092], [-73.637667, 40.993249], [-73.637457, 40.992196], [-73.639509, 40.991329], [-73.639147, 40.989542], [-73.640819, 40.989236], [-73.64141, 40.99061], [-73.642594, 40.991597], [-73.6431455057755, 40.9926345347977], [-73.644725, 40.995606], [-73.645767, 40.996001]]], [[[-73.660268, 41.000484], [-73.6597122452828, 41.0015998729617], [-73.6585639577489, 41.0039054638487], [-73.6585172688615, 41.0039992082029], [-73.6585107167126, 41.0040123639452], [-73.6579245992895, 41.0051892007126], [-73.656854788025, 41.0073372229019], [-73.656065, 41.008923], [-73.655241, 41.011852], [-73.655255, 41.012246], [-73.6556623079508, 41.0126660658565], [-73.654295, 41.013272], [-73.652564, 41.014461], [-73.651923, 41.014804], [-73.648789, 41.016666], [-73.648725, 41.016701], [-73.645958, 41.018251], [-73.644602, 41.019064], [-73.6446, 41.019331], [-73.64371, 41.020294], [-73.643452, 41.020447], [-73.642396, 41.020806], [-73.642253, 41.021066], [-73.64164, 41.021627], [-73.640694, 41.022105], [-73.640119, 41.022199], [-73.639698, 41.022106], [-73.63885, 41.022711], [-73.635171, 41.025686], [-73.63445, 41.025143], [-73.634101, 41.025371], [-73.629981, 41.027564], [-73.629417, 41.028095], [-73.631471, 41.030889], [-73.632667, 41.032053], [-73.632352, 41.032568], [-73.634027, 41.035455], [-73.6381, 41.034234], [-73.638412, 41.035], [-73.637224, 41.038703], [-73.639464, 41.040847], [-73.635865, 41.045317], [-73.637041, 41.048485], [-73.637661, 41.049345], [-73.640007, 41.049726], [-73.641657, 41.052343], [-73.640608, 41.054491], [-73.640495, 41.058846], [-73.643252, 41.058719], [-73.643315, 41.062416], [-73.646072, 41.061171], [-73.643371, 41.066298], [-73.643057, 41.06819], [-73.640543, 41.068506], [-73.639356, 41.068766], [-73.642097, 41.069067], [-73.642644, 41.070306], [-73.641406, 41.074516], [-73.641587, 41.074857], [-73.64181, 41.076702], [-73.641143, 41.076822], [-73.642031, 41.078106], [-73.642911, 41.077369], [-73.648791, 41.075276], [-73.652817, 41.082511], [-73.650955, 41.085586], [-73.647973, 41.08614], [-73.647302, 41.087822], [-73.647688, 41.08897], [-73.647539, 41.090675], [-73.648404, 41.093236], [-73.648771, 41.095651], [-73.639225, 41.097623], [-73.637198, 41.097649], [-73.634963, 41.096523], [-73.629486, 41.092311], [-73.6272, 41.09028], [-73.623874, 41.089625], [-73.622452, 41.089899], [-73.622418, 41.09003], [-73.610978, 41.09314], [-73.60545, 41.096555], [-73.599229, 41.099105], [-73.599163, 41.099018], [-73.596475, 41.0954], [-73.592448, 41.090614], [-73.597248, 41.088651], [-73.599354, 41.08675], [-73.600429, 41.086704], [-73.600331, 41.08593], [-73.598205, 41.08465], [-73.598586, 41.082584], [-73.599912, 41.078503], [-73.601178, 41.077756], [-73.602587, 41.073782], [-73.60081, 41.069282], [-73.597295, 41.068178], [-73.596822, 41.06214], [-73.599863, 41.061509], [-73.599913, 41.060483], [-73.597376, 41.060392], [-73.597862, 41.059954], [-73.598984, 41.05737], [-73.601421, 41.055572], [-73.601646, 41.054407], [-73.602334, 41.053331], [-73.602275, 41.052348], [-73.601608, 41.051581], [-73.601537, 41.050631], [-73.600782, 41.04869], [-73.602972, 41.048209], [-73.603586, 41.047827], [-73.603892, 41.047658], [-73.603867, 41.044581], [-73.602514, 41.043961], [-73.603258, 41.036642], [-73.605027, 41.036131], [-73.604667, 41.034965], [-73.602765, 41.035841], [-73.603631, 41.032942], [-73.600927, 41.029563], [-73.594627, 41.030812], [-73.594555, 41.023102], [-73.595441, 41.019321], [-73.596612, 41.016768], [-73.5967420568665, 41.0158760715483], [-73.603952, 41.015054], [-73.6143308544272, 41.0090280968679], [-73.614722, 41.008801], [-73.619487022323, 41.0077142895964], [-73.6241860733442, 41.0066426245998], [-73.624943, 41.00647], [-73.627086, 41.001809], [-73.6294780368366, 41.0020536422548], [-73.6348086505547, 41.0025988233906], [-73.639885, 41.003118], [-73.6410127012996, 41.0022674354848], [-73.6434249004382, 41.000448043247], [-73.643653, 41.000276], [-73.6487877738617, 40.996830745589], [-73.651175, 40.995229], [-73.6519565485684, 40.9941706558957], [-73.65676, 40.987666], [-73.657783, 40.9876], [-73.659005, 40.988857], [-73.657228, 40.990914], [-73.6595274390272, 40.9941805195637], [-73.659639, 40.994339], [-73.6595007002821, 40.995525863034], [-73.659309, 40.997171], [-73.6598772386487, 40.9991340601074], [-73.660268, 41.000484]]]]}}, {"type": "Feature", "id": "06010", "properties": {"ZCTA5CE20": "06010", "GEOID20": "06010", "zip": "06010", "STUSPS": "CT"}, "geometry": {"type": "Polygon", "coordinates": [[[-72.99855, 41.712498], [-72.978934, 41.71459], [-72.971476, 41.715618], [-72.961364, 41.71648], [-72.961962, 41.715591], [-72.95927, 41.716682], [-72.94809, 41.717601], [-72.944088, 41.718082], [-72.943081, 41.718836], [-72.930485, 41.719841], [-72.926951, 41.720376], [-72.914476, 41.721513], [-72.905025, 41.722177], [-72.89827, 41.723177], [-72.897031, 41.717272], [-72.895641, 41.712404], [-72.894992, 41.708452], [-72.893714, 41.699581], [-72.89375, 41.699575], [-72.892883, 41.696693], [-72.891896, 41.69254], [-72.89032, 41.684057], [-72.889214, 41.678075], [-72.888526, 41.67516], [-72.887811, 41.671622], [-72.888268, 41.67145], [-72.887935, 41.669248], [-72.887507, 41.669279], [-72.886663, 41.666008], [-72.886473, 41.663003], [-72.886762, 41.66262], [-72.886174, 41.65978], [-72.885109, 41.657985], [-72.883388, 41.649468], [-72.903011, 41.647495], [-72.905744, 41.647401], [-72.91012, 41.647115], [-72.921161, 41.64579], [-72.91934, 41.643116], [-72.920424, 41.640993], [-72.917681, 41.637474], [-72.91864, 41.634735], [-72.91765, 41.633273], [-72.918772, 41.633215], [-72.921115, 41.633095], [-72.920001, 41.637422], [-72.921954, 41.64114], [-72.927779, 41.640725], [-72.928604, 41.645454], [-72.938501, 41.644311], [-72.940895, 41.644028], [-72.947752, 41.643222], [-72.960209, 41.641969], [-72.963931, 41.641318], [-72.971145, 41.640499], [-72.98325, 41.639598], [-72.98555, 41.649399], [-72.985842, 41.652076], [-72.986661, 41.655884], [-72.987394, 41.659673], [-72.987636, 41.660433], [-72.989283, 41.66873], [-72.989473, 41.66958], [-72.99138, 41.679924], [-72.99354, 41.690123], [-72.99574, 41.699155], [-72.99855, 41.712498]]]}}, {"type": "Feature", "id": "11727", "properties": {"ZCTA5CE20": "11727", "GEOID20": "11727", "zip": "11727", "STUSPS": "CT"}, "geometry": {"type": "Polygon", "coordinates": [[[-73.036065, 40.896243], [-73.031573, 40.896484], [-73.031981, 40.900928], [-73.032055, 40.901463], [-73.032318, 40.904764], [-73.027374, 40.905022], [-73.026692, 40.901633], [-73.023626, 40.901874], [-73.021377, 40.902263], [-73.018669, 40.902542], [-73.018645, 40.902331], [-73.013289, 40.903807], [-73.012792, 40.903423], [-73.011545, 40.899949], [-73.009891, 40.90012], [-73.01005, 40.901857], [-73.004795, 40.90152], [-73.00679, 40.914103], [-73.002028, 40.912616], [-72.995558, 40.910567], [-72.99002, 40.908747], [-72.988226, 40.90773], [-72.986373, 40.907654], [-72.986524, 40.90659], [-72.980032, 40.903734], [-72.978866, 40.905277], [-72.975196, 40.904803], [-72.97444, 40.904087], [-72.975982, 40.903789], [-72.977183, 40.898529], [-72.982776, 40.897571], [-72.983066, 40.895602], [-72.9841, 40.895458], [-72.986151, 40.895754], [-72.987732, 40.892832], [-72.988205, 40.892224], [-72.986181, 40.891179], [-72.984344, 40.889258], [-72.982153, 40.889682], [-72.980514, 40.886695], [-72.97969, 40.882255], [-72.979317, 40.880371], [-72.978574, 40.880446], [-72.978445, 40.879956], [-72.978089, 40.879995], [-72.977378, 40.876027], [-72.978537, 40.875956], [-72.978386, 40.875221], [-72.97615, 40.875959], [-72.975996, 40.875236], [-72.977714, 40.874653], [-72.97708, 40.874659], [-72.976538, 40.870592], [-72.975258, 40.868953], [-72.975094, 40.862413], [-72.977012, 40.861884], [-72.977995, 40.859532], [-72.980197, 40.859066], [-72.979698, 40.854843], [-72.98146, 40.85664], [-72.98275, 40.858947], [-72.984146, 40.860747], [-72.98906, 40.862579], [-72.98889, 40.860929], [-72.993737, 40.861064], [-72.993784, 40.851235], [-72.995937, 40.850637], [-72.995794, 40.847249], [-72.997193, 40.847118], [-72.999482, 40.845375], [-73.001153, 40.844162], [-73.003403, 40.842792], [-73.006036, 40.841575], [-73.007858, 40.848847], [-73.010557, 40.848845], [-73.010338, 40.847817], [-73.013322, 40.847604], [-73.013691, 40.850437], [-73.01708, 40.850103], [-73.016628, 40.84671], [-73.017514, 40.84665], [-73.018349, 40.846632], [-73.018578, 40.849459], [-73.020372, 40.854377], [-73.015544, 40.855754], [-73.016131, 40.862608], [-73.013069, 40.862403], [-73.012988, 40.864284], [-73.015839, 40.86346], [-73.019876, 40.862918], [-73.020637, 40.868232], [-73.021341, 40.868049], [-73.023545, 40.86779], [-73.023757, 40.8678], [-73.025346, 40.867827], [-73.02961, 40.867369], [-73.031964, 40.867015], [-73.027763, 40.872403], [-73.02386, 40.872956], [-73.024705, 40.876368], [-73.025475, 40.876899], [-73.028283, 40.881218], [-73.029336, 40.882156], [-73.031243, 40.883556], [-73.031679, 40.883899], [-73.03515, 40.888503], [-73.035579, 40.892434], [-73.034942, 40.892475], [-73.035425, 40.895988], [-73.036004, 40.895953], [-73.036065, 40.896243]]]}}, {"type": "Feature", "id": "06612", "properties": {"ZCTA5CE20": "06612", "GEOID20": "06612", "zip": "06612", "STUSPS": "CT"}, "geometry": {"type": "Polygon", "coordinates": [[[-73.368811, 41.274975], [-73.342143, 41.284769], [-73.327644, 41.290159], [-73.309872, 41.295981], [-73.304798, 41.297764], [-73.305871, 41.298897], [-73.314218, 41.308199], [-73.31547, 41.308429], [-73.315997, 41.31092], [-73.317935, 41.311928], [-73.318692, 41.313905], [-73.320372, 41.315387], [-73.325287, 41.322474], [-73.315111, 41.327696], [-73.305999, 41.332358], [-73.297754, 41.328701], [-73.283776, 41.322997], [-73.273399, 41.318786], [-73.272568, 41.318082], [-73.273093, 41.316221], [-73.270723, 41.309973], [-73.271185, 41.306202], [-73.271345, 41.305817], [-73.273094, 41.302958], [-73.276152, 41.301546], [-73.275956, 41.300911], [-73.278091, 41.298145], [-73.274371, 41.293806], [-73.275248, 41.291628], [-73.27506, 41.290447], [-73.274492, 41.283893], [-73.271769, 41.280636], [-73.25371, 41.259135], [-73.24854, 41.253405], [-73.247746, 41.252081], [-73.24434, 41.248097], [-73.243834, 41.247488], [-73.241031, 41.244817], [-73.23682, 41.239349], [-73.2361, 41.238432], [-73.245391, 41.23292], [-73.248576, 41.231998], [-73.248556, 41.231977], [-73.251349, 41.230178], [-73.25256, 41.226665], [-73.255651, 41.22219], [-73.256559, 41.219296], [-73.260191, 41.21543], [-73.260405, 41.215234], [-73.261289, 41.214354], [-73.262098, 41.212876], [-73.263296, 41.21254], [-73.264795, 41.214459], [-73.272044, 41.222957], [-73.272239, 41.223262], [-73.273133, 41.224211], [-73.274267, 41.225657], [-73.275498, 41.226918], [-73.278956, 41.2309], [-73.279256, 41.231551], [-73.280352, 41.230861], [-73.282351, 41.229102], [-73.284304, 41.225299], [-73.288257, 41.223855], [-73.290774, 41.220089], [-73.295435, 41.217471], [-73.301035, 41.213133], [-73.301863, 41.212729], [-73.307418, 41.212891], [-73.318313, 41.212742], [-73.324035, 41.213179], [-73.326034, 41.213191], [-73.329014, 41.213425], [-73.325674, 41.216213], [-73.324902, 41.220519], [-73.323634, 41.221922], [-73.32483, 41.224471], [-73.326924, 41.226497], [-73.325944, 41.227443], [-73.331364, 41.233466], [-73.333892, 41.23582], [-73.336789, 41.240163], [-73.341432, 41.245625], [-73.347528, 41.251965], [-73.368811, 41.274975]]]}}, {"type": "Feature", "id": "06375", "properties": {"ZCTA5CE20": "06375", "GEOID20": "06375", "zip": "06375", "STUSPS": "CT"}, "geometry": {"type": "Polygon", "coordinates": [[[-72.169904, 41.413444], [-72.166688, 41.415691], [-72.167187, 41.415935], [-72.169807, 41.418317], [-72.166181, 41.418562], [-72.153362, 41.420401], [-72.132985, 41.423286], [-72.133659, 41.424571], [-72.135265, 41.425528], [-72.137129, 41.428275], [-72.13548, 41.428566], [-72.130109, 41.42559], [-72.130576, 41.424435], [-72.131312, 41.42408], [-72.131466, 41.4235], [-72.128236, 41.423938], [-72.120802, 41.424898], [-72.120117, 41.424902], [-72.112934, 41.426012], [-72.111922, 41.42619], [-72.110172, 41.425861], [-72.110213, 41.426483], [-72.106478, 41.42699], [-72.095621, 41.425298], [-72.093021, 41.415798], [-72.093921, 41.413898], [-72.095021, 41.411598], [-72.096021, 41.408798], [-72.095521, 41.402198], [-72.095821, 41.400398], [-72.09648, 41.398997], [-72.097221, 41.396198], [-72.094221, 41.392698], [-72.092921, 41.388898], [-72.092921, 41.386998], [-72.1054, 41.384058], [-72.10572, 41.385226], [-72.109542, 41.384382], [-72.109696, 41.382974], [-72.110518, 41.382678], [-72.118021, 41.375198], [-72.118502, 41.374743], [-72.121257, 41.371884], [-72.121915, 41.37135], [-72.123429, 41.372863], [-72.125298, 41.37368], [-72.126999, 41.375713], [-72.125485, 41.378202], [-72.127789, 41.379528], [-72.125088, 41.37985], [-72.12705, 41.385015], [-72.12811, 41.388677], [-72.128567, 41.391882], [-72.131759, 41.395828], [-72.133945, 41.399939], [-72.136163, 41.401645], [-72.136331, 41.402706], [-72.137122, 41.401898], [-72.141919, 41.40558], [-72.142518, 41.403172], [-72.14408, 41.401793], [-72.144752, 41.401787], [-72.143917, 41.397495], [-72.146922, 41.393845], [-72.146899, 41.39377], [-72.151382, 41.393212], [-72.156148, 41.394072], [-72.159039, 41.393544], [-72.161269, 41.394263], [-72.163802, 41.393981], [-72.166207, 41.395594], [-72.166416, 41.395697], [-72.159639, 41.39875], [-72.160505, 41.40083], [-72.162808, 41.40276], [-72.163186, 41.404882], [-72.164562, 41.406992], [-72.166515, 41.407449], [-72.167222, 41.410029], [-72.168329, 41.410989], [-72.169789, 41.410322], [-72.169904, 41.413444]]]}}, {"type": "Feature", "id": "06903", "properties": {"ZCTA5CE20": "06903", "GEOID20": "06903", "zip": "06903", "STUSPS": "CT"}, "geometry": {"type": "Polygon", "coordinates": [[[-73.615516, 41.124935], [-73.61421, 41.12423], [-73.612068, 41.124775], [-73.608866, 41.123241], [-73.611441, 41.125069], [-73.612126, 41.12965], [-73.613266, 41.129611], [-73.61263, 41.134119], [-73.614098, 41.135579], [-73.615514, 41.135754], [-73.613192, 41.138275], [-73.614161, 41.14197], [-73.614396, 41.144759], [-73.6157986549652, 41.1522813312348], [-73.614464558521, 41.1528817460914], [-73.6055792760596, 41.1568805991113], [-73.5981079453356, 41.1602430981155], [-73.5970698847306, 41.1607102809882], [-73.5893440890346, 41.1641873028594], [-73.5861737573394, 41.1656141219311], [-73.5791541052827, 41.1687733413423], [-73.564941, 41.17517], [-73.5647586721642, 41.1752542873136], [-73.5575096115307, 41.1786054149382], [-73.5546500736945, 41.1799273346628], [-73.553603, 41.178671], [-73.553381, 41.178392], [-73.552265, 41.17608], [-73.553052, 41.17417], [-73.545486, 41.16572], [-73.544225, 41.164886], [-73.541987, 41.163129], [-73.540021, 41.160067], [-73.538724, 41.160052], [-73.535784, 41.157795], [-73.534868, 41.155717], [-73.532327, 41.154389], [-73.533056, 41.153956], [-73.533469, 41.151731], [-73.534134, 41.15024], [-73.534057, 41.149819], [-73.533245, 41.147776], [-73.5225, 41.118888], [-73.528076, 41.118668], [-73.535111, 41.116235], [-73.543823, 41.11303], [-73.546434, 41.112006], [-73.555631, 41.108339], [-73.557004, 41.10662], [-73.558607, 41.105613], [-73.559914, 41.105442], [-73.560766, 41.103536], [-73.563466, 41.102996], [-73.565014, 41.101441], [-73.566001, 41.10305], [-73.569161, 41.101565], [-73.576123, 41.100989], [-73.582188, 41.100543], [-73.588764, 41.1006], [-73.589767, 41.098523], [-73.588974, 41.097377], [-73.592448, 41.090614], [-73.596475, 41.0954], [-73.599163, 41.099018], [-73.594559, 41.100711], [-73.591963, 41.100921], [-73.596732, 41.101825], [-73.598541, 41.101415], [-73.600158, 41.10495], [-73.603979, 41.106606], [-73.606092, 41.109302], [-73.606346, 41.108427], [-73.607055, 41.109609], [-73.613785, 41.117654], [-73.617587, 41.12275], [-73.615516, 41.124935]]]}}, {"type": "Feature", "id": "06385", "properties": {"ZCTA5CE20": "06385", "GEOID20": "06385", "zip": "06385", "STUSPS": "CT"}, "geometry": {"type": "Polygon", "coordinates": [[[-72.204656, 41.413825], [-72.199668, 41.413717], [-72.179375, 41.416605], [-72.169807, 41.418317], [-72.167187, 41.415935], [-72.166688, 41.415691], [-72.169904, 41.413444], [-72.169789, 41.410322], [-72.168329, 41.410989], [-72.167222, 41.410029], [-72.166515, 41.407449], [-72.164562, 41.406992], [-72.163186, 41.404882], [-72.162808, 41.40276], [-72.160505, 41.40083], [-72.159639, 41.39875], [-72.166416, 41.395697], [-72.166207, 41.395594], [-72.163802, 41.393981], [-72.161269, 41.394263], [-72.159039, 41.393544], [-72.156148, 41.394072], [-72.151382, 41.393212], [-72.146899, 41.39377], [-72.146922, 41.393845], [-72.143917, 41.397495], [-72.144752, 41.401787], [-72.14408, 41.401793], [-72.142518, 41.403172], [-72.141919, 41.40558], [-72.137122, 41.401898], [-72.136331, 41.402706], [-72.136163, 41.401645], [-72.133945, 41.399939], [-72.131759, 41.395828], [-72.128567, 41.391882], [-72.12811, 41.388677], [-72.12705, 41.385015], [-72.125088, 41.37985], [-72.127789, 41.379528], [-72.125485, 41.378202], [-72.126999, 41.375713], [-72.125298, 41.37368], [-72.123429, 41.372863], [-72.121915, 41.37135], [-72.122306, 41.370636], [-72.123925, 41.369603], [-72.12832, 41.365306], [-72.128378, 41.363356], [-72.12853, 41.357634], [-72.126602, 41.35582], [-72.119629, 41.349533], [-72.118315, 41.347763], [-72.114554, 41.344452], [-72.113453, 41.343604], [-72.112397, 41.341393], [-72.109793, 41.334037], [-72.109017, 41.332091], [-72.108491, 41.330422], [-72.108636, 41.32856], [-72.105097, 41.321856], [-72.105334, 41.320619], [-72.103434, 41.317366], [-72.100582, 41.313151], [-72.101989, 41.309336], [-72.101684, 41.306807], [-72.103905, 41.305153], [-72.1009772096131, 41.3042758080781], [-72.1011122448683, 41.304096793875], [-72.101358, 41.303771], [-72.107782, 41.302861], [-72.11182, 41.299098], [-72.123044, 41.301751], [-72.1254987519934, 41.3012342216659], [-72.1336651411307, 41.2995150203024], [-72.13387282104, 41.2994712991941], [-72.134221, 41.299398], [-72.1381330456147, 41.3007970941139], [-72.144041, 41.30291], [-72.149665, 41.310857], [-72.1559882169118, 41.3130622872205], [-72.15632, 41.313178], [-72.16158, 41.310262], [-72.161073, 41.306929], [-72.164401, 41.303715], [-72.1663617643688, 41.305101968397], [-72.165978, 41.305557], [-72.16552, 41.305343], [-72.165068, 41.305886], [-72.166283, 41.306628], [-72.166799, 41.307424], [-72.167025, 41.307308], [-72.166923, 41.306211], [-72.1673733067818, 41.3058174941284], [-72.1675724603383, 41.3059583676028], [-72.1695052691599, 41.3073255613338], [-72.169281, 41.309268], [-72.16971, 41.309553], [-72.170962, 41.309737], [-72.172715, 41.309596], [-72.1731505950534, 41.3124834863483], [-72.173922, 41.317597], [-72.1744953970793, 41.3183563636996], [-72.1774650579298, 41.3222891577989], [-72.176199, 41.324], [-72.179852, 41.325732], [-72.180491, 41.328056], [-72.1793, 41.334623], [-72.180977, 41.341908], [-72.181122, 41.342697], [-72.182922, 41.344197], [-72.184901, 41.34472], [-72.188222, 41.345597], [-72.188822, 41.346397], [-72.188122, 41.349497], [-72.189614, 41.354594], [-72.18943, 41.358466], [-72.193031, 41.367098], [-72.192798, 41.368587], [-72.192695, 41.368913], [-72.193256, 41.370452], [-72.191659, 41.372897], [-72.192363, 41.374739], [-72.192764, 41.375549], [-72.219307, 41.412123], [-72.204656, 41.413825]]]}}, {"type": "Feature", "id": "06795", "properties": {"ZCTA5CE20": "06795", "GEOID20": "06795", "zip": "06795", "STUSPS": "CT"}, "geometry": {"type": "Polygon", "coordinates": [[[-73.169872, 41.616895], [-73.16707, 41.61903], [-73.165627, 41.622533], [-73.162934, 41.624593], [-73.160549, 41.625073], [-73.161609, 41.629914], [-73.165557, 41.646586], [-73.165794, 41.648722], [-73.169183, 41.66157], [-73.170756, 41.669196], [-73.167122, 41.669661], [-73.142031, 41.672294], [-73.141531, 41.672709], [-73.139305, 41.668514], [-73.131653, 41.661669], [-73.129342, 41.663627], [-73.125685, 41.664245], [-73.123563, 41.663288], [-73.122156, 41.660505], [-73.119705, 41.66155], [-73.113754, 41.66107], [-73.114065, 41.656856], [-73.110451, 41.657994], [-73.109235, 41.658028], [-73.107888, 41.656696], [-73.105658, 41.657927], [-73.103811, 41.657927], [-73.103694, 41.657437], [-73.100361, 41.656598], [-73.094576, 41.654546], [-73.094353, 41.653697], [-73.093071, 41.651602], [-73.082681, 41.647612], [-73.081096, 41.647654], [-73.081329, 41.645272], [-73.080238, 41.640254], [-73.077306, 41.633869], [-73.077975, 41.631841], [-73.077048, 41.630897], [-73.071496, 41.628458], [-73.069682, 41.626782], [-73.068697, 41.626724], [-73.066496, 41.623209], [-73.063121, 41.6209], [-73.059446, 41.620154], [-73.057898, 41.616201], [-73.058074, 41.615574], [-73.062145, 41.614613], [-73.065187, 41.610655], [-73.068886, 41.609603], [-73.074799, 41.60969], [-73.074557, 41.609168], [-73.077183, 41.607086], [-73.077115, 41.606368], [-73.075703, 41.60345], [-73.088143, 41.607556], [-73.091007, 41.607709], [-73.091971, 41.607743], [-73.097359, 41.606804], [-73.096994, 41.605342], [-73.097045, 41.604318], [-73.096806, 41.603864], [-73.096809, 41.603365], [-73.097838, 41.600904], [-73.09795, 41.599961], [-73.09825, 41.599416], [-73.098856, 41.597873], [-73.098991, 41.597286], [-73.097794, 41.595108], [-73.100275, 41.594236], [-73.100009, 41.592377], [-73.102067, 41.591458], [-73.102465, 41.591281], [-73.102589, 41.591404], [-73.102897, 41.591611], [-73.103202, 41.590559], [-73.100276, 41.589441], [-73.102611, 41.58927], [-73.100485, 41.587936], [-73.1015, 41.586801], [-73.099994, 41.580792], [-73.098768, 41.579814], [-73.097543, 41.577519], [-73.089113, 41.575654], [-73.089406, 41.575211], [-73.092353, 41.570496], [-73.093853, 41.570196], [-73.098529, 41.568976], [-73.1009, 41.568361], [-73.116488, 41.564288], [-73.118857, 41.56377], [-73.129082, 41.561293], [-73.130221, 41.561055], [-73.130878, 41.560917], [-73.145036, 41.557822], [-73.147273, 41.567295], [-73.148299, 41.568775], [-73.148864, 41.574229], [-73.149121, 41.575354], [-73.15032, 41.580653], [-73.154473, 41.599805], [-73.157756, 41.612696], [-73.169313, 41.611866], [-73.17078, 41.612688], [-73.169872, 41.616895]]]}}, {"type": "Feature", "id": "06820", "properties": {"ZCTA5CE20": "06820", "GEOID20": "06820", "zip": "06820", "STUSPS": "CT"}, "geometry": {"type": "Polygon", "coordinates": [[[-73.516975, 41.081168], [-73.514496, 41.088284], [-73.515229, 41.088965], [-73.514591, 41.0927], [-73.514963, 41.094164], [-73.514432, 41.09528], [-73.510486, 41.102134], [-73.509769, 41.102954], [-73.509445, 41.104808], [-73.511398, 41.105648], [-73.511447, 41.107619], [-73.509239, 41.109726], [-73.506509, 41.109555], [-73.500756, 41.114414], [-73.497708, 41.114392], [-73.495812, 41.114141], [-73.493416, 41.114472], [-73.486209, 41.114198], [-73.48561, 41.113916], [-73.479027, 41.114607], [-73.474565, 41.114696], [-73.473898, 41.113834], [-73.469086, 41.108288], [-73.462138, 41.101133], [-73.455805, 41.093389], [-73.455521, 41.092859], [-73.45398, 41.091673], [-73.453595, 41.090604], [-73.453607, 41.089762], [-73.45358, 41.089616], [-73.453841, 41.087739], [-73.450671, 41.088151], [-73.450119, 41.086454], [-73.44747, 41.08501], [-73.446853, 41.08248], [-73.447027, 41.081985], [-73.446226, 41.077276], [-73.446134, 41.076303], [-73.4475, 41.072916], [-73.447619, 41.071907], [-73.444824, 41.070024], [-73.444046, 41.06835], [-73.445269, 41.065911], [-73.445515, 41.06539], [-73.4465190115365, 41.0580763361426], [-73.450482, 41.05699], [-73.451394, 41.057916], [-73.453641, 41.057149], [-73.454202, 41.05437], [-73.459572, 41.052544], [-73.461713, 41.053629], [-73.461502, 41.054476], [-73.461354246032, 41.0545934294147], [-73.458905, 41.05654], [-73.4587930130623, 41.0567906325305], [-73.4584414988512, 41.0575773394277], [-73.4580311764214, 41.058495662145], [-73.457817, 41.058975], [-73.459397, 41.059637], [-73.4600177230521, 41.0594242554791], [-73.4616766897471, 41.0588556668412], [-73.4625825461822, 41.0585451966684], [-73.4630913969339, 41.0583707948816], [-73.46319, 41.058337], [-73.46483, 41.058104], [-73.4650247726817, 41.0584566350885], [-73.465173, 41.058725], [-73.463959, 41.059904], [-73.464661, 41.060748], [-73.466731, 41.061128], [-73.468977, 41.060079], [-73.4696167699822, 41.0584131193116], [-73.4703287165424, 41.0565592998782], [-73.470474, 41.056181], [-73.4711308488822, 41.0554809540927], [-73.471508, 41.055079], [-73.4707468512618, 41.0543528894506], [-73.470487, 41.054105], [-73.468311, 41.05482], [-73.467258, 41.054767], [-73.467153, 41.052359], [-73.469575, 41.050744], [-73.4725463938431, 41.0508146681057], [-73.474032, 41.05085], [-73.474383, 41.049262], [-73.4739975573708, 41.0491796011279], [-73.4727733300121, 41.0489178891484], [-73.470028, 41.048331], [-73.470194516436, 41.0474486185121], [-73.470242, 41.047197], [-73.4709998271869, 41.0467648963121], [-73.4746846083174, 41.0446638796912], [-73.475998, 41.043915], [-73.477366, 41.036397], [-73.479086, 41.036582], [-73.482823, 41.046216], [-73.4833424774012, 41.0462017304047], [-73.4842486854369, 41.0461768376531], [-73.4859252728402, 41.046130783246], [-73.486063, 41.046127], [-73.4861866499174, 41.0454787139957], [-73.4867414872911, 41.0425697488178], [-73.486804, 41.042242], [-73.4886, 41.040799], [-73.49141, 41.042742], [-73.490473, 41.044126], [-73.490743997702, 41.0444313989647], [-73.493947, 41.048041], [-73.495756326505, 41.0476796800875], [-73.496682, 41.049188], [-73.49787, 41.049389], [-73.50248, 41.055977], [-73.506318, 41.058885], [-73.507327, 41.06092], [-73.508143, 41.06208], [-73.508467, 41.062834], [-73.508744, 41.063478], [-73.509097, 41.065735], [-73.509952, 41.066799], [-73.509895, 41.068711], [-73.510005, 41.070409], [-73.51065, 41.071025], [-73.510936, 41.07217], [-73.515389, 41.074344], [-73.515585, 41.075377], [-73.518011, 41.079977], [-73.516975, 41.081168]]]}}, {"type": "Feature", "id": "06851", "properties": {"ZCTA5CE20": "06851", "GEOID20": "06851", "zip": "06851", "STUSPS": "CT"}, "geometry": {"type": "Polygon", "coordinates": [[[-73.42882, 41.132707], [-73.427524, 41.134614], [-73.42547, 41.135622], [-73.427117, 41.139112], [-73.427554, 41.142305], [-73.425725, 41.142631], [-73.425883, 41.143556], [-73.42789, 41.14338], [-73.427581, 41.149689], [-73.425383, 41.152646], [-73.424774, 41.155398], [-73.424266, 41.156736], [-73.422233, 41.160029], [-73.418978, 41.160802], [-73.415402, 41.162886], [-73.413677, 41.16359], [-73.404845, 41.167388], [-73.394836, 41.171768], [-73.387073, 41.170495], [-73.386769, 41.169805], [-73.386813, 41.166403], [-73.387588, 41.162426], [-73.388448, 41.157997], [-73.388086, 41.156484], [-73.388769, 41.148948], [-73.386684, 41.146006], [-73.382684, 41.141685], [-73.382929, 41.141058], [-73.382888, 41.139757], [-73.382904, 41.139043], [-73.381471, 41.131903], [-73.381126, 41.128603], [-73.380533, 41.124971], [-73.38116, 41.125033], [-73.382402, 41.12573], [-73.383583, 41.125389], [-73.383562, 41.124671], [-73.381927, 41.124553], [-73.382057, 41.123796], [-73.380409, 41.123902], [-73.380374, 41.123415], [-73.380173, 41.121139], [-73.381404, 41.118312], [-73.390681, 41.113471], [-73.398545, 41.111227], [-73.401298, 41.110392], [-73.406137, 41.108457], [-73.410575, 41.107436], [-73.41162, 41.110764], [-73.409523, 41.112905], [-73.409, 41.115214], [-73.409381, 41.116639], [-73.410104, 41.117231], [-73.410644, 41.118409], [-73.412031, 41.118475], [-73.412759, 41.119429], [-73.413754, 41.119022], [-73.416031, 41.119963], [-73.416981, 41.119523], [-73.41776, 41.118472], [-73.419678, 41.118154], [-73.420564, 41.119642], [-73.421206, 41.120545], [-73.426248, 41.126306], [-73.427866, 41.129449], [-73.428451, 41.131369], [-73.42882, 41.132707]]]}}, {"type": "Feature", "id": "11901", "properties": {"ZCTA5CE20": "11901", "GEOID20": "11901", "zip": "11901", "STUSPS": "CT"}, "geometry": {"type": "Polygon", "coordinates": [[[-72.7337748030087, 40.9710769867905], [-72.720941, 40.97392], [-72.720353629879, 40.9740993778702], [-72.709258722893, 40.9774876686846], [-72.7083749490221, 40.9777575657547], [-72.708069, 40.977851], [-72.685761, 40.980288], [-72.673164, 40.978673], [-72.6592083172662, 40.980154234808], [-72.6484517695946, 40.9812959183164], [-72.648451, 40.981296], [-72.635562, 40.981957], [-72.619826, 40.986402], [-72.6164745090784, 40.9874885945667], [-72.6052261215532, 40.9911354601127], [-72.5916829950277, 40.9955263082587], [-72.582422, 40.984897], [-72.575814, 40.97735], [-72.574273, 40.975587], [-72.564938, 40.965199], [-72.570279, 40.96098], [-72.572748, 40.957647], [-72.569894, 40.954395], [-72.567544, 40.952299], [-72.564692, 40.947689], [-72.568972, 40.946081], [-72.567773, 40.944825], [-72.56767, 40.944171], [-72.569041, 40.943421], [-72.568921, 40.944841], [-72.569503, 40.94588], [-72.576713, 40.942023], [-72.578869, 40.941762], [-72.579284, 40.943037], [-72.579747, 40.944468], [-72.581206, 40.944063], [-72.584819, 40.943657], [-72.582711, 40.941245], [-72.581822, 40.940245], [-72.583956, 40.939022], [-72.582172, 40.93942], [-72.580659, 40.937634], [-72.582193, 40.935094], [-72.586873, 40.932264], [-72.588754, 40.931458], [-72.590724, 40.929349], [-72.595537, 40.932381], [-72.596355, 40.932728], [-72.59669, 40.93287], [-72.60032, 40.934308], [-72.602946, 40.933892], [-72.605806, 40.932134], [-72.60757, 40.932259], [-72.609201, 40.934037], [-72.609393, 40.936581], [-72.608125, 40.936245], [-72.608654, 40.93835], [-72.610064, 40.937604], [-72.60992, 40.934437], [-72.612163, 40.930115], [-72.615214, 40.928819], [-72.613839, 40.927779], [-72.613448, 40.922406], [-72.613445, 40.919892], [-72.612849, 40.919396], [-72.614017, 40.918434], [-72.617855, 40.918755], [-72.620494, 40.91618], [-72.618496, 40.915668], [-72.619603, 40.914563], [-72.622006, 40.914243], [-72.621333, 40.91309], [-72.622722, 40.913109], [-72.627217, 40.911091], [-72.625783, 40.911571], [-72.624485, 40.910661], [-72.622661, 40.911748], [-72.620784, 40.909474], [-72.619663, 40.910579], [-72.618114, 40.910148], [-72.618145, 40.9073], [-72.619775, 40.904691], [-72.617664, 40.905732], [-72.616085, 40.903939], [-72.616207, 40.905682], [-72.613155, 40.907153], [-72.612735, 40.905681], [-72.612307, 40.905411], [-72.612543, 40.909794], [-72.611759, 40.911892], [-72.606578, 40.914643], [-72.601252, 40.915555], [-72.601041, 40.915827], [-72.601185, 40.916435], [-72.599409, 40.917059], [-72.59768, 40.914387], [-72.59584, 40.910451], [-72.590416, 40.911059], [-72.585824, 40.910899], [-72.582976, 40.910051], [-72.582832, 40.908771], [-72.571672, 40.907214], [-72.571603, 40.906564], [-72.570991, 40.906533], [-72.570962, 40.905412], [-72.56742, 40.905862], [-72.566591, 40.903523], [-72.563219, 40.899205], [-72.564752, 40.897027], [-72.563966, 40.895989], [-72.561393, 40.895209], [-72.561769, 40.894261], [-72.568579, 40.892848], [-72.567251, 40.892483], [-72.559168, 40.888888], [-72.556155, 40.888189], [-72.556206, 40.887811], [-72.556375, 40.88696], [-72.558481, 40.883107], [-72.559274, 40.881474], [-72.559981, 40.87936], [-72.561358, 40.878343], [-72.561371, 40.875901], [-72.562195, 40.875846], [-72.57345, 40.875252], [-72.599561, 40.874516], [-72.603558, 40.873875], [-72.616747, 40.870626], [-72.618807, 40.870185], [-72.621902, 40.869683], [-72.637884, 40.868711], [-72.644191, 40.868076], [-72.65402, 40.866233], [-72.659601, 40.864597], [-72.674525, 40.859399], [-72.682934, 40.856608], [-72.69012, 40.854714], [-72.696833, 40.852944], [-72.706855, 40.850352], [-72.713764, 40.848323], [-72.723387, 40.844353], [-72.715062, 40.870486], [-72.71395, 40.873959], [-72.705751, 40.899631], [-72.703517, 40.906624], [-72.703359, 40.907201], [-72.701152, 40.914032], [-72.707604, 40.912483], [-72.713181, 40.91257], [-72.713118, 40.913081], [-72.713626, 40.914501], [-72.710827, 40.914541], [-72.709344, 40.915189], [-72.707784, 40.915796], [-72.707071, 40.915752], [-72.706655, 40.915925], [-72.70784, 40.916004], [-72.709701, 40.916323], [-72.718688, 40.917689], [-72.721187, 40.918549], [-72.723589, 40.920404], [-72.717856, 40.922192], [-72.714499, 40.922492], [-72.707876, 40.92375], [-72.705635, 40.924013], [-72.698437, 40.924836], [-72.696677, 40.925208], [-72.699625, 40.928012], [-72.704837, 40.934402], [-72.705917, 40.934407], [-72.711214, 40.94074], [-72.715555, 40.945156], [-72.716513, 40.946218], [-72.727878, 40.959031], [-72.728513, 40.959155], [-72.729385, 40.960013], [-72.727748, 40.961975], [-72.731935, 40.966711], [-72.7337748030087, 40.9710769867905]], [[-72.615214, 40.928819], [-72.61643, 40.932521], [-72.61555, 40.93354], [-72.616962, 40.934579], [-72.618768, 40.939143], [-72.620538, 40.938383], [-72.620678, 40.938405], [-72.631118, 40.932742], [-72.630865, 40.932525], [-72.631813, 40.932101], [-72.625474, 40.930947], [-72.622723, 40.929847], [-72.6183, 40.92979], [-72.615214, 40.928819]]]}}, {"type": "Feature", "id": "10518", "properties": {"ZCTA5CE20": "10518", "GEOID20": "10518", "zip": "10518", "STUSPS": "CT"}, "geometry": {"type": "MultiPolygon", "coordinates": [[[[-73.616511, 41.301236], [-73.615762, 41.303118], [-73.614497, 41.302955], [-73.61544, 41.297423], [-73.614408, 41.295768], [-73.612678, 41.294106], [-73.611534, 41.291352], [-73.61308, 41.291306], [-73.616043, 41.293221], [-73.616511, 41.301236]]], [[[-73.626478, 41.272713], [-73.627104, 41.274348], [-73.619074, 41.275671], [-73.617179, 41.282861], [-73.613954, 41.284912], [-73.612218, 41.284586], [-73.612496, 41.283365], [-73.612259, 41.28166], [-73.610385, 41.281788], [-73.610013, 41.279356], [-73.603677, 41.279353], [-73.600814, 41.274667], [-73.598308, 41.274625], [-73.595439, 41.27689], [-73.592598, 41.277853], [-73.592126, 41.277896], [-73.591505, 41.277872], [-73.588816, 41.277481], [-73.58845, 41.276244], [-73.585454, 41.27555], [-73.583285, 41.275754], [-73.580178, 41.272088], [-73.577976, 41.271546], [-73.577092, 41.271983], [-73.574845, 41.271494], [-73.575125, 41.270228], [-73.573939, 41.26863], [-73.572358, 41.268406], [-73.569964, 41.267183], [-73.569936, 41.265623], [-73.568891, 41.261142], [-73.565873, 41.261412], [-73.56509, 41.260004], [-73.601801, 41.256482], [-73.617217, 41.255243], [-73.619525, 41.255019], [-73.620845, 41.257397], [-73.627982, 41.272112], [-73.626478, 41.272713]]]]}}, {"type": "Feature", "id": "06109", "properties": {"ZCTA5CE20": "06109", "GEOID20": "06109", "zip": "06109", "STUSPS": "CT"}, "geometry": {"type": "Polygon", "coordinates": [[[-72.70804, 41.710374], [-72.705938, 41.7243], [-72.704838, 41.7245], [-72.695948, 41.725052], [-72.693536, 41.725186], [-72.691841, 41.725481], [-72.691492, 41.72546], [-72.680379, 41.726793], [-72.673757, 41.727671], [-72.668237, 41.728219], [-72.667431, 41.728328], [-72.659313, 41.729322], [-72.658711, 41.729619], [-72.655602, 41.729908], [-72.649284, 41.728281], [-72.647836, 41.727899], [-72.636335, 41.724899], [-72.648868, 41.723096], [-72.640573, 41.714526], [-72.640411, 41.714496], [-72.638309, 41.714102], [-72.622035, 41.712199], [-72.615937, 41.707101], [-72.617612, 41.704029], [-72.618466, 41.703394], [-72.619716, 41.702469], [-72.626888, 41.701039], [-72.635326, 41.698655], [-72.636736, 41.693199], [-72.636154, 41.692012], [-72.632682, 41.689861], [-72.629735, 41.689399], [-72.615735, 41.688099], [-72.62698, 41.687087], [-72.632073, 41.686799], [-72.648825, 41.684999], [-72.649115, 41.68498], [-72.654395, 41.683422], [-72.658141, 41.682201], [-72.659048, 41.681671], [-72.659053, 41.682182], [-72.660355, 41.681509], [-72.665337, 41.680098], [-72.665355, 41.680027], [-72.66629, 41.675695], [-72.66697, 41.672641], [-72.667199, 41.672173], [-72.667743, 41.671508], [-72.66994, 41.669893], [-72.671746, 41.6696], [-72.672465, 41.669642], [-72.682407, 41.670837], [-72.683111, 41.671851], [-72.688374, 41.670994], [-72.693497, 41.670971], [-72.695875, 41.670062], [-72.706039, 41.668799], [-72.706534, 41.670628], [-72.70694, 41.673714], [-72.700364, 41.674573], [-72.701053, 41.677325], [-72.701935, 41.682634], [-72.703243, 41.688915], [-72.705237, 41.695298], [-72.704846, 41.696975], [-72.705349, 41.698054], [-72.705438, 41.69923], [-72.706315, 41.703007], [-72.70804, 41.710374]]]}}, {"type": "Feature", "id": "06482", "properties": {"ZCTA5CE20": "06482", "GEOID20": "06482", "zip": "06482", "STUSPS": "CT"}, "geometry": {"type": "Polygon", "coordinates": [[[-73.312718, 41.442129], [-73.311988, 41.443066], [-73.310902, 41.442752], [-73.309735, 41.442015], [-73.307992, 41.441962], [-73.306671, 41.442528], [-73.305007, 41.442733], [-73.304416, 41.44263], [-73.30408, 41.442702], [-73.303715, 41.444069], [-73.302633, 41.447621], [-73.298403, 41.448916], [-73.293948, 41.447355], [-73.291263, 41.448108], [-73.287798, 41.450315], [-73.283195, 41.451612], [-73.278253, 41.452635], [-73.273696, 41.451645], [-73.270243, 41.448005], [-73.267493, 41.443581], [-73.265857, 41.437073], [-73.263678, 41.434532], [-73.259205, 41.433329], [-73.25695, 41.433852], [-73.25119, 41.437772], [-73.247977, 41.439005], [-73.24752, 41.439193], [-73.245259, 41.439895], [-73.244334, 41.439558], [-73.242344, 41.436072], [-73.242289, 41.429841], [-73.238411, 41.426253], [-73.236771, 41.426187], [-73.235911, 41.426153], [-73.229969, 41.429124], [-73.226769, 41.429824], [-73.226479, 41.430309], [-73.220857, 41.429577], [-73.218235, 41.42907], [-73.211835, 41.42277], [-73.207688, 41.420544], [-73.201557, 41.415796], [-73.199757, 41.413196], [-73.196757, 41.411396], [-73.190257, 41.410296], [-73.186557, 41.408596], [-73.184857, 41.406296], [-73.185357, 41.402196], [-73.187557, 41.399596], [-73.187957, 41.397296], [-73.183269, 41.391711], [-73.187733, 41.388926], [-73.188963, 41.388532], [-73.191748, 41.388934], [-73.194898, 41.388529], [-73.198011, 41.382734], [-73.201075, 41.38102], [-73.203578, 41.379162], [-73.202294, 41.378005], [-73.202029, 41.375179], [-73.201311, 41.373941], [-73.202136, 41.372237], [-73.204828, 41.370475], [-73.206614, 41.370166], [-73.211199, 41.367721], [-73.213294, 41.367919], [-73.21903, 41.364495], [-73.223326, 41.36422], [-73.225336, 41.365342], [-73.227776, 41.365051], [-73.229488, 41.36721], [-73.228117, 41.368813], [-73.229007, 41.370303], [-73.241034, 41.364639], [-73.256172, 41.357441], [-73.254901, 41.363542], [-73.254106, 41.36399], [-73.253527, 41.364185], [-73.2524, 41.364423], [-73.251733, 41.364831], [-73.249563, 41.367476], [-73.257962, 41.367754], [-73.259244, 41.371445], [-73.259257, 41.373449], [-73.258862, 41.374612], [-73.258293, 41.375337], [-73.258433, 41.376772], [-73.265112, 41.376962], [-73.266781, 41.379629], [-73.265064, 41.38351], [-73.265143, 41.389268], [-73.268339, 41.390098], [-73.26881, 41.393141], [-73.26701, 41.39362], [-73.265992, 41.39528], [-73.266138, 41.397223], [-73.267173, 41.399123], [-73.266358, 41.400175], [-73.267511, 41.402961], [-73.267129, 41.404084], [-73.269108, 41.40503], [-73.269639, 41.406231], [-73.272133, 41.406545], [-73.277927, 41.408308], [-73.278901, 41.410026], [-73.281789, 41.412001], [-73.282642, 41.415805], [-73.28954, 41.417162], [-73.290778, 41.41767], [-73.290464, 41.417738], [-73.300252, 41.42325], [-73.304047, 41.425362], [-73.313315, 41.429262], [-73.313647, 41.430562], [-73.312522, 41.433458], [-73.311547, 41.433927], [-73.310057, 41.431406], [-73.3068, 41.431465], [-73.308335, 41.433083], [-73.309324, 41.437789], [-73.311471, 41.440131], [-73.312666, 41.439889], [-73.31394, 41.439077], [-73.312718, 41.442129]]]}}, {"type": "Feature", "id": "06013", "properties": {"ZCTA5CE20": "06013", "GEOID20": "06013", "zip": "06013", "STUSPS": "CT"}, "geometry": {"type": "Polygon", "coordinates": [[[-73.016936, 41.798183], [-72.999549, 41.800023], [-72.98414, 41.802082], [-72.949024, 41.806431], [-72.937258, 41.807892], [-72.928081, 41.808876], [-72.925901, 41.809161], [-72.924133, 41.808723], [-72.921183, 41.807117], [-72.921391, 41.805194], [-72.924253, 41.804794], [-72.927414, 41.803707], [-72.928104, 41.80284], [-72.92688, 41.799805], [-72.925523, 41.798702], [-72.924659, 41.792615], [-72.924542, 41.789574], [-72.924946, 41.787785], [-72.923087, 41.785217], [-72.922256, 41.783047], [-72.920328, 41.779381], [-72.919023, 41.778299], [-72.917652, 41.777739], [-72.90848, 41.776043], [-72.906247, 41.764892], [-72.904927, 41.75809], [-72.904246, 41.750236], [-72.90289, 41.745336], [-72.902625, 41.743569], [-72.902002, 41.739571], [-72.89983, 41.732046], [-72.89827, 41.723177], [-72.905025, 41.722177], [-72.914476, 41.721513], [-72.926951, 41.720376], [-72.930485, 41.719841], [-72.943081, 41.718836], [-72.944088, 41.718082], [-72.94809, 41.717601], [-72.95927, 41.716682], [-72.961962, 41.715591], [-72.961364, 41.71648], [-72.971476, 41.715618], [-72.978934, 41.71459], [-72.99855, 41.712498], [-72.99895, 41.714398], [-73.009057, 41.761428], [-73.012425, 41.77526], [-73.012711, 41.777117], [-73.016936, 41.798183]]]}}, {"type": "Feature", "id": "11937", "properties": {"ZCTA5CE20": "11937", "GEOID20": "11937", "zip": "11937", "STUSPS": "CT"}, "geometry": {"type": "Polygon", "coordinates": [[[-72.2818, 41.014677], [-72.280205, 41.015765], [-72.269525, 41.023043], [-72.266517, 41.025635], [-72.2658348506652, 41.0365697602408], [-72.2623873838982, 41.0401308858511], [-72.260515, 41.042065], [-72.2601481640328, 41.0421165128117], [-72.241252, 41.04477], [-72.2412390026202, 41.0447695462725], [-72.229364, 41.044355], [-72.217476, 41.040611], [-72.2096044972303, 41.0347466685162], [-72.209213, 41.034455], [-72.2072826239982, 41.0338827645249], [-72.201859, 41.032275], [-72.2013321279846, 41.0322891792752], [-72.190563, 41.032579], [-72.1879433099048, 41.0336703879524], [-72.1876019084419, 41.0338126190677], [-72.1875950781452, 41.0338154646346], [-72.1871834934754, 41.0339869347451], [-72.183266, 41.035619], [-72.1795285769231, 41.0384062307692], [-72.17949, 41.038435], [-72.174882, 41.046147], [-72.1680857210854, 41.0501394735947], [-72.1679328431916, 41.0502292817032], [-72.162898, 41.053187], [-72.16037, 41.053827], [-72.153857, 41.051859], [-72.1529930158988, 41.0511519095975], [-72.1529156763188, 41.0510886143649], [-72.145773, 41.045243], [-72.142773726789, 41.0432759212152], [-72.137297, 41.039684], [-72.135137, 41.031284], [-72.137409, 41.023908], [-72.1367054374673, 41.0233620154312], [-72.126738, 41.015627], [-72.12178628567, 41.0080676374583], [-72.1216714856457, 41.007892381992], [-72.122765, 41.0069], [-72.124343, 41.005304], [-72.130772, 41.000722], [-72.132335, 40.999983], [-72.13284, 40.999461], [-72.133154, 40.998499], [-72.132994, 40.99563], [-72.134672, 40.994187], [-72.134774, 40.989046], [-72.135628, 40.988301], [-72.140113, 40.986952], [-72.143824, 40.990163], [-72.146167, 40.991219], [-72.156083, 40.993421], [-72.157638, 40.992794], [-72.160975, 40.992587], [-72.161826, 40.992129], [-72.162746, 40.990502], [-72.162442, 40.987103], [-72.157931, 40.984102], [-72.157232, 40.981853], [-72.157641, 40.979535], [-72.150881, 40.972378], [-72.151999, 40.971929], [-72.151154, 40.968264], [-72.149117, 40.96894], [-72.147726, 40.969133], [-72.148324, 40.96975], [-72.14496, 40.971026], [-72.144191, 40.970162], [-72.142158, 40.97097], [-72.139713, 40.966949], [-72.134289, 40.968709], [-72.12674, 40.972561], [-72.1230578519322, 40.9689270323184], [-72.1242906680494, 40.9684748534092], [-72.1489008783076, 40.9594481884625], [-72.1549683004751, 40.9572227468096], [-72.1590908123203, 40.9557106697987], [-72.1896946098116, 40.9444856447725], [-72.1936515932518, 40.943034281158], [-72.1948683657153, 40.9425879868261], [-72.2292221710742, 40.9299875137963], [-72.2293037719885, 40.9299575837752], [-72.229865, 40.930795], [-72.229081, 40.936135], [-72.230204, 40.942677], [-72.231178, 40.944393], [-72.231326, 40.947992], [-72.231153, 40.947987], [-72.229146, 40.953147], [-72.23024, 40.953186], [-72.23125, 40.953137], [-72.23765, 40.950954], [-72.239124, 40.951235], [-72.240169, 40.9508], [-72.240931, 40.950439], [-72.244112, 40.95581], [-72.243572, 40.956053], [-72.243613, 40.956197], [-72.243557, 40.957142], [-72.243174, 40.959421], [-72.247716, 40.962806], [-72.255476, 40.964095], [-72.255305, 40.969218], [-72.257619, 40.970956], [-72.259118, 40.972025], [-72.260922, 40.976384], [-72.261032, 40.980572], [-72.258725, 40.985445], [-72.261916, 40.986983], [-72.265967, 40.985121], [-72.269105, 40.982473], [-72.270391, 40.979603], [-72.273069, 40.976912], [-72.274803, 40.980036], [-72.277346, 40.978403], [-72.278827, 40.980226], [-72.269029, 40.986173], [-72.273833, 40.99237], [-72.272616, 40.992996], [-72.268597, 40.991951], [-72.265235, 40.993603], [-72.266279, 40.996097], [-72.266305, 40.997445], [-72.266791, 40.999172], [-72.27101, 41.002373], [-72.287606, 41.010723], [-72.2818, 41.014677]]]}}, {"type": "Feature", "id": "06360", "properties": {"ZCTA5CE20": "06360", "GEOID20": "06360", "zip": "06360", "STUSPS": "CT"}, "geometry": {"type": "Polygon", "coordinates": [[[-72.140548, 41.536816], [-72.136202, 41.543726], [-72.135446, 41.54467], [-72.134807, 41.545407], [-72.133882, 41.546385], [-72.132854, 41.548247], [-72.132136, 41.560103], [-72.128444, 41.561898], [-72.126209, 41.559895], [-72.12098, 41.557897], [-72.12075, 41.557951], [-72.11861, 41.558039], [-72.116025, 41.555722], [-72.115156, 41.553418], [-72.110918, 41.550342], [-72.109586, 41.551829], [-72.11054, 41.553773], [-72.112917, 41.554276], [-72.11449, 41.553782], [-72.115385, 41.555515], [-72.112801, 41.557341], [-72.111906, 41.558814], [-72.113294, 41.559483], [-72.114343, 41.558263], [-72.119247, 41.55848], [-72.124607, 41.561856], [-72.125195, 41.563345], [-72.124563, 41.564527], [-72.118743, 41.574378], [-72.104121, 41.600798], [-72.103654, 41.600884], [-72.088, 41.603777], [-72.075007, 41.606028], [-72.070118, 41.607054], [-72.066924, 41.607444], [-72.066694, 41.607647], [-72.065267, 41.608028], [-72.063937, 41.608298], [-72.063094, 41.608122], [-72.058074, 41.605919], [-72.05534, 41.604636], [-72.053909, 41.603381], [-72.047864, 41.594823], [-72.047516, 41.594091], [-72.04598, 41.58536], [-72.045921, 41.585229], [-72.042985, 41.581925], [-72.041184, 41.58043], [-72.045326, 41.573023], [-72.047574, 41.57233], [-72.049558, 41.575104], [-72.053966, 41.573943], [-72.053015, 41.578414], [-72.054864, 41.573973], [-72.056209, 41.573188], [-72.058014, 41.571247], [-72.063077, 41.570848], [-72.063873, 41.571515], [-72.063563, 41.565801], [-72.064865, 41.564277], [-72.065844, 41.563613], [-72.064627, 41.563379], [-72.061225, 41.560779], [-72.059443, 41.560191], [-72.05685, 41.560509], [-72.056307, 41.560306], [-72.054689, 41.559062], [-72.053833, 41.559183], [-72.051155, 41.556906], [-72.05097, 41.556323], [-72.050702, 41.556334], [-72.050684, 41.555624], [-72.050615, 41.555571], [-72.051047, 41.555036], [-72.050493, 41.552393], [-72.048906, 41.552811], [-72.049311, 41.555218], [-72.045616, 41.557014], [-72.04612, 41.555998], [-72.04582, 41.549298], [-72.04672, 41.548098], [-72.04892, 41.546298], [-72.050264, 41.541802], [-72.045649, 41.540565], [-72.045532, 41.540564], [-72.045182, 41.540563], [-72.045066, 41.540563], [-72.046904, 41.535165], [-72.04412, 41.532927], [-72.04352, 41.532508], [-72.040917, 41.531396], [-72.040317, 41.531096], [-72.047389, 41.522763], [-72.051902, 41.517442], [-72.056415, 41.513797], [-72.058641, 41.512078], [-72.067703, 41.517534], [-72.071721, 41.497898], [-72.07203, 41.494002], [-72.072871, 41.491819], [-72.07802, 41.490706], [-72.08102, 41.492099], [-72.08392, 41.493839], [-72.093682, 41.49721], [-72.097602, 41.495499], [-72.097536, 41.495164], [-72.098237, 41.494434], [-72.09948, 41.49485], [-72.099744, 41.495098], [-72.099859, 41.496486], [-72.102131, 41.497974], [-72.106529, 41.499587], [-72.106521, 41.50161], [-72.107982, 41.502828], [-72.111682, 41.502036], [-72.112177, 41.500988], [-72.115426, 41.500872], [-72.120054, 41.502888], [-72.123058, 41.501998], [-72.127226, 41.503207], [-72.133591, 41.502815], [-72.135416, 41.504006], [-72.134151, 41.506187], [-72.132884, 41.508908], [-72.133556, 41.512362], [-72.139058, 41.529732], [-72.140656, 41.536287], [-72.140548, 41.536816]]]}}, {"type": "Feature", "id": "06475", "properties": {"ZCTA5CE20": "06475", "GEOID20": "06475", "zip": "06475", "STUSPS": "CT"}, "geometry": {"type": "Polygon", "coordinates": [[[-72.433129, 41.315188], [-72.431892, 41.317116], [-72.426473, 41.321814], [-72.425525, 41.324221], [-72.420729, 41.325397], [-72.410486, 41.328999], [-72.40863, 41.329651], [-72.404889, 41.330874], [-72.402729, 41.331598], [-72.391358, 41.332226], [-72.390619, 41.332233], [-72.383875, 41.331984], [-72.381363, 41.333751], [-72.374528, 41.337598], [-72.370704, 41.341176], [-72.369147, 41.342337], [-72.366058, 41.341079], [-72.362489, 41.338942], [-72.357834, 41.335135], [-72.353379, 41.329833], [-72.351242, 41.326369], [-72.349121, 41.324492], [-72.347916, 41.321784], [-72.347439, 41.318803], [-72.3490378627189, 41.3115555309125], [-72.350504, 41.31175], [-72.356208, 41.299609], [-72.3562145842289, 41.299376809104], [-72.356446, 41.291216], [-72.3547475230813, 41.2896418716018], [-72.3498457397633, 41.2850989565717], [-72.349316, 41.284608], [-72.3477368421903, 41.2808994913494], [-72.345771543711, 41.2762841664166], [-72.345513, 41.275677], [-72.3439719887267, 41.2720508725429], [-72.34261, 41.268846], [-72.348101, 41.270141], [-72.359063, 41.268114], [-72.3599756709937, 41.2676248023724], [-72.3640138656714, 41.2654603035885], [-72.367617, 41.263529], [-72.3701250316982, 41.2637684488094], [-72.3714762145217, 41.2638974500173], [-72.378573, 41.264575], [-72.386629, 41.261798], [-72.3889710665866, 41.2649781142955], [-72.3945701218396, 41.2725806460735], [-72.3981541706389, 41.2774471536646], [-72.398688, 41.278172], [-72.405718, 41.276801], [-72.4075764773927, 41.2770544639896], [-72.4166552242223, 41.2782926471396], [-72.421475, 41.283569], [-72.423269, 41.288381], [-72.423999, 41.290405], [-72.432611, 41.313254], [-72.433129, 41.315188]]]}}, {"type": "Feature", "id": "06043", "properties": {"ZCTA5CE20": "06043", "GEOID20": "06043", "zip": "06043", "STUSPS": "CT"}, "geometry": {"type": "Polygon", "coordinates": [[[-72.473388, 41.798277], [-72.45514, 41.801448], [-72.449128, 41.802098], [-72.439247, 41.803541], [-72.439223, 41.803622], [-72.429428, 41.8049], [-72.421832, 41.806198], [-72.420821, 41.806198], [-72.418891, 41.806559], [-72.416523, 41.796953], [-72.416269, 41.795768], [-72.41163, 41.772553], [-72.411165, 41.769922], [-72.410251, 41.765505], [-72.405333, 41.742595], [-72.405105, 41.738801], [-72.403622, 41.733992], [-72.418418, 41.732106], [-72.420327, 41.732098], [-72.421499, 41.732009], [-72.421727, 41.730343], [-72.422818, 41.73196], [-72.43547, 41.730273], [-72.453728, 41.728201], [-72.460129, 41.727299], [-72.463899, 41.745572], [-72.464376, 41.746735], [-72.464669, 41.749006], [-72.46509, 41.750025], [-72.468724, 41.770475], [-72.468829, 41.771659], [-72.470335, 41.779834], [-72.471062, 41.784371], [-72.472281, 41.79096], [-72.473468, 41.798264], [-72.473388, 41.798277]]]}}, {"type": "Feature", "id": "06110", "properties": {"ZCTA5CE20": "06110", "GEOID20": "06110", "zip": "06110", "STUSPS": "CT"}, "geometry": {"type": "Polygon", "coordinates": [[[-72.762346, 41.726854], [-72.759609, 41.726935], [-72.757701, 41.727526], [-72.757104, 41.727807], [-72.752815, 41.73236], [-72.751018, 41.7334], [-72.743036, 41.735141], [-72.741264, 41.735783], [-72.738668, 41.738192], [-72.735435, 41.741392], [-72.734888, 41.742637], [-72.734816, 41.743144], [-72.73522, 41.749239], [-72.73327, 41.748812], [-72.729302, 41.749823], [-72.728242, 41.749937], [-72.721687, 41.749851], [-72.715145, 41.749745], [-72.715024, 41.744771], [-72.715369, 41.744354], [-72.715138, 41.7426], [-72.715134, 41.742211], [-72.715, 41.731363], [-72.714997, 41.731309], [-72.714513, 41.730973], [-72.714446, 41.728978], [-72.714891, 41.728963], [-72.71489, 41.72894], [-72.714459, 41.728952], [-72.714317, 41.726896], [-72.714184, 41.726759], [-72.714147, 41.726388], [-72.714762, 41.72636], [-72.714561, 41.72363], [-72.72612, 41.722376], [-72.731639, 41.7218], [-72.733435, 41.721503], [-72.736509, 41.721261], [-72.740518, 41.721056], [-72.742833, 41.720695], [-72.759455, 41.718382], [-72.762179, 41.718341], [-72.762346, 41.726854]]]}}, {"type": "Feature", "id": "12582", "properties": {"ZCTA5CE20": "12582", "GEOID20": "12582", "zip": "12582", "STUSPS": "CT"}, "geometry": {"type": "Polygon", "coordinates": [[[-73.771785, 41.516892], [-73.765519, 41.524644], [-73.757859, 41.527225], [-73.756142, 41.532383], [-73.759209, 41.531108], [-73.76263, 41.528156], [-73.764716, 41.527753], [-73.765562, 41.529714], [-73.761753, 41.530685], [-73.760367, 41.53471], [-73.755647, 41.538252], [-73.757629, 41.540275], [-73.756988, 41.541758], [-73.752945, 41.542232], [-73.750159, 41.542434], [-73.750135, 41.544886], [-73.747056, 41.546167], [-73.743789, 41.547416], [-73.741266, 41.548035], [-73.738368, 41.548346], [-73.732317, 41.547971], [-73.731282, 41.550645], [-73.731231, 41.552078], [-73.732311, 41.55374], [-73.738751, 41.55831], [-73.7399, 41.559672], [-73.740956, 41.562664], [-73.743263, 41.565165], [-73.745625, 41.566108], [-73.75101, 41.566611], [-73.762707, 41.565384], [-73.758736, 41.56816], [-73.756322, 41.569176], [-73.750427, 41.571582], [-73.747573, 41.570975], [-73.745478, 41.578827], [-73.74614, 41.580563], [-73.745688, 41.58522], [-73.745888, 41.585769], [-73.741743, 41.58761], [-73.741697, 41.589108], [-73.738723, 41.588482], [-73.734864, 41.589236], [-73.739109, 41.594564], [-73.734282, 41.595103], [-73.72774, 41.598296], [-73.726349, 41.59656], [-73.728135, 41.594069], [-73.727329, 41.593666], [-73.729911, 41.59228], [-73.724071, 41.585472], [-73.718448, 41.587102], [-73.716514, 41.584963], [-73.715319, 41.584572], [-73.714192, 41.585565], [-73.713111, 41.584447], [-73.708515, 41.583607], [-73.705742, 41.580664], [-73.705388, 41.579522], [-73.700035, 41.578672], [-73.697717, 41.575619], [-73.692545, 41.5809], [-73.683858, 41.588404], [-73.681677, 41.592735], [-73.680816, 41.595332], [-73.679284, 41.591717], [-73.678504, 41.590987], [-73.678071, 41.588549], [-73.67909, 41.585285], [-73.67933, 41.580615], [-73.680299, 41.579541], [-73.680824, 41.574537], [-73.683483, 41.573], [-73.685216, 41.572685], [-73.689716, 41.568241], [-73.693504, 41.567454], [-73.694374, 41.56584], [-73.696205, 41.564677], [-73.701542, 41.564009], [-73.701169, 41.560495], [-73.704186, 41.560466], [-73.703453, 41.559494], [-73.705746, 41.559238], [-73.707354, 41.559882], [-73.706266, 41.557668], [-73.709583, 41.557573], [-73.705302, 41.55248], [-73.71026, 41.550809], [-73.710654, 41.549067], [-73.709901, 41.54871], [-73.713776, 41.54427], [-73.714607, 41.543691], [-73.706896, 41.53557], [-73.702509, 41.532096], [-73.707065, 41.529021], [-73.708671, 41.529362], [-73.708248, 41.526562], [-73.714209, 41.523267], [-73.711005, 41.521462], [-73.711032, 41.517323], [-73.713083, 41.513649], [-73.713913, 41.510186], [-73.715337, 41.510049], [-73.739168, 41.507911], [-73.740865, 41.506352], [-73.741767, 41.504131], [-73.744831, 41.501857], [-73.745073, 41.500451], [-73.745415, 41.501358], [-73.749625, 41.501972], [-73.753298, 41.504545], [-73.754708, 41.503601], [-73.757134, 41.504975], [-73.76315, 41.503816], [-73.762103, 41.505553], [-73.77068, 41.504413], [-73.768339, 41.506411], [-73.771005, 41.508276], [-73.769677, 41.509912], [-73.773179, 41.513985], [-73.771785, 41.516892]]]}}, {"type": "Feature", "id": "12592", "properties": {"ZCTA5CE20": "12592", "GEOID20": "12592", "zip": "12592", "STUSPS": "CT"}, "geometry": {"type": "Polygon", "coordinates": [[[-73.616017, 41.821202], [-73.615519, 41.82406], [-73.603788, 41.82155], [-73.600869, 41.819979], [-73.598159, 41.817684], [-73.595517, 41.817092], [-73.593168, 41.817069], [-73.587515, 41.816098], [-73.582315, 41.813704], [-73.580928, 41.810368], [-73.577889, 41.809248], [-73.575123, 41.80979], [-73.572756, 41.809527], [-73.568805, 41.80705], [-73.568121, 41.80712], [-73.567076, 41.808061], [-73.566124, 41.808186], [-73.567775, 41.817131], [-73.563389, 41.818708], [-73.562636, 41.811937], [-73.562232, 41.814023], [-73.558029, 41.814478], [-73.554904, 41.81337], [-73.557547, 41.807178], [-73.55732, 41.802306], [-73.553782, 41.798516], [-73.550673, 41.795241], [-73.549863, 41.796343], [-73.547819, 41.796711], [-73.543911, 41.795929], [-73.541112, 41.796166], [-73.540559, 41.797071], [-73.537489, 41.798763], [-73.538094, 41.800433], [-73.540722, 41.800059], [-73.540583, 41.800793], [-73.53855, 41.801323], [-73.537122, 41.801056], [-73.536439, 41.802619], [-73.538082, 41.80498], [-73.537065, 41.806221], [-73.533033, 41.808274], [-73.532946, 41.809654], [-73.531445, 41.811932], [-73.529483, 41.812663], [-73.526222, 41.811947], [-73.524059, 41.812925], [-73.525698, 41.813855], [-73.523226, 41.813776], [-73.522024, 41.812809], [-73.519893, 41.812816], [-73.519749, 41.813699], [-73.517522, 41.814814], [-73.516807, 41.813745], [-73.519346, 41.810747], [-73.521504, 41.808825], [-73.527186, 41.80716], [-73.524099, 41.804567], [-73.510201, 41.803606], [-73.5071142303251, 41.8007668651674], [-73.5079601692712, 41.7915267620213], [-73.510961, 41.758749], [-73.5110186320079, 41.7576799262538], [-73.5115449368014, 41.7479169723343], [-73.522413, 41.748556], [-73.522027, 41.7516], [-73.525729, 41.753026], [-73.526788, 41.75531], [-73.528587, 41.75604], [-73.528172, 41.76045], [-73.535564, 41.761074], [-73.538354, 41.759345], [-73.538836, 41.757104], [-73.545279, 41.759896], [-73.545218, 41.761356], [-73.545703, 41.760638], [-73.549063, 41.761172], [-73.550311, 41.760647], [-73.55255, 41.758056], [-73.552667, 41.753509], [-73.567651, 41.751913], [-73.574305, 41.751114], [-73.572229, 41.760208], [-73.568954, 41.767152], [-73.567892, 41.76879], [-73.558366, 41.780386], [-73.559972, 41.781164], [-73.562438, 41.780911], [-73.566695, 41.779777], [-73.572132, 41.777806], [-73.575291, 41.775457], [-73.577268, 41.771943], [-73.578787, 41.772104], [-73.579265, 41.77469], [-73.589808, 41.776644], [-73.592101, 41.787797], [-73.593961, 41.7953], [-73.60082, 41.795452], [-73.603226, 41.804189], [-73.606259, 41.806179], [-73.606202, 41.80848], [-73.606919, 41.810944], [-73.608574, 41.811411], [-73.611618, 41.813953], [-73.61304, 41.81637], [-73.613356, 41.818616], [-73.61589, 41.819338], [-73.616017, 41.821202]]]}}, {"type": "Feature", "id": "12503", "properties": {"ZCTA5CE20": "12503", "GEOID20": "12503", "zip": "12503", "STUSPS": "CT"}, "geometry": {"type": "Polygon", "coordinates": [[[-73.632741, 42.011259], [-73.618397, 42.016453], [-73.619248, 42.017956], [-73.621426, 42.020984], [-73.620949, 42.024407], [-73.621688, 42.028634], [-73.623247, 42.030096], [-73.624344, 42.032354], [-73.624527, 42.034248], [-73.621789, 42.034335], [-73.62212, 42.035547], [-73.621145, 42.037227], [-73.621561, 42.041122], [-73.623297, 42.045035], [-73.619561, 42.044399], [-73.619061, 42.046475], [-73.620484, 42.048417], [-73.614419, 42.053207], [-73.615324, 42.055686], [-73.613101, 42.055933], [-73.611809, 42.057899], [-73.612518, 42.064945], [-73.607055, 42.064245], [-73.6045, 42.065577], [-73.604804, 42.075303], [-73.603638, 42.077976], [-73.600268, 42.080611], [-73.598649, 42.07927], [-73.600382, 42.078263], [-73.598623, 42.075815], [-73.596547, 42.077238], [-73.594809, 42.075598], [-73.59641, 42.073755], [-73.594236, 42.075039], [-73.591158, 42.074862], [-73.590661, 42.079488], [-73.592805, 42.081307], [-73.591062, 42.081149], [-73.566548, 42.078202], [-73.565738, 42.075457], [-73.563359, 42.07523], [-73.564491, 42.072398], [-73.565481, 42.071252], [-73.564368, 42.070939], [-73.559355, 42.072906], [-73.558206, 42.074611], [-73.556883, 42.074644], [-73.556012, 42.076956], [-73.538682, 42.074819], [-73.537896, 42.07387], [-73.534671, 42.070988], [-73.532346, 42.067703], [-73.52898, 42.064809], [-73.526757, 42.062256], [-73.526046, 42.060083], [-73.526415, 42.056765], [-73.530393, 42.056557], [-73.539523, 42.039791], [-73.5428, 42.039128], [-73.542584, 42.03612], [-73.551915, 42.036691], [-73.550158, 42.032033], [-73.549285, 42.027805], [-73.551986, 42.026692], [-73.553336, 42.02528], [-73.558874, 42.025367], [-73.559142, 42.021637], [-73.55252, 42.021521], [-73.549007, 42.020507], [-73.545088, 42.020497], [-73.545221, 42.016062], [-73.549677, 42.016051], [-73.54954, 42.011516], [-73.552106, 42.008692], [-73.551979, 42.00662], [-73.552774, 42.004728], [-73.553289, 42.00122], [-73.556183, 42.0012], [-73.556332, 41.997761], [-73.558861, 41.997817], [-73.561131, 41.995238], [-73.563983, 41.99538], [-73.566452, 41.996268], [-73.567782, 41.997904], [-73.568632, 41.998748], [-73.575428, 42.00203], [-73.579812, 41.994813], [-73.581923, 41.99298], [-73.582474, 41.991219], [-73.58377, 41.99037], [-73.584746, 41.988278], [-73.586519, 41.98648], [-73.599956, 41.988507], [-73.601425, 41.991387], [-73.603553, 41.992757], [-73.604049, 41.996266], [-73.606528, 41.998138], [-73.609267, 41.997947], [-73.612663, 41.999784], [-73.619517, 41.995613], [-73.621413, 41.995416], [-73.623587, 41.996652], [-73.622869, 41.998439], [-73.625208, 41.998605], [-73.632487, 42.000831], [-73.632536, 42.002883], [-73.632741, 42.011259]]]}}, {"type": "Feature", "id": "06103", "properties": {"ZCTA5CE20": "06103", "GEOID20": "06103", "zip": "06103", "STUSPS": "CT"}, "geometry": {"type": "Polygon", "coordinates": [[[-72.68242, 41.770195], [-72.681771, 41.770673], [-72.681413, 41.77085], [-72.680335, 41.771163], [-72.678819, 41.771215], [-72.678634, 41.771426], [-72.679241, 41.771652], [-72.680684, 41.772369], [-72.679236, 41.773076], [-72.677539, 41.773722], [-72.677022, 41.773834], [-72.675048, 41.774685], [-72.674579, 41.774948], [-72.672731, 41.775965], [-72.672939, 41.770571], [-72.673644, 41.770067], [-72.674791, 41.770128], [-72.67499, 41.7699], [-72.675114, 41.769698], [-72.674659, 41.769644], [-72.67108, 41.769553], [-72.668688, 41.76963], [-72.667347, 41.769537], [-72.664908, 41.769528], [-72.665114, 41.765762], [-72.661336, 41.758699], [-72.658036, 41.756199], [-72.655936, 41.7543], [-72.65399, 41.753058], [-72.657069, 41.751241], [-72.659073, 41.752075], [-72.659568, 41.7537], [-72.663574, 41.757427], [-72.665789, 41.758105], [-72.668029, 41.760242], [-72.674586, 41.761829], [-72.675871, 41.76305], [-72.676312, 41.765143], [-72.678299, 41.765325], [-72.679726, 41.766402], [-72.679784, 41.766527], [-72.680427, 41.767669], [-72.681831, 41.76786], [-72.683521, 41.768069], [-72.68242, 41.770195]]]}}, {"type": "Feature", "id": "06032", "properties": {"ZCTA5CE20": "06032", "GEOID20": "06032", "zip": "06032", "STUSPS": "CT"}, "geometry": {"type": "Polygon", "coordinates": [[[-72.896333, 41.717494], [-72.883006, 41.718951], [-72.886096, 41.72169], [-72.887376, 41.724235], [-72.881468, 41.734504], [-72.87925, 41.734213], [-72.877461, 41.735521], [-72.879208, 41.736272], [-72.877902, 41.736442], [-72.875387, 41.735297], [-72.873926, 41.73707], [-72.872274, 41.741396], [-72.869659, 41.742835], [-72.868149, 41.744381], [-72.865952, 41.743946], [-72.863722, 41.741916], [-72.859972, 41.739981], [-72.859904, 41.740295], [-72.859852, 41.740551], [-72.865738, 41.744625], [-72.868347, 41.747036], [-72.871516, 41.751416], [-72.870001, 41.754045], [-72.872368, 41.753675], [-72.872477, 41.754345], [-72.870044, 41.75726], [-72.867086, 41.756592], [-72.865957, 41.757821], [-72.868501, 41.758984], [-72.867988, 41.75989], [-72.865346, 41.760157], [-72.865408, 41.761083], [-72.867986, 41.761701], [-72.867027, 41.763724], [-72.859289, 41.7626], [-72.857897, 41.762508], [-72.853144, 41.762099], [-72.827742, 41.759118], [-72.820461, 41.757946], [-72.804126, 41.758694], [-72.796742, 41.758799], [-72.794973, 41.747468], [-72.792761, 41.747593], [-72.789642, 41.747769], [-72.782199, 41.748224], [-72.781228, 41.746086], [-72.779064, 41.730222], [-72.777638, 41.731089], [-72.772828, 41.736847], [-72.770752, 41.738293], [-72.769206, 41.739347], [-72.768774, 41.737571], [-72.768074, 41.737631], [-72.767979, 41.736762], [-72.767043, 41.734139], [-72.766119, 41.732857], [-72.765151, 41.732053], [-72.763936, 41.731923], [-72.763767, 41.732509], [-72.762537, 41.732688], [-72.762346, 41.726854], [-72.762179, 41.718341], [-72.759455, 41.718382], [-72.759464, 41.716719], [-72.757436, 41.715247], [-72.757812, 41.708317], [-72.761333, 41.711605], [-72.761586, 41.713334], [-72.761969, 41.715795], [-72.763389, 41.715615], [-72.764397, 41.71355], [-72.764643, 41.712998], [-72.765918, 41.713641], [-72.767557, 41.714351], [-72.7684, 41.714941], [-72.770017, 41.714712], [-72.771668, 41.714613], [-72.778195, 41.713622], [-72.782992, 41.71284], [-72.792604, 41.705622], [-72.79595, 41.703399], [-72.7994, 41.706138], [-72.801978, 41.706859], [-72.804971, 41.701664], [-72.814702, 41.688136], [-72.815428, 41.687854], [-72.815442, 41.68782], [-72.832508, 41.690434], [-72.835817, 41.690879], [-72.842175, 41.691908], [-72.842602, 41.692473], [-72.842703, 41.69263], [-72.842918, 41.692524], [-72.843103, 41.692328], [-72.843172, 41.692073], [-72.844685, 41.692324], [-72.848861, 41.693041], [-72.85321, 41.693792], [-72.863845, 41.695429], [-72.877786, 41.698095], [-72.892883, 41.696693], [-72.89375, 41.699575], [-72.893714, 41.699581], [-72.894992, 41.708452], [-72.895641, 41.712404], [-72.897031, 41.717272], [-72.896333, 41.717494]]]}}, {"type": "Feature", "id": "01104", "properties": {"ZCTA5CE20": "01104", "GEOID20": "01104", "zip": "01104", "STUSPS": "CT"}, "geometry": {"type": "Polygon", "coordinates": [[[-72.614195, 42.108722], [-72.609877, 42.111315], [-72.608212, 42.111668], [-72.606278, 42.111436], [-72.601649, 42.110023], [-72.5992, 42.111852], [-72.597123, 42.113388], [-72.595871, 42.114759], [-72.594559, 42.118931], [-72.595061, 42.118897], [-72.595632, 42.119943], [-72.596834, 42.119233], [-72.598496, 42.120604], [-72.601683, 42.122992], [-72.598865, 42.125261], [-72.596232, 42.123328], [-72.59284, 42.124783], [-72.593604, 42.125274], [-72.592854, 42.127078], [-72.588594, 42.12746], [-72.59098, 42.12914], [-72.59151, 42.129476], [-72.591352, 42.129853], [-72.589822, 42.130625], [-72.589446, 42.131005], [-72.592146, 42.132357], [-72.593088, 42.133003], [-72.594305, 42.132059], [-72.595426, 42.132864], [-72.59309, 42.135341], [-72.593361, 42.135488], [-72.591604, 42.136237], [-72.585894, 42.138632], [-72.581958, 42.140277], [-72.58174, 42.140371], [-72.582122, 42.139657], [-72.576919, 42.141011], [-72.574028, 42.142465], [-72.574722, 42.143318], [-72.568038, 42.146123], [-72.564286, 42.147698], [-72.563379, 42.14808], [-72.560227, 42.149401], [-72.548873, 42.154164], [-72.541665, 42.157191], [-72.540057, 42.154637], [-72.53496, 42.153385], [-72.52797, 42.153087], [-72.524325, 42.153717], [-72.524712, 42.152456], [-72.527542, 42.150844], [-72.52425, 42.149659], [-72.525288, 42.147962], [-72.527211, 42.146408], [-72.525425, 42.141772], [-72.523736, 42.141869], [-72.524339, 42.140405], [-72.545737, 42.133767], [-72.546188, 42.133635], [-72.546783, 42.136738], [-72.549997, 42.142387], [-72.554071, 42.137902], [-72.558092, 42.131374], [-72.559111, 42.130471], [-72.56691, 42.126853], [-72.566915, 42.12667], [-72.566928, 42.126366], [-72.571737, 42.123468], [-72.581786, 42.115454], [-72.591492, 42.107677], [-72.592598, 42.108712], [-72.594199, 42.107691], [-72.596721, 42.109845], [-72.599479, 42.108132], [-72.59994, 42.106148], [-72.596813, 42.103446], [-72.596355, 42.103262], [-72.595359, 42.102863], [-72.589956, 42.098552], [-72.590301, 42.098063], [-72.59199, 42.096729], [-72.593089, 42.097786], [-72.599195, 42.101614], [-72.603791, 42.103476], [-72.610597, 42.106389], [-72.614195, 42.108722]]]}}, {"type": "Feature", "id": "01118", "properties": {"ZCTA5CE20": "01118", "GEOID20": "01118", "zip": "01118", "STUSPS": "CT"}, "geometry": {"type": "Polygon", "coordinates": [[[-72.556431, 42.098695], [-72.549293, 42.103863], [-72.547352, 42.105391], [-72.546415, 42.105727], [-72.543823, 42.105812], [-72.542531, 42.107894], [-72.533931, 42.107694], [-72.532316, 42.105195], [-72.529258, 42.103557], [-72.526568, 42.103324], [-72.522016, 42.104757], [-72.521523, 42.103597], [-72.519336, 42.102825], [-72.518458, 42.100807], [-72.51802, 42.100816], [-72.517425, 42.100605], [-72.516851, 42.100511], [-72.516273, 42.100818], [-72.515477, 42.100779], [-72.51515, 42.101118], [-72.513453, 42.101248], [-72.512325, 42.10121], [-72.511612, 42.100947], [-72.511272, 42.101061], [-72.51092, 42.100928], [-72.506278, 42.10225], [-72.505284, 42.101468], [-72.50417, 42.105497], [-72.501759, 42.10483], [-72.501258, 42.104923], [-72.495542, 42.102903], [-72.497781, 42.096556], [-72.500194, 42.096639], [-72.500409, 42.094981], [-72.49863, 42.094538], [-72.498852, 42.094063], [-72.499283, 42.09301], [-72.500318, 42.093242], [-72.501058, 42.091608], [-72.500128, 42.09108], [-72.502271, 42.087588], [-72.499157, 42.090332], [-72.497237, 42.089201], [-72.49111, 42.087175], [-72.499313, 42.086129], [-72.499436, 42.086678], [-72.502296, 42.086339], [-72.502419, 42.086046], [-72.50279, 42.086058], [-72.502878, 42.08569], [-72.50352, 42.085613], [-72.511629, 42.084622], [-72.51609, 42.084086], [-72.528275, 42.082582], [-72.534358, 42.081835], [-72.541339, 42.086733], [-72.544286, 42.088811], [-72.550409, 42.093149], [-72.550752, 42.093207], [-72.55078, 42.093395], [-72.55572, 42.096811], [-72.557323, 42.098285], [-72.556431, 42.098695]]]}}, {"type": "Feature", "id": "01105", "properties": {"ZCTA5CE20": "01105", "GEOID20": "01105", "zip": "01105", "STUSPS": "CT"}, "geometry": {"type": "Polygon", "coordinates": [[[-72.590301, 42.098063], [-72.589956, 42.098552], [-72.589147, 42.097781], [-72.587428, 42.096532], [-72.586698, 42.097105], [-72.584332, 42.099078], [-72.583343, 42.098285], [-72.581757, 42.099604], [-72.582893, 42.100353], [-72.582329, 42.100864], [-72.582118, 42.101838], [-72.584027, 42.102252], [-72.581517, 42.10426], [-72.582199, 42.104905], [-72.583294, 42.104178], [-72.585825, 42.105589], [-72.587509, 42.104078], [-72.588803, 42.105184], [-72.589382, 42.105762], [-72.587563, 42.107286], [-72.58936, 42.107727], [-72.588437, 42.108497], [-72.583844, 42.112312], [-72.581589, 42.114102], [-72.580941, 42.114695], [-72.578696, 42.112848], [-72.578445, 42.112775], [-72.578355, 42.112328], [-72.577873, 42.112267], [-72.577929, 42.112074], [-72.577717, 42.11204], [-72.577849, 42.111618], [-72.578099, 42.111638], [-72.57818, 42.111399], [-72.578665, 42.111089], [-72.578816, 42.110461], [-72.577035, 42.108074], [-72.575263, 42.106733], [-72.573571, 42.105585], [-72.571093, 42.103918], [-72.569584, 42.102901], [-72.567722, 42.103812], [-72.567212, 42.101301], [-72.56592, 42.100435], [-72.565597, 42.100709], [-72.564215, 42.099948], [-72.565027, 42.099819], [-72.564247, 42.098984], [-72.563973, 42.097972], [-72.563697, 42.097316], [-72.565161, 42.095015], [-72.568922, 42.093344], [-72.569235, 42.09351], [-72.569536, 42.093639], [-72.56991, 42.093698], [-72.57098, 42.094476], [-72.572021, 42.093733], [-72.574943, 42.092362], [-72.574789, 42.092875], [-72.575718, 42.093504], [-72.579654, 42.091596], [-72.579472, 42.091498], [-72.579335, 42.090075], [-72.578984, 42.08963], [-72.578736, 42.088131], [-72.580015, 42.087447], [-72.580369, 42.087503], [-72.58135, 42.087527], [-72.579722, 42.083519], [-72.579985, 42.082026], [-72.582693, 42.081558], [-72.584112, 42.086997], [-72.584912, 42.088843], [-72.588523, 42.093235], [-72.589822, 42.094525], [-72.59199, 42.096729], [-72.590301, 42.098063]]]}}]}